core,CPD_A,SMILES_A,R_A,pKi_A,LogD_A,Sol_A_uM,CPD_B,SMILES_B,R_B,pKi_B,LogD_B,Sol_B_uM,delta_pKi,delta_LogD,delta_LogSol,abs_delta_pKi,physchem_shift,potency_specificity
Clc1ccc(-c2cc(Cn3c([*:1])nc4ccccc43)no2)s1,CPD_458,O=C(Nc1ccc(-n2ncccc2=O)cc1)c1nc2ccccc2n1Cc1cc(-c2ccc(Cl)s2)on1,O=C(Nc1ccc(-n2ncccc2=O)cc1)[*:1],5.0,4.288,0.2,CPD_606,O=C(Nc1ccc(-n2ccncc2=O)cc1)c1nc2ccccc2n1Cc1cc(-c2ccc(Cl)s2)on1,O=C(Nc1ccc(-n2ccncc2=O)cc1)[*:1],8.71,3.934,0.3,3.71,-0.35,0.18,3.71,0.39357337308308854,5.764688464699766
O=C(Nc1ccc([*:1])cc1)c1nc2ccccc2n1Cc1cc(-c2ccc(Cl)s2)on1,CPD_421,Cc1ccc(=O)n(-c2ccc(NC(=O)c3nc4ccccc4n3Cc3cc(-c4ccc(Cl)s4)on3)cc2)n1,Cc1ccc(=O)n([*:1])n1,5.0,3.824,0.3,CPD_606,O=C(Nc1ccc(-n2ccncc2=O)cc1)c1nc2ccccc2n1Cc1cc(-c2ccc(Cl)s2)on1,O=c1cnccn1[*:1],8.71,3.934,0.3,3.71,0.11,0.0,3.71,0.11,10.305555555555555
O=C(N[*:1])c1nc2ccccc2n1Cc1cc(-c2ccc(Cl)s2)on1,CPD_557,O=C(Nc1ccc(N2CCS(=O)(=O)CC2)cc1)c1nc2ccccc2n1Cc1cc(-c2ccc(Cl)s2)on1,O=S1(=O)CCN(c2ccc([*:1])cc2)CC1,5.0,3.236,0.4,CPD_606,O=C(Nc1ccc(-n2ccncc2=O)cc1)c1nc2ccccc2n1Cc1cc(-c2ccc(Cl)s2)on1,O=c1cnccn1-c1ccc([*:1])cc1,8.71,3.934,0.3,3.71,0.7,-0.12,3.71,0.7102112361825881,3.863733166411863
COCCOc1cc2cc(C(=O)NC3CCN(C(C)C)CC3)n([*:1])c2cn1,CPD_797,COCCOc1cc2cc(C(=O)NC3CCN(C(C)C)CC3)n(CC(=O)Nc3ccc(C(F)(F)F)cn3)c2cn1,O=C(C[*:1])Nc1ccc(C(F)(F)F)cn1,4.0,0.247,110000.0,CPD_927,COCCOc1cc2cc(C(=O)NC3CCN(C(C)C)CC3)n(CC(=O)Nc3ccc(Cl)cn3)c2cn1,O=C(C[*:1])Nc1ccc(Cl)cn1,7.45,-0.378,150000.0,3.45,-0.62,0.13,3.45,0.6334824385884742,3.9050012193926684
Clc1ccc(-c2cc(Cn3c([*:1])nc4ccccc43)no2)s1,CPD_458,O=C(Nc1ccc(-n2ncccc2=O)cc1)c1nc2ccccc2n1Cc1cc(-c2ccc(Cl)s2)on1,O=C(Nc1ccc(-n2ncccc2=O)cc1)[*:1],5.0,4.288,0.2,CPD_519,O=C(Nc1ccc(-n2ccc(=O)[nH]c2=O)cc1)c1nc2ccccc2n1Cc1cc(-c2ccc(Cl)s2)on1,O=C(Nc1ccc(-n2ccc(=O)[nH]c2=O)cc1)[*:1],8.2,3.685,0.2,3.2,-0.6,0.0,3.2,0.6,3.7647058823529416
O=C(Nc1ccc([*:1])cc1)c1nc2ccccc2n1Cc1cc(-c2ccc(Cl)s2)on1,CPD_421,Cc1ccc(=O)n(-c2ccc(NC(=O)c3nc4ccccc4n3Cc3cc(-c4ccc(Cl)s4)on3)cc2)n1,Cc1ccc(=O)n([*:1])n1,5.0,3.824,0.3,CPD_519,O=C(Nc1ccc(-n2ccc(=O)[nH]c2=O)cc1)c1nc2ccccc2n1Cc1cc(-c2ccc(Cl)s2)on1,O=c1ccn([*:1])c(=O)[nH]1,8.2,3.685,0.2,3.2,-0.14,-0.18,3.2,0.2280350850198276,6.694069327290638
CC(C)N1CCC(NC(=O)c2cc3ccccc3n2CC(=O)N[*:1])CC1,CPD_859,CC(C)N1CCC(NC(=O)c2cc3ccccc3n2CC(=O)Nc2ccc(C#N)cc2)CC1,N#Cc1ccc([*:1])cc1,5.54,0.68,4500.0,CPD_860,CC(C)N1CCC(NC(=O)c2cc3ccccc3n2CC(=O)Nc2ccc(Br)cc2)CC1,Brc1ccc([*:1])cc1,8.5,1.599,3500.0,2.96,0.92,-0.11,2.96,0.9265527507918802,2.515824299427092
CC(C)N1CCC(NC(=O)c2cc3ccccc3n2C[*:1])CC1,CPD_33,CC(C)N1CCC(NC(=O)c2cc3ccccc3n2Cc2csc(-c3ccc(Cl)cc3)n2)CC1,Clc1ccc(-c2nc([*:1])cs2)cc1,5.57,3.106,54.0,CPD_860,CC(C)N1CCC(NC(=O)c2cc3ccccc3n2CC(=O)Nc2ccc(Br)cc2)CC1,O=C(Nc1ccc(Br)cc1)[*:1],8.5,1.599,3500.0,2.94,-1.51,1.81,2.94,2.357159307301906,1.12766411771076
O=C(N[*:1])c1nc2ccccc2n1Cc1cc(-c2ccc(Cl)s2)on1,CPD_421,Cc1ccc(=O)n(-c2ccc(NC(=O)c3nc4ccccc4n3Cc3cc(-c4ccc(Cl)s4)on3)cc2)n1,Cc1ccc(=O)n(-c2ccc([*:1])cc2)n1,5.0,3.824,0.3,CPD_457,O=C(Nc1ccc(-n2ccc(=O)cc2)cc1)c1nc2ccccc2n1Cc1cc(-c2ccc(Cl)s2)on1,O=c1ccn(-c2ccc([*:1])cc2)cc1,7.92,3.915,0.4,2.92,0.09,0.12,2.92,0.15,7.3
O=C(N[*:1])c1cc2ccccc2n1Cc1cc(-c2ccc(Cl)s2)on1,CPD_46,O=C(Nc1ccc(-c2c[nH]cn2)cc1)c1cc2ccccc2n1Cc1cc(-c2ccc(Cl)s2)on1,c1nc(-c2ccc([*:1])cc2)c[nH]1,5.0,4.299,0.0,CPD_178,O=C(NC1CN(c2ccncc2)C1)c1cc2ccccc2n1Cc1cc(-c2ccc(Cl)s2)on1,c1cc(N2CC([*:1])C2)ccn1,7.9,1.282,330.0,2.9,-3.02,3.52,2.9,4.637973695483837,0.5932928818089604
O=C(N[*:1])c1cc2ccccc2n1Cc1cc(-c2ccc(Cl)s2)on1,CPD_47,O=C(Nc1nc(-c2cccnc2)cs1)c1cc2ccccc2n1Cc1cc(-c2ccc(Cl)s2)on1,c1cncc(-c2csc([*:1])n2)c1,5.0,5.297,0.1,CPD_178,O=C(NC1CN(c2ccncc2)C1)c1cc2ccccc2n1Cc1cc(-c2ccc(Cl)s2)on1,c1cc(N2CC([*:1])C2)ccn1,7.9,1.282,330.0,2.9,-4.01,3.52,2.9,5.335775482532974,0.5191758976114343
O=C(N[*:1])c1cc2ccccc2n1Cc1cc(-c2ccc(Cl)s2)on1,CPD_86,O=C(NCC1CC(C(=O)N2CCCC2)=NO1)c1cc2ccccc2n1Cc1cc(-c2ccc(Cl)s2)on1,O=C(C1=NOC(C[*:1])C1)N1CCCC1,5.0,1.879,5.1,CPD_178,O=C(NC1CN(c2ccncc2)C1)c1cc2ccccc2n1Cc1cc(-c2ccc(Cl)s2)on1,c1cc(N2CC([*:1])C2)ccn1,7.9,1.282,330.0,2.9,-0.6,1.81,2.9,1.9068560512005095,1.3445496274013535
O=C(Cn1c(C(=O)N[*:1])nc2ccccc21)Nc1ccc(Cl)cn1,CPD_427,CCN1CCN(c2ccc(NC(=O)c3nc4ccccc4n3CC(=O)Nc3ccc(Cl)cn3)cc2)C(=O)C1=O,CCN1CCN(c2ccc([*:1])cc2)C(=O)C1=O,4.97,2.222,7.3,CPD_598,O=C(Cn1c(C(=O)Nc2ccc(-n3ccncc3=O)cc2)nc2ccccc21)Nc1ccc(Cl)cn1,O=c1cnccn1-c1ccc([*:1])cc1,7.83,3.118,2.9,2.86,0.9,-0.4,2.86,0.9848857801796105,2.316003670869075
CC(C)N1CCC(NC(=O)c2cc3ccccc3n2[*:1])CC1,CPD_33,CC(C)N1CCC(NC(=O)c2cc3ccccc3n2Cc2csc(-c3ccc(Cl)cc3)n2)CC1,Clc1ccc(-c2nc(C[*:1])cs2)cc1,5.57,3.106,54.0,CPD_83,CC(C)N1CCC(NC(=O)c2cc3ccccc3n2CC(=O)Nc2ccc(Cl)cc2)CC1,O=C(C[*:1])Nc1ccc(Cl)cc1,8.38,1.359,3800.0,2.82,-1.75,1.85,2.82,2.5465663156493688,1.0083794488331987
CC(C)N1CCC(NC(=O)c2cc3ccccc3n2[*:1])CC1,CPD_854,COc1ccc(NC(=O)Cn2c(C(=O)NC3CCN(C(C)C)CC3)cc3ccccc32)cc1,COc1ccc(NC(=O)C[*:1])cc1,5.72,0.402,22000.0,CPD_860,CC(C)N1CCC(NC(=O)c2cc3ccccc3n2CC(=O)Nc2ccc(Br)cc2)CC1,O=C(C[*:1])Nc1ccc(Br)cc1,8.5,1.599,3500.0,2.78,1.2,-0.8,2.78,1.4422205101855958,1.6428119049893213
Cc1cc(C(=O)O)cc2cc(C(=O)NC3CCN(C4CC4)CC3)n(C[*:1])c12,CPD_716,Cc1cc(C(=O)O)cc2cc(C(=O)NC3CCN(C4CC4)CC3)n(Cc3cc4ccc(Cl)cc4s3)c12,Clc1ccc2cc([*:1])sc2c1,5.69,3.394,1.8,CPD_718,Cc1cc(C(=O)O)cc2cc(C(=O)NC3CCN(C4CC4)CC3)n(Cc3nnc(-c4ccc(Cl)s4)s3)c12,Clc1ccc(-c2nnc([*:1])s2)s1,8.44,1.625,3.5,2.75,-1.77,0.29,2.75,1.793599732381782,1.3456646898240292
Clc1ccc(-c2cc(Cn3c([*:1])nc4ccccc43)no2)s1,CPD_438,CCN1CCN(c2ccc(NC(=O)c3nc4ccccc4n3Cc3cc(-c4ccc(Cl)s4)on3)cc2)C(=O)C1=O,CCN1CCN(c2ccc(NC(=O)[*:1])cc2)C(=O)C1=O,5.96,3.038,0.7,CPD_606,O=C(Nc1ccc(-n2ccncc2=O)cc1)c1nc2ccccc2n1Cc1cc(-c2ccc(Cl)s2)on1,O=C(Nc1ccc(-n2ccncc2=O)cc1)[*:1],8.71,3.934,0.3,2.75,0.9,-0.37,2.75,0.9730878685915265,2.2484075515905677
O=C(N[*:1])c1nc2ccccc2n1Cc1cc(-c2ccc(Cl)s2)on1,CPD_421,Cc1ccc(=O)n(-c2ccc(NC(=O)c3nc4ccccc4n3Cc3cc(-c4ccc(Cl)s4)on3)cc2)n1,Cc1ccc(=O)n(-c2ccc([*:1])cc2)n1,5.0,3.824,0.3,CPD_425,CN1[C@@H]2CC[C@H]1C[C@@H](NC(=O)c1nc3ccccc3n1Cc1cc(-c3ccc(Cl)s3)on1)C2,CN1[C@@H]2CC[C@H]1C[C@@H]([*:1])C2,7.69,2.187,69.0,2.69,-1.64,2.36,2.69,2.873882391469769,0.8611079621132504
O=C(Cn1c(C(=O)Nc2ccc([*:1])cc2)nc2ccccc21)Nc1ccc(Cl)cn1,CPD_427,CCN1CCN(c2ccc(NC(=O)c3nc4ccccc4n3CC(=O)Nc3ccc(Cl)cn3)cc2)C(=O)C1=O,CCN1CCN([*:1])C(=O)C1=O,4.97,2.222,7.3,CPD_531,O=C(Cn1c(C(=O)Nc2ccc(-n3ccc(=O)[nH]c3=O)cc2)nc2ccccc21)Nc1ccc(Cl)cn1,O=c1ccn([*:1])c(=O)[nH]1,7.54,2.869,2.6,2.56,0.65,-0.45,2.56,0.7905694150420949,2.460191471124911
Cc1cc(C(=O)O)cc2cc(C(=O)NC3CCN(C4CC4)CC3)n(C[*:1])c12,CPD_716,Cc1cc(C(=O)O)cc2cc(C(=O)NC3CCN(C4CC4)CC3)n(Cc3cc4ccc(Cl)cc4s3)c12,Clc1ccc2cc([*:1])sc2c1,5.69,3.394,1.8,CPD_802,Cc1cc(C(=O)O)cc2cc(C(=O)NC3CCN(C4CC4)CC3)n(CC(=O)Nc3ccc(Br)cn3)c12,O=C(Nc1ccc(Br)cn1)[*:1],8.15,0.553,6.7,2.46,-2.84,0.57,2.46,2.8966359798911565,0.7817872851263502
O=C(Nc1ccc([*:1])cc1)c1nc2ccccc2n1Cc1cc(-c2ccc(Cl)s2)on1,CPD_533,O=C(Nc1ccc(N2CCOC2=O)cc1)c1nc2ccccc2n1Cc1cc(-c2ccc(Cl)s2)on1,O=C1OCCN1[*:1],6.33,4.952,0.1,CPD_606,O=C(Nc1ccc(-n2ccncc2=O)cc1)c1nc2ccccc2n1Cc1cc(-c2ccc(Cl)s2)on1,O=c1cnccn1[*:1],8.71,3.934,0.3,2.38,-1.02,0.48,2.38,1.127297653683356,1.7280215308833797
Clc1ccc(-c2cc(Cn3c([*:1])cc4ccccc43)no2)s1,CPD_43,O=C(c1cc2ccccc2n1Cc1cc(-c2ccc(Cl)s2)on1)N1CCC(Oc2ccncc2)CC1,O=C(N1CCC(Oc2ccncc2)CC1)[*:1],5.53,3.739,1.1,CPD_178,O=C(NC1CN(c2ccncc2)C1)c1cc2ccccc2n1Cc1cc(-c2ccc(Cl)s2)on1,O=C(NC1CN(c2ccncc2)C1)[*:1],7.9,1.282,330.0,2.37,-2.46,2.48,2.37,3.493136126749142,0.6331589126731305
CC(C)N1CCC(NC(=O)c2nc3c(C(=O)O)cccc3n2C[*:1])CC1,CPD_671,CC(C)N1CCC(NC(=O)c2nc3c(C(=O)O)cccc3n2Cc2n[nH]c3ccc(Cl)cc23)CC1,Clc1ccc2[nH]nc([*:1])c2c1,5.89,1.751,1.1,CPD_754,CC(C)N1CCC(NC(=O)c2nc3c(C(=O)O)cccc3n2Cc2cc3ccc(Cl)cc3s2)CC1,Clc1ccc2cc([*:1])sc2c1,8.25,4.311,0.2,2.35,2.56,-0.74,2.35,2.6648076853686833,0.8062281473306728
Clc1ccc(-c2cc(Cn3c([*:1])cc4ccccc43)no2)s1,CPD_46,O=C(Nc1ccc(-c2c[nH]cn2)cc1)c1cc2ccccc2n1Cc1cc(-c2ccc(Cl)s2)on1,O=C(Nc1ccc(-c2c[nH]cn2)cc1)[*:1],5.0,4.299,0.0,CPD_60,CC(C)N1CC[C@@H](NC(=O)c2cc3ccccc3n2Cc2cc(-c3ccc(Cl)s3)on2)C1,CC(C)N1CC[C@@H](NC(=O)[*:1])C1,7.32,1.909,390.0,2.32,-2.39,3.59,2.32,4.312794917452023,0.5084602840961225
Cc1cc(C(=O)O)cc2cc(C(=O)NC3CCN(C4CC4)CC3)n([*:1])c12,CPD_716,Cc1cc(C(=O)O)cc2cc(C(=O)NC3CCN(C4CC4)CC3)n(Cc3cc4ccc(Cl)cc4s3)c12,Clc1ccc2cc(C[*:1])sc2c1,5.69,3.394,1.8,CPD_744,Cc1cc(C(=O)O)cc2cc(C(=O)NC3CCN(C4CC4)CC3)n(CC(=O)Nc3ccc(Cl)cn3)c12,O=C(C[*:1])Nc1ccc(Cl)cn1,8.0,0.308,9.7,2.32,-3.09,0.73,2.32,3.175059054568907,0.6773605835803627
O=C(N[*:1])c1cc2ccccc2n1Cc1cc(-c2ccc(Cl)s2)on1,CPD_47,O=C(Nc1nc(-c2cccnc2)cs1)c1cc2ccccc2n1Cc1cc(-c2ccc(Cl)s2)on1,c1cncc(-c2csc([*:1])n2)c1,5.0,5.297,0.1,CPD_60,CC(C)N1CC[C@@H](NC(=O)c2cc3ccccc3n2Cc2cc(-c3ccc(Cl)s3)on2)C1,CC(C)N1CC[C@@H]([*:1])C1,7.32,1.909,390.0,2.32,-3.39,3.59,2.32,4.937631010920115,0.44721762112924607
CC(C)N1CCC(NC(=O)c2cc3ccccc3n2[*:1])CC1,CPD_33,CC(C)N1CCC(NC(=O)c2cc3ccccc3n2Cc2csc(-c3ccc(Cl)cc3)n2)CC1,Clc1ccc(-c2nc(C[*:1])cs2)cc1,5.57,3.106,54.0,CPD_858,CC(C)N1CCC(NC(=O)c2cc3ccccc3n2CC(=O)Nc2ccc(Cl)c(F)c2)CC1,O=C(C[*:1])Nc1ccc(Cl)c(F)c1,7.84,2.002,750.0,2.28,-1.1,1.14,2.28,1.5841717078650281,1.2430679146468324
CC(C)N1CCC(NC(=O)c2cc3ccccc3n2[*:1])CC1,CPD_33,CC(C)N1CCC(NC(=O)c2cc3ccccc3n2Cc2csc(-c3ccc(Cl)cc3)n2)CC1,Clc1ccc(-c2nc(C[*:1])cs2)cc1,5.57,3.106,54.0,CPD_146,CC(C)N1CCC(NC(=O)c2cc3ccccc3n2CC(=O)Nc2ccc(Cl)s2)CC1,O=C(C[*:1])Nc1ccc(Cl)s1,7.82,1.184,1900.0,2.26,-1.92,1.55,2.26,2.467569654538652,0.8316254180368631
O=C(N[*:1])c1nc2ccccc2n1Cc1cc(-c2ccc(Cl)s2)on1,CPD_438,CCN1CCN(c2ccc(NC(=O)c3nc4ccccc4n3Cc3cc(-c4ccc(Cl)s4)on3)cc2)C(=O)C1=O,CCN1CCN(c2ccc([*:1])cc2)C(=O)C1=O,5.96,3.038,0.7,CPD_519,O=C(Nc1ccc(-n2ccc(=O)[nH]c2=O)cc1)c1nc2ccccc2n1Cc1cc(-c2ccc(Cl)s2)on1,O=c1ccn(-c2ccc([*:1])cc2)c(=O)[nH]1,8.2,3.685,0.2,2.24,0.65,-0.54,2.24,0.8450443775329199,2.0455791983943223
CC(C)N1CCC(NC(=O)c2nc3c(C(=O)O)cccc3n2C[*:1])CC1,CPD_650,CC(C)N1CCC(NC(=O)c2nc3c(C(=O)O)cccc3n2Cc2cc3cc(Cl)ccc3s2)CC1,Clc1ccc2sc([*:1])cc2c1,6.04,4.311,0.2,CPD_754,CC(C)N1CCC(NC(=O)c2nc3c(C(=O)O)cccc3n2Cc2cc3ccc(Cl)cc3s2)CC1,Clc1ccc2cc([*:1])sc2c1,8.25,4.311,0.2,2.21,0.0,0.0,2.21,0.0,8.84
O=C(N[*:1])c1cc2ccccc2n1Cc1cc(-c2ccc(Cl)s2)on1,CPD_27,O=CN1CCC(NC(=O)c2cc3ccccc3n2Cc2cc(-c3ccc(Cl)s3)on2)CC1,O=CN1CCC([*:1])CC1,5.69,2.671,2.4,CPD_178,O=C(NC1CN(c2ccncc2)C1)c1cc2ccccc2n1Cc1cc(-c2ccc(Cl)s2)on1,c1cc(N2CC([*:1])C2)ccn1,7.9,1.282,330.0,2.21,-1.39,2.14,2.21,2.55180328395431,0.7887777177850004
Clc1ccc(-c2cc(Cn3c([*:1])cc4ccccc43)no2)s1,CPD_18,COC(=O)N1CCC(NC(=O)c2cc3ccccc3n2Cc2cc(-c3ccc(Cl)s3)on2)CC1,COC(=O)N1CCC(NC(=O)[*:1])CC1,5.75,3.257,1.6,CPD_178,O=C(NC1CN(c2ccncc2)C1)c1cc2ccccc2n1Cc1cc(-c2ccc(Cl)s2)on1,O=C(NC1CN(c2ccncc2)C1)[*:1],7.9,1.282,330.0,2.15,-1.98,2.31,2.15,3.042449670906653,0.653009222585306
CC(C)N1CCC(NC(=O)c2cc3ccccc3n2[*:1])CC1,CPD_854,COc1ccc(NC(=O)Cn2c(C(=O)NC3CCN(C(C)C)CC3)cc3ccccc32)cc1,COc1ccc(NC(=O)C[*:1])cc1,5.72,0.402,22000.0,CPD_858,CC(C)N1CCC(NC(=O)c2cc3ccccc3n2CC(=O)Nc2ccc(Cl)c(F)c2)CC1,O=C(C[*:1])Nc1ccc(Cl)c(F)c1,7.84,2.002,750.0,2.12,1.6,-1.47,2.12,2.172763217656264,0.8750339218253647
COCCOc1cc2cc(C(=O)NC3CCN(C(C)C)CC3)n(C[*:1])c2cn1,CPD_797,COCCOc1cc2cc(C(=O)NC3CCN(C(C)C)CC3)n(CC(=O)Nc3ccc(C(F)(F)F)cn3)c2cn1,O=C(Nc1ccc(C(F)(F)F)cn1)[*:1],4.0,0.247,110000.0,CPD_832,COCCOc1cc2cc(C(=O)NC3CCN(C(C)C)CC3)n(Cc3cc4ccc(Cl)nc4s3)c2cn1,Clc1ccc2cc([*:1])sc2n1,6.1,1.337,19000.0,2.1,1.09,-0.76,2.1,1.3287964479181904,1.3301271375224282
CC(C)N1CCC(NC(=O)c2cc3ccccc3n2[*:1])CC1,CPD_33,CC(C)N1CCC(NC(=O)c2cc3ccccc3n2Cc2csc(-c3ccc(Cl)cc3)n2)CC1,Clc1ccc(-c2nc(C[*:1])cs2)cc1,5.57,3.106,54.0,CPD_856,CC(C)N1CCC(NC(=O)c2cc3ccccc3n2CC(=O)Nc2ccc(I)cc2)CC1,O=C(C[*:1])Nc1ccc(I)cc1,7.64,2.023,2600.0,2.07,-1.08,1.68,2.07,1.9971980372511884,0.9211471199628047
Clc1ccc(-c2cc(Cn3c([*:1])cc4ccnc(OCC5CC5)c43)no2)s1,CPD_947,CC(C)NC1CCN(C(=O)c2cc3ccnc(OCC4CC4)c3n2Cc2cc(-c3ccc(Cl)s3)on2)CC1,CC(C)NC1CCN(C(=O)[*:1])CC1,4.74,0.754,780.0,CPD_948,O=C(Nc1ccc(N2CCCC2=O)cc1)c1cc2ccnc(OCC3CC3)c2n1Cc1cc(-c2ccc(Cl)s2)on1,O=C1CCCN1c1ccc(NC(=O)[*:1])cc1,6.81,3.813,0.0,2.07,3.06,-3.89,2.07,4.949313083651104,0.39812951570640703
CC(C)N1CCC(NC(=O)c2c([*:1])c3ccccc3n2Cc2cc(-c3ccc(Cl)s3)on2)CC1,CPD_82,CC(C)OC(=O)c1c(C(=O)NC2CCN(C(C)C)CC2)n(Cc2cc(-c3ccc(Cl)s3)on2)c2ccccc12,CC(C)OC(=O)[*:1],6.09,2.343,95.0,CPD_764,Cc1c(C(=O)NC2CCN(C(C)C)CC2)n(Cc2cc(-c3ccc(Cl)s3)on2)c2ccccc12,C[*:1],8.14,2.409,230.0,2.05,0.07,0.38,2.05,0.38639358172723315,3.2212769877975567
O=C(Nc1ccc([*:1])cc1)c1nc2ccccc2n1Cc1cc(-c2ccc(Cl)s2)on1,CPD_559,O=C1CCN(c2ccc(NC(=O)c3nc4ccccc4n3Cc3cc(-c4ccc(Cl)s4)on3)cc2)CC1,O=C1CCN([*:1])CC1,6.68,4.038,0.4,CPD_606,O=C(Nc1ccc(-n2ccncc2=O)cc1)c1nc2ccccc2n1Cc1cc(-c2ccc(Cl)s2)on1,O=c1cnccn1[*:1],8.71,3.934,0.3,2.03,-0.1,-0.12,2.03,0.1562049935181331,4.997476723312069
CC(C)N1CCC(NC(=O)c2cc3cc(C(=O)O)ccc3n2[*:1])CC1,CPD_409,COc1cccc(Cn2c(C(=O)NC3CCN(C(C)C)CC3)cc3cc(C(=O)O)ccc32)c1,COc1cccc(C[*:1])c1,6.08,0.607,45.0,CPD_416,CC(C)N1CCC(NC(=O)c2cc3cc(C(=O)O)ccc3n2CC(=O)Nc2ccc(Cl)cn2)CC1,O=C(C[*:1])Nc1ccc(Cl)cn1,8.09,0.362,8.8,2.01,-0.24,-0.71,2.01,0.7494664769020694,2.0110729538725143
O=C(N[*:1])c1cc2ccccc2n1Cc1cc(-c2ccc(Cl)s2)on1,CPD_46,O=C(Nc1ccc(-c2c[nH]cn2)cc1)c1cc2ccccc2n1Cc1cc(-c2ccc(Cl)s2)on1,c1nc(-c2ccc([*:1])cc2)c[nH]1,5.0,4.299,0.0,CPD_58,CCN1CC[C@@H](NC(=O)c2cc3ccccc3n2Cc2cc(-c3ccc(Cl)s3)on2)C1,CCN1CC[C@@H]([*:1])C1,7.0,1.624,680.0,2.0,-2.68,3.83,2.0,4.674537410268528,0.4061295170242077
O=C(N[*:1])c1cc2ccccc2n1Cc1cc(-c2ccc(Cl)s2)on1,CPD_47,O=C(Nc1nc(-c2cccnc2)cs1)c1cc2ccccc2n1Cc1cc(-c2ccc(Cl)s2)on1,c1cncc(-c2csc([*:1])n2)c1,5.0,5.297,0.1,CPD_58,CCN1CC[C@@H](NC(=O)c2cc3ccccc3n2Cc2cc(-c3ccc(Cl)s3)on2)C1,CCN1CC[C@@H]([*:1])C1,7.0,1.624,680.0,2.0,-3.67,3.83,2.0,5.304507517197049,0.3600679256996042
CC(C)N1CCC(NC(=O)c2nc3c(C(=O)O)cccc3n2C[*:1])CC1,CPD_467,COc1cccc(Cn2c(C(=O)NC3CCN(C(C)C)CC3)nc3c(C(=O)O)cccc32)c1,COc1cccc([*:1])c1,6.25,1.47,4.5,CPD_754,CC(C)N1CCC(NC(=O)c2nc3c(C(=O)O)cccc3n2Cc2cc3ccc(Cl)cc3s2)CC1,Clc1ccc2cc([*:1])sc2c1,8.25,4.311,0.2,1.99,2.84,-1.35,1.99,3.1445349417680193,0.5862364165158727
O=C(N[*:1])c1cc2ccccc2n1Cc1cc(-c2ccc(Cl)s2)on1,CPD_46,O=C(Nc1ccc(-c2c[nH]cn2)cc1)c1cc2ccccc2n1Cc1cc(-c2ccc(Cl)s2)on1,c1nc(-c2ccc([*:1])cc2)c[nH]1,5.0,4.299,0.0,CPD_63,CC(C)N1CC[C@H](NC(=O)c2cc3ccccc3n2Cc2cc(-c3ccc(Cl)s3)on2)C1,CC(C)N1CC[C@H]([*:1])C1,6.99,1.909,390.0,1.99,-2.39,3.59,1.99,4.312794917452023,0.43613619196176034
Clc1ccc(-c2cc(Cn3c([*:1])cc4ccccc43)no2)s1,CPD_47,O=C(Nc1nc(-c2cccnc2)cs1)c1cc2ccccc2n1Cc1cc(-c2ccc(Cl)s2)on1,O=C(Nc1nc(-c2cccnc2)cs1)[*:1],5.0,5.297,0.1,CPD_63,CC(C)N1CC[C@H](NC(=O)c2cc3ccccc3n2Cc2cc(-c3ccc(Cl)s3)on2)C1,CC(C)N1CC[C@H](NC(=O)[*:1])C1,6.99,1.909,390.0,1.99,-3.39,3.59,1.99,4.937631010920115,0.3836047698479309
O=C(N[*:1])c1nc2ccccc2n1Cc1cc(-c2ccc(Cl)s2)on1,CPD_438,CCN1CCN(c2ccc(NC(=O)c3nc4ccccc4n3Cc3cc(-c4ccc(Cl)s4)on3)cc2)C(=O)C1=O,CCN1CCN(c2ccc([*:1])cc2)C(=O)C1=O,5.96,3.038,0.7,CPD_457,O=C(Nc1ccc(-n2ccc(=O)cc2)cc1)c1nc2ccccc2n1Cc1cc(-c2ccc(Cl)s2)on1,O=c1ccn(-c2ccc([*:1])cc2)cc1,7.92,3.915,0.4,1.97,0.88,-0.24,1.97,0.9121403400793103,1.695148109104927
O=C(N[*:1])c1cc2ccccc2n1Cc1cc(-c2ccc(Cl)s2)on1,CPD_86,O=C(NCC1CC(C(=O)N2CCCC2)=NO1)c1cc2ccccc2n1Cc1cc(-c2ccc(Cl)s2)on1,O=C(C1=NOC(C[*:1])C1)N1CCCC1,5.0,1.879,5.1,CPD_208,O=C(NC1CN(c2cc[n+]([O-])cc2)C1)c1cc2ccccc2n1Cc1cc(-c2ccc(Cl)s2)on1,[O-][n+]1ccc(N2CC([*:1])C2)cc1,6.96,1.058,17.0,1.96,-0.82,0.52,1.96,0.9709788875150684,1.6052693621828176
Clc1ccc(-c2cc(Cn3c([*:1])cc4ccccc43)no2)s1,CPD_47,O=C(Nc1nc(-c2cccnc2)cs1)c1cc2ccccc2n1Cc1cc(-c2ccc(Cl)s2)on1,O=C(Nc1nc(-c2cccnc2)cs1)[*:1],5.0,5.297,0.1,CPD_208,O=C(NC1CN(c2cc[n+]([O-])cc2)C1)c1cc2ccccc2n1Cc1cc(-c2ccc(Cl)s2)on1,O=C(NC1CN(c2cc[n+]([O-])cc2)C1)[*:1],6.96,1.058,17.0,1.96,-4.24,2.23,1.96,4.790668011874753,0.3888373515936087
O=C(N[*:1])c1cc2ccccc2n1Cc1cc(-c2ccc(Cl)s2)on1,CPD_46,O=C(Nc1ccc(-c2c[nH]cn2)cc1)c1cc2ccccc2n1Cc1cc(-c2ccc(Cl)s2)on1,c1nc(-c2ccc([*:1])cc2)c[nH]1,5.0,4.299,0.0,CPD_208,O=C(NC1CN(c2cc[n+]([O-])cc2)C1)c1cc2ccccc2n1Cc1cc(-c2ccc(Cl)s2)on1,[O-][n+]1ccc(N2CC([*:1])C2)cc1,6.96,1.058,17.0,1.96,-3.24,2.23,1.96,3.9332556489503707,0.4685345970887023
O=C(Nc1ccc(-n2ccc(=O)cc2)cc1)c1nc2ccccc2n1C[*:1],CPD_449,COc1cccc(Cn2c(C(=O)Nc3ccc(-n4ccc(=O)cc4)cc3)nc3ccccc32)c1,COc1cccc([*:1])c1,5.99,3.193,6.8,CPD_457,O=C(Nc1ccc(-n2ccc(=O)cc2)cc1)c1nc2ccccc2n1Cc1cc(-c2ccc(Cl)s2)on1,Clc1ccc(-c2cc([*:1])no2)s1,7.92,3.915,0.4,1.94,0.72,-1.23,1.94,1.4252368224263643,1.1580452232360559
Clc1ccc(-c2cc(Cn3c([*:1])cc4ccccc43)no2)s1,CPD_22,NC(=O)N1CCC(NC(=O)c2cc3ccccc3n2Cc2cc(-c3ccc(Cl)s3)on2)CC1,NC(=O)N1CCC(NC(=O)[*:1])CC1,5.97,1.914,8.7,CPD_178,O=C(NC1CN(c2ccncc2)C1)c1cc2ccccc2n1Cc1cc(-c2ccc(Cl)s2)on1,O=C(NC1CN(c2ccncc2)C1)[*:1],7.9,1.282,330.0,1.93,-0.63,1.58,1.93,1.7009703113223347,0.9892513426777256
CC(C)N1CCC(NC(=O)c2cc3ccccc3n2[*:1])CC1,CPD_854,COc1ccc(NC(=O)Cn2c(C(=O)NC3CCN(C(C)C)CC3)cc3ccccc32)cc1,COc1ccc(NC(=O)C[*:1])cc1,5.72,0.402,22000.0,CPD_856,CC(C)N1CCC(NC(=O)c2cc3ccccc3n2CC(=O)Nc2ccc(I)cc2)CC1,O=C(C[*:1])Nc1ccc(I)cc1,7.64,2.023,2600.0,1.92,1.62,-0.93,1.92,1.8679668091269717,0.9065297868343017
Clc1ccc(-c2cc(Cn3c([*:1])nc4ccccc43)no2)s1,CPD_116,O=C(NC1CCN(c2ccncn2)CC1)c1nc2ccccc2n1Cc1cc(-c2ccc(Cl)s2)on1,O=C(NC1CCN(c2ccncn2)CC1)[*:1],7.23,3.606,0.7,CPD_164,CC(C)N1CCC(NC(=O)c2nc3ccccc3n2Cc2cc(-c3ccc(Cl)s3)on2)CC1,CC(C)N1CCC(NC(=O)[*:1])CC1,9.15,3.124,26.0,1.92,-0.48,1.57,1.92,1.6417368851311103,1.0149402990928789
Clc1ccc(-c2cc(Cn3c([*:1])cc4ccccc43)no2)s1,CPD_25,O=C(NC1CCN(CC(F)(F)F)CC1)c1cc2ccccc2n1Cc1cc(-c2ccc(Cl)s2)on1,O=C(NC1CCN(CC(F)(F)F)CC1)[*:1],5.99,4.567,1.3,CPD_178,O=C(NC1CN(c2ccncc2)C1)c1cc2ccccc2n1Cc1cc(-c2ccc(Cl)s2)on1,O=C(NC1CN(c2ccncc2)C1)[*:1],7.9,1.282,330.0,1.91,-3.29,2.4,1.91,4.07235803926914,0.44188842817911456
CC(C)N1CCC(NC(=O)c2nc3ccc(C(=O)O)cc3n2[*:1])CC1,CPD_287,CC(C)N1CCC(NC(=O)c2nc3ccc(C(=O)O)cc3n2Cc2cnc(-c3ccc(Cl)s3)s2)CC1,Clc1ccc(-c2ncc(C[*:1])s2)s1,5.87,3.024,0.4,CPD_352,CC(C)N1CCC(NC(=O)c2nc3ccc(C(=O)O)cc3n2Cc2cc(-c3ccc(Cl)s3)on2)CC1,Clc1ccc(-c2cc(C[*:1])no2)s1,7.78,2.192,0.6,1.91,-0.83,0.18,1.91,0.8492938243034621,1.7374790595318952
CC(C)N1CCC(NC(=O)c2cc3ccccc3n2CC(=O)N[*:1])CC1,CPD_859,CC(C)N1CCC(NC(=O)c2cc3ccccc3n2CC(=O)Nc2ccc(C#N)cc2)CC1,N#Cc1ccc([*:1])cc1,5.54,0.68,4500.0,CPD_861,C#Cc1ccc(NC(=O)Cn2c(C(=O)NC3CCN(C(C)C)CC3)cc3ccccc32)cc1,C#Cc1ccc([*:1])cc1,7.42,0.573,1600.0,1.88,-0.11,-0.45,1.88,0.4632493928760188,2.6358241854498043
O=C(N[*:1])c1nc2ccccc2n1Cc1cc(-c2ccc(Cl)s2)on1,CPD_605,O=C(Nc1ccc(N2CCNCC2=O)cc1)c1nc2ccccc2n1Cc1cc(-c2ccc(Cl)s2)on1,O=C1CNCCN1c1ccc([*:1])cc1,6.85,3.407,0.8,CPD_606,O=C(Nc1ccc(-n2ccncc2=O)cc1)c1nc2ccccc2n1Cc1cc(-c2ccc(Cl)s2)on1,O=c1cnccn1-c1ccc([*:1])cc1,8.71,3.934,0.3,1.86,0.53,-0.43,1.86,0.6824954212300621,1.9946478638430838
CC(C)N1CCC(NC(=O)c2cc3ccccc3n2C[*:1])CC1,CPD_33,CC(C)N1CCC(NC(=O)c2cc3ccccc3n2Cc2csc(-c3ccc(Cl)cc3)n2)CC1,Clc1ccc(-c2nc([*:1])cs2)cc1,5.57,3.106,54.0,CPD_861,C#Cc1ccc(NC(=O)Cn2c(C(=O)NC3CCN(C(C)C)CC3)cc3ccccc32)cc1,C#Cc1ccc(NC(=O)[*:1])cc1,7.42,0.573,1600.0,1.86,-2.53,1.47,1.86,2.9260553651631405,0.5856321084328641
Clc1ccc(-c2cc(Cn3c([*:1])nc4ccccc43)no2)s1,CPD_421,Cc1ccc(=O)n(-c2ccc(NC(=O)c3nc4ccccc4n3Cc3cc(-c4ccc(Cl)s4)on3)cc2)n1,Cc1ccc(=O)n(-c2ccc(NC(=O)[*:1])cc2)n1,5.0,3.824,0.3,CPD_605,O=C(Nc1ccc(N2CCNCC2=O)cc1)c1nc2ccccc2n1Cc1cc(-c2ccc(Cl)s2)on1,O=C1CNCCN1c1ccc(NC(=O)[*:1])cc1,6.85,3.407,0.8,1.85,-0.42,0.43,1.85,0.6010823570859487,2.1737026794143417
CC(C)N1CCC(NC(=O)c2nc3c([*:1])cccc3n2Cc2cc(-c3ccc(Cl)s3)on2)CC1,CPD_337,CC(OC(=O)OC1CCCCC1)OC(=O)c1cccc2c1nc(C(=O)NC1CCN(C(C)C)CC1)n2Cc1cc(-c2ccc(Cl)s2)on1,CC(OC(=O)OC1CCCCC1)OC(=O)[*:1],7.51,5.617,0.5,CPD_434,CC(C)N1CCC(NC(=O)c2nc3c(C(=O)NCC(O)CCl)cccc3n2Cc2cc(-c3ccc(Cl)s3)on2)CC1,O=C(NCC(O)CCl)[*:1],9.36,1.992,49.0,1.85,-3.62,1.99,1.85,4.1309199943838175,0.4222857304793591
O=C(Nc1ccc([*:1])cc1)c1nc2ccccc2n1Cc1cc(-c2ccc(Cl)s2)on1,CPD_557,O=C(Nc1ccc(N2CCS(=O)(=O)CC2)cc1)c1nc2ccccc2n1Cc1cc(-c2ccc(Cl)s2)on1,O=S1(=O)CCN([*:1])CC1,5.0,3.236,0.4,CPD_605,O=C(Nc1ccc(N2CCNCC2=O)cc1)c1nc2ccccc2n1Cc1cc(-c2ccc(Cl)s2)on1,O=C1CNCCN1[*:1],6.85,3.407,0.8,1.85,0.17,0.3,1.85,0.34481879299133333,3.1101909048575656
Clc1ccc(-c2cc(Cn3c([*:1])nc4ccccc43)no2)s1,CPD_458,O=C(Nc1ccc(-n2ncccc2=O)cc1)c1nc2ccccc2n1Cc1cc(-c2ccc(Cl)s2)on1,O=C(Nc1ccc(-n2ncccc2=O)cc1)[*:1],5.0,4.288,0.2,CPD_605,O=C(Nc1ccc(N2CCNCC2=O)cc1)c1nc2ccccc2n1Cc1cc(-c2ccc(Cl)s2)on1,O=C1CNCCN1c1ccc(NC(=O)[*:1])cc1,6.85,3.407,0.8,1.85,-0.88,0.6,1.85,1.0650821564555477,1.4067562174109185
CC(C)N1CCC(NC(=O)c2cc3ccccc3n2C[*:1])CC1,CPD_855,CC(C)N1CCC(NC(=O)c2cc3ccccc3n2CC(=O)Nc2ccccc2)CC1,O=C(Nc1ccccc1)[*:1],6.69,0.388,27000.0,CPD_860,CC(C)N1CCC(NC(=O)c2cc3ccccc3n2CC(=O)Nc2ccc(Br)cc2)CC1,O=C(Nc1ccc(Br)cc1)[*:1],8.5,1.599,3500.0,1.81,1.21,-0.89,1.81,1.5020652449211385,1.0330665511725674
CC(C)N1CCC(NC(=O)c2cc3cc([*:1])ccc3n2Cc2cc(-c3ccc(Cl)s3)on2)CC1,CPD_335,CC(C)N1CCC(NC(=O)c2cc3cc(C(=O)N(CCO)CCO)ccc3n2Cc2cc(-c3ccc(Cl)s3)on2)CC1,O=C(N(CCO)CCO)[*:1],6.64,-1.074,41000.0,CPD_338,CC(C)N1CCC(NC(=O)c2cc3cc(NS(C)(=O)=O)ccc3n2Cc2cc(-c3ccc(Cl)s3)on2)CC1,CS(=O)(=O)N[*:1],8.46,0.697,170.0,1.81,1.77,-2.38,1.81,2.9660242750186656,0.5628066970948143
Clc1ccc(-c2cc(Cn3c([*:1])cc4ccccc43)no2)s1,CPD_43,O=C(c1cc2ccccc2n1Cc1cc(-c2ccc(Cl)s2)on1)N1CCC(Oc2ccncc2)CC1,O=C(N1CCC(Oc2ccncc2)CC1)[*:1],5.53,3.739,1.1,CPD_60,CC(C)N1CC[C@@H](NC(=O)c2cc3ccccc3n2Cc2cc(-c3ccc(Cl)s3)on2)C1,CC(C)N1CC[C@@H](NC(=O)[*:1])C1,7.32,1.909,390.0,1.79,-1.83,2.55,1.79,3.1386939959161357,0.5282270993359707
O=C(N[*:1])c1cc2ccccc2n1Cc1cc(-c2ccc(Cl)s2)on1,CPD_19,CC(=O)N1CCC(NC(=O)c2cc3ccccc3n2Cc2cc(-c3ccc(Cl)s3)on2)CC1,CC(=O)N1CCC([*:1])CC1,6.12,3.157,3.8,CPD_178,O=C(NC1CN(c2ccncc2)C1)c1cc2ccccc2n1Cc1cc(-c2ccc(Cl)s2)on1,c1cc(N2CC([*:1])C2)ccn1,7.9,1.282,330.0,1.78,-1.88,1.94,1.78,2.701481075262235,0.6030870449819332
CC(C)N1CCC(NC(=O)c2nc3c([*:1])cccc3n2Cc2cc(-c3ccc(Cl)s3)on2)CC1,CPD_346,CC(C)N1CCC(NC(=O)c2nc3c(C(=O)N(C)CCO)cccc3n2Cc2cc(-c3ccc(Cl)s3)on2)CC1,CN(CCO)C(=O)[*:1],7.58,0.725,300.0,CPD_434,CC(C)N1CCC(NC(=O)c2nc3c(C(=O)NCC(O)CCl)cccc3n2Cc2cc(-c3ccc(Cl)s3)on2)CC1,O=C(NCC(O)CCl)[*:1],9.36,1.992,49.0,1.78,1.27,-0.79,1.78,1.4956603892595404,1.019671415443542
O=C(Cn1c(C(=O)Nc2ccc([*:1])cc2)nc2ccccc21)Nc1ccc(Cl)cn1,CPD_427,CCN1CCN(c2ccc(NC(=O)c3nc4ccccc4n3CC(=O)Nc3ccc(Cl)cn3)cc2)C(=O)C1=O,CCN1CCN([*:1])C(=O)C1=O,4.97,2.222,7.3,CPD_530,O=C(Cn1c(=O)ccn(-c2ccc(NC(=O)c3nc4ccccc4n3CC(=O)Nc3ccc(Cl)cn3)cc2)c1=O)Nc1ccc(Cl)cn1,O=C(Cn1c(=O)ccn([*:1])c1=O)Nc1ccc(Cl)cn1,6.75,4.229,0.2,1.78,2.01,-1.56,1.78,2.544346674492295,0.6370004181114745
CC(C)N1CCC(NC(=O)c2nc3cc([*:1])ccc3n2Cc2cc(-c3ccc(Cl)s3)on2)CC1,CPD_351,CC(C)N1CCC(NC(=O)c2nc3cc(C(=O)N(C)CCO)ccc3n2Cc2cc(-c3ccc(Cl)s3)on2)CC1,CN(CCO)C(=O)[*:1],7.19,0.719,300.0,CPD_433,CC(C)N1CCC(NC(=O)c2nc3cc(C(=O)OCC(=O)O)ccc3n2Cc2cc(-c3ccc(Cl)s3)on2)CC1,O=C(O)COC(=O)[*:1],8.95,2.129,0.6,1.77,1.41,-2.7,1.77,3.0459973736035955,0.5370149910237384
O=C(N[*:1])c1cc2ccccc2n1Cc1cc(-c2ccc(Cl)s2)on1,CPD_47,O=C(Nc1nc(-c2cccnc2)cs1)c1cc2ccccc2n1Cc1cc(-c2ccc(Cl)s2)on1,c1cncc(-c2csc([*:1])n2)c1,5.0,5.297,0.1,CPD_57,CCN1CC[C@H](NC(=O)c2cc3ccccc3n2Cc2cc(-c3ccc(Cl)s3)on2)C1,CCN1CC[C@H]([*:1])C1,6.76,1.624,680.0,1.76,-3.67,3.83,1.76,5.304507517197049,0.3168597746156517
CC(C)N1CCC(NC(=O)c2nc3ccc(C(=O)O)cc3n2[*:1])CC1,CPD_287,CC(C)N1CCC(NC(=O)c2nc3ccc(C(=O)O)cc3n2Cc2cnc(-c3ccc(Cl)s3)s2)CC1,Clc1ccc(-c2ncc(C[*:1])s2)s1,5.87,3.024,0.4,CPD_340,CC(C)N1CCC(NC(=O)c2nc3ccc(C(=O)O)cc3n2CC(=O)Nc2ccc(Cl)cn2)CC1,O=C(C[*:1])Nc1ccc(Cl)cn1,7.63,1.376,1.9,1.76,-1.65,0.68,1.76,1.7846288129468266,0.8650226462933689
Clc1ccc(-c2cc(Cn3c([*:1])cc4ccccc43)no2)s1,CPD_46,O=C(Nc1ccc(-c2c[nH]cn2)cc1)c1cc2ccccc2n1Cc1cc(-c2ccc(Cl)s2)on1,O=C(Nc1ccc(-c2c[nH]cn2)cc1)[*:1],5.0,4.299,0.0,CPD_57,CCN1CC[C@H](NC(=O)c2cc3ccccc3n2Cc2cc(-c3ccc(Cl)s3)on2)C1,CCN1CC[C@H](NC(=O)[*:1])C1,6.76,1.624,680.0,1.76,-2.68,3.83,1.76,4.674537410268528,0.35739397498130276
O=C(Cn1c(C(=O)Nc2ccc([*:1])cc2)nc2ccccc21)Nc1ccc(Cl)cn1,CPD_521,O=C(Cn1c(C(=O)Nc2ccc(N3CCOC3=O)cc2)nc2ccccc21)Nc1ccc(Cl)cn1,O=C1OCCN1[*:1],6.1,4.136,1.0,CPD_598,O=C(Cn1c(C(=O)Nc2ccc(-n3ccncc3=O)cc2)nc2ccccc21)Nc1ccc(Cl)cn1,O=c1cnccn1[*:1],7.83,3.118,2.9,1.73,-1.02,0.46,1.73,1.1189280584559491,1.2637625398308467
O=C(O)c1ccc2nc(C(=O)NC3CCN(C4CC4)CC3)n(C[*:1])c2c1,CPD_670,O=C(O)c1ccc2nc(C(=O)NC3CCN(C4CC4)CC3)n(Cc3cc(-c4ccc(Cl)s4)on3)c2c1,Clc1ccc(-c2cc([*:1])no2)s1,5.0,1.673,1.2,CPD_683,O=C(O)c1ccc2nc(C(=O)NC3CCN(C4CC4)CC3)n(Cc3cc(-c4ccc(Cl)s4)no3)c2c1,Clc1ccc(-c2cc([*:1])on2)s1,6.73,0.92,3.8,1.73,-0.75,0.5,1.73,0.9013878188659973,1.5025345688509004
CC(C)N1CCC(NC(=O)c2cc3cc([*:1])ccc3n2Cc2cc(-c3ccc(Cl)s3)on2)CC1,CPD_213,CC(OC(=O)OC1CCCCC1)OC(=O)c1ccc2c(c1)cc(C(=O)NC1CCN(C(C)C)CC1)n2Cc1cc(-c2ccc(Cl)s2)on1,CC(OC(=O)OC1CCCCC1)OC(=O)[*:1],6.77,4.442,4.4,CPD_262,CC(C)N1CCC(NC(=O)c2cc3cc(-c4n[nH]c(=O)o4)ccc3n2Cc2cc(-c3ccc(Cl)s3)on2)CC1,O=c1[nH]nc([*:1])o1,8.48,0.297,310.0,1.71,-4.15,1.85,1.71,4.543676925134533,0.3567199097281695
CC(C)N1CCC(NC(=O)c2cc3ccccc3n2[*:1])CC1,CPD_854,COc1ccc(NC(=O)Cn2c(C(=O)NC3CCN(C(C)C)CC3)cc3ccccc32)cc1,COc1ccc(NC(=O)C[*:1])cc1,5.72,0.402,22000.0,CPD_861,C#Cc1ccc(NC(=O)Cn2c(C(=O)NC3CCN(C(C)C)CC3)cc3ccccc32)cc1,C#Cc1ccc(NC(=O)C[*:1])cc1,7.42,0.573,1600.0,1.7,0.17,-1.14,1.7,1.1526057435220423,1.2120298293739904
CC(C)N1CCC(NC(=O)c2cc3cc([*:1])ccc3n2Cc2cc(-c3ccc(Cl)s3)on2)CC1,CPD_213,CC(OC(=O)OC1CCCCC1)OC(=O)c1ccc2c(c1)cc(C(=O)NC1CCN(C(C)C)CC1)n2Cc1cc(-c2ccc(Cl)s2)on1,CC(OC(=O)OC1CCCCC1)OC(=O)[*:1],6.77,4.442,4.4,CPD_338,CC(C)N1CCC(NC(=O)c2cc3cc(NS(C)(=O)=O)ccc3n2Cc2cc(-c3ccc(Cl)s3)on2)CC1,CS(=O)(=O)N[*:1],8.46,0.697,170.0,1.69,-3.75,1.59,1.69,4.073156024509742,0.390918114085797
CC(C)N1CCC(NC(=O)c2cc3ccccc3n2C[*:1])CC1,CPD_33,CC(C)N1CCC(NC(=O)c2cc3ccccc3n2Cc2csc(-c3ccc(Cl)cc3)n2)CC1,Clc1ccc(-c2nc([*:1])cs2)cc1,5.57,3.106,54.0,CPD_853,Cc1ccc(NC(=O)Cn2c(C(=O)NC3CCN(C(C)C)CC3)cc3ccccc32)cc1,Cc1ccc(NC(=O)[*:1])cc1,7.25,0.85,14000.0,1.69,-2.26,2.41,1.69,3.3038916447123383,0.4755350384738005
O=C(N[*:1])c1nc2ccccc2n1Cc1cc(-c2ccc(Cl)s2)on1,CPD_557,O=C(Nc1ccc(N2CCS(=O)(=O)CC2)cc1)c1nc2ccccc2n1Cc1cc(-c2ccc(Cl)s2)on1,O=S1(=O)CCN(c2ccc([*:1])cc2)CC1,5.0,3.236,0.4,CPD_559,O=C1CCN(c2ccc(NC(=O)c3nc4ccccc4n3Cc3cc(-c4ccc(Cl)s4)on3)cc2)CC1,O=C1CCN(c2ccc([*:1])cc2)CC1,6.68,4.038,0.4,1.68,0.8,0.0,1.68,0.8,1.5999999999999999
O=C(Nc1ccc([*:1])cc1)c1nc2ccccc2n1Cc1cc(-c2ccc(Cl)s2)on1,CPD_421,Cc1ccc(=O)n(-c2ccc(NC(=O)c3nc4ccccc4n3Cc3cc(-c4ccc(Cl)s4)on3)cc2)n1,Cc1ccc(=O)n([*:1])n1,5.0,3.824,0.3,CPD_559,O=C1CCN(c2ccc(NC(=O)c3nc4ccccc4n3Cc3cc(-c4ccc(Cl)s4)on3)cc2)CC1,O=C1CCN([*:1])CC1,6.68,4.038,0.4,1.68,0.21,0.12,1.68,0.24186773244895649,3.4155523714382743
Clc1ccc(-c2cc(Cn3c([*:1])nc4ccccc43)no2)s1,CPD_458,O=C(Nc1ccc(-n2ncccc2=O)cc1)c1nc2ccccc2n1Cc1cc(-c2ccc(Cl)s2)on1,O=C(Nc1ccc(-n2ncccc2=O)cc1)[*:1],5.0,4.288,0.2,CPD_559,O=C1CCN(c2ccc(NC(=O)c3nc4ccccc4n3Cc3cc(-c4ccc(Cl)s4)on3)cc2)CC1,O=C1CCN(c2ccc(NC(=O)[*:1])cc2)CC1,6.68,4.038,0.4,1.68,-0.25,0.3,1.68,0.3905124837953327,2.6228996975128775
O=C(N[*:1])c1cc2ccccc2n1Cc1cc(-c2ccc(Cl)s2)on1,CPD_47,O=C(Nc1nc(-c2cccnc2)cs1)c1cc2ccccc2n1Cc1cc(-c2ccc(Cl)s2)on1,c1cncc(-c2csc([*:1])n2)c1,5.0,5.297,0.1,CPD_73,CCC(CC)N1CCC(NC(=O)c2cc3ccccc3n2Cc2cc(-c3ccc(Cl)s3)on2)CC1,CCC(CC)N1CCC([*:1])CC1,6.66,3.315,49.0,1.66,-1.98,2.69,1.66,3.340134727821619,0.4623781907503053
Clc1ccc(-c2cc(Cn3c([*:1])cc4ccccc43)no2)s1,CPD_46,O=C(Nc1ccc(-c2c[nH]cn2)cc1)c1cc2ccccc2n1Cc1cc(-c2ccc(Cl)s2)on1,O=C(Nc1ccc(-c2c[nH]cn2)cc1)[*:1],5.0,4.299,0.0,CPD_73,CCC(CC)N1CCC(NC(=O)c2cc3ccccc3n2Cc2cc(-c3ccc(Cl)s3)on2)CC1,CCC(CC)N1CCC(NC(=O)[*:1])CC1,6.66,3.315,49.0,1.66,-0.98,2.69,1.66,2.862953020920881,0.5332557185552819
Clc1ccc(-c2cc(Cn3c([*:1])cc4ccccc43)no2)s1,CPD_46,O=C(Nc1ccc(-c2c[nH]cn2)cc1)c1cc2ccccc2n1Cc1cc(-c2ccc(Cl)s2)on1,O=C(Nc1ccc(-c2c[nH]cn2)cc1)[*:1],5.0,4.299,0.0,CPD_177,CC(C)N1CC(NC(=O)c2cc3ccccc3n2Cc2cc(-c3ccc(Cl)s3)on2)C1,CC(C)N1CC(NC(=O)[*:1])C1,6.65,2.16,190.0,1.65,-2.14,3.28,1.65,3.9163758757300093,0.39602763869951985
O=C(N[*:1])c1cc2ccccc2n1Cc1cc(-c2ccc(Cl)s2)on1,CPD_18,COC(=O)N1CCC(NC(=O)c2cc3ccccc3n2Cc2cc(-c3ccc(Cl)s3)on2)CC1,COC(=O)N1CCC([*:1])CC1,5.75,3.257,1.6,CPD_26,CN1CCC(NC(=O)c2cc3ccccc3n2Cc2cc(-c3ccc(Cl)s3)on2)CC1,CN1CCC([*:1])CC1,7.4,2.01,210.0,1.65,-1.25,2.12,1.65,2.461077000014425,0.6086142149379087
O=C(N[*:1])c1cc2ccccc2n1Cc1cc(-c2ccc(Cl)s2)on1,CPD_86,O=C(NCC1CC(C(=O)N2CCCC2)=NO1)c1cc2ccccc2n1Cc1cc(-c2ccc(Cl)s2)on1,O=C(C1=NOC(C[*:1])C1)N1CCCC1,5.0,1.879,5.1,CPD_177,CC(C)N1CC(NC(=O)c2cc3ccccc3n2Cc2cc(-c3ccc(Cl)s3)on2)C1,CC(C)N1CC([*:1])C1,6.65,2.16,190.0,1.65,0.28,1.57,1.65,1.5947727110782903,0.8944191282163733
O=C(N[*:1])c1cc2ccccc2n1Cc1cc(-c2ccc(Cl)s2)on1,CPD_47,O=C(Nc1nc(-c2cccnc2)cs1)c1cc2ccccc2n1Cc1cc(-c2ccc(Cl)s2)on1,c1cncc(-c2csc([*:1])n2)c1,5.0,5.297,0.1,CPD_177,CC(C)N1CC(NC(=O)c2cc3ccccc3n2Cc2cc(-c3ccc(Cl)s3)on2)C1,CC(C)N1CC([*:1])C1,6.65,2.16,190.0,1.65,-3.14,3.28,1.65,4.540704791108975,0.3444169640889207
CC(C)N1CCC(NC(=O)c2cc3ccccc3n2[*:1])CC1,CPD_33,CC(C)N1CCC(NC(=O)c2cc3ccccc3n2Cc2csc(-c3ccc(Cl)cc3)n2)CC1,Clc1ccc(-c2nc(C[*:1])cs2)cc1,5.57,3.106,54.0,CPD_857,CC(C)N1CCC(NC(=O)c2cc3ccccc3n2CC(=O)Nc2ccc(F)cc2)CC1,O=C(C[*:1])Nc1ccc(F)cc1,7.2,0.778,6500.0,1.64,-2.33,2.08,1.64,3.1233475631123735,0.4861639571129386
CC(C)N1CCC(NC(=O)c2nc3cc([*:1])ccc3n2Cc2cc(-c3ccc(Cl)s3)on2)CC1,CPD_354,CC(OC(=O)OC1CCCCC1)OC(=O)c1ccc2c(c1)nc(C(=O)NC1CCN(C(C)C)CC1)n2Cc1cc(-c2ccc(Cl)s2)on1,CC(OC(=O)OC1CCCCC1)OC(=O)[*:1],7.32,5.603,0.5,CPD_433,CC(C)N1CCC(NC(=O)c2nc3cc(C(=O)OCC(=O)O)ccc3n2Cc2cc(-c3ccc(Cl)s3)on2)CC1,O=C(O)COC(=O)[*:1],8.95,2.129,0.6,1.63,-3.47,0.08,1.63,3.470922067693252,0.4380634612459115
CC(C)N1CCC(NC(=O)c2nc3ccc([*:1])cc3n2CC(=O)Nc2ccc(Cl)cn2)CC1,CPD_376,CC(C)N1CCC(NC(=O)c2nc3ccc(C(=O)N4CC(O)C4)cc3n2CC(=O)Nc2ccc(Cl)cn2)CC1,O=C(N1CC(O)C1)[*:1],5.89,-0.693,3300.0,CPD_880,CC(C)N1CCC(NC(=O)c2nc3ccc(OCc4nn[nH]n4)cc3n2CC(=O)Nc2ccc(Cl)cn2)CC1,C(O[*:1])c1nn[nH]n1,7.51,0.205,12.0,1.62,0.9,-2.44,1.62,2.6006922155456995,0.5682830265454976
Clc1ccc(-c2cc(Cn3c([*:1])cc4ccccc43)no2)s1,CPD_27,O=CN1CCC(NC(=O)c2cc3ccccc3n2Cc2cc(-c3ccc(Cl)s3)on2)CC1,O=CN1CCC(NC(=O)[*:1])CC1,5.69,2.671,2.4,CPD_60,CC(C)N1CC[C@@H](NC(=O)c2cc3ccccc3n2Cc2cc(-c3ccc(Cl)s3)on2)C1,CC(C)N1CC[C@@H](NC(=O)[*:1])C1,7.32,1.909,390.0,1.62,-0.76,2.21,1.62,2.3370280272174746,0.6262011787102364
CC(C)N1CCC(NC(=O)c2cc3cc([*:1])ccc3n2Cc2cc(-c3ccc(Cl)s3)on2)CC1,CPD_335,CC(C)N1CCC(NC(=O)c2cc3cc(C(=O)N(CCO)CCO)ccc3n2Cc2cc(-c3ccc(Cl)s3)on2)CC1,O=C(N(CCO)CCO)[*:1],6.64,-1.074,41000.0,CPD_404,CC(C)N1CCC(NC(=O)c2cc3cc(C(=O)OCCO)ccc3n2Cc2cc(-c3ccc(Cl)s3)on2)CC1,O=C(OCCO)[*:1],8.24,0.885,1400.0,1.6,1.96,-1.47,1.6,2.4499999999999997,0.5925925925925927
COCCOc1ccc2c(c1)cc(C(=O)NC1CCN(C(C)C)CC1)n2C[*:1],CPD_725,COCCOc1ccc2c(c1)cc(C(=O)NC1CCN(C(C)C)CC1)n2Cc1cc2ccc(Cl)cc2s1,Clc1ccc2cc([*:1])sc2c1,6.82,3.664,430.0,CPD_743,COCCOc1ccc2c(c1)cc(C(=O)NC1CCN(C(C)C)CC1)n2CC(=O)Nc1ccc(Cl)cn1,O=C(Nc1ccc(Cl)cn1)[*:1],8.39,0.599,20000.0,1.57,-3.07,1.67,1.57,3.494824745248322,0.41924525359754644
O=C(N[*:1])c1cc2ccccc2n1Cc1cc(-c2ccc(Cl)s2)on1,CPD_18,COC(=O)N1CCC(NC(=O)c2cc3ccccc3n2Cc2cc(-c3ccc(Cl)s3)on2)CC1,COC(=O)N1CCC([*:1])CC1,5.75,3.257,1.6,CPD_60,CC(C)N1CC[C@@H](NC(=O)c2cc3ccccc3n2Cc2cc(-c3ccc(Cl)s3)on2)C1,CC(C)N1CC[C@@H]([*:1])C1,7.32,1.909,390.0,1.57,-1.35,2.39,1.57,2.7449225854293235,0.5242205617060849
CC(C)N1CCC(NC(=O)c2nc3cc(C(=O)O)ccc3n2C[*:1])CC1,CPD_288,CC(C)N1CCC(NC(=O)c2nc3cc(C(=O)O)ccc3n2Cc2cnc(-c3ccc(Cl)s3)s2)CC1,Clc1ccc(-c2ncc([*:1])s2)s1,7.03,3.024,0.4,CPD_306,CC(C)N1CCC(NC(=O)c2nc3cc(C(=O)O)ccc3n2Cc2cc(-c3ccc(Cl)s3)on2)CC1,Clc1ccc(-c2cc([*:1])no2)s1,8.57,2.192,0.6,1.54,-0.83,0.18,1.54,0.8492938243034621,1.400899346428858
CC(C)N1CCC(NC(=O)c2cc3cc([*:1])ccc3n2Cc2cc(-c3ccc(Cl)s3)on2)CC1,CPD_335,CC(C)N1CCC(NC(=O)c2cc3cc(C(=O)N(CCO)CCO)ccc3n2Cc2cc(-c3ccc(Cl)s3)on2)CC1,O=C(N(CCO)CCO)[*:1],6.64,-1.074,41000.0,CPD_364,CC(C)N1CCC(NC(=O)c2cc3cc(C(=O)OCCN4CCNC4=O)ccc3n2Cc2cc(-c3ccc(Cl)s3)on2)CC1,O=C1NCCN1CCOC(=O)[*:1],8.16,1.632,44.0,1.52,2.71,-2.97,1.52,4.020572098594926,0.3559242098968661
CC(C)N1CCC(NC(=O)c2cc3cc([*:1])ccc3n2Cc2cc(-c3ccc(Cl)s3)on2)CC1,CPD_342,CC(C)N1CCC(NC(=O)c2cc3cc(C(=O)N(C)CCO)ccc3n2Cc2cc(-c3ccc(Cl)s3)on2)CC1,CN(CCO)C(=O)[*:1],6.73,-0.441,32000.0,CPD_404,CC(C)N1CCC(NC(=O)c2cc3cc(C(=O)OCCO)ccc3n2Cc2cc(-c3ccc(Cl)s3)on2)CC1,O=C(OCCO)[*:1],8.24,0.885,1400.0,1.5,1.33,-1.36,1.5,1.902235526952433,0.6969497442150308
O=C(N[*:1])c1nc2ccccc2n1Cc1cc(-c2ccc(Cl)s2)on1,CPD_116,O=C(NC1CCN(c2ccncn2)CC1)c1nc2ccccc2n1Cc1cc(-c2ccc(Cl)s2)on1,c1cc(N2CCC([*:1])CC2)ncn1,7.23,3.606,0.7,CPD_606,O=C(Nc1ccc(-n2ccncc2=O)cc1)c1nc2ccccc2n1Cc1cc(-c2ccc(Cl)s2)on1,O=c1cnccn1-c1ccc([*:1])cc1,8.71,3.934,0.3,1.48,0.33,-0.37,1.48,0.4957822102496216,1.9844935688458263
CC(C)N1CCC(NC(=O)c2cc3ccccc3n2C[*:1])CC1,CPD_854,COc1ccc(NC(=O)Cn2c(C(=O)NC3CCN(C(C)C)CC3)cc3ccccc32)cc1,COc1ccc(NC(=O)[*:1])cc1,5.72,0.402,22000.0,CPD_857,CC(C)N1CCC(NC(=O)c2cc3ccccc3n2CC(=O)Nc2ccc(F)cc2)CC1,O=C(Nc1ccc(F)cc1)[*:1],7.2,0.778,6500.0,1.48,0.38,-0.53,1.48,0.6521502894272148,1.640524885204735
Clc1ccc(-c2cc(Cn3c([*:1])cc4ccccc43)no2)s1,CPD_43,O=C(c1cc2ccccc2n1Cc1cc(-c2ccc(Cl)s2)on1)N1CCC(Oc2ccncc2)CC1,O=C(N1CCC(Oc2ccncc2)CC1)[*:1],5.53,3.739,1.1,CPD_58,CCN1CC[C@@H](NC(=O)c2cc3ccccc3n2Cc2cc(-c3ccc(Cl)s3)on2)C1,CCN1CC[C@@H](NC(=O)[*:1])C1,7.0,1.624,680.0,1.48,-2.11,2.79,1.48,3.4980280158969568,0.39487431623314984
CC(C)N1CCC(NC(=O)c2cc3cc([*:1])ccc3n2Cc2cc(-c3ccc(Cl)s3)on2)CC1,CPD_213,CC(OC(=O)OC1CCCCC1)OC(=O)c1ccc2c(c1)cc(C(=O)NC1CCN(C(C)C)CC1)n2Cc1cc(-c2ccc(Cl)s2)on1,CC(OC(=O)OC1CCCCC1)OC(=O)[*:1],6.77,4.442,4.4,CPD_404,CC(C)N1CCC(NC(=O)c2cc3cc(C(=O)OCCO)ccc3n2Cc2cc(-c3ccc(Cl)s3)on2)CC1,O=C(OCCO)[*:1],8.24,0.885,1400.0,1.47,-3.56,2.5,1.47,4.350126434944162,0.3195564341087167
COCCOc1cc2cc(C(=O)NC3CCN(C(C)C)CC3)n([*:1])c2cn1,CPD_705,COCCOc1cc2cc(C(=O)NC3CCN(C(C)C)CC3)n(Cc3cc4ccc(Cl)cc4s3)c2cn1,Clc1ccc2cc(C[*:1])sc2c1,6.03,2.646,3600.0,CPD_775,COCCOc1cc2cc(C(=O)NC3CCN(C(C)C)CC3)n(CC(=O)Nc3ccc(Br)cn3)c2cn1,O=C(C[*:1])Nc1ccc(Br)cn1,7.5,-0.133,140000.0,1.47,-2.78,1.59,1.47,3.202577087284551,0.425768914882116
Clc1ccc(-c2cc(Cn3c([*:1])cc4ccccc43)no2)s1,CPD_43,O=C(c1cc2ccccc2n1Cc1cc(-c2ccc(Cl)s2)on1)N1CCC(Oc2ccncc2)CC1,O=C(N1CCC(Oc2ccncc2)CC1)[*:1],5.53,3.739,1.1,CPD_63,CC(C)N1CC[C@H](NC(=O)c2cc3ccccc3n2Cc2cc(-c3ccc(Cl)s3)on2)C1,CC(C)N1CC[C@H](NC(=O)[*:1])C1,6.99,1.909,390.0,1.47,-1.83,2.55,1.47,3.1386939959161357,0.43379543911948426
O=C(N[*:1])c1cc2ccccc2n1Cc1cc(-c2ccc(Cl)s2)on1,CPD_86,O=C(NCC1CC(C(=O)N2CCCC2)=NO1)c1cc2ccccc2n1Cc1cc(-c2ccc(Cl)s2)on1,O=C(C1=NOC(C[*:1])C1)N1CCCC1,5.0,1.879,5.1,CPD_180,CC(C)CN1CC(NC(=O)c2cc3ccccc3n2Cc2cc(-c3ccc(Cl)s3)on2)C1,CC(C)CN1CC([*:1])C1,6.46,2.966,47.0,1.46,1.09,0.96,1.46,1.4524806367039804,0.8575721617759922
Clc1ccc(-c2cc(Cn3c([*:1])cc4ccccc43)no2)s1,CPD_47,O=C(Nc1nc(-c2cccnc2)cs1)c1cc2ccccc2n1Cc1cc(-c2ccc(Cl)s2)on1,O=C(Nc1nc(-c2cccnc2)cs1)[*:1],5.0,5.297,0.1,CPD_180,CC(C)CN1CC(NC(=O)c2cc3ccccc3n2Cc2cc(-c3ccc(Cl)s3)on2)C1,CC(C)CN1CC(NC(=O)[*:1])C1,6.46,2.966,47.0,1.46,-2.33,2.67,1.46,3.5436986327846784,0.38484870342173705
O=C(N[*:1])c1cc2ccccc2n1Cc1cc(-c2ccc(Cl)s2)on1,CPD_46,O=C(Nc1ccc(-c2c[nH]cn2)cc1)c1cc2ccccc2n1Cc1cc(-c2ccc(Cl)s2)on1,c1nc(-c2ccc([*:1])cc2)c[nH]1,5.0,4.299,0.0,CPD_180,CC(C)CN1CC(NC(=O)c2cc3ccccc3n2Cc2cc(-c3ccc(Cl)s3)on2)C1,CC(C)CN1CC([*:1])C1,6.46,2.966,47.0,1.46,-1.33,2.67,1.46,2.982918034408589,0.45160439716099504
CC(C)N1CCC(NC(=O)c2nc3ccc([*:1])cc3n2CC(=O)Nc2ccc(Cl)cn2)CC1,CPD_387,CC(OC(=O)OC1CCCCC1)OC(=O)c1ccc2nc(C(=O)NC3CCN(C(C)C)CC3)n(CC(=O)Nc3ccc(Cl)cn3)c2c1,CC(OC(=O)OC1CCCCC1)OC(=O)[*:1],6.06,4.788,4.3,CPD_880,CC(C)N1CCC(NC(=O)c2nc3ccc(OCc4nn[nH]n4)cc3n2CC(=O)Nc2ccc(Cl)cn2)CC1,C(O[*:1])c1nn[nH]n1,7.51,0.205,12.0,1.45,-4.58,0.45,1.45,4.602053889297691,0.29884251763944847
O=C(Cn1c([*:1])nc2ccccc21)Nc1ccc(Cl)cn1,CPD_977,CNC(=O)CN1CCN(C(=O)c2nc3ccccc3n2CC(=O)Nc2ccc(Cl)cn2)CC1,CNC(=O)CN1CCN(C(=O)[*:1])CC1,4.62,2.07,26.0,CPD_988,O=C(Cn1c(C(=O)N2CCC(Nc3ccncc3)CC2)nc2ccccc21)Nc1ccc(Cl)cn1,O=C(N1CCC(Nc2ccncc2)CC1)[*:1],6.07,2.834,31.0,1.45,0.76,0.08,1.45,0.764198926981712,1.4296997969769556
O=C(Cn1c(C(=O)N[*:1])nc2ccccc21)Nc1ccc(Cl)cn1,CPD_521,O=C(Cn1c(C(=O)Nc2ccc(N3CCOC3=O)cc2)nc2ccccc21)Nc1ccc(Cl)cn1,O=C1OCCN1c1ccc([*:1])cc1,6.1,4.136,1.0,CPD_531,O=C(Cn1c(C(=O)Nc2ccc(-n3ccc(=O)[nH]c3=O)cc2)nc2ccccc21)Nc1ccc(Cl)cn1,O=c1ccn(-c2ccc([*:1])cc2)c(=O)[nH]1,7.54,2.869,2.6,1.44,-1.27,0.41,1.44,1.334541119636259,0.9087804552087361
COCCOc1cc2cc(C(=O)NC3CCN(C(C)C)CC3)n([*:1])c2cn1,CPD_783,COCCOc1cc2cc(C(=O)NC3CCN(C(C)C)CC3)n(CC(=O)Nc3ccc(F)cn3)c2cn1,O=C(C[*:1])Nc1ccc(F)cn1,6.01,-1.216,310000.0,CPD_927,COCCOc1cc2cc(C(=O)NC3CCN(C(C)C)CC3)n(CC(=O)Nc3ccc(Cl)cn3)c2cn1,O=C(C[*:1])Nc1ccc(Cl)cn1,7.45,-0.378,150000.0,1.44,0.84,-0.32,1.44,0.8988882021697693,1.2533856621387898
CC(C)N1CCC(NC(=O)c2cc3cc([*:1])ccc3n2Cc2cc(-c3ccc(Cl)s3)on2)CC1,CPD_162,CC(OC(=O)c1ccc2c(c1)cc(C(=O)NC1CCN(C(C)C)CC1)n2Cc1cc(-c2ccc(Cl)s2)on1)OC(=O)C(C)(C)C,CC(OC(=O)C(C)(C)C)OC(=O)[*:1],7.04,3.499,26.0,CPD_262,CC(C)N1CCC(NC(=O)c2cc3cc(-c4n[nH]c(=O)o4)ccc3n2Cc2cc(-c3ccc(Cl)s3)on2)CC1,O=c1[nH]nc([*:1])o1,8.48,0.297,310.0,1.44,-3.2,1.08,1.44,3.377336228449871,0.396985531339999
O=C(N[*:1])c1cc2ccccc2n1Cc1cc(-c2ccc(Cl)s2)on1,CPD_22,NC(=O)N1CCC(NC(=O)c2cc3ccccc3n2Cc2cc(-c3ccc(Cl)s3)on2)CC1,NC(=O)N1CCC([*:1])CC1,5.97,1.914,8.7,CPD_26,CN1CCC(NC(=O)c2cc3ccccc3n2Cc2cc(-c3ccc(Cl)s3)on2)CC1,CN1CCC([*:1])CC1,7.4,2.01,210.0,1.43,0.1,1.38,1.43,1.383618444514238,0.8753574035614021
CC(C)N1CCC(NC(=O)c2cc3cc([*:1])ccc3n2Cc2cc(-c3ccc(Cl)s3)on2)CC1,CPD_342,CC(C)N1CCC(NC(=O)c2cc3cc(C(=O)N(C)CCO)ccc3n2Cc2cc(-c3ccc(Cl)s3)on2)CC1,CN(CCO)C(=O)[*:1],6.73,-0.441,32000.0,CPD_364,CC(C)N1CCC(NC(=O)c2cc3cc(C(=O)OCCN4CCNC4=O)ccc3n2Cc2cc(-c3ccc(Cl)s3)on2)CC1,O=C1NCCN1CCOC(=O)[*:1],8.16,1.632,44.0,1.43,2.07,-2.86,1.43,3.5305098781904007,0.3782558559758324
Clc1ccc(-c2cc(Cn3c([*:1])cc4ccccc43)no2)s1,CPD_43,O=C(c1cc2ccccc2n1Cc1cc(-c2ccc(Cl)s2)on1)N1CCC(Oc2ccncc2)CC1,O=C(N1CCC(Oc2ccncc2)CC1)[*:1],5.53,3.739,1.1,CPD_208,O=C(NC1CN(c2cc[n+]([O-])cc2)C1)c1cc2ccccc2n1Cc1cc(-c2ccc(Cl)s2)on1,O=C(NC1CN(c2cc[n+]([O-])cc2)C1)[*:1],6.96,1.058,17.0,1.43,-2.68,1.19,1.43,2.932319900692965,0.44935771532227503
COCCOc1cc2cc(C(=O)NC3CCN(C(C)C)CC3)n(C[*:1])c2cn1,CPD_705,COCCOc1cc2cc(C(=O)NC3CCN(C(C)C)CC3)n(Cc3cc4ccc(Cl)cc4s3)c2cn1,Clc1ccc2cc([*:1])sc2c1,6.03,2.646,3600.0,CPD_927,COCCOc1cc2cc(C(=O)NC3CCN(C(C)C)CC3)n(CC(=O)Nc3ccc(Cl)cn3)c2cn1,O=C(Nc1ccc(Cl)cn1)[*:1],7.45,-0.378,150000.0,1.42,-3.02,1.62,1.42,3.427068718307236,0.38617717230308024
CC(C)N1CCC(NC(=O)c2cc3cc([*:1])ccc3n2Cc2cc(-c3ccc(Cl)s3)on2)CC1,CPD_162,CC(OC(=O)c1ccc2c(c1)cc(C(=O)NC1CCN(C(C)C)CC1)n2Cc1cc(-c2ccc(Cl)s2)on1)OC(=O)C(C)(C)C,CC(OC(=O)C(C)(C)C)OC(=O)[*:1],7.04,3.499,26.0,CPD_338,CC(C)N1CCC(NC(=O)c2cc3cc(NS(C)(=O)=O)ccc3n2Cc2cc(-c3ccc(Cl)s3)on2)CC1,CS(=O)(=O)N[*:1],8.46,0.697,170.0,1.42,-2.8,0.82,1.42,2.917601754866486,0.4482886770151612
CC(C)N1CCC(NC(=O)c2nc3c(OCCO)cccc3n2C[*:1])CC1,CPD_736,CC(C)N1CCC(NC(=O)c2nc3c(OCCO)cccc3n2CCc2ccc(Cl)cc2)CC1,Clc1ccc(C[*:1])cc1,7.25,2.442,250.0,CPD_773,CC(C)N1CCC(NC(=O)c2nc3c(OCCO)cccc3n2Cc2nnc(-c3ccc(Cl)s3)s2)CC1,Clc1ccc(-c2nnc([*:1])s2)s1,8.65,2.624,18.0,1.41,0.18,-1.14,1.41,1.1541230437002805,1.0041854995016903
O=C(NC1CCN([*:1])CC1)c1cc2ccccc2n1Cc1cc(-c2ccc(Cl)s2)on1,CPD_25,O=C(NC1CCN(CC(F)(F)F)CC1)c1cc2ccccc2n1Cc1cc(-c2ccc(Cl)s2)on1,FC(F)(F)C[*:1],5.99,4.567,1.3,CPD_26,CN1CCC(NC(=O)c2cc3ccccc3n2Cc2cc(-c3ccc(Cl)s3)on2)CC1,C[*:1],7.4,2.01,210.0,1.41,-2.56,2.21,1.41,3.3819668833387473,0.388219398824428
CC(C)N1CCC(NC(=O)c2nc3c(OCCO)cccc3n2[*:1])CC1,CPD_736,CC(C)N1CCC(NC(=O)c2nc3c(OCCO)cccc3n2CCc2ccc(Cl)cc2)CC1,Clc1ccc(CC[*:1])cc1,7.25,2.442,250.0,CPD_737,CC(C)N1CCC(NC(=O)c2nc3c(OCCO)cccc3n2Cc2cc3ccc(Cl)cc3s2)CC1,Clc1ccc2cc(C[*:1])sc2c1,8.65,4.197,8.2,1.41,1.75,-1.48,1.41,2.2919205919926635,0.554698681163235
CC(C)N1CCC(NC(=O)c2cc3cc(C(=O)O[*:1])ccc3n2Cc2cc(-c3ccc(Cl)s3)on2)CC1,CPD_213,CC(OC(=O)OC1CCCCC1)OC(=O)c1ccc2c(c1)cc(C(=O)NC1CCN(C(C)C)CC1)n2Cc1cc(-c2ccc(Cl)s2)on1,CC(OC(=O)OC1CCCCC1)[*:1],6.77,4.442,4.4,CPD_364,CC(C)N1CCC(NC(=O)c2cc3cc(C(=O)OCCN4CCNC4=O)ccc3n2Cc2cc(-c3ccc(Cl)s3)on2)CC1,O=C1NCCN1CC[*:1],8.16,1.632,44.0,1.4,-2.81,1.0,1.4,2.982633064927699,0.43308348701534805
CC(C)N1CCC(NC(=O)c2nc3cc([*:1])ccc3n2CC(=O)Nc2ccc(Cl)cn2)CC1,CPD_444,CC(C)N1CCC(NC(=O)c2nc3cc(S(=O)(=O)CCO)ccc3n2CC(=O)Nc2ccc(Cl)cn2)CC1,O=S(=O)(CCO)[*:1],7.15,0.282,890.0,CPD_876,CC(C)N1CCC(NC(=O)c2nc3cc(OCc4nn[nH]n4)ccc3n2CC(=O)Nc2ccc(Cl)cn2)CC1,C(O[*:1])c1nn[nH]n1,8.54,0.205,12.0,1.39,-0.08,-1.87,1.39,1.871710447692164,0.6551318072227701
CC(C)N1CCC(NC(=O)c2cc3cc([*:1])ccc3n2Cc2cc(-c3ccc(Cl)s3)on2)CC1,CPD_335,CC(C)N1CCC(NC(=O)c2cc3cc(C(=O)N(CCO)CCO)ccc3n2Cc2cc(-c3ccc(Cl)s3)on2)CC1,O=C(N(CCO)CCO)[*:1],6.64,-1.074,41000.0,CPD_363,CC(C)N1CCC(NC(=O)c2cc3cc(C(=O)OCCN4CCCC4=O)ccc3n2Cc2cc(-c3ccc(Cl)s3)on2)CC1,O=C1CCCN1CCOC(=O)[*:1],8.03,1.653,110.0,1.39,2.73,-2.57,1.39,3.7493732809630997,0.34755445474828756
CC(C)N1CCC(NC(=O)c2nc3cc([*:1])ccc3n2Cc2cc(-c3ccc(Cl)s3)on2)CC1,CPD_347,CC(C)N1CCC(NC(=O)c2nc3cc(S(=O)(=O)CCO)ccc3n2Cc2cc(-c3ccc(Cl)s3)on2)CC1,O=S(=O)(CCO)[*:1],7.59,1.099,90.0,CPD_433,CC(C)N1CCC(NC(=O)c2nc3cc(C(=O)OCC(=O)O)ccc3n2Cc2cc(-c3ccc(Cl)s3)on2)CC1,O=C(O)COC(=O)[*:1],8.95,2.129,0.6,1.36,1.03,-2.18,1.36,2.411078596810979,0.5110709625900626
O=C(N[*:1])c1cc2ccccc2n1Cc1cc(-c2ccc(Cl)s2)on1,CPD_46,O=C(Nc1ccc(-c2c[nH]cn2)cc1)c1cc2ccccc2n1Cc1cc(-c2ccc(Cl)s2)on1,c1nc(-c2ccc([*:1])cc2)c[nH]1,5.0,4.299,0.0,CPD_211,O=C(NCC1CN(c2ccncc2)C1)c1cc2ccccc2n1Cc1cc(-c2ccc(Cl)s2)on1,c1cc(N2CC(C[*:1])C2)ccn1,6.35,1.589,190.0,1.35,-2.71,3.28,1.35,4.254703279900961,0.2996867753806152
Clc1ccc(-c2cc(Cn3c([*:1])cc4ccccc43)no2)s1,CPD_47,O=C(Nc1nc(-c2cccnc2)cs1)c1cc2ccccc2n1Cc1cc(-c2ccc(Cl)s2)on1,O=C(Nc1nc(-c2cccnc2)cs1)[*:1],5.0,5.297,0.1,CPD_211,O=C(NCC1CN(c2ccncc2)C1)c1cc2ccccc2n1Cc1cc(-c2ccc(Cl)s2)on1,O=C(NCC1CN(c2ccncc2)C1)[*:1],6.35,1.589,190.0,1.35,-3.71,3.28,1.35,4.952019789944301,0.25951458366413765
O=C(N[*:1])c1cc2ccccc2n1Cc1cc(-c2ccc(Cl)s2)on1,CPD_22,NC(=O)N1CCC(NC(=O)c2cc3ccccc3n2Cc2cc(-c3ccc(Cl)s3)on2)CC1,NC(=O)N1CCC([*:1])CC1,5.97,1.914,8.7,CPD_60,CC(C)N1CC[C@@H](NC(=O)c2cc3ccccc3n2Cc2cc(-c3ccc(Cl)s3)on2)C1,CC(C)N1CC[C@@H]([*:1])C1,7.32,1.909,390.0,1.35,-0.0,1.65,1.35,1.65,0.7105263157894738
O=C(N[*:1])c1cc2ccccc2n1Cc1cc(-c2ccc(Cl)s2)on1,CPD_86,O=C(NCC1CC(C(=O)N2CCCC2)=NO1)c1cc2ccccc2n1Cc1cc(-c2ccc(Cl)s2)on1,O=C(C1=NOC(C[*:1])C1)N1CCCC1,5.0,1.879,5.1,CPD_211,O=C(NCC1CN(c2ccncc2)C1)c1cc2ccccc2n1Cc1cc(-c2ccc(Cl)s2)on1,c1cc(N2CC(C[*:1])C2)ccn1,6.35,1.589,190.0,1.35,-0.29,1.57,1.35,1.5965587994182988,0.7310896357187628
CC(C)N1CCC(NC(=O)c2nc3ccc([*:1])cc3n2CC(=O)Nc2ccc(Cl)cn2)CC1,CPD_399,CCOC(=O)OC(C)OC(=O)c1ccc2nc(C(=O)NC3CCN(C(C)C)CC3)n(CC(=O)Nc3ccc(Cl)cn3)c2c1,CCOC(=O)OC(C)OC(=O)[*:1],6.16,3.259,33.0,CPD_880,CC(C)N1CCC(NC(=O)c2nc3ccc(OCc4nn[nH]n4)cc3n2CC(=O)Nc2ccc(Cl)cn2)CC1,C(O[*:1])c1nn[nH]n1,7.51,0.205,12.0,1.35,-3.05,-0.44,1.35,3.0815742729974884,0.40521383867734584
COCCOc1cc2cc(C(=O)NC3CCN(C(C)C)CC3)n([*:1])c2cn1,CPD_832,COCCOc1cc2cc(C(=O)NC3CCN(C(C)C)CC3)n(Cc3cc4ccc(Cl)nc4s3)c2cn1,Clc1ccc2cc(C[*:1])sc2n1,6.1,1.337,19000.0,CPD_927,COCCOc1cc2cc(C(=O)NC3CCN(C(C)C)CC3)n(CC(=O)Nc3ccc(Cl)cn3)c2cn1,O=C(C[*:1])Nc1ccc(Cl)cn1,7.45,-0.378,150000.0,1.35,-1.71,0.9,1.35,1.9323819498225498,0.6185901602190986
CC(C)N1CCC(NC(=O)c2cc3ccccc3n2C[*:1])CC1,CPD_8,CC(C)N1CCC(NC(=O)c2cc3ccccc3n2Cc2cnc(-c3ccc(Cl)s3)s2)CC1,Clc1ccc(-c2ncc([*:1])s2)s1,7.16,2.78,44.0,CPD_860,CC(C)N1CCC(NC(=O)c2cc3ccccc3n2CC(=O)Nc2ccc(Br)cc2)CC1,O=C(Nc1ccc(Br)cc1)[*:1],8.5,1.599,3500.0,1.34,-1.18,1.9,1.34,2.236604569431083,0.5388874517779007
Clc1ccc(-c2cc(Cn3c([*:1])nc4ccccc43)no2)s1,CPD_458,O=C(Nc1ccc(-n2ncccc2=O)cc1)c1nc2ccccc2n1Cc1cc(-c2ccc(Cl)s2)on1,O=C(Nc1ccc(-n2ncccc2=O)cc1)[*:1],5.0,4.288,0.2,CPD_533,O=C(Nc1ccc(N2CCOC2=O)cc1)c1nc2ccccc2n1Cc1cc(-c2ccc(Cl)s2)on1,O=C1OCCN1c1ccc(NC(=O)[*:1])cc1,6.33,4.952,0.1,1.33,0.66,-0.3,1.33,0.7249827584156744,1.3641266868772335
O=C(N[*:1])c1nc2ccccc2n1Cc1cc(-c2ccc(Cl)s2)on1,CPD_421,Cc1ccc(=O)n(-c2ccc(NC(=O)c3nc4ccccc4n3Cc3cc(-c4ccc(Cl)s4)on3)cc2)n1,Cc1ccc(=O)n(-c2ccc([*:1])cc2)n1,5.0,3.824,0.3,CPD_533,O=C(Nc1ccc(N2CCOC2=O)cc1)c1nc2ccccc2n1Cc1cc(-c2ccc(Cl)s2)on1,O=C1OCCN1c1ccc([*:1])cc1,6.33,4.952,0.1,1.33,1.13,-0.48,1.33,1.227721466783081,0.9000342959727976
Clc1ccc(-c2cc(Cn3c([*:1])cc4ccccc43)no2)s1,CPD_25,O=C(NC1CCN(CC(F)(F)F)CC1)c1cc2ccccc2n1Cc1cc(-c2ccc(Cl)s2)on1,O=C(NC1CCN(CC(F)(F)F)CC1)[*:1],5.99,4.567,1.3,CPD_60,CC(C)N1CC[C@@H](NC(=O)c2cc3ccccc3n2Cc2cc(-c3ccc(Cl)s3)on2)C1,CC(C)N1CC[C@@H](NC(=O)[*:1])C1,7.32,1.909,390.0,1.33,-2.66,2.48,1.33,3.6367567969277244,0.34218760511367596
O=C(Cn1c([*:1])nc2ccccc21)Nc1ccc(Cl)cn1,CPD_427,CCN1CCN(c2ccc(NC(=O)c3nc4ccccc4n3CC(=O)Nc3ccc(Cl)cn3)cc2)C(=O)C1=O,CCN1CCN(c2ccc(NC(=O)[*:1])cc2)C(=O)C1=O,4.97,2.222,7.3,CPD_601,O=C(Cn1c(C(=O)Nc2ccc(N3CCNCC3=O)cc2)nc2ccccc21)Nc1ccc(Cl)cn1,O=C1CNCCN1c1ccc(NC(=O)[*:1])cc1,6.3,2.591,8.7,1.32,0.37,0.08,1.32,0.378549864614954,2.1000720456898425
O=C(N[*:1])c1cc2ccccc2n1Cc1cc(-c2ccc(Cl)s2)on1,CPD_27,O=CN1CCC(NC(=O)c2cc3ccccc3n2Cc2cc(-c3ccc(Cl)s3)on2)CC1,O=CN1CCC([*:1])CC1,5.69,2.671,2.4,CPD_31,O=C(NC1CCN(c2ccncn2)CC1)c1cc2ccccc2n1Cc1cc(-c2ccc(Cl)s2)on1,c1cc(N2CCC([*:1])CC2)ncn1,7.01,3.217,2.8,1.32,0.55,0.07,1.32,0.5544366510251645,1.6408998748600125
O=C(N[*:1])c1cc2ccccc2n1Cc1cc(-c2ccc(Cl)s2)on1,CPD_27,O=CN1CCC(NC(=O)c2cc3ccccc3n2Cc2cc(-c3ccc(Cl)s3)on2)CC1,O=CN1CCC([*:1])CC1,5.69,2.671,2.4,CPD_58,CCN1CC[C@@H](NC(=O)c2cc3ccccc3n2Cc2cc(-c3ccc(Cl)s3)on2)C1,CCN1CC[C@@H]([*:1])C1,7.0,1.624,680.0,1.31,-1.05,2.45,1.31,2.665520587052368,0.44931941342401166
CC(C)N1CCC(NC(=O)c2nc3c(C(=O)N4CC(O)C4)cccc3n2C[*:1])CC1,CPD_525,COc1cccc(Cn2c(C(=O)NC3CCN(C(C)C)CC3)nc3c(C(=O)N4CC(O)C4)cccc32)c1,COc1cccc([*:1])c1,6.49,-0.616,5500.0,CPD_756,CC(C)N1CCC(NC(=O)c2nc3c(C(=O)N4CC(O)C4)cccc3n2Cc2cc3ccc(Cl)cc3s2)CC1,Clc1ccc2cc([*:1])sc2c1,7.8,2.225,35.0,1.31,2.84,-2.2,1.31,3.592436499090833,0.34092951186310094
O=C(O)c1ccc2c(c1)cc(C(=O)NC1CCN(C3CC3)CC1)n2C[*:1],CPD_627,O=C(Cn1c(C(=O)NC2CCN(C3CC3)CC2)cc2cc(C(=O)O)ccc21)Nc1ccc(Cl)nc1,O=C(Nc1ccc(Cl)nc1)[*:1],5.7,-0.524,34.0,CPD_695,O=C(O)c1ccc2c(c1)cc(C(=O)NC1CCN(C3CC3)CC1)n2Cc1cc(-c2ccc(Cl)s2)on1,Clc1ccc(-c2cc([*:1])no2)s1,7.01,0.814,12.0,1.31,1.34,-0.45,1.31,1.4135416513141734,0.7874765257395986
CC(C)N1CCC(NC(=O)c2cc3ccccc3n2[*:1])CC1,CPD_857,CC(C)N1CCC(NC(=O)c2cc3ccccc3n2CC(=O)Nc2ccc(F)cc2)CC1,O=C(C[*:1])Nc1ccc(F)cc1,7.2,0.778,6500.0,CPD_860,CC(C)N1CCC(NC(=O)c2cc3ccccc3n2CC(=O)Nc2ccc(Br)cc2)CC1,O=C(C[*:1])Nc1ccc(Br)cc1,8.5,1.599,3500.0,1.3,0.82,-0.27,1.3,0.8633075929238662,1.1676916678398157
Clc1ccc(-c2cc(Cn3c([*:1])cc4ccccc43)no2)s1,CPD_27,O=CN1CCC(NC(=O)c2cc3ccccc3n2Cc2cc(-c3ccc(Cl)s3)on2)CC1,O=CN1CCC(NC(=O)[*:1])CC1,5.69,2.671,2.4,CPD_63,CC(C)N1CC[C@H](NC(=O)c2cc3ccccc3n2Cc2cc(-c3ccc(Cl)s3)on2)C1,CC(C)N1CC[C@H](NC(=O)[*:1])C1,6.99,1.909,390.0,1.3,-0.76,2.21,1.3,2.3370280272174746,0.502507118718091
O=C(c1nc2ccccc2n1[*:1])N1CCC(Nc2ccncc2)CC1,CPD_983,O=C(c1nc2ccccc2n1Cc1cc(-c2ccc(Cl)s2)on1)N1CCC(Nc2ccncc2)CC1,Clc1ccc(-c2cc(C[*:1])no2)s1,4.77,3.65,2.4,CPD_988,O=C(Cn1c(C(=O)N2CCC(Nc3ccncc3)CC2)nc2ccccc21)Nc1ccc(Cl)cn1,O=C(C[*:1])Nc1ccc(Cl)cn1,6.07,2.834,31.0,1.3,-0.82,1.11,1.3,1.3800362314084367,0.797528284924521
CC(C)N1CCC(NC(=O)c2cc3cc([*:1])ccc3n2Cc2cc(-c3ccc(Cl)s3)on2)CC1,CPD_342,CC(C)N1CCC(NC(=O)c2cc3cc(C(=O)N(C)CCO)ccc3n2Cc2cc(-c3ccc(Cl)s3)on2)CC1,CN(CCO)C(=O)[*:1],6.73,-0.441,32000.0,CPD_363,CC(C)N1CCC(NC(=O)c2cc3cc(C(=O)OCCN4CCCC4=O)ccc3n2Cc2cc(-c3ccc(Cl)s3)on2)CC1,O=C1CCCN1CCOC(=O)[*:1],8.03,1.653,110.0,1.3,2.09,-2.46,1.3,3.227956009613514,0.3737827610259113
CC(C)N1CCC(NC(=O)c2nc3ccc([*:1])cc3n2CC(=O)Nc2ccc(Cl)cn2)CC1,CPD_398,CC(C)N1CCC(NC(=O)c2nc3ccc(C(=O)NCCO)cc3n2CC(=O)Nc2ccc(Cl)cn2)CC1,O=C(NCCO)[*:1],6.23,0.47,1300.0,CPD_880,CC(C)N1CCC(NC(=O)c2nc3ccc(OCc4nn[nH]n4)cc3n2CC(=O)Nc2ccc(Cl)cn2)CC1,C(O[*:1])c1nn[nH]n1,7.51,0.205,12.0,1.28,-0.27,-2.03,1.28,2.047876949428358,0.5570359197512404
CC(C)N1CCC(NC(=O)c2nc3ccc([*:1])cc3n2CC(=O)Nc2ccc(Cl)cn2)CC1,CPD_837,CC(C)N1CCC(NC(=O)c2nc3ccc(OCCN4CCOCC4)cc3n2CC(=O)Nc2ccc(Cl)cn2)CC1,C1CN(CCO[*:1])CCO1,6.23,1.562,360.0,CPD_880,CC(C)N1CCC(NC(=O)c2nc3ccc(OCc4nn[nH]n4)cc3n2CC(=O)Nc2ccc(Cl)cn2)CC1,C(O[*:1])c1nn[nH]n1,7.51,0.205,12.0,1.28,-1.36,-1.48,1.28,2.009975124224178,0.566377915526574
O=C(N[*:1])c1cc2ccccc2n1Cc1cc(-c2ccc(Cl)s2)on1,CPD_19,CC(=O)N1CCC(NC(=O)c2cc3ccccc3n2Cc2cc(-c3ccc(Cl)s3)on2)CC1,CC(=O)N1CCC([*:1])CC1,6.12,3.157,3.8,CPD_26,CN1CCC(NC(=O)c2cc3ccccc3n2Cc2cc(-c3ccc(Cl)s3)on2)CC1,CN1CCC([*:1])CC1,7.4,2.01,210.0,1.28,-1.15,1.74,1.28,2.0856893344887197,0.5480180866091898
CC(C)N1CCC(NC(=O)c2cc3cc([*:1])ccc3n2Cc2cc(-c3ccc(Cl)s3)on2)CC1,CPD_213,CC(OC(=O)OC1CCCCC1)OC(=O)c1ccc2c(c1)cc(C(=O)NC1CCN(C(C)C)CC1)n2Cc1cc(-c2ccc(Cl)s2)on1,CC(OC(=O)OC1CCCCC1)OC(=O)[*:1],6.77,4.442,4.4,CPD_363,CC(C)N1CCC(NC(=O)c2cc3cc(C(=O)OCCN4CCCC4=O)ccc3n2Cc2cc(-c3ccc(Cl)s3)on2)CC1,O=C1CCCN1CCOC(=O)[*:1],8.03,1.653,110.0,1.27,-2.79,1.4,1.27,3.1215541001238467,0.37668089026165985
O=C(N[*:1])c1cc2ccccc2n1Cc1cc(-c2ccc(Cl)s2)on1,CPD_27,O=CN1CCC(NC(=O)c2cc3ccccc3n2Cc2cc(-c3ccc(Cl)s3)on2)CC1,O=CN1CCC([*:1])CC1,5.69,2.671,2.4,CPD_208,O=C(NC1CN(c2cc[n+]([O-])cc2)C1)c1cc2ccccc2n1Cc1cc(-c2ccc(Cl)s2)on1,[O-][n+]1ccc(N2CC([*:1])C2)cc1,6.96,1.058,17.0,1.27,-1.61,0.85,1.27,1.8206042952822012,0.6133475154541359
CC(C)N1CCC(NC(=O)c2nc3cc([*:1])ccc3n2Cc2cc(-c3ccc(Cl)s3)on2)CC1,CPD_351,CC(C)N1CCC(NC(=O)c2nc3cc(C(=O)N(C)CCO)ccc3n2Cc2cc(-c3ccc(Cl)s3)on2)CC1,CN(CCO)C(=O)[*:1],7.19,0.719,300.0,CPD_420,CC(C)N1CCC(NC(=O)c2nc3cc(C(=O)OCCO)ccc3n2Cc2cc(-c3ccc(Cl)s3)on2)CC1,O=C(OCCO)[*:1],8.45,2.045,56.0,1.27,1.33,-0.73,1.27,1.517168415173477,0.7186638178316063
CC(C)N1CCC(NC(=O)c2cc3cc([*:1])ccc3n2Cc2cc(-c3ccc(Cl)s3)on2)CC1,CPD_162,CC(OC(=O)c1ccc2c(c1)cc(C(=O)NC1CCN(C(C)C)CC1)n2Cc1cc(-c2ccc(Cl)s2)on1)OC(=O)C(C)(C)C,CC(OC(=O)C(C)(C)C)OC(=O)[*:1],7.04,3.499,26.0,CPD_181,CC(C)N1CCC(NC(=O)c2cc3cc(OCC(=O)O)ccc3n2Cc2cc(-c3ccc(Cl)s3)on2)CC1,O=C(O)CO[*:1],8.3,0.774,4.7,1.26,-2.73,-0.74,1.26,2.8285155117128133,0.40928817646235144
CC(C)N1CCC(NC(=O)c2nc3cc([*:1])ccc3n2CC(=O)Nc2ccc(Cl)cn2)CC1,CPD_547,CC(C)N1CCC(NC(=O)c2nc3cc(C(=O)N4CCCOCC4)ccc3n2CC(=O)Nc2ccc(Cl)cn2)CC1,O=C(N1CCCOCC1)[*:1],7.28,0.367,1100.0,CPD_876,CC(C)N1CCC(NC(=O)c2nc3cc(OCc4nn[nH]n4)ccc3n2CC(=O)Nc2ccc(Cl)cn2)CC1,C(O[*:1])c1nn[nH]n1,8.54,0.205,12.0,1.26,-0.16,-1.96,1.26,1.9665197685250966,0.5684587242993198
O=C(O)c1ccc2c(c1)cc(C(=O)NC1CCN([*:1])CC1)n2Cc1cc(-c2ccc(Cl)s2)on1,CPD_283,O=C(O)c1ccc2c(c1)cc(C(=O)NC1CCN(c3ccccn3)CC1)n2Cc1cc(-c2ccc(Cl)s2)on1,c1ccc([*:1])nc1,5.76,1.179,8.9,CPD_695,O=C(O)c1ccc2c(c1)cc(C(=O)NC1CCN(C3CC3)CC1)n2Cc1cc(-c2ccc(Cl)s2)on1,C1CC1[*:1],7.01,0.814,12.0,1.26,-0.37,0.13,1.26,0.39217343102255153,1.9620867808150597
CC(C)N1CCC(NC(=O)c2nc3c([*:1])cccc3n2Cc2cc(-c3ccc(Cl)s3)on2)CC1,CPD_320,CC(C)N1CCC(NC(=O)c2nc3c(C(=O)N4CC(O)C4)cccc3n2Cc2cc(-c3ccc(Cl)s3)on2)CC1,O=C(N1CC(O)C1)[*:1],8.1,0.129,330.0,CPD_434,CC(C)N1CCC(NC(=O)c2nc3c(C(=O)NCC(O)CCl)cccc3n2Cc2cc(-c3ccc(Cl)s3)on2)CC1,O=C(NCC(O)CCl)[*:1],9.36,1.992,49.0,1.26,1.86,-0.83,1.26,2.0367866849525504,0.5509914887518879
O=C(N[*:1])c1cc2ccccc2n1Cc1cc(-c2ccc(Cl)s2)on1,CPD_18,COC(=O)N1CCC(NC(=O)c2cc3ccccc3n2Cc2cc(-c3ccc(Cl)s3)on2)CC1,COC(=O)N1CCC([*:1])CC1,5.75,3.257,1.6,CPD_31,O=C(NC1CCN(c2ccncn2)CC1)c1cc2ccccc2n1Cc1cc(-c2ccc(Cl)s2)on1,c1cc(N2CCC([*:1])CC2)ncn1,7.01,3.217,2.8,1.26,-0.04,0.24,1.26,0.2433105012119288,2.554172264536281
CC(C)N1CCC(NC(=O)c2cc3cc([*:1])ccc3n2Cc2cc(-c3ccc(Cl)s3)on2)CC1,CPD_373,CC(C)N1CCC(NC(=O)c2cc3cc(C(=O)N4CCCC4CO)ccc3n2Cc2cc(-c3ccc(Cl)s3)on2)CC1,O=C(N1CCCC1CO)[*:1],6.98,-0.415,2900.0,CPD_404,CC(C)N1CCC(NC(=O)c2cc3cc(C(=O)OCCO)ccc3n2Cc2cc(-c3ccc(Cl)s3)on2)CC1,O=C(OCCO)[*:1],8.24,0.885,1400.0,1.25,1.3,-0.32,1.25,1.338805437694365,0.7867546084270514
Clc1ccc(-c2cc(Cn3c([*:1])cc4ccccc43)no2)s1,CPD_18,COC(=O)N1CCC(NC(=O)c2cc3ccccc3n2Cc2cc(-c3ccc(Cl)s3)on2)CC1,COC(=O)N1CCC(NC(=O)[*:1])CC1,5.75,3.257,1.6,CPD_58,CCN1CC[C@@H](NC(=O)c2cc3ccccc3n2Cc2cc(-c3ccc(Cl)s3)on2)C1,CCN1CC[C@@H](NC(=O)[*:1])C1,7.0,1.624,680.0,1.25,-1.63,2.63,1.25,3.0941557814693166,0.3737864147736531
CC(C)N1CCC(NC(=O)c2cc3ccccc3n2[*:1])CC1,CPD_853,Cc1ccc(NC(=O)Cn2c(C(=O)NC3CCN(C(C)C)CC3)cc3ccccc32)cc1,Cc1ccc(NC(=O)C[*:1])cc1,7.25,0.85,14000.0,CPD_860,CC(C)N1CCC(NC(=O)c2cc3ccccc3n2CC(=O)Nc2ccc(Br)cc2)CC1,O=C(C[*:1])Nc1ccc(Br)cc1,8.5,1.599,3500.0,1.25,0.75,-0.6,1.25,0.9604686356149273,1.0326579006030918
O=C(N[*:1])c1cc2ccccc2n1Cc1cc(-c2ccc(Cl)s2)on1,CPD_177,CC(C)N1CC(NC(=O)c2cc3ccccc3n2Cc2cc(-c3ccc(Cl)s3)on2)C1,CC(C)N1CC([*:1])C1,6.65,2.16,190.0,CPD_178,O=C(NC1CN(c2ccncc2)C1)c1cc2ccccc2n1Cc1cc(-c2ccc(Cl)s2)on1,c1cc(N2CC([*:1])C2)ccn1,7.9,1.282,330.0,1.25,-0.88,0.24,1.25,0.9121403400793103,1.0756015920716542
Clc1ccc(-c2cc(Cn3c([*:1])cc4ccccc43)no2)s1,CPD_18,COC(=O)N1CCC(NC(=O)c2cc3ccccc3n2Cc2cc(-c3ccc(Cl)s3)on2)CC1,COC(=O)N1CCC(NC(=O)[*:1])CC1,5.75,3.257,1.6,CPD_63,CC(C)N1CC[C@H](NC(=O)c2cc3ccccc3n2Cc2cc(-c3ccc(Cl)s3)on2)C1,CC(C)N1CC[C@H](NC(=O)[*:1])C1,6.99,1.909,390.0,1.24,-1.35,2.39,1.24,2.7449225854293235,0.41403407421372307
Clc1ccc(-c2cc(Cn3c([*:1])cc4ccccc43)no2)s1,CPD_73,CCC(CC)N1CCC(NC(=O)c2cc3ccccc3n2Cc2cc(-c3ccc(Cl)s3)on2)CC1,CCC(CC)N1CCC(NC(=O)[*:1])CC1,6.66,3.315,49.0,CPD_178,O=C(NC1CN(c2ccncc2)C1)c1cc2ccccc2n1Cc1cc(-c2ccc(Cl)s2)on1,O=C(NC1CN(c2ccncc2)C1)[*:1],7.9,1.282,330.0,1.24,-2.03,0.83,1.24,2.1931256233968903,0.5075465576247856
COCCOc1cc2cc(C(=O)NC3CCN(C(C)C)CC3)n(C[*:1])c2cn1,CPD_797,COCCOc1cc2cc(C(=O)NC3CCN(C(C)C)CC3)n(CC(=O)Nc3ccc(C(F)(F)F)cn3)c2cn1,O=C(Nc1ccc(C(F)(F)F)cn1)[*:1],4.0,0.247,110000.0,CPD_949,COCCOc1cc2cc(C(=O)NC3CCN(C(C)C)CC3)n(Cc3cccc(OC)c3)c2cn1,COc1cccc([*:1])c1,5.24,-0.24,220000.0,1.24,-0.49,0.3,1.24,0.5745432968889289,1.5038628106960836
Clc1ccc(-c2cc(Cn3c([*:1])cc4ccccc43)no2)s1,CPD_43,O=C(c1cc2ccccc2n1Cc1cc(-c2ccc(Cl)s2)on1)N1CCC(Oc2ccncc2)CC1,O=C(N1CCC(Oc2ccncc2)CC1)[*:1],5.53,3.739,1.1,CPD_57,CCN1CC[C@H](NC(=O)c2cc3ccccc3n2Cc2cc(-c3ccc(Cl)s3)on2)C1,CCN1CC[C@H](NC(=O)[*:1])C1,6.76,1.624,680.0,1.23,-2.11,2.79,1.23,3.4980280158969568,0.32817257362619884
CC(C)N1CCC(NC(=O)c2cc3cc(OCCO)ncc3n2C[*:1])CC1,CPD_706,CC(C)N1CCC(NC(=O)c2cc3cc(OCCO)ncc3n2Cc2cc3ccc(Cl)cc3s2)CC1,Clc1ccc2cc([*:1])sc2c1,6.21,2.028,9500.0,CPD_777,CC(C)N1CCC(NC(=O)c2cc3cc(OCCO)ncc3n2CC(=O)Nc2ccc(Br)cn2)CC1,O=C(Nc1ccc(Br)cn1)[*:1],7.44,-0.753,370000.0,1.23,-2.78,1.59,1.23,3.202577087284551,0.35625562265646443
CC(C)N1CCC(NC(=O)c2cc3ccccc3n2C[*:1])CC1,CPD_8,CC(C)N1CCC(NC(=O)c2cc3ccccc3n2Cc2cnc(-c3ccc(Cl)s3)s2)CC1,Clc1ccc(-c2ncc([*:1])s2)s1,7.16,2.78,44.0,CPD_83,CC(C)N1CCC(NC(=O)c2cc3ccccc3n2CC(=O)Nc2ccc(Cl)cc2)CC1,O=C(Nc1ccc(Cl)cc1)[*:1],8.38,1.359,3800.0,1.22,-1.42,1.94,1.22,2.4041630560342613,0.45965525638160026
CC(C)N1CCC(NC(=O)c2cc3cc([*:1])ccc3n2Cc2cc(-c3ccc(Cl)s3)on2)CC1,CPD_335,CC(C)N1CCC(NC(=O)c2cc3cc(C(=O)N(CCO)CCO)ccc3n2Cc2cc(-c3ccc(Cl)s3)on2)CC1,O=C(N(CCO)CCO)[*:1],6.64,-1.074,41000.0,CPD_361,CC(C)N1CCC(NC(=O)c2cc3cc(C(=O)OCC4COC(=O)O4)ccc3n2Cc2cc(-c3ccc(Cl)s3)on2)CC1,O=C1OCC(COC(=O)[*:1])O1,7.86,1.042,660.0,1.22,2.12,-1.79,1.22,2.7746170906991834,0.4033568426732587
CC(C)N1CCC(NC(=O)c2nc3cc([*:1])ccc3n2Cc2cc(-c3ccc(Cl)s3)on2)CC1,CPD_349,CC(C)N1CCC(NC(=O)c2nc3cc(C(=O)N4CC(O)C4)ccc3n2Cc2cc(-c3ccc(Cl)s3)on2)CC1,O=C(N1CC(O)C1)[*:1],7.73,0.123,330.0,CPD_433,CC(C)N1CCC(NC(=O)c2nc3cc(C(=O)OCC(=O)O)ccc3n2Cc2cc(-c3ccc(Cl)s3)on2)CC1,O=C(O)COC(=O)[*:1],8.95,2.129,0.6,1.22,2.01,-2.74,1.22,3.398190695061123,0.33441234353555627
CC(C)N1CCC(NC(=O)c2cc3cc([*:1])ccc3n2Cc2cc(-c3ccc(Cl)s3)on2)CC1,CPD_335,CC(C)N1CCC(NC(=O)c2cc3cc(C(=O)N(CCO)CCO)ccc3n2Cc2cc(-c3ccc(Cl)s3)on2)CC1,O=C(N(CCO)CCO)[*:1],6.64,-1.074,41000.0,CPD_877,CC(C)N1CCC(NC(=O)c2cc3cc(OC(C)(C)C(=O)O)ccc3n2Cc2cc(-c3ccc(Cl)s3)on2)CC1,CC(C)(O[*:1])C(=O)O,7.85,1.472,1.6,1.21,2.55,-4.41,1.21,5.094173141933831,0.22641482000378302
O=C(N[*:1])c1cc2ccccc2n1Cc1cc(-c2ccc(Cl)s2)on1,CPD_18,COC(=O)N1CCC(NC(=O)c2cc3ccccc3n2Cc2cc(-c3ccc(Cl)s3)on2)CC1,COC(=O)N1CCC([*:1])CC1,5.75,3.257,1.6,CPD_208,O=C(NC1CN(c2cc[n+]([O-])cc2)C1)c1cc2ccccc2n1Cc1cc(-c2ccc(Cl)s2)on1,[O-][n+]1ccc(N2CC([*:1])C2)cc1,6.96,1.058,17.0,1.21,-2.2,1.03,1.21,2.4291768153018425,0.4516312596799172
Clc1ccc(-c2cc(Cn3c([*:1])cc4ccccc43)no2)s1,CPD_24,O=C(NC1CCN(c2ccnc(Cl)n2)CC1)c1cc2ccccc2n1Cc1cc(-c2ccc(Cl)s2)on1,O=C(NC1CCN(c2ccnc(Cl)n2)CC1)[*:1],6.7,3.331,2.1,CPD_178,O=C(NC1CN(c2ccncc2)C1)c1cc2ccccc2n1Cc1cc(-c2ccc(Cl)s2)on1,O=C(NC1CN(c2ccncc2)C1)[*:1],7.9,1.282,330.0,1.2,-2.05,2.2,1.2,3.007074990750979,0.36842872927630005
Clc1ccc(-c2cc(Cn3c([*:1])cc4ccccc43)no2)s1,CPD_19,CC(=O)N1CCC(NC(=O)c2cc3ccccc3n2Cc2cc(-c3ccc(Cl)s3)on2)CC1,CC(=O)N1CCC(NC(=O)[*:1])CC1,6.12,3.157,3.8,CPD_60,CC(C)N1CC[C@@H](NC(=O)c2cc3ccccc3n2Cc2cc(-c3ccc(Cl)s3)on2)C1,CC(C)N1CC[C@@H](NC(=O)[*:1])C1,7.32,1.909,390.0,1.2,-1.25,2.01,1.2,2.3669811997563475,0.45854360746333417
CC(C)N1CCC(NC(=O)c2cc3cc(C(=O)O[*:1])ccc3n2Cc2cc(-c3ccc(Cl)s3)on2)CC1,CPD_162,CC(OC(=O)c1ccc2c(c1)cc(C(=O)NC1CCN(C(C)C)CC1)n2Cc1cc(-c2ccc(Cl)s2)on1)OC(=O)C(C)(C)C,CC(OC(=O)C(C)(C)C)[*:1],7.04,3.499,26.0,CPD_404,CC(C)N1CCC(NC(=O)c2cc3cc(C(=O)OCCO)ccc3n2Cc2cc(-c3ccc(Cl)s3)on2)CC1,OCC[*:1],8.24,0.885,1400.0,1.2,-2.61,1.73,1.2,3.131293662370235,0.3548937536406756
O=C(Cn1c([*:1])nc2ccccc21)Nc1ccc(Cl)cn1,CPD_982,NC(=O)N1CCN(C(=O)c2nc3ccccc3n2CC(=O)Nc2ccc(Cl)cn2)CC1,NC(=O)N1CCN(C(=O)[*:1])CC1,4.87,0.511,160.0,CPD_988,O=C(Cn1c(C(=O)N2CCC(Nc3ccncc3)CC2)nc2ccccc21)Nc1ccc(Cl)cn1,O=C(N1CCC(Nc2ccncc2)CC1)[*:1],6.07,2.834,31.0,1.2,2.32,-0.71,1.2,2.426211037811839,0.44839513141727444
CC(C)N1CCC(NC(=O)c2nc3ccc([*:1])cc3n2CC(=O)Nc2ccc(Cl)cn2)CC1,CPD_317,COC(=O)c1ccc2nc(C(=O)NC3CCN(C(C)C)CC3)n(CC(=O)Nc3ccc(Cl)cn3)c2c1,COC(=O)[*:1],6.43,2.305,160.0,CPD_340,CC(C)N1CCC(NC(=O)c2nc3ccc(C(=O)O)cc3n2CC(=O)Nc2ccc(Cl)cn2)CC1,O=C(O)[*:1],7.63,1.376,1.9,1.2,-0.93,-1.93,1.2,2.14238185205159,0.5015921680608547
Cc1ccc(C)c2c1cc([*:1])n2Cc1cc(-c2ccc(Cl)s2)on1,CPD_123,CCOC(=O)CN(C(=O)c1cc2c(C)ccc(C)c2n1Cc1cc(-c2ccc(Cl)s2)on1)C1CCN(C(C)C)CC1,CCOC(=O)CN(C(=O)[*:1])C1CCN(C(C)C)CC1,7.68,3.659,170.0,CPD_135,Cc1ccc(C)c2c1cc(C(=O)NC1CCN(C(C)C)CC1)n2Cc1cc(-c2ccc(Cl)s2)on1,CC(C)N1CCC(NC(=O)[*:1])CC1,8.87,2.871,130.0,1.19,-0.79,-0.12,1.19,0.7990619500389191,1.1343467370595723
CC(C)N1CCC(NC(=O)c2nc3c([*:1])cccc3n2Cc2cc(-c3ccc(Cl)s3)on2)CC1,CPD_316,CCOC(=O)OC(C)OC(=O)c1cccc2c1nc(C(=O)NC1CCN(C(C)C)CC1)n2Cc1cc(-c2ccc(Cl)s2)on1,CCOC(=O)OC(C)OC(=O)[*:1],8.18,4.088,3.5,CPD_434,CC(C)N1CCC(NC(=O)c2nc3c(C(=O)NCC(O)CCl)cccc3n2Cc2cc(-c3ccc(Cl)s3)on2)CC1,O=C(NCC(O)CCl)[*:1],9.36,1.992,49.0,1.18,-2.1,1.15,1.18,2.394263978762576,0.4462489409064972
CC(C)N1CCC(NC(=O)c2nc3ccc([*:1])cc3n2Cc2cc(-c3ccc(Cl)s3)on2)CC1,CPD_289,COC(=O)c1ccc2nc(C(=O)NC3CCN(C(C)C)CC3)n(Cc3cc(-c4ccc(Cl)s4)on3)c2c1,COC(=O)[*:1],6.76,3.123,16.0,CPD_348,CC(C)N1CCC(NC(=O)c2nc3ccc(S(=O)(=O)CCO)cc3n2Cc2cc(-c3ccc(Cl)s3)on2)CC1,O=S(=O)(CCO)[*:1],7.93,1.103,89.0,1.17,-2.02,0.75,1.17,2.154738963308549,0.4865392950552358
Cc1cccc2c(C#N)c(C(=O)NC3CCN(C(C)C)CC3)n([*:1])c12,CPD_828,COc1cccc(Cn2c(C(=O)NC3CCN(C(C)C)CC3)c(C#N)c3cccc(C)c32)c1,COc1cccc(C[*:1])c1,6.42,1.029,2700.0,CPD_830,Cc1cccc2c(C#N)c(C(=O)NC3CCN(C(C)C)CC3)n(CC(=O)Nc3ccc(Cl)cc3)c12,O=C(C[*:1])Nc1ccc(Cl)cc1,7.59,1.187,620.0,1.17,0.16,-0.64,1.17,0.6596969000988258,1.2861426700177783
CC(C)N1CCC(NC(=O)c2cc3ccccc3n2CC(=O)N[*:1])CC1,CPD_855,CC(C)N1CCC(NC(=O)c2cc3ccccc3n2CC(=O)Nc2ccccc2)CC1,c1ccc([*:1])cc1,6.69,0.388,27000.0,CPD_858,CC(C)N1CCC(NC(=O)c2cc3ccccc3n2CC(=O)Nc2ccc(Cl)c(F)c2)CC1,Fc1cc([*:1])ccc1Cl,7.84,2.002,750.0,1.15,1.61,-1.56,1.15,2.2418073066166953,0.46151241187322667
Clc1ccc(-c2cc(Cn3c([*:1])nc4ccccc43)no2)s1,CPD_421,Cc1ccc(=O)n(-c2ccc(NC(=O)c3nc4ccccc4n3Cc3cc(-c4ccc(Cl)s4)on3)cc2)n1,Cc1ccc(=O)n(-c2ccc(NC(=O)[*:1])cc2)n1,5.0,3.824,0.3,CPD_980,O=C(c1nc2ccccc2n1Cc1cc(-c2ccc(Cl)s2)on1)N1CCN(C(=O)N2CCCC2)CC1,O=C(N1CCCC1)N1CCN(C(=O)[*:1])CC1,6.15,3.472,0.9,1.15,-0.35,0.48,1.15,0.5940538696111658,1.3624722797962834
Clc1ccc(-c2cc(Cn3c([*:1])nc4ccccc43)no2)s1,CPD_458,O=C(Nc1ccc(-n2ncccc2=O)cc1)c1nc2ccccc2n1Cc1cc(-c2ccc(Cl)s2)on1,O=C(Nc1ccc(-n2ncccc2=O)cc1)[*:1],5.0,4.288,0.2,CPD_980,O=C(c1nc2ccccc2n1Cc1cc(-c2ccc(Cl)s2)on1)N1CCN(C(=O)N2CCCC2)CC1,O=C(N1CCCC1)N1CCN(C(=O)[*:1])CC1,6.15,3.472,0.9,1.15,-0.82,0.65,1.15,1.0463746938836012,0.887089207638649
CC(C)N1CCC(NC(=O)c2cc3cc([*:1])ccc3n2Cc2cc(-c3ccc(Cl)s3)on2)CC1,CPD_335,CC(C)N1CCC(NC(=O)c2cc3cc(C(=O)N(CCO)CCO)ccc3n2Cc2cc(-c3ccc(Cl)s3)on2)CC1,O=C(N(CCO)CCO)[*:1],6.64,-1.074,41000.0,CPD_366,CC(C)N1CCC(NC(=O)c2cc3cc(C(=O)OCCN4CCOCC4)ccc3n2Cc2cc(-c3ccc(Cl)s3)on2)CC1,O=C(OCCN1CCOCC1)[*:1],7.79,1.706,740.0,1.15,2.78,-1.74,1.15,3.279634125935391,0.3258128063614065
Clc1ccc(-c2cc(Cn3c([*:1])nc4ccccc43)no2)s1,CPD_557,O=C(Nc1ccc(N2CCS(=O)(=O)CC2)cc1)c1nc2ccccc2n1Cc1cc(-c2ccc(Cl)s2)on1,O=C(Nc1ccc(N2CCS(=O)(=O)CC2)cc1)[*:1],5.0,3.236,0.4,CPD_980,O=C(c1nc2ccccc2n1Cc1cc(-c2ccc(Cl)s2)on1)N1CCN(C(=O)N2CCCC2)CC1,O=C(N1CCCC1)N1CCN(C(=O)[*:1])CC1,6.15,3.472,0.9,1.15,0.24,0.35,1.15,0.4243819034784589,1.7052652125869705
O=C(N[*:1])c1cc2ccccc2n1Cc1cc(-c2ccc(Cl)s2)on1,CPD_57,CCN1CC[C@H](NC(=O)c2cc3ccccc3n2Cc2cc(-c3ccc(Cl)s3)on2)C1,CCN1CC[C@H]([*:1])C1,6.76,1.624,680.0,CPD_178,O=C(NC1CN(c2ccncc2)C1)c1cc2ccccc2n1Cc1cc(-c2ccc(Cl)s2)on1,c1cc(N2CC([*:1])C2)ccn1,7.9,1.282,330.0,1.14,-0.34,-0.31,1.14,0.46010868281309364,1.605388059027659
CC(C)N1CCC(NC(=O)c2cc3cc([*:1])ccc3n2Cc2cc(-c3ccc(Cl)s3)on2)CC1,CPD_342,CC(C)N1CCC(NC(=O)c2cc3cc(C(=O)N(C)CCO)ccc3n2Cc2cc(-c3ccc(Cl)s3)on2)CC1,CN(CCO)C(=O)[*:1],6.73,-0.441,32000.0,CPD_361,CC(C)N1CCC(NC(=O)c2cc3cc(C(=O)OCC4COC(=O)O4)ccc3n2Cc2cc(-c3ccc(Cl)s3)on2)CC1,O=C1OCC(COC(=O)[*:1])O1,7.86,1.042,660.0,1.13,1.48,-1.69,1.13,2.246441630668378,0.4526442701956795
CC(C)N1CCC(NC(=O)c2nc3cc([*:1])ccc3n2Cc2cc(-c3ccc(Cl)s3)on2)CC1,CPD_354,CC(OC(=O)OC1CCCCC1)OC(=O)c1ccc2c(c1)nc(C(=O)NC1CCN(C(C)C)CC1)n2Cc1cc(-c2ccc(Cl)s2)on1,CC(OC(=O)OC1CCCCC1)OC(=O)[*:1],7.32,5.603,0.5,CPD_420,CC(C)N1CCC(NC(=O)c2nc3cc(C(=O)OCCO)ccc3n2Cc2cc(-c3ccc(Cl)s3)on2)CC1,O=C(OCCO)[*:1],8.45,2.045,56.0,1.13,-3.56,2.05,1.13,4.108053066843222,0.25929009644174006
Clc1ccc(-c2cc(Cn3c([*:1])cc4ccccc43)no2)s1,CPD_43,O=C(c1cc2ccccc2n1Cc1cc(-c2ccc(Cl)s2)on1)N1CCC(Oc2ccncc2)CC1,O=C(N1CCC(Oc2ccncc2)CC1)[*:1],5.53,3.739,1.1,CPD_73,CCC(CC)N1CCC(NC(=O)c2cc3ccccc3n2Cc2cc(-c3ccc(Cl)s3)on2)CC1,CCC(CC)N1CCC(NC(=O)[*:1])CC1,6.66,3.315,49.0,1.13,-0.42,1.65,1.13,1.7026156348395254,0.578710924893761
CC(C)N1CCC(NC(=O)c2cc3cc(C(=O)O[*:1])ccc3n2Cc2cc(-c3ccc(Cl)s3)on2)CC1,CPD_162,CC(OC(=O)c1ccc2c(c1)cc(C(=O)NC1CCN(C(C)C)CC1)n2Cc1cc(-c2ccc(Cl)s2)on1)OC(=O)C(C)(C)C,CC(OC(=O)C(C)(C)C)[*:1],7.04,3.499,26.0,CPD_364,CC(C)N1CCC(NC(=O)c2cc3cc(C(=O)OCCN4CCNC4=O)ccc3n2Cc2cc(-c3ccc(Cl)s3)on2)CC1,O=C1NCCN1CC[*:1],8.16,1.632,44.0,1.13,-1.87,0.23,1.13,1.884091292904885,0.5294993722887389
CC(C)N1CCC(NC(=O)c2nc3c(OCCO)cccc3n2C[*:1])CC1,CPD_736,CC(C)N1CCC(NC(=O)c2nc3c(OCCO)cccc3n2CCc2ccc(Cl)cc2)CC1,Clc1ccc(C[*:1])cc1,7.25,2.442,250.0,CPD_784,CC(C)N1CCC(NC(=O)c2nc3c(OCCO)cccc3n2CC(=O)Nc2ccc(Br)cn2)CC1,O=C(Nc1ccc(Br)cn1)[*:1],8.38,1.539,770.0,1.13,-0.9,0.49,1.13,1.0247438704378768,0.8864525856569467
O=C(Cn1c(C(=O)N[*:1])nc2ccccc21)Nc1ccc(Cl)cn1,CPD_427,CCN1CCN(c2ccc(NC(=O)c3nc4ccccc4n3CC(=O)Nc3ccc(Cl)cn3)cc2)C(=O)C1=O,CCN1CCN(c2ccc([*:1])cc2)C(=O)C1=O,4.97,2.222,7.3,CPD_521,O=C(Cn1c(C(=O)Nc2ccc(N3CCOC3=O)cc2)nc2ccccc21)Nc1ccc(Cl)cn1,O=C1OCCN1c1ccc([*:1])cc1,6.1,4.136,1.0,1.12,1.91,-0.86,1.12,2.0946837470128994,0.4776763610132358
O=C(N[*:1])c1cc2ccccc2n1Cc1cc(-c2ccc(Cl)s2)on1,CPD_18,COC(=O)N1CCC(NC(=O)c2cc3ccccc3n2Cc2cc(-c3ccc(Cl)s3)on2)CC1,COC(=O)N1CCC([*:1])CC1,5.75,3.257,1.6,CPD_23,CS(=O)(=O)N1CCC(NC(=O)c2cc3ccccc3n2Cc2cc(-c3ccc(Cl)s3)on2)CC1,CS(=O)(=O)N1CCC([*:1])CC1,6.87,3.257,1.1,1.12,0.0,-0.16,1.12,0.16,2.731707317073171
Clc1ccc(-c2cc(Cn3c([*:1])cc4ccccc43)no2)s1,CPD_43,O=C(c1cc2ccccc2n1Cc1cc(-c2ccc(Cl)s2)on1)N1CCC(Oc2ccncc2)CC1,O=C(N1CCC(Oc2ccncc2)CC1)[*:1],5.53,3.739,1.1,CPD_177,CC(C)N1CC(NC(=O)c2cc3ccccc3n2Cc2cc(-c3ccc(Cl)s3)on2)C1,CC(C)N1CC(NC(=O)[*:1])C1,6.65,2.16,190.0,1.12,-1.58,2.24,1.12,2.7411676344215072,0.3744357177148343
CC(C)N1CCC(NC(=O)c2cc3cc([*:1])ccc3n2Cc2cc(-c3ccc(Cl)s3)on2)CC1,CPD_342,CC(C)N1CCC(NC(=O)c2cc3cc(C(=O)N(C)CCO)ccc3n2Cc2cc(-c3ccc(Cl)s3)on2)CC1,CN(CCO)C(=O)[*:1],6.73,-0.441,32000.0,CPD_877,CC(C)N1CCC(NC(=O)c2cc3cc(OC(C)(C)C(=O)O)ccc3n2Cc2cc(-c3ccc(Cl)s3)on2)CC1,CC(C)(O[*:1])C(=O)O,7.85,1.472,1.6,1.12,1.91,-4.3,1.12,4.705114238783156,0.22602909762077297
CC(C)N1CCC(NC(=O)c2cc3ccccc3n2C[*:1])CC1,CPD_33,CC(C)N1CCC(NC(=O)c2cc3ccccc3n2Cc2csc(-c3ccc(Cl)cc3)n2)CC1,Clc1ccc(-c2nc([*:1])cs2)cc1,5.57,3.106,54.0,CPD_855,CC(C)N1CCC(NC(=O)c2cc3ccccc3n2CC(=O)Nc2ccccc2)CC1,O=C(Nc1ccccc1)[*:1],6.69,0.388,27000.0,1.12,-2.72,2.7,1.12,3.832544846443418,0.274338688765589
CC(C)N1CCC(NC(=O)c2nc3c([*:1])cccc3n2Cc2cc(-c3ccc(Cl)s3)on2)CC1,CPD_337,CC(OC(=O)OC1CCCCC1)OC(=O)c1cccc2c1nc(C(=O)NC1CCN(C(C)C)CC1)n2Cc1cc(-c2ccc(Cl)s2)on1,CC(OC(=O)OC1CCCCC1)OC(=O)[*:1],7.51,5.617,0.5,CPD_391,CC(C)N1CCC(NC(=O)c2nc3c(C(=O)OCCO)cccc3n2Cc2cc(-c3ccc(Cl)s3)on2)CC1,O=C(OCCO)[*:1],8.62,2.057,54.0,1.11,-3.56,2.03,1.11,4.098109320162164,0.25528336991274225
CC(C)N1CCC(NC(=O)c2cc3cc([*:1])ccc3n2Cc2cc(-c3ccc(Cl)s3)on2)CC1,CPD_167,CCOC(=O)OC(C)OC(=O)c1ccc2c(c1)cc(C(=O)NC1CCN(C(C)C)CC1)n2Cc1cc(-c2ccc(Cl)s2)on1,CCOC(=O)OC(C)OC(=O)[*:1],7.38,2.914,58.0,CPD_262,CC(C)N1CCC(NC(=O)c2cc3cc(-c4n[nH]c(=O)o4)ccc3n2Cc2cc(-c3ccc(Cl)s3)on2)CC1,O=c1[nH]nc([*:1])o1,8.48,0.297,310.0,1.1,-2.62,0.73,1.1,2.7197977866010556,0.37039558887238383
O=C(Cn1c([*:1])nc2ccccc21)Nc1ccc(Cl)cn1,CPD_427,CCN1CCN(c2ccc(NC(=O)c3nc4ccccc4n3CC(=O)Nc3ccc(Cl)cn3)cc2)C(=O)C1=O,CCN1CCN(c2ccc(NC(=O)[*:1])cc2)C(=O)C1=O,4.97,2.222,7.3,CPD_988,O=C(Cn1c(C(=O)N2CCC(Nc3ccncc3)CC2)nc2ccccc21)Nc1ccc(Cl)cn1,O=C(N1CCC(Nc2ccncc2)CC1)[*:1],6.07,2.834,31.0,1.1,0.61,0.63,1.1,0.8769264507357502,0.976106292723744
CC(C)N1CCC(NC(=O)c2cc3cc([*:1])ccc3n2Cc2cc(-c3ccc(Cl)s3)on2)CC1,CPD_213,CC(OC(=O)OC1CCCCC1)OC(=O)c1ccc2c(c1)cc(C(=O)NC1CCN(C(C)C)CC1)n2Cc1cc(-c2ccc(Cl)s2)on1,CC(OC(=O)OC1CCCCC1)OC(=O)[*:1],6.77,4.442,4.4,CPD_361,CC(C)N1CCC(NC(=O)c2cc3cc(C(=O)OCC4COC(=O)O4)ccc3n2Cc2cc(-c3ccc(Cl)s3)on2)CC1,O=C1OCC(COC(=O)[*:1])O1,7.86,1.042,660.0,1.09,-3.4,2.18,1.09,4.038861225642694,0.25414671696136815
CC(C)N1CCC(NC(=O)c2cc3cc([*:1])ccc3n2Cc2cc(-c3ccc(Cl)s3)on2)CC1,CPD_335,CC(C)N1CCC(NC(=O)c2cc3cc(C(=O)N(CCO)CCO)ccc3n2Cc2cc(-c3ccc(Cl)s3)on2)CC1,O=C(N(CCO)CCO)[*:1],6.64,-1.074,41000.0,CPD_362,CC(C)N1CCC(NC(=O)c2cc3cc(C(=O)OC4CCOC4=O)ccc3n2Cc2cc(-c3ccc(Cl)s3)on2)CC1,O=C1OCCC1OC(=O)[*:1],7.73,0.55,170.0,1.09,1.62,-2.38,1.09,2.8790276136223496,0.3483510325235356
CC(C)N1CCC(NC(=O)c2cc3cc([*:1])ccc3n2Cc2cc(-c3ccc(Cl)s3)on2)CC1,CPD_117,CC(C)N1CCC(NC(=O)c2cc3cc(C(=O)OCOC(=O)C(C)(C)C)ccc3n2Cc2cc(-c3ccc(Cl)s3)on2)CC1,CC(C)(C)C(=O)OCOC(=O)[*:1],7.45,3.152,47.0,CPD_143,CC(C)N1CCC(NC(=O)c2cc3cc(CO)ccc3n2Cc2cc(-c3ccc(Cl)s3)on2)CC1,OC[*:1],8.54,0.77,2500.0,1.09,-2.38,1.73,1.09,2.942329009475317,0.3414435030865286
CC(C)N1CCC(NC(=O)c2nc3cc([*:1])ccc3n2CC(=O)Nc2ccc(Cl)cn2)CC1,CPD_389,CC(OC(=O)OC1CCCCC1)OC(=O)c1ccc2c(c1)nc(C(=O)NC1CCN(C(C)C)CC1)n2CC(=O)Nc1ccc(Cl)cn1,CC(OC(=O)OC1CCCCC1)OC(=O)[*:1],7.45,4.785,4.3,CPD_876,CC(C)N1CCC(NC(=O)c2nc3cc(OCc4nn[nH]n4)ccc3n2CC(=O)Nc2ccc(Cl)cn2)CC1,C(O[*:1])c1nn[nH]n1,8.54,0.205,12.0,1.09,-4.58,0.45,1.09,4.602053889297691,0.2246471339496544
CC(C)N1CCC(NC(=O)c2nc3ccc([*:1])cc3n2CC(=O)Nc2ccc(Cl)cn2)CC1,CPD_376,CC(C)N1CCC(NC(=O)c2nc3ccc(C(=O)N4CC(O)C4)cc3n2CC(=O)Nc2ccc(Cl)cn2)CC1,O=C(N1CC(O)C1)[*:1],5.89,-0.693,3300.0,CPD_790,CC(C)N1CCC(NC(=O)c2nc3ccc(OCCO)cc3n2CC(=O)Nc2ccc(Cl)cn2)CC1,OCCO[*:1],6.98,1.282,760.0,1.09,1.98,-0.64,1.09,2.080865204668481,0.4676375098040175
CC(C)N1CCC(NC(=O)c2cc3cc([*:1])ccc3n2Cc2cc(-c3ccc(Cl)s3)on2)CC1,CPD_335,CC(C)N1CCC(NC(=O)c2cc3cc(C(=O)N(CCO)CCO)ccc3n2Cc2cc(-c3ccc(Cl)s3)on2)CC1,O=C(N(CCO)CCO)[*:1],6.64,-1.074,41000.0,CPD_371,CC(C)N1CCC(NC(=O)c2cc3cc(C(=O)OCC4CCOC4)ccc3n2Cc2cc(-c3ccc(Cl)s3)on2)CC1,O=C(OCC1CCOC1)[*:1],7.73,1.959,78.0,1.09,3.03,-2.72,1.09,4.07176865747552,0.2522115565150827
CC(C)N1CCC(NC(=O)c2cc3cc([*:1])ccc3n2Cc2cc(-c3ccc(Cl)s3)on2)CC1,CPD_213,CC(OC(=O)OC1CCCCC1)OC(=O)c1ccc2c(c1)cc(C(=O)NC1CCN(C(C)C)CC1)n2Cc1cc(-c2ccc(Cl)s2)on1,CC(OC(=O)OC1CCCCC1)OC(=O)[*:1],6.77,4.442,4.4,CPD_877,CC(C)N1CCC(NC(=O)c2cc3cc(OC(C)(C)C(=O)O)ccc3n2Cc2cc(-c3ccc(Cl)s3)on2)CC1,CC(C)(O[*:1])C(=O)O,7.85,1.472,1.6,1.09,-2.97,-0.44,1.09,3.00241569407036,0.3351355123477091
Clc1ccc(-c2cc(Cn3c([*:1])cc4ccccc43)no2)s1,CPD_47,O=C(Nc1nc(-c2cccnc2)cs1)c1cc2ccccc2n1Cc1cc(-c2ccc(Cl)s2)on1,O=C(Nc1nc(-c2cccnc2)cs1)[*:1],5.0,5.297,0.1,CPD_204,CC(C)N1CC(CNC(=O)c2cc3ccccc3n2Cc2cc(-c3ccc(Cl)s3)on2)C1,CC(C)N1CC(CNC(=O)[*:1])C1,6.08,1.854,360.0,1.08,-3.44,3.56,1.08,4.950474724710753,0.2076733485249405
CC(C)N1CCC(NC(=O)c2cc3cc(C(=O)N4CCC(F)(F)CC4)ccc3n2[*:1])CC1,CPD_673,CC(C)N1CCC(NC(=O)c2cc3cc(C(=O)N4CCC(F)(F)CC4)ccc3n2Cc2cc(-c3ccc(Cl)s3)on2)CC1,Clc1ccc(-c2cc(C[*:1])no2)s1,6.88,0.623,560.0,CPD_674,CC(C)N1CCC(NC(=O)c2cc3cc(C(=O)N4CCC(F)(F)CC4)ccc3n2CC(=O)Nc2ccc(Cl)cn2)CC1,O=C(C[*:1])Nc1ccc(Cl)cn1,7.96,-0.344,18000.0,1.08,-0.97,1.51,1.08,1.7947144619688113,0.5281911093640387
CC(C)N1CCC(NC(=O)c2cc3cc([*:1])ccc3n2Cc2cc(-c3ccc(Cl)s3)on2)CC1,CPD_167,CCOC(=O)OC(C)OC(=O)c1ccc2c(c1)cc(C(=O)NC1CCN(C(C)C)CC1)n2Cc1cc(-c2ccc(Cl)s2)on1,CCOC(=O)OC(C)OC(=O)[*:1],7.38,2.914,58.0,CPD_338,CC(C)N1CCC(NC(=O)c2cc3cc(NS(C)(=O)=O)ccc3n2Cc2cc(-c3ccc(Cl)s3)on2)CC1,CS(=O)(=O)N[*:1],8.46,0.697,170.0,1.08,-2.22,0.47,1.08,2.269206909913682,0.42870635030014476
O=C(NC[*:1])c1cc2ccccc2n1Cc1cc(-c2ccc(Cl)s2)on1,CPD_86,O=C(NCC1CC(C(=O)N2CCCC2)=NO1)c1cc2ccccc2n1Cc1cc(-c2ccc(Cl)s2)on1,O=C(C1=NOC([*:1])C1)N1CCCC1,5.0,1.879,5.1,CPD_204,CC(C)N1CC(CNC(=O)c2cc3ccccc3n2Cc2cc(-c3ccc(Cl)s3)on2)C1,CC(C)N1CC([*:1])C1,6.08,1.854,360.0,1.08,-0.02,1.85,1.08,1.850108104949546,0.5142592409670008
CC(C)N1CCC(NC(=O)c2nc3ccc([*:1])cc3n2CC(=O)Nc2ccc(Cl)cn2)CC1,CPD_317,COC(=O)c1ccc2nc(C(=O)NC3CCN(C(C)C)CC3)n(CC(=O)Nc3ccc(Cl)cn3)c2c1,COC(=O)[*:1],6.43,2.305,160.0,CPD_880,CC(C)N1CCC(NC(=O)c2nc3ccc(OCc4nn[nH]n4)cc3n2CC(=O)Nc2ccc(Cl)cn2)CC1,C(O[*:1])c1nn[nH]n1,7.51,0.205,12.0,1.08,-2.1,-1.12,1.08,2.38,0.4106463878326997
O=C(N[*:1])c1cc2ccccc2n1Cc1cc(-c2ccc(Cl)s2)on1,CPD_46,O=C(Nc1ccc(-c2c[nH]cn2)cc1)c1cc2ccccc2n1Cc1cc(-c2ccc(Cl)s2)on1,c1nc(-c2ccc([*:1])cc2)c[nH]1,5.0,4.299,0.0,CPD_204,CC(C)N1CC(CNC(=O)c2cc3ccccc3n2Cc2cc(-c3ccc(Cl)s3)on2)C1,CC(C)N1CC(C[*:1])C1,6.08,1.854,360.0,1.08,-2.45,3.56,1.08,4.321585357250276,0.23624189763561584
O=C(Cn1c(C(=O)Nc2ccc([*:1])cc2)nc2ccccc21)Nc1ccc(Cl)cn1,CPD_530,O=C(Cn1c(=O)ccn(-c2ccc(NC(=O)c3nc4ccccc4n3CC(=O)Nc3ccc(Cl)cn3)cc2)c1=O)Nc1ccc(Cl)cn1,O=C(Cn1c(=O)ccn([*:1])c1=O)Nc1ccc(Cl)cn1,6.75,4.229,0.2,CPD_598,O=C(Cn1c(C(=O)Nc2ccc(-n3ccncc3=O)cc2)nc2ccccc21)Nc1ccc(Cl)cn1,O=c1cnccn1[*:1],7.83,3.118,2.9,1.08,-1.11,1.16,1.08,1.6055217220579734,0.5820465409600076
CC(C)N1CCC(NC(=O)c2nc3c([*:1])cccc3n2Cc2cc(-c3ccc(Cl)s3)on2)CC1,CPD_320,CC(C)N1CCC(NC(=O)c2nc3c(C(=O)N4CC(O)C4)cccc3n2Cc2cc(-c3ccc(Cl)s3)on2)CC1,O=C(N1CC(O)C1)[*:1],8.1,0.129,330.0,CPD_323,CC(C)N1CCC(NC(=O)c2nc3c(C(=O)NCCO)cccc3n2Cc2cc(-c3ccc(Cl)s3)on2)CC1,O=C(NCCO)[*:1],9.16,1.295,130.0,1.07,1.17,-0.4,1.07,1.2364869590901473,0.719817952964033
O=C(N[*:1])c1cc2ccccc2n1Cc1cc(-c2ccc(Cl)s2)on1,CPD_27,O=CN1CCC(NC(=O)c2cc3ccccc3n2Cc2cc(-c3ccc(Cl)s3)on2)CC1,O=CN1CCC([*:1])CC1,5.69,2.671,2.4,CPD_57,CCN1CC[C@H](NC(=O)c2cc3ccccc3n2Cc2cc(-c3ccc(Cl)s3)on2)C1,CCN1CC[C@H]([*:1])C1,6.76,1.624,680.0,1.07,-1.05,2.45,1.07,2.665520587052368,0.3670013529493836
CC(C)N1CCC(NC(=O)c2cc3cc([*:1])ccc3n2CC(=O)Nc2ccc(Cl)cn2)CC1,CPD_332,CC(OC(=O)OC1CCCCC1)OC(=O)c1ccc2c(c1)cc(C(=O)NC1CCN(C(C)C)CC1)n2CC(=O)Nc1ccc(Cl)cn1,CC(OC(=O)OC1CCCCC1)OC(=O)[*:1],7.48,3.475,140.0,CPD_865,CC(C)N1CCC(NC(=O)c2cc3cc(OCCOCCO)ccc3n2CC(=O)Nc2ccc(Cl)cn2)CC1,OCCOCCO[*:1],8.55,-0.117,77000.0,1.07,-3.59,2.74,1.07,4.516159873166583,0.22449939332167307
CC(C)N1CCC(NC(=O)c2cc3cc([*:1])ccc3n2Cc2cc(-c3ccc(Cl)s3)on2)CC1,CPD_99,CC(C)OC(=O)c1ccc2c(c1)cc(C(=O)NC1CCN(C(C)C)CC1)n2Cc1cc(-c2ccc(Cl)s2)on1,CC(C)OC(=O)[*:1],7.47,2.832,69.0,CPD_143,CC(C)N1CCC(NC(=O)c2cc3cc(CO)ccc3n2Cc2cc(-c3ccc(Cl)s3)on2)CC1,OC[*:1],8.54,0.77,2500.0,1.07,-2.06,1.56,1.07,2.584027863626861,0.3775545095137711
O=C(O)c1ccc2c(c1)cc([*:1])n2Cc1cc(-c2ccc(Cl)s2)on1,CPD_183,CC(C)N1CC(NC(=O)c2cc3cc(C(=O)O)ccc3n2Cc2cc(-c3ccc(Cl)s3)on2)C1,CC(C)N1CC(NC(=O)[*:1])C1,6.3,1.025,8.9,CPD_212,O=C(O)c1ccc2c(c1)cc(C(=O)NC1CN(c3ccncc3)C1)n2Cc1cc(-c2ccc(Cl)s2)on1,O=C(NC1CN(c2ccncc2)C1)[*:1],7.36,0.473,7.5,1.06,-0.55,-0.07,1.06,0.5544366510251645,1.3176923237512224
CC(C)N1CCC(NC(=O)c2cc3cc([*:1])ccc3n2Cc2cc(-c3ccc(Cl)s3)on2)CC1,CPD_342,CC(C)N1CCC(NC(=O)c2cc3cc(C(=O)N(C)CCO)ccc3n2Cc2cc(-c3ccc(Cl)s3)on2)CC1,CN(CCO)C(=O)[*:1],6.73,-0.441,32000.0,CPD_366,CC(C)N1CCC(NC(=O)c2cc3cc(C(=O)OCCN4CCOCC4)ccc3n2Cc2cc(-c3ccc(Cl)s3)on2)CC1,O=C(OCCN1CCOCC1)[*:1],7.79,1.706,740.0,1.06,2.15,-1.64,1.06,2.704089495560382,0.3588246062257235
CC(C)N1CCC(NC(=O)c2cc3cc([*:1])ccc3n2Cc2cc(-c3ccc(Cl)s3)on2)CC1,CPD_604,CC(C)N1CCC(NC(=O)c2cc3cc(C(=O)N4CCC(O)CC4)ccc3n2Cc2cc(-c3ccc(Cl)s3)on2)CC1,O=C(N1CCC(O)CC1)[*:1],6.79,-0.266,3400.0,CPD_877,CC(C)N1CCC(NC(=O)c2cc3cc(OC(C)(C)C(=O)O)ccc3n2Cc2cc(-c3ccc(Cl)s3)on2)CC1,CC(C)(O[*:1])C(=O)O,7.85,1.472,1.6,1.06,1.74,-3.33,1.06,3.7571931012392747,0.2645243124600563
CC(C)N1CCC(NC(=O)c2nc3c(C(=O)O[*:1])cccc3n2Cc2cc(-c3ccc(Cl)s3)on2)CC1,CPD_337,CC(OC(=O)OC1CCCCC1)OC(=O)c1cccc2c1nc(C(=O)NC1CCN(C(C)C)CC1)n2Cc1cc(-c2ccc(Cl)s2)on1,CC(OC(=O)OC1CCCCC1)[*:1],7.51,5.617,0.5,CPD_392,CC(C)N1CCC(NC(=O)c2nc3c(C(=O)OCC(=O)O)cccc3n2Cc2cc(-c3ccc(Cl)s3)on2)CC1,O=C(O)C[*:1],8.57,2.129,0.6,1.06,-3.49,0.08,1.06,3.4909167850293996,0.28335300166043914
FC(F)(F)c1cccc2c1cc([*:1])n2Cc1cc(-c2ccc(Cl)s2)on1,CPD_126,CC(C)N1CCC(N(CC(=O)O)C(=O)c2cc3c(C(F)(F)F)cccc3n2Cc2cc(-c3ccc(Cl)s3)on2)CC1,CC(C)N1CCC(N(CC(=O)O)C(=O)[*:1])CC1,6.76,1.911,2.3,CPD_132,CC(C)N1CCC(NC(=O)c2cc3c(C(F)(F)F)cccc3n2Cc2cc(-c3ccc(Cl)s3)on2)CC1,CC(C)N1CCC(NC(=O)[*:1])CC1,7.82,2.572,90.0,1.06,0.66,1.59,1.06,1.7215400082484287,0.5376507682143026
O=C(N[*:1])c1cc2ccccc2n1Cc1cc(-c2ccc(Cl)s2)on1,CPD_16,CC(C)CN1CCC(NC(=O)c2cc3ccccc3n2Cc2cc(-c3ccc(Cl)s3)on2)CC1,CC(C)CN1CCC([*:1])CC1,6.85,3.104,48.0,CPD_178,O=C(NC1CN(c2ccncc2)C1)c1cc2ccccc2n1Cc1cc(-c2ccc(Cl)s2)on1,c1cc(N2CC([*:1])C2)ccn1,7.9,1.282,330.0,1.05,-1.82,0.84,1.05,2.004494948858689,0.46573623974254186
CC(C)N1CCC(NC(=O)c2nc3c(C(=O)O)cccc3n2[*:1])CC1,CPD_466,CC(C)N1CCC(NC(=O)c2nc3c(C(=O)O)cccc3n2CCc2ccc(Cl)cc2)CC1,Clc1ccc(CC[*:1])cc1,7.19,2.565,2.3,CPD_754,CC(C)N1CCC(NC(=O)c2nc3c(C(=O)O)cccc3n2Cc2cc3ccc(Cl)cc3s2)CC1,Clc1ccc2cc(C[*:1])sc2c1,8.25,4.311,0.2,1.05,1.75,-1.06,1.05,2.0459960899278373,0.4573178519798792
CC(C)N1CCC(NC(=O)c2cc3cc([*:1])ccc3n2CC(=O)Nc2ccc(Cl)cn2)CC1,CPD_345,CC(C)N1CCC(NC(=O)c2cc3cc(C(=O)N(C)CCO)ccc3n2CC(=O)Nc2ccc(Cl)cn2)CC1,CN(CCO)C(=O)[*:1],7.5,-1.408,1040000.0,CPD_865,CC(C)N1CCC(NC(=O)c2cc3cc(OCCOCCO)ccc3n2CC(=O)Nc2ccc(Cl)cn2)CC1,OCCOCCO[*:1],8.55,-0.117,77000.0,1.05,1.29,-1.13,1.05,1.7149344010777787,0.534368984238898
Clc1ccc(-c2cc(Cn3c([*:1])cc4ccccc43)no2)s1,CPD_22,NC(=O)N1CCC(NC(=O)c2cc3ccccc3n2Cc2cc(-c3ccc(Cl)s3)on2)CC1,NC(=O)N1CCC(NC(=O)[*:1])CC1,5.97,1.914,8.7,CPD_31,O=C(NC1CCN(c2ccncn2)CC1)c1cc2ccccc2n1Cc1cc(-c2ccc(Cl)s2)on1,O=C(NC1CCN(c2ccncn2)CC1)[*:1],7.01,3.217,2.8,1.04,1.3,-0.49,1.04,1.3892803892663281,0.6344247188032669
CC(C)N1CCC(NC(=O)c2nc3cc([*:1])ccc3n2CC(=O)Nc2ccc(Cl)cn2)CC1,CPD_381,CC(C)N1CCC(NC(=O)c2nc3cc(C(=O)N4CC(O)C4)ccc3n2CC(=O)Nc2ccc(Cl)cn2)CC1,O=C(N1CC(O)C1)[*:1],7.5,-0.694,3300.0,CPD_876,CC(C)N1CCC(NC(=O)c2nc3cc(OCc4nn[nH]n4)ccc3n2CC(=O)Nc2ccc(Cl)cn2)CC1,C(O[*:1])c1nn[nH]n1,8.54,0.205,12.0,1.04,0.9,-2.44,1.04,2.6006922155456995,0.3648236713625417
CC(C)N1CCC(NC(=O)c2nc3cc([*:1])ccc3n2Cc2cc(-c3ccc(Cl)s3)on2)CC1,CPD_355,CCOC(=O)OC(C)OC(=O)c1ccc2c(c1)nc(C(=O)NC1CCN(C(C)C)CC1)n2Cc1cc(-c2ccc(Cl)s2)on1,CCOC(=O)OC(C)OC(=O)[*:1],7.91,4.074,3.6,CPD_433,CC(C)N1CCC(NC(=O)c2nc3cc(C(=O)OCC(=O)O)ccc3n2Cc2cc(-c3ccc(Cl)s3)on2)CC1,O=C(O)COC(=O)[*:1],8.95,2.129,0.6,1.04,-1.94,-0.78,1.04,2.0909328061896204,0.4442673438768314
CC(C)N1CCC(NC(=O)c2nc3c([*:1])cccc3n2Cc2cc(-c3ccc(Cl)s3)on2)CC1,CPD_346,CC(C)N1CCC(NC(=O)c2nc3c(C(=O)N(C)CCO)cccc3n2Cc2cc(-c3ccc(Cl)s3)on2)CC1,CN(CCO)C(=O)[*:1],7.58,0.725,300.0,CPD_391,CC(C)N1CCC(NC(=O)c2nc3c(C(=O)OCCO)cccc3n2Cc2cc(-c3ccc(Cl)s3)on2)CC1,O=C(OCCO)[*:1],8.62,2.057,54.0,1.04,1.33,-0.74,1.04,1.5220052562327109,0.5869057082883848
Clc1ccc(-c2cc(Cn3c([*:1])cc4ccccc43)no2)s1,CPD_23,CS(=O)(=O)N1CCC(NC(=O)c2cc3ccccc3n2Cc2cc(-c3ccc(Cl)s3)on2)CC1,CS(=O)(=O)N1CCC(NC(=O)[*:1])CC1,6.87,3.257,1.1,CPD_178,O=C(NC1CN(c2ccncc2)C1)c1cc2ccccc2n1Cc1cc(-c2ccc(Cl)s2)on1,O=C(NC1CN(c2ccncc2)C1)[*:1],7.9,1.282,330.0,1.03,-1.98,2.48,1.03,3.173452378719429,0.30086587633074663
O=C(NC1CCN([*:1])CC1)c1cc2ccccc2n1Cc1cc(-c2ccc(Cl)s2)on1,CPD_25,O=C(NC1CCN(CC(F)(F)F)CC1)c1cc2ccccc2n1Cc1cc(-c2ccc(Cl)s2)on1,FC(F)(F)C[*:1],5.99,4.567,1.3,CPD_31,O=C(NC1CCN(c2ccncn2)CC1)c1cc2ccccc2n1Cc1cc(-c2ccc(Cl)s2)on1,c1cc([*:1])ncn1,7.01,3.217,2.8,1.03,-1.35,0.33,1.03,1.3897481786280563,0.6281452319476152
Clc1ccc(-c2cc(Cn3c([*:1])cc4ccccc43)no2)s1,CPD_22,NC(=O)N1CCC(NC(=O)c2cc3ccccc3n2Cc2cc(-c3ccc(Cl)s3)on2)CC1,NC(=O)N1CCC(NC(=O)[*:1])CC1,5.97,1.914,8.7,CPD_58,CCN1CC[C@@H](NC(=O)c2cc3ccccc3n2Cc2cc(-c3ccc(Cl)s3)on2)C1,CCN1CC[C@@H](NC(=O)[*:1])C1,7.0,1.624,680.0,1.03,-0.29,1.89,1.03,1.9121192431435858,0.47638445625341397
Clc1ccc(-c2cc(Cn3c([*:1])cc4ccccc43)no2)s1,CPD_25,O=C(NC1CCN(CC(F)(F)F)CC1)c1cc2ccccc2n1Cc1cc(-c2ccc(Cl)s2)on1,O=C(NC1CCN(CC(F)(F)F)CC1)[*:1],5.99,4.567,1.3,CPD_58,CCN1CC[C@@H](NC(=O)c2cc3ccccc3n2Cc2cc(-c3ccc(Cl)s3)on2)C1,CCN1CC[C@@H](NC(=O)[*:1])C1,7.0,1.624,680.0,1.02,-2.94,2.72,1.02,4.005246559202067,0.23970408901317994
O=C(N[*:1])c1nc2ccccc2n1Cc1cc(-c2ccc(Cl)s2)on1,CPD_425,CN1[C@@H]2CC[C@H]1C[C@@H](NC(=O)c1nc3ccccc3n1Cc1cc(-c3ccc(Cl)s3)on1)C2,CN1[C@@H]2CC[C@H]1C[C@@H]([*:1])C2,7.69,2.187,69.0,CPD_606,O=C(Nc1ccc(-n2ccncc2=O)cc1)c1nc2ccccc2n1Cc1cc(-c2ccc(Cl)s2)on1,O=c1cnccn1-c1ccc([*:1])cc1,8.71,3.934,0.3,1.02,1.75,-2.36,1.02,2.9380435667293976,0.3199454394678848
CC(C)N1CCC(NC(=O)c2cc3cc([*:1])ccc3n2Cc2cc(-c3ccc(Cl)s3)on2)CC1,CPD_213,CC(OC(=O)OC1CCCCC1)OC(=O)c1ccc2c(c1)cc(C(=O)NC1CCN(C(C)C)CC1)n2Cc1cc(-c2ccc(Cl)s2)on1,CC(OC(=O)OC1CCCCC1)OC(=O)[*:1],6.77,4.442,4.4,CPD_366,CC(C)N1CCC(NC(=O)c2cc3cc(C(=O)OCCN4CCOCC4)ccc3n2Cc2cc(-c3ccc(Cl)s3)on2)CC1,O=C(OCCN1CCOCC1)[*:1],7.79,1.706,740.0,1.02,-2.74,2.23,1.02,3.53277511313698,0.2696433093412562
CC(C)N1CCC(NC(=O)c2cc3cc([*:1])ccc3n2Cc2cc(-c3ccc(Cl)s3)on2)CC1,CPD_117,CC(C)N1CCC(NC(=O)c2cc3cc(C(=O)OCOC(=O)C(C)(C)C)ccc3n2Cc2cc(-c3ccc(Cl)s3)on2)CC1,CC(C)(C)C(=O)OCOC(=O)[*:1],7.45,3.152,47.0,CPD_262,CC(C)N1CCC(NC(=O)c2cc3cc(-c4n[nH]c(=O)o4)ccc3n2Cc2cc(-c3ccc(Cl)s3)on2)CC1,O=c1[nH]nc([*:1])o1,8.48,0.297,310.0,1.02,-2.85,0.82,1.02,2.9656196654325044,0.3172016924031371
Clc1ccc(-c2cc(Cn3c([*:1])cc4ccccc43)no2)s1,CPD_22,NC(=O)N1CCC(NC(=O)c2cc3ccccc3n2Cc2cc(-c3ccc(Cl)s3)on2)CC1,NC(=O)N1CCC(NC(=O)[*:1])CC1,5.97,1.914,8.7,CPD_63,CC(C)N1CC[C@H](NC(=O)c2cc3ccccc3n2Cc2cc(-c3ccc(Cl)s3)on2)C1,CC(C)N1CC[C@H](NC(=O)[*:1])C1,6.99,1.909,390.0,1.02,-0.0,1.65,1.02,1.65,0.5368421052631579
CC(C)N1CCC(NC(=O)c2cc3cc([*:1])ccc3n2Cc2cc(-c3ccc(Cl)s3)on2)CC1,CPD_213,CC(OC(=O)OC1CCCCC1)OC(=O)c1ccc2c(c1)cc(C(=O)NC1CCN(C(C)C)CC1)n2Cc1cc(-c2ccc(Cl)s2)on1,CC(OC(=O)OC1CCCCC1)OC(=O)[*:1],6.77,4.442,4.4,CPD_259,CCOC(=O)COc1ccc2c(c1)cc(C(=O)NC1CCN(C(C)C)CC1)n2Cc1cc(-c2ccc(Cl)s2)on1,CCOC(=O)CO[*:1],7.79,1.709,270.0,1.02,-2.73,1.79,1.02,3.2645060882161028,0.2902257029572348
CC(C)N1CCC(NC(=O)c2nc3ccc([*:1])cc3n2Cc2cc(-c3ccc(Cl)s3)on2)CC1,CPD_289,COC(=O)c1ccc2nc(C(=O)NC3CCN(C(C)C)CC3)n(Cc3cc(-c4ccc(Cl)s4)on3)c2c1,COC(=O)[*:1],6.76,3.123,16.0,CPD_352,CC(C)N1CCC(NC(=O)c2nc3ccc(C(=O)O)cc3n2Cc2cc(-c3ccc(Cl)s3)on2)CC1,O=C(O)[*:1],7.78,2.192,0.6,1.02,-0.93,-1.43,1.02,1.705813588877753,0.5215220948461027
Clc1ccc(-c2cc(Cn3c([*:1])cc4ccccc43)no2)s1,CPD_18,COC(=O)N1CCC(NC(=O)c2cc3ccccc3n2Cc2cc(-c3ccc(Cl)s3)on2)CC1,COC(=O)N1CCC(NC(=O)[*:1])CC1,5.75,3.257,1.6,CPD_57,CCN1CC[C@H](NC(=O)c2cc3ccccc3n2Cc2cc(-c3ccc(Cl)s3)on2)C1,CCN1CC[C@H](NC(=O)[*:1])C1,6.76,1.624,680.0,1.01,-1.63,2.63,1.01,3.0941557814693166,0.3020194231371117
Clc1ccc(-c2cc(Cn3c([*:1])cc4ccccc43)no2)s1,CPD_25,O=C(NC1CCN(CC(F)(F)F)CC1)c1cc2ccccc2n1Cc1cc(-c2ccc(Cl)s2)on1,O=C(NC1CCN(CC(F)(F)F)CC1)[*:1],5.99,4.567,1.3,CPD_63,CC(C)N1CC[C@H](NC(=O)c2cc3ccccc3n2Cc2cc(-c3ccc(Cl)s3)on2)C1,CC(C)N1CC[C@H](NC(=O)[*:1])C1,6.99,1.909,390.0,1.01,-2.66,2.48,1.01,3.6367567969277244,0.25985675275549824
O=C(Cn1c([*:1])nc2ccccc21)Nc1ccc(Cl)cn1,CPD_977,CNC(=O)CN1CCN(C(=O)c2nc3ccccc3n2CC(=O)Nc2ccc(Cl)cn2)CC1,CNC(=O)CN1CCN(C(=O)[*:1])CC1,4.62,2.07,26.0,CPD_991,CCN(CC)C(=O)N1CCN(C(=O)c2nc3ccccc3n2CC(=O)Nc2ccc(Cl)cn2)CC1,CCN(CC)C(=O)N1CCN(C(=O)[*:1])CC1,5.63,3.28,6.5,1.01,1.21,-0.6,1.01,1.3505924625881784,0.6310163415157017
CC(C)N1CCC(NC(=O)c2cc3cc([*:1])ccc3n2Cc2cc(-c3ccc(Cl)s3)on2)CC1,CPD_344,CC(C)N1CCC(NC(=O)c2cc3cc(C(=O)N4CC(O)C4)ccc3n2Cc2cc(-c3ccc(Cl)s3)on2)CC1,O=C(N1CC(O)C1)[*:1],7.23,-1.036,6400.0,CPD_404,CC(C)N1CCC(NC(=O)c2cc3cc(C(=O)OCCO)ccc3n2Cc2cc(-c3ccc(Cl)s3)on2)CC1,O=C(OCCO)[*:1],8.24,0.885,1400.0,1.01,1.92,-0.66,1.01,2.0302709178826355,0.44292982560942534
CC(C)N1CCC(NC(=O)c2cc3cc([*:1])ccc3n2Cc2cc(-c3ccc(Cl)s3)on2)CC1,CPD_342,CC(C)N1CCC(NC(=O)c2cc3cc(C(=O)N(C)CCO)ccc3n2Cc2cc(-c3ccc(Cl)s3)on2)CC1,CN(CCO)C(=O)[*:1],6.73,-0.441,32000.0,CPD_371,CC(C)N1CCC(NC(=O)c2cc3cc(C(=O)OCC4CCOC4)ccc3n2Cc2cc(-c3ccc(Cl)s3)on2)CC1,O=C(OCC1CCOC1)[*:1],7.73,1.959,78.0,1.0,2.4,-2.61,1.0,3.5457157246457305,0.2634549245895737
CC(C)N1CCC(NC(=O)c2cc3cc([*:1])ccc3n2Cc2cc(-c3ccc(Cl)s3)on2)CC1,CPD_99,CC(C)OC(=O)c1ccc2c(c1)cc(C(=O)NC1CCN(C(C)C)CC1)n2Cc1cc(-c2ccc(Cl)s2)on1,CC(C)OC(=O)[*:1],7.47,2.832,69.0,CPD_262,CC(C)N1CCC(NC(=O)c2cc3cc(-c4n[nH]c(=O)o4)ccc3n2Cc2cc(-c3ccc(Cl)s3)on2)CC1,O=c1[nH]nc([*:1])o1,8.48,0.297,310.0,1.0,-2.53,0.65,1.0,2.6121638539724112,0.3493860068884928
CC(C)N1CCC(NC(=O)c2cc3cc([*:1])ccc3n2Cc2cc(-c3ccc(Cl)s3)on2)CC1,CPD_342,CC(C)N1CCC(NC(=O)c2cc3cc(C(=O)N(C)CCO)ccc3n2Cc2cc(-c3ccc(Cl)s3)on2)CC1,CN(CCO)C(=O)[*:1],6.73,-0.441,32000.0,CPD_362,CC(C)N1CCC(NC(=O)c2cc3cc(C(=O)OC4CCOC4=O)ccc3n2Cc2cc(-c3ccc(Cl)s3)on2)CC1,O=C1OCCC1OC(=O)[*:1],7.73,0.55,170.0,1.0,0.99,-2.27,1.0,2.4764894508154076,0.36677200408786886
O=C(Cn1c(C(=O)N2CCN(C[*:1])CC2)nc2ccccc21)Nc1ccc(Cl)cn1,CPD_977,CNC(=O)CN1CCN(C(=O)c2nc3ccccc3n2CC(=O)Nc2ccc(Cl)cn2)CC1,CNC(=O)[*:1],4.62,2.07,26.0,CPD_981,O=C(Cn1c(C(=O)N2CCN(Cc3ccncc3)CC2)nc2ccccc21)Nc1ccc(Cl)cn1,c1cc([*:1])ccn1,5.62,2.389,26.0,1.0,0.32,0.0,1.0,0.32,1.7543859649122806
CC(C)N1CCC(NC(=O)c2cc3cc(C(=O)O[*:1])ccc3n2Cc2cc(-c3ccc(Cl)s3)on2)CC1,CPD_162,CC(OC(=O)c1ccc2c(c1)cc(C(=O)NC1CCN(C(C)C)CC1)n2Cc1cc(-c2ccc(Cl)s2)on1)OC(=O)C(C)(C)C,CC(OC(=O)C(C)(C)C)[*:1],7.04,3.499,26.0,CPD_363,CC(C)N1CCC(NC(=O)c2cc3cc(C(=O)OCCN4CCCC4=O)ccc3n2Cc2cc(-c3ccc(Cl)s3)on2)CC1,O=C1CCCN1CC[*:1],8.03,1.653,110.0,1.0,-1.85,0.63,1.0,1.9543285291884782,0.45365288647248475
CC(C)N1CCC(NC(=O)c2cc3cc([*:1])ccc3n2Cc2cc(-c3ccc(Cl)s3)on2)CC1,CPD_117,CC(C)N1CCC(NC(=O)c2cc3cc(C(=O)OCOC(=O)C(C)(C)C)ccc3n2Cc2cc(-c3ccc(Cl)s3)on2)CC1,CC(C)(C)C(=O)OCOC(=O)[*:1],7.45,3.152,47.0,CPD_338,CC(C)N1CCC(NC(=O)c2cc3cc(NS(C)(=O)=O)ccc3n2Cc2cc(-c3ccc(Cl)s3)on2)CC1,CS(=O)(=O)N[*:1],8.46,0.697,170.0,1.0,-2.46,0.56,1.0,2.522934798998975,0.36062874625144387
CCN1CCN(c2ccc(NC(=O)c3nc4ccccc4n3[*:1])cc2)C(=O)C1=O,CPD_427,CCN1CCN(c2ccc(NC(=O)c3nc4ccccc4n3CC(=O)Nc3ccc(Cl)cn3)cc2)C(=O)C1=O,O=C(C[*:1])Nc1ccc(Cl)cn1,4.97,2.222,7.3,CPD_438,CCN1CCN(c2ccc(NC(=O)c3nc4ccccc4n3Cc3cc(-c4ccc(Cl)s4)on3)cc2)C(=O)C1=O,Clc1ccc(-c2cc(C[*:1])no2)s1,5.96,3.038,0.7,0.99,0.82,-1.02,0.99,1.3087398519186308,0.6351284332542233
CC(C)N1CCC(NC(=O)c2nc3c([*:1])cccc3n2Cc2cc(-c3ccc(Cl)s3)on2)CC1,CPD_346,CC(C)N1CCC(NC(=O)c2nc3c(C(=O)N(C)CCO)cccc3n2Cc2cc(-c3ccc(Cl)s3)on2)CC1,CN(CCO)C(=O)[*:1],7.58,0.725,300.0,CPD_392,CC(C)N1CCC(NC(=O)c2nc3c(C(=O)OCC(=O)O)cccc3n2Cc2cc(-c3ccc(Cl)s3)on2)CC1,O=C(O)COC(=O)[*:1],8.57,2.129,0.6,0.99,1.4,-2.7,0.99,3.0413812651491097,0.3007855730609653
CC(C)N1CCC(NC(=O)c2cc3cc([*:1])ccc3n2Cc2cc(-c3ccc(Cl)s3)on2)CC1,CPD_252,CC(C)N1CCC(NC(=O)c2cc3cc(C(=O)NCCO)ccc3n2Cc2cc(-c3ccc(Cl)s3)on2)CC1,O=C(NCCO)[*:1],7.49,0.126,4400.0,CPD_262,CC(C)N1CCC(NC(=O)c2cc3cc(-c4n[nH]c(=O)o4)ccc3n2Cc2cc(-c3ccc(Cl)s3)on2)CC1,O=c1[nH]nc([*:1])o1,8.48,0.297,310.0,0.99,0.17,-1.15,0.99,1.1624973118248487,0.7008862896319347
CC(C)N1CCC(NC(=O)c2nc3cc([*:1])ccc3n2CC(=O)Nc2ccc(Cl)cn2)CC1,CPD_444,CC(C)N1CCC(NC(=O)c2nc3cc(S(=O)(=O)CCO)ccc3n2CC(=O)Nc2ccc(Cl)cn2)CC1,O=S(=O)(CCO)[*:1],7.15,0.282,890.0,CPD_900,CC(C)N1CCC(NC(=O)c2nc3cc(O)ccc3n2CC(=O)Nc2ccc(Cl)cn2)CC1,O[*:1],8.14,1.553,42.0,0.99,1.27,-1.33,0.99,1.8389671013914306,0.47391842568539033
CC(C)N1CCC(NC(=O)c2cc3cc([*:1])ccc3n2Cc2cc(-c3ccc(Cl)s3)on2)CC1,CPD_179,CC(C)OC(=O)COc1ccc2c(c1)cc(C(=O)NC1CCN(C(C)C)CC1)n2Cc1cc(-c2ccc(Cl)s2)on1,CC(C)OC(=O)CO[*:1],7.48,2.057,140.0,CPD_262,CC(C)N1CCC(NC(=O)c2cc3cc(-c4n[nH]c(=O)o4)ccc3n2Cc2cc(-c3ccc(Cl)s3)on2)CC1,O=c1[nH]nc([*:1])o1,8.48,0.297,310.0,0.99,-1.76,0.35,0.99,1.7944637081869335,0.48423456774292634
O=C(N[*:1])c1cc2ccccc2n1Cc1cc(-c2ccc(Cl)s2)on1,CPD_22,NC(=O)N1CCC(NC(=O)c2cc3ccccc3n2Cc2cc(-c3ccc(Cl)s3)on2)CC1,NC(=O)N1CCC([*:1])CC1,5.97,1.914,8.7,CPD_208,O=C(NC1CN(c2cc[n+]([O-])cc2)C1)c1cc2ccccc2n1Cc1cc(-c2ccc(Cl)s2)on1,[O-][n+]1ccc(N2CC([*:1])C2)cc1,6.96,1.058,17.0,0.99,-0.86,0.29,0.99,0.9075791976461337,0.8552330605224283
CC(C)N1CCC(NC(=O)c2cc3cc([*:1])ccc3n2CC(=O)Nc2ccc(Cl)cn2)CC1,CPD_332,CC(OC(=O)OC1CCCCC1)OC(=O)c1ccc2c(c1)cc(C(=O)NC1CCN(C(C)C)CC1)n2CC(=O)Nc1ccc(Cl)cn1,CC(OC(=O)OC1CCCCC1)OC(=O)[*:1],7.48,3.475,140.0,CPD_843,CC(C)N1CCC(NC(=O)c2cc3cc(OC(C)(C)C(=O)O)ccc3n2CC(=O)Nc2ccc(Cl)cn2)CC1,CC(C)(O[*:1])C(=O)O,8.47,0.506,7.1,0.99,-2.97,-1.29,0.99,3.2380549717384355,0.2838258020648646
CC(C)N1CCC(NC(=O)c2cc3cc([*:1])ccc3n2CC(=O)Nc2ccc(Cl)cn2)CC1,CPD_332,CC(OC(=O)OC1CCCCC1)OC(=O)c1ccc2c(c1)cc(C(=O)NC1CCN(C(C)C)CC1)n2CC(=O)Nc1ccc(Cl)cn1,CC(OC(=O)OC1CCCCC1)OC(=O)[*:1],7.48,3.475,140.0,CPD_681,COCCOCCOc1ccc2c(c1)cc(C(=O)NC1CCN(C(C)C)CC1)n2CC(=O)Nc1ccc(Cl)cn1,COCCOCCO[*:1],8.47,0.241,36000.0,0.99,-3.23,2.41,0.99,4.030012406928792,0.23130774069657292
CC(C)N1CCC(NC(=O)c2cc3cc([*:1])ccc3n2Cc2cc(-c3ccc(Cl)s3)on2)CC1,CPD_117,CC(C)N1CCC(NC(=O)c2cc3cc(C(=O)OCOC(=O)C(C)(C)C)ccc3n2Cc2cc(-c3ccc(Cl)s3)on2)CC1,CC(C)(C)C(=O)OCOC(=O)[*:1],7.45,3.152,47.0,CPD_148,CC(C)N1CCC(NC(=O)c2cc3cc(C(N)=O)ccc3n2Cc2cc(-c3ccc(Cl)s3)on2)CC1,NC(=O)[*:1],8.44,0.497,390.0,0.99,-2.66,0.92,0.99,2.8146047679914137,0.32304328778058394
CC(C)N1CCC(NC(=O)c2cc3cc([*:1])ccc3n2Cc2cc(-c3ccc(Cl)s3)on2)CC1,CPD_99,CC(C)OC(=O)c1ccc2c(c1)cc(C(=O)NC1CCN(C(C)C)CC1)n2Cc1cc(-c2ccc(Cl)s2)on1,CC(C)OC(=O)[*:1],7.47,2.832,69.0,CPD_338,CC(C)N1CCC(NC(=O)c2cc3cc(NS(C)(=O)=O)ccc3n2Cc2cc(-c3ccc(Cl)s3)on2)CC1,CS(=O)(=O)N[*:1],8.46,0.697,170.0,0.98,-2.13,0.39,0.98,2.1654098919142304,0.40572823820943393
CC(C)N1CCC(NC(=O)c2nc3c([*:1])cccc3n2Cc2cc(-c3ccc(Cl)s3)on2)CC1,CPD_316,CCOC(=O)OC(C)OC(=O)c1cccc2c1nc(C(=O)NC1CCN(C(C)C)CC1)n2Cc1cc(-c2ccc(Cl)s2)on1,CCOC(=O)OC(C)OC(=O)[*:1],8.18,4.088,3.5,CPD_323,CC(C)N1CCC(NC(=O)c2nc3c(C(=O)NCCO)cccc3n2Cc2cc(-c3ccc(Cl)s3)on2)CC1,O=C(NCCO)[*:1],9.16,1.295,130.0,0.98,-2.79,1.57,0.98,3.201405941145234,0.2839422591000176
CC(C)N1CCC(NC(=O)c2cc3c([*:1])cccc3n2Cc2cc(-c3ccc(Cl)s3)on2)CC1,CPD_161,CC(OC(=O)c1cccc2c1cc(C(=O)NC1CCN(C(C)C)CC1)n2Cc1cc(-c2ccc(Cl)s2)on1)OC(=O)C(C)(C)C,CC(OC(=O)C(C)(C)C)OC(=O)[*:1],7.78,3.512,26.0,CPD_186,Cc1oc(=O)oc1COC(=O)c1cccc2c1cc(C(=O)NC1CCN(C(C)C)CC1)n2Cc1cc(-c2ccc(Cl)s2)on1,Cc1oc(=O)oc1COC(=O)[*:1],8.75,3.186,9.7,0.98,-0.33,-0.43,0.98,0.5420332093147061,1.2373218552892866
CC(C)N1CCC(NC(=O)c2cc3cc([*:1])ccc3n2Cc2cc(-c3ccc(Cl)s3)on2)CC1,CPD_673,CC(C)N1CCC(NC(=O)c2cc3cc(C(=O)N4CCC(F)(F)CC4)ccc3n2Cc2cc(-c3ccc(Cl)s3)on2)CC1,O=C(N1CCC(F)(F)CC1)[*:1],6.88,0.623,560.0,CPD_877,CC(C)N1CCC(NC(=O)c2cc3cc(OC(C)(C)C(=O)O)ccc3n2Cc2cc(-c3ccc(Cl)s3)on2)CC1,CC(C)(O[*:1])C(=O)O,7.85,1.472,1.6,0.97,0.85,-2.54,0.97,2.678451044913832,0.3312331280677228
Clc1ccc(-c2cc(Cn3c([*:1])cc4ccccc43)no2)s1,CPD_25,O=C(NC1CCN(CC(F)(F)F)CC1)c1cc2ccccc2n1Cc1cc(-c2ccc(Cl)s2)on1,O=C(NC1CCN(CC(F)(F)F)CC1)[*:1],5.99,4.567,1.3,CPD_208,O=C(NC1CN(c2cc[n+]([O-])cc2)C1)c1cc2ccccc2n1Cc1cc(-c2ccc(Cl)s2)on1,O=C(NC1CN(c2cc[n+]([O-])cc2)C1)[*:1],6.96,1.058,17.0,0.97,-3.51,1.12,0.97,3.6843588316015037,0.24654589007204405
Clc1ccc(-c2cc(Cn3c([*:1])nc4ccccc43)no2)s1,CPD_976,O=C(CN1CCN(C(=O)c2nc3ccccc3n2Cc2cc(-c3ccc(Cl)s3)on2)CC1)N1CCCC1,O=C(CN1CCN(C(=O)[*:1])CC1)N1CCCC1,5.18,3.591,0.7,CPD_980,O=C(c1nc2ccccc2n1Cc1cc(-c2ccc(Cl)s2)on1)N1CCN(C(=O)N2CCCC2)CC1,O=C(N1CCCC1)N1CCN(C(=O)[*:1])CC1,6.15,3.472,0.9,0.97,-0.12,0.11,0.97,0.16278820596099705,2.3498733393842457
Clc1ccc(-c2cc(Cn3c([*:1])nc4ccccc43)no2)s1,CPD_116,O=C(NC1CCN(c2ccncn2)CC1)c1nc2ccccc2n1Cc1cc(-c2ccc(Cl)s2)on1,O=C(NC1CCN(c2ccncn2)CC1)[*:1],7.23,3.606,0.7,CPD_519,O=C(Nc1ccc(-n2ccc(=O)[nH]c2=O)cc1)c1nc2ccccc2n1Cc1cc(-c2ccc(Cl)s2)on1,O=C(Nc1ccc(-n2ccc(=O)[nH]c2=O)cc1)[*:1],8.2,3.685,0.2,0.97,0.08,-0.54,0.97,0.5458937625582473,1.2187556249745213
CC(C)N1CCC(NC(=O)c2nc3c([*:1])cccc3n2Cc2cc3ccc(Cl)cc3s2)CC1,CPD_756,CC(C)N1CCC(NC(=O)c2nc3c(C(=O)N4CC(O)C4)cccc3n2Cc2cc3ccc(Cl)cc3s2)CC1,O=C(N1CC(O)C1)[*:1],7.8,2.225,35.0,CPD_769,CC(C)N1CCC(NC(=O)c2nc3c(C(=O)NCCO)cccc3n2Cc2cc3ccc(Cl)cc3s2)CC1,O=C(NCCO)[*:1],8.77,3.391,14.0,0.97,1.17,-0.4,0.97,1.2364869590901473,0.6525452470795439
O=C(O)c1ccc2c(c1)cc([*:1])n2Cc1cc(-c2ccc(Cl)s2)on1,CPD_183,CC(C)N1CC(NC(=O)c2cc3cc(C(=O)O)ccc3n2Cc2cc(-c3ccc(Cl)s3)on2)C1,CC(C)N1CC(NC(=O)[*:1])C1,6.3,1.025,8.9,CPD_185,O=C(O)c1ccc2c(c1)cc(C(=O)NC1CCN(c3ccncc3)CC1)n2Cc1cc(-c2ccc(Cl)s2)on1,O=C(NC1CCN(c2ccncc2)CC1)[*:1],7.27,1.378,1.9,0.97,0.35,-0.67,0.97,0.7559100475585703,0.9643009356097724
CC(C)N1CCC(NC(=O)c2cc3cc([*:1])ccc3n2CC(=O)Nc2ccc(Cl)cn2)CC1,CPD_345,CC(C)N1CCC(NC(=O)c2cc3cc(C(=O)N(C)CCO)ccc3n2CC(=O)Nc2ccc(Cl)cn2)CC1,CN(CCO)C(=O)[*:1],7.5,-1.408,1040000.0,CPD_843,CC(C)N1CCC(NC(=O)c2cc3cc(OC(C)(C)C(=O)O)ccc3n2CC(=O)Nc2ccc(Cl)cn2)CC1,CC(C)(O[*:1])C(=O)O,8.47,0.506,7.1,0.97,1.91,-5.17,0.97,5.511533361960172,0.16835795942870135
CC(C)N1CCC(NC(=O)c2cc3cc([*:1])ccc3n2Cc2cc(-c3ccc(Cl)s3)on2)CC1,CPD_252,CC(C)N1CCC(NC(=O)c2cc3cc(C(=O)NCCO)ccc3n2Cc2cc(-c3ccc(Cl)s3)on2)CC1,O=C(NCCO)[*:1],7.49,0.126,4400.0,CPD_338,CC(C)N1CCC(NC(=O)c2cc3cc(NS(C)(=O)=O)ccc3n2Cc2cc(-c3ccc(Cl)s3)on2)CC1,CS(=O)(=O)N[*:1],8.46,0.697,170.0,0.97,0.57,-1.41,0.97,1.520855022676389,0.547757996887846
CC(C)N1CCC(NC(=O)c2cc3cc([*:1])ccc3n2Cc2cc(-c3ccc(Cl)s3)on2)CC1,CPD_335,CC(C)N1CCC(NC(=O)c2cc3cc(C(=O)N(CCO)CCO)ccc3n2Cc2cc(-c3ccc(Cl)s3)on2)CC1,O=C(N(CCO)CCO)[*:1],6.64,-1.074,41000.0,CPD_503,CC(C)ONC(=O)c1ccc2c(c1)cc(C(=O)NC1CCN(C(C)C)CC1)n2Cc1cc(-c2ccc(Cl)s2)on1,CC(C)ONC(=O)[*:1],7.61,2.516,57.0,0.97,3.59,-2.86,0.97,4.5899564268084285,0.20041502742198009
CC(C)N1CCC(NC(=O)c2cc3cc([*:1])ccc3n2Cc2cc(-c3ccc(Cl)s3)on2)CC1,CPD_99,CC(C)OC(=O)c1ccc2c(c1)cc(C(=O)NC1CCN(C(C)C)CC1)n2Cc1cc(-c2ccc(Cl)s2)on1,CC(C)OC(=O)[*:1],7.47,2.832,69.0,CPD_148,CC(C)N1CCC(NC(=O)c2cc3cc(C(N)=O)ccc3n2Cc2cc(-c3ccc(Cl)s3)on2)CC1,NC(=O)[*:1],8.44,0.497,390.0,0.97,-2.33,0.75,0.97,2.4477336456403913,0.3595610714080486
CC(C)N1CCC(NC(=O)c2cc3ccccc3n2[*:1])CC1,CPD_854,COc1ccc(NC(=O)Cn2c(C(=O)NC3CCN(C(C)C)CC3)cc3ccccc32)cc1,COc1ccc(NC(=O)C[*:1])cc1,5.72,0.402,22000.0,CPD_855,CC(C)N1CCC(NC(=O)c2cc3ccccc3n2CC(=O)Nc2ccccc2)CC1,O=C(C[*:1])Nc1ccccc1,6.69,0.388,27000.0,0.97,-0.01,0.09,0.97,0.09055385138137416,2.848301365747091
CC(C)N1CCC(NC(=O)c2cc3cc([*:1])ccc3n2CC(=O)Nc2ccc(Cl)cn2)CC1,CPD_345,CC(C)N1CCC(NC(=O)c2cc3cc(C(=O)N(C)CCO)ccc3n2CC(=O)Nc2ccc(Cl)cn2)CC1,CN(CCO)C(=O)[*:1],7.5,-1.408,1040000.0,CPD_681,COCCOCCOc1ccc2c(c1)cc(C(=O)NC1CCN(C(C)C)CC1)n2CC(=O)Nc1ccc(Cl)cn1,COCCOCCO[*:1],8.47,0.241,36000.0,0.97,1.65,-1.46,0.97,2.2032022149589445,0.3954015670152301
CC(C)N1CCC(NC(=O)c2cc3cc([*:1])ccc3n2Cc2cc(-c3ccc(Cl)s3)on2)CC1,CPD_179,CC(C)OC(=O)COc1ccc2c(c1)cc(C(=O)NC1CCN(C(C)C)CC1)n2Cc1cc(-c2ccc(Cl)s2)on1,CC(C)OC(=O)CO[*:1],7.48,2.057,140.0,CPD_338,CC(C)N1CCC(NC(=O)c2cc3cc(NS(C)(=O)=O)ccc3n2Cc2cc(-c3ccc(Cl)s3)on2)CC1,CS(=O)(=O)N[*:1],8.46,0.697,170.0,0.97,-1.36,0.08,0.97,1.3623509092741122,0.6016060117066566
CC(C)N1CCC(NC(=O)c2cc3cc(C(=O)O[*:1])ccc3n2Cc2cc(-c3ccc(Cl)s3)on2)CC1,CPD_213,CC(OC(=O)OC1CCCCC1)OC(=O)c1ccc2c(c1)cc(C(=O)NC1CCN(C(C)C)CC1)n2Cc1cc(-c2ccc(Cl)s2)on1,CC(OC(=O)OC1CCCCC1)[*:1],6.77,4.442,4.4,CPD_371,CC(C)N1CCC(NC(=O)c2cc3cc(C(=O)OCC4CCOC4)ccc3n2Cc2cc(-c3ccc(Cl)s3)on2)CC1,C1CC(C[*:1])CO1,7.73,1.959,78.0,0.96,-2.48,1.25,0.96,2.7772108310317387,0.3171236010915075
O=C(N[*:1])c1cc2ccccc2n1Cc1cc(-c2ccc(Cl)s2)on1,CPD_27,O=CN1CCC(NC(=O)c2cc3ccccc3n2Cc2cc(-c3ccc(Cl)s3)on2)CC1,O=CN1CCC([*:1])CC1,5.69,2.671,2.4,CPD_73,CCC(CC)N1CCC(NC(=O)c2cc3ccccc3n2Cc2cc(-c3ccc(Cl)s3)on2)CC1,CCC(CC)N1CCC([*:1])CC1,6.66,3.315,49.0,0.96,0.64,1.31,0.96,1.4579780519610026,0.5620681125836382
CC(C)N1CCC(NC(=O)c2cc3cc([*:1])ccc3n2Cc2cc(-c3ccc(Cl)s3)on2)CC1,CPD_213,CC(OC(=O)OC1CCCCC1)OC(=O)c1ccc2c(c1)cc(C(=O)NC1CCN(C(C)C)CC1)n2Cc1cc(-c2ccc(Cl)s2)on1,CC(OC(=O)OC1CCCCC1)OC(=O)[*:1],6.77,4.442,4.4,CPD_362,CC(C)N1CCC(NC(=O)c2cc3cc(C(=O)OC4CCOC4=O)ccc3n2Cc2cc(-c3ccc(Cl)s3)on2)CC1,O=C1OCCC1OC(=O)[*:1],7.73,0.55,170.0,0.96,-3.89,1.59,0.96,4.20240407386058,0.21561385356644086
O=C(Nc1ccc([*:1])cc1)c1nc2ccccc2n1Cc1cc(-c2ccc(Cl)s2)on1,CPD_421,Cc1ccc(=O)n(-c2ccc(NC(=O)c3nc4ccccc4n3Cc3cc(-c4ccc(Cl)s4)on3)cc2)n1,Cc1ccc(=O)n([*:1])n1,5.0,3.824,0.3,CPD_438,CCN1CCN(c2ccc(NC(=O)c3nc4ccccc4n3Cc3cc(-c4ccc(Cl)s4)on3)cc2)C(=O)C1=O,CCN1CCN([*:1])C(=O)C1=O,5.96,3.038,0.7,0.96,-0.79,0.37,0.96,0.8723531395025756,0.8553457608052576
O=C(N[*:1])c1cc2ccccc2n1Cc1cc(-c2ccc(Cl)s2)on1,CPD_18,COC(=O)N1CCC(NC(=O)c2cc3ccccc3n2Cc2cc(-c3ccc(Cl)s3)on2)CC1,COC(=O)N1CCC([*:1])CC1,5.75,3.257,1.6,CPD_24,O=C(NC1CCN(c2ccnc(Cl)n2)CC1)c1cc2ccccc2n1Cc1cc(-c2ccc(Cl)s2)on1,Clc1nccc(N2CCC([*:1])CC2)n1,6.7,3.331,2.1,0.95,0.07,0.12,0.95,0.13892443989449804,2.442633844912659
CC(C)N1CCC(NC(=O)c2cc3ccccc3n2CC(=O)N[*:1])CC1,CPD_855,CC(C)N1CCC(NC(=O)c2cc3ccccc3n2CC(=O)Nc2ccccc2)CC1,c1ccc([*:1])cc1,6.69,0.388,27000.0,CPD_856,CC(C)N1CCC(NC(=O)c2cc3ccccc3n2CC(=O)Nc2ccc(I)cc2)CC1,Ic1ccc([*:1])cc1,7.64,2.023,2600.0,0.95,1.64,-1.02,0.95,1.9313207915827966,0.43551595146657307
O=C(N[*:1])c1cc2ccccc2n1Cc1cc(-c2ccc(Cl)s2)on1,CPD_27,O=CN1CCC(NC(=O)c2cc3ccccc3n2Cc2cc(-c3ccc(Cl)s3)on2)CC1,O=CN1CCC([*:1])CC1,5.69,2.671,2.4,CPD_177,CC(C)N1CC(NC(=O)c2cc3ccccc3n2Cc2cc(-c3ccc(Cl)s3)on2)C1,CC(C)N1CC([*:1])C1,6.65,2.16,190.0,0.95,-0.51,1.9,0.95,1.9672569735548022,0.4284573287312381
CC(C)N1CCC(NC(=O)c2nc3cc([*:1])ccc3n2CC(=O)Nc2ccc(Cl)cn2)CC1,CPD_444,CC(C)N1CCC(NC(=O)c2nc3cc(S(=O)(=O)CCO)ccc3n2CC(=O)Nc2ccc(Cl)cn2)CC1,O=S(=O)(CCO)[*:1],7.15,0.282,890.0,CPD_942,CCOCC(O)COc1ccc2c(c1)nc(C(=O)NC1CCN(C(C)C)CC1)n2CC(=O)Nc1ccc(Cl)cn1,CCOCC(O)CO[*:1],8.1,1.877,390.0,0.95,1.59,-0.36,0.95,1.630245380303223,0.505253202561676
CC(C)N1CCC(NC(=O)c2nc3c([*:1])cccc3n2Cc2cc(-c3ccc(Cl)s3)on2)CC1,CPD_305,COC(=O)c1cccc2c1nc(C(=O)NC1CCN(C(C)C)CC1)n2Cc1cc(-c2ccc(Cl)s2)on1,COC(=O)[*:1],8.42,3.133,16.0,CPD_434,CC(C)N1CCC(NC(=O)c2nc3c(C(=O)NCC(O)CCl)cccc3n2Cc2cc(-c3ccc(Cl)s3)on2)CC1,O=C(NCC(O)CCl)[*:1],9.36,1.992,49.0,0.95,-1.14,0.49,0.95,1.2408464852672145,0.6372218799105429
COc1cccc(Cn2c(C(=O)NC3CCN(C(C)C)CC3)cc3c([*:1])cccc32)c1,CPD_524,COc1cccc(Cn2c(C(=O)NC3CCN(C(C)C)CC3)cc3c(C(=O)N(C)CCO)cccc32)c1,CN(CCO)C(=O)[*:1],6.8,-1.188,1270000.0,CPD_908,COc1cccc(Cn2c(C(=O)NC3CCN(C(C)C)CC3)cc3c(OCCO)cccc32)c1,OCCO[*:1],7.74,0.186,65000.0,0.94,1.37,-1.29,0.94,1.881754500459611,0.44095133834469863
CC(C)N1CCC(NC(=O)c2cc3cc([*:1])ccc3n2Cc2cc(-c3ccc(Cl)s3)on2)CC1,CPD_335,CC(C)N1CCC(NC(=O)c2cc3cc(C(=O)N(CCO)CCO)ccc3n2Cc2cc(-c3ccc(Cl)s3)on2)CC1,O=C(N(CCO)CCO)[*:1],6.64,-1.074,41000.0,CPD_365,CC(C)N1CCC(NC(=O)c2cc3cc(C(=O)OC4CCOC4)ccc3n2Cc2cc(-c3ccc(Cl)s3)on2)CC1,O=C(OC1CCOC1)[*:1],7.58,1.734,120.0,0.94,2.81,-2.53,0.94,3.781137395017536,0.2331848081292974
Clc1ccc(-c2cc(Cn3c([*:1])nc4ccccc43)no2)s1,CPD_557,O=C(Nc1ccc(N2CCS(=O)(=O)CC2)cc1)c1nc2ccccc2n1Cc1cc(-c2ccc(Cl)s2)on1,O=C(Nc1ccc(N2CCS(=O)(=O)CC2)cc1)[*:1],5.0,3.236,0.4,CPD_978,O=C(c1nc2ccccc2n1Cc1cc(-c2ccc(Cl)s2)on1)N1CCN(Cc2ccncc2)CC1,O=C(N1CCN(Cc2ccncc2)CC1)[*:1],5.93,3.205,2.8,0.93,-0.03,0.85,0.93,0.8505292469985967,0.8450479644555835
CC(C)N1CCC(NC(=O)c2cc3c([*:1])cccc3n2Cc2cc(-c3ccc(Cl)s3)on2)CC1,CPD_132,CC(C)N1CCC(NC(=O)c2cc3c(C(F)(F)F)cccc3n2Cc2cc(-c3ccc(Cl)s3)on2)CC1,FC(F)(F)[*:1],7.82,2.572,90.0,CPD_186,Cc1oc(=O)oc1COC(=O)c1cccc2c1cc(C(=O)NC1CCN(C(C)C)CC1)n2Cc1cc(-c2ccc(Cl)s2)on1,Cc1oc(=O)oc1COC(=O)[*:1],8.75,3.186,9.7,0.93,0.61,-0.97,0.93,1.1458621208504973,0.6662549159463916
Clc1ccc(-c2cc(Cn3c([*:1])nc4ccccc43)no2)s1,CPD_421,Cc1ccc(=O)n(-c2ccc(NC(=O)c3nc4ccccc4n3Cc3cc(-c4ccc(Cl)s4)on3)cc2)n1,Cc1ccc(=O)n(-c2ccc(NC(=O)[*:1])cc2)n1,5.0,3.824,0.3,CPD_978,O=C(c1nc2ccccc2n1Cc1cc(-c2ccc(Cl)s2)on1)N1CCN(Cc2ccncc2)CC1,O=C(N1CCN(Cc2ccncc2)CC1)[*:1],5.93,3.205,2.8,0.93,-0.62,0.97,0.93,1.1512167476196653,0.6637088812846759
Clc1ccc(-c2cc(Cn3c([*:1])nc4ccccc43)no2)s1,CPD_458,O=C(Nc1ccc(-n2ncccc2=O)cc1)c1nc2ccccc2n1Cc1cc(-c2ccc(Cl)s2)on1,O=C(Nc1ccc(-n2ncccc2=O)cc1)[*:1],5.0,4.288,0.2,CPD_978,O=C(c1nc2ccccc2n1Cc1cc(-c2ccc(Cl)s2)on1)N1CCN(Cc2ccncc2)CC1,O=C(N1CCN(Cc2ccncc2)CC1)[*:1],5.93,3.205,2.8,0.93,-1.08,1.15,0.93,1.577624796965362,0.5088571798457744
CC(C)N1CCC(NC(=O)c2cc3cc([*:1])ccc3n2Cc2cc(-c3ccc(Cl)s3)on2)CC1,CPD_344,CC(C)N1CCC(NC(=O)c2cc3cc(C(=O)N4CC(O)C4)ccc3n2Cc2cc(-c3ccc(Cl)s3)on2)CC1,O=C(N1CC(O)C1)[*:1],7.23,-1.036,6400.0,CPD_364,CC(C)N1CCC(NC(=O)c2cc3cc(C(=O)OCCN4CCNC4=O)ccc3n2Cc2cc(-c3ccc(Cl)s3)on2)CC1,O=C1NCCN1CCOC(=O)[*:1],8.16,1.632,44.0,0.93,2.67,-2.16,0.93,3.4343121582057736,0.25242160817689824
CC(C)N1CCC(NC(=O)c2nc3c(O)nccc3n2[*:1])CC1,CPD_835,CC(C)N1CCC(NC(=O)c2nc3c(O)nccc3n2CC(=O)Nc2ccc(Cl)cn2)CC1,O=C(C[*:1])Nc1ccc(Cl)cn1,7.36,0.654,1100.0,CPD_884,CC(C)N1CCC(NC(=O)c2nc3c(O)nccc3n2Cc2cc(-c3ccc(Cl)s3)on2)CC1,Clc1ccc(-c2cc(C[*:1])no2)s1,8.28,1.471,100.0,0.93,0.82,-1.04,0.93,1.3243866504914643,0.590706228174438
CC(C)N1CCC(NC(=O)c2cc3c([*:1])cccc3n2Cc2cc(-c3ccc(Cl)s3)on2)CC1,CPD_39,CC(C)N1CCC(NC(=O)c2cc3c(Br)cccc3n2Cc2cc(-c3ccc(Cl)s3)on2)CC1,Br[*:1],7.82,2.781,71.0,CPD_186,Cc1oc(=O)oc1COC(=O)c1cccc2c1cc(C(=O)NC1CCN(C(C)C)CC1)n2Cc1cc(-c2ccc(Cl)s2)on1,Cc1oc(=O)oc1COC(=O)[*:1],8.75,3.186,9.7,0.93,0.4,-0.86,0.93,0.94847245611035,0.7759877961804152
Clc1ccc(-c2cc(Cn3c([*:1])cc4ccccc43)no2)s1,CPD_43,O=C(c1cc2ccccc2n1Cc1cc(-c2ccc(Cl)s2)on1)N1CCC(Oc2ccncc2)CC1,O=C(N1CCC(Oc2ccncc2)CC1)[*:1],5.53,3.739,1.1,CPD_180,CC(C)CN1CC(NC(=O)c2cc3ccccc3n2Cc2cc(-c3ccc(Cl)s3)on2)C1,CC(C)CN1CC(NC(=O)[*:1])C1,6.46,2.966,47.0,0.93,-0.77,1.63,0.93,1.8027201668589607,0.45305736993029644
CC(C)N1CCC(NC(=O)c2cc3cc([*:1])ccc3n2Cc2cc(-c3ccc(Cl)s3)on2)CC1,CPD_162,CC(OC(=O)c1ccc2c(c1)cc(C(=O)NC1CCN(C(C)C)CC1)n2Cc1cc(-c2ccc(Cl)s2)on1)OC(=O)C(C)(C)C,CC(OC(=O)C(C)(C)C)OC(=O)[*:1],7.04,3.499,26.0,CPD_194,Cc1oc(=O)oc1COC(=O)c1ccc2c(c1)cc(C(=O)NC1CCN(C(C)C)CC1)n2Cc1cc(-c2ccc(Cl)s2)on1,Cc1oc(=O)oc1COC(=O)[*:1],7.96,3.174,10.0,0.92,-0.33,-0.41,0.92,0.5263078946776306,1.185096797684943
CC(C)N1CCC(NC(=O)c2nc3c([*:1])cccc3n2Cc2cc(-c3ccc(Cl)s3)on2)CC1,CPD_333,CC(C)N1CCC(NC(=O)c2nc3c(C(=O)O)cccc3n2Cc2cc(-c3ccc(Cl)s3)on2)CC1,O=C(O)[*:1],8.44,2.191,0.6,CPD_434,CC(C)N1CCC(NC(=O)c2nc3c(C(=O)NCC(O)CCl)cccc3n2Cc2cc(-c3ccc(Cl)s3)on2)CC1,O=C(NCC(O)CCl)[*:1],9.36,1.992,49.0,0.92,-0.2,1.91,0.92,1.920442657305862,0.42387666723339396
CC(C)N1CCC(NC(=O)c2cc3cc([*:1])ccc3n2Cc2cc(-c3ccc(Cl)s3)on2)CC1,CPD_162,CC(OC(=O)c1ccc2c(c1)cc(C(=O)NC1CCN(C(C)C)CC1)n2Cc1cc(-c2ccc(Cl)s2)on1)OC(=O)C(C)(C)C,CC(OC(=O)C(C)(C)C)OC(=O)[*:1],7.04,3.499,26.0,CPD_171,CCOC(=O)c1ccc2c(c1)cc(C(=O)NC1CCN(C(C)C)CC1)n2Cc1cc(-c2ccc(Cl)s2)on1,CCOC(=O)[*:1],7.96,2.492,130.0,0.92,-1.01,0.7,0.92,1.2288612614937457,0.6221002767161136
Clc1ccc(-c2cc(Cn3c([*:1])nc4ccccc43)no2)s1,CPD_557,O=C(Nc1ccc(N2CCS(=O)(=O)CC2)cc1)c1nc2ccccc2n1Cc1cc(-c2ccc(Cl)s2)on1,O=C(Nc1ccc(N2CCS(=O)(=O)CC2)cc1)[*:1],5.0,3.236,0.4,CPD_979,CCN(CC)C(=O)N1CCN(C(=O)c2nc3ccccc3n2Cc2cc(-c3ccc(Cl)s3)on2)CC1,CCN(CC)C(=O)N1CCN(C(=O)[*:1])CC1,5.92,4.096,0.6,0.92,0.86,0.18,0.92,0.8786353054595518,0.8151437364662265
Clc1ccc(-c2cc(Cn3c([*:1])nc4ccccc43)no2)s1,CPD_421,Cc1ccc(=O)n(-c2ccc(NC(=O)c3nc4ccccc4n3Cc3cc(-c4ccc(Cl)s4)on3)cc2)n1,Cc1ccc(=O)n(-c2ccc(NC(=O)[*:1])cc2)n1,5.0,3.824,0.3,CPD_979,CCN(CC)C(=O)N1CCN(C(=O)c2nc3ccccc3n2Cc2cc(-c3ccc(Cl)s3)on2)CC1,CCN(CC)C(=O)N1CCN(C(=O)[*:1])CC1,5.92,4.096,0.6,0.92,0.27,0.3,0.92,0.40360872141221127,1.4075699571636895
Clc1ccc(-c2cc(Cn3c([*:1])nc4ccccc43)no2)s1,CPD_458,O=C(Nc1ccc(-n2ncccc2=O)cc1)c1nc2ccccc2n1Cc1cc(-c2ccc(Cl)s2)on1,O=C(Nc1ccc(-n2ncccc2=O)cc1)[*:1],5.0,4.288,0.2,CPD_979,CCN(CC)C(=O)N1CCN(C(=O)c2nc3ccccc3n2Cc2cc(-c3ccc(Cl)s3)on2)CC1,CCN(CC)C(=O)N1CCN(C(=O)[*:1])CC1,5.92,4.096,0.6,0.92,-0.19,0.48,0.92,0.5162363799656122,1.2006738704331534
CC(C)N1CCC(NC(=O)c2cc3cc([*:1])ccc3n2CC(=O)Nc2ccc(Cl)cn2)CC1,CPD_393,CC(C)N1CCC(NC(=O)c2cc3cc(C(=O)N4CCCOCC4)ccc3n2CC(=O)Nc2ccc(Cl)cn2)CC1,O=C(N1CCCOCC1)[*:1],7.64,-0.942,58000.0,CPD_865,CC(C)N1CCC(NC(=O)c2cc3cc(OCCOCCO)ccc3n2CC(=O)Nc2ccc(Cl)cn2)CC1,OCCOCCO[*:1],8.55,-0.117,77000.0,0.92,0.82,0.12,0.92,0.8287339742040264,0.8528516038246106
CC(C)N1CCC(NC(=O)c2cc3cc([*:1])ccc3n2Cc2cc(-c3ccc(Cl)s3)on2)CC1,CPD_167,CCOC(=O)OC(C)OC(=O)c1ccc2c(c1)cc(C(=O)NC1CCN(C(C)C)CC1)n2Cc1cc(-c2ccc(Cl)s2)on1,CCOC(=O)OC(C)OC(=O)[*:1],7.38,2.914,58.0,CPD_181,CC(C)N1CCC(NC(=O)c2cc3cc(OCC(=O)O)ccc3n2Cc2cc(-c3ccc(Cl)s3)on2)CC1,O=C(O)CO[*:1],8.3,0.774,4.7,0.92,-2.14,-1.09,0.92,2.4016036309099804,0.34695985073918206
CC(C)N1CCC(NC(=O)c2nc3ccc([*:1])cc3n2CC(=O)Nc2ccc(Cl)cn2)CC1,CPD_387,CC(OC(=O)OC1CCCCC1)OC(=O)c1ccc2nc(C(=O)NC3CCN(C(C)C)CC3)n(CC(=O)Nc3ccc(Cl)cn3)c2c1,CC(OC(=O)OC1CCCCC1)OC(=O)[*:1],6.06,4.788,4.3,CPD_790,CC(C)N1CCC(NC(=O)c2nc3ccc(OCCO)cc3n2CC(=O)Nc2ccc(Cl)cn2)CC1,OCCO[*:1],6.98,1.282,760.0,0.92,-3.51,2.25,0.92,4.169244535884169,0.20818037846279386
O=C(N[*:1])c1cc2ccccc2n1Cc1cc(-c2ccc(Cl)s2)on1,CPD_18,COC(=O)N1CCC(NC(=O)c2cc3ccccc3n2Cc2cc(-c3ccc(Cl)s3)on2)CC1,COC(=O)N1CCC([*:1])CC1,5.75,3.257,1.6,CPD_73,CCC(CC)N1CCC(NC(=O)c2cc3ccccc3n2Cc2cc(-c3ccc(Cl)s3)on2)CC1,CCC(CC)N1CCC([*:1])CC1,6.66,3.315,49.0,0.91,0.06,1.49,0.91,1.4912075643584968,0.5226258021313307
CC(C)N1CCC(NC(=O)c2nc3c(C(=O)N4CC(O)C4)cccc3n2[*:1])CC1,CPD_527,CC(C)N1CCC(NC(=O)c2nc3c(C(=O)N4CC(O)C4)cccc3n2CCc2ccc(Cl)cc2)CC1,Clc1ccc(CC[*:1])cc1,6.89,0.47,1100.0,CPD_756,CC(C)N1CCC(NC(=O)c2nc3c(C(=O)N4CC(O)C4)cccc3n2Cc2cc3ccc(Cl)cc3s2)CC1,Clc1ccc2cc(C[*:1])sc2c1,7.8,2.225,35.0,0.91,1.76,-1.5,0.91,2.3124878378058553,0.3551236367151669
O=C(N[*:1])c1cc2ccccc2n1Cc1cc(-c2ccc(Cl)s2)on1,CPD_63,CC(C)N1CC[C@H](NC(=O)c2cc3ccccc3n2Cc2cc(-c3ccc(Cl)s3)on2)C1,CC(C)N1CC[C@H]([*:1])C1,6.99,1.909,390.0,CPD_178,O=C(NC1CN(c2ccncc2)C1)c1cc2ccccc2n1Cc1cc(-c2ccc(Cl)s2)on1,c1cc(N2CC([*:1])C2)ccn1,7.9,1.282,330.0,0.91,-0.63,-0.07,0.91,0.6338769596696192,1.0295550642480207
CC(C)N1CCC(NC(=O)c2cc3cc([*:1])ccc3n2Cc2cc(-c3ccc(Cl)s3)on2)CC1,CPD_368,CC(C)N1CCC(NC(=O)c2cc3cc(C(=O)NCCN4CCNC4=O)ccc3n2Cc2cc(-c3ccc(Cl)s3)on2)CC1,O=C1NCCN1CCNC(=O)[*:1],7.32,0.289,190.0,CPD_404,CC(C)N1CCC(NC(=O)c2cc3cc(C(=O)OCCO)ccc3n2Cc2cc(-c3ccc(Cl)s3)on2)CC1,O=C(OCCO)[*:1],8.24,0.885,1400.0,0.91,0.6,0.87,0.91,1.0568348972285122,0.6963389192696758
CC(C)N1CCC(NC(=O)c2cc3cc([*:1])ccc3n2CC(=O)Nc2ccc(Cl)cn2)CC1,CPD_332,CC(OC(=O)OC1CCCCC1)OC(=O)c1ccc2c(c1)cc(C(=O)NC1CCN(C(C)C)CC1)n2CC(=O)Nc1ccc(Cl)cn1,CC(OC(=O)OC1CCCCC1)OC(=O)[*:1],7.48,3.475,140.0,CPD_743,COCCOc1ccc2c(c1)cc(C(=O)NC1CCN(C(C)C)CC1)n2CC(=O)Nc1ccc(Cl)cn1,COCCO[*:1],8.39,0.599,20000.0,0.91,-2.88,2.15,0.91,3.594008903717407,0.2367320219055608
COc1cccc(Cn2c(C(=O)NC3CCN(C(C)C)CC3)cc3c([*:1])cccc32)c1,CPD_680,COc1cccc(Cn2c(C(=O)NC3CCN(C(C)C)CC3)cc3c(C(=O)N4CCC(F)(F)CC4)cccc32)c1,O=C(N1CCC(F)(F)CC1)[*:1],6.83,-0.127,22000.0,CPD_908,COc1cccc(Cn2c(C(=O)NC3CCN(C(C)C)CC3)cc3c(OCCO)cccc32)c1,OCCO[*:1],7.74,0.186,65000.0,0.91,0.31,0.47,0.91,0.5630275304103699,1.1192732914476882
Clc1ccc(-c2cc(Cn3c([*:1])cc4ccccc43)no2)s1,CPD_22,NC(=O)N1CCC(NC(=O)c2cc3ccccc3n2Cc2cc(-c3ccc(Cl)s3)on2)CC1,NC(=O)N1CCC(NC(=O)[*:1])CC1,5.97,1.914,8.7,CPD_23,CS(=O)(=O)N1CCC(NC(=O)c2cc3ccccc3n2Cc2cc(-c3ccc(Cl)s3)on2)CC1,CS(=O)(=O)N1CCC(NC(=O)[*:1])CC1,6.87,3.257,1.1,0.9,1.34,-0.9,0.9,1.614187101918486,0.4827841578100103
FC(F)(F)c1cccc2c1cc([*:1])n2Cc1cc(-c2ccc(Cl)s2)on1,CPD_124,CCOC(=O)CN(C(=O)c1cc2c(C(F)(F)F)cccc2n1Cc1cc(-c2ccc(Cl)s2)on1)C1CCN(C(C)C)CC1,CCOC(=O)CN(C(=O)[*:1])C1CCN(C(C)C)CC1,6.92,3.361,120.0,CPD_132,CC(C)N1CCC(NC(=O)c2cc3c(C(F)(F)F)cccc3n2Cc2cc(-c3ccc(Cl)s3)on2)CC1,CC(C)N1CCC(NC(=O)[*:1])CC1,7.82,2.572,90.0,0.9,-0.79,-0.12,0.9,0.7990619500389191,0.8579092969358111
Clc1ccc(-c2cc(Cn3c([*:1])cc4ccccc43)no2)s1,CPD_18,COC(=O)N1CCC(NC(=O)c2cc3ccccc3n2Cc2cc(-c3ccc(Cl)s3)on2)CC1,COC(=O)N1CCC(NC(=O)[*:1])CC1,5.75,3.257,1.6,CPD_177,CC(C)N1CC(NC(=O)c2cc3ccccc3n2Cc2cc(-c3ccc(Cl)s3)on2)C1,CC(C)N1CC(NC(=O)[*:1])C1,6.65,2.16,190.0,0.9,-1.1,2.07,0.9,2.344120304079976,0.3469384201590418
O=C(N[*:1])c1cc2ccccc2n1Cc1cc(-c2ccc(Cl)s2)on1,CPD_58,CCN1CC[C@@H](NC(=O)c2cc3ccccc3n2Cc2cc(-c3ccc(Cl)s3)on2)C1,CCN1CC[C@@H]([*:1])C1,7.0,1.624,680.0,CPD_178,O=C(NC1CN(c2ccncc2)C1)c1cc2ccccc2n1Cc1cc(-c2ccc(Cl)s2)on1,c1cc(N2CC([*:1])C2)ccn1,7.9,1.282,330.0,0.9,-0.34,-0.31,0.9,0.46010868281309364,1.267411625548152
CC(C)N1CCC(NC(=O)c2nc3c([*:1])cccc3n2Cc2cc3ccc(Cl)cc3s2)CC1,CPD_766,CC(C)N1CCC(NC(=O)c2nc3c(C(=O)N4CCN(C)CC4)cccc3n2Cc2cc3ccc(Cl)cc3s2)CC1,CN1CCN(C(=O)[*:1])CC1,7.87,3.286,13.0,CPD_769,CC(C)N1CCC(NC(=O)c2nc3c(C(=O)NCCO)cccc3n2Cc2cc3ccc(Cl)cc3s2)CC1,O=C(NCCO)[*:1],8.77,3.391,14.0,0.9,0.1,0.03,0.9,0.1044030650891055,2.539481422864439
Clc1ccc(-c2cc(Cn3c([*:1])cc4ccccc43)no2)s1,CPD_19,CC(=O)N1CCC(NC(=O)c2cc3ccccc3n2Cc2cc(-c3ccc(Cl)s3)on2)CC1,CC(=O)N1CCC(NC(=O)[*:1])CC1,6.12,3.157,3.8,CPD_31,O=C(NC1CCN(c2ccncn2)CC1)c1cc2ccccc2n1Cc1cc(-c2ccc(Cl)s2)on1,O=C(NC1CCN(c2ccncn2)CC1)[*:1],7.01,3.217,2.8,0.89,0.06,-0.13,0.89,0.14317821063276354,2.263604584210487
O=C(Nc1ccc([*:1])cc1)c1nc2ccccc2n1Cc1cc(-c2ccc(Cl)s2)on1,CPD_438,CCN1CCN(c2ccc(NC(=O)c3nc4ccccc4n3Cc3cc(-c4ccc(Cl)s4)on3)cc2)C(=O)C1=O,CCN1CCN([*:1])C(=O)C1=O,5.96,3.038,0.7,CPD_605,O=C(Nc1ccc(N2CCNCC2=O)cc1)c1nc2ccccc2n1Cc1cc(-c2ccc(Cl)s2)on1,O=C1CNCCN1[*:1],6.85,3.407,0.8,0.89,0.37,0.06,0.89,0.3748332962798262,1.4243799190903252
CC(C)N1CCC(NC(=O)c2cc3cc([*:1])ccc3n2CC(=O)Nc2ccc(Cl)cn2)CC1,CPD_345,CC(C)N1CCC(NC(=O)c2cc3cc(C(=O)N(C)CCO)ccc3n2CC(=O)Nc2ccc(Cl)cn2)CC1,CN(CCO)C(=O)[*:1],7.5,-1.408,1040000.0,CPD_743,COCCOc1ccc2c(c1)cc(C(=O)NC1CCN(C(C)C)CC1)n2CC(=O)Nc1ccc(Cl)cn1,COCCO[*:1],8.39,0.599,20000.0,0.89,2.01,-1.72,0.89,2.6454678225221335,0.3073769264770328
Clc1ccc(-c2cc(Cn3c([*:1])cc4ccccc43)no2)s1,CPD_19,CC(=O)N1CCC(NC(=O)c2cc3ccccc3n2Cc2cc(-c3ccc(Cl)s3)on2)CC1,CC(=O)N1CCC(NC(=O)[*:1])CC1,6.12,3.157,3.8,CPD_58,CCN1CC[C@@H](NC(=O)c2cc3ccccc3n2Cc2cc(-c3ccc(Cl)s3)on2)C1,CCN1CC[C@@H](NC(=O)[*:1])C1,7.0,1.624,680.0,0.89,-1.53,2.25,0.89,2.7209189624095753,0.2995706080377777
Clc1ccc(-c2cc(Cn3c([*:1])cc4ccccc43)no2)s1,CPD_31,O=C(NC1CCN(c2ccncn2)CC1)c1cc2ccccc2n1Cc1cc(-c2ccc(Cl)s2)on1,O=C(NC1CCN(c2ccncn2)CC1)[*:1],7.01,3.217,2.8,CPD_178,O=C(NC1CN(c2ccncc2)C1)c1cc2ccccc2n1Cc1cc(-c2ccc(Cl)s2)on1,O=C(NC1CN(c2ccncc2)C1)[*:1],7.9,1.282,330.0,0.89,-1.94,2.07,0.89,2.8369878392407677,0.28830693425047377
CC(C)N1CCC(NC(=O)c2nc3cc([*:1])ccc3n2CC(=O)Nc2ccc(Cl)cn2)CC1,CPD_341,CC(C)N1CCC(NC(=O)c2nc3cc(C(=O)O)ccc3n2CC(=O)Nc2ccc(Cl)cn2)CC1,O=C(O)[*:1],7.65,1.376,1.9,CPD_876,CC(C)N1CCC(NC(=O)c2nc3cc(OCc4nn[nH]n4)ccc3n2CC(=O)Nc2ccc(Cl)cn2)CC1,C(O[*:1])c1nn[nH]n1,8.54,0.205,12.0,0.89,-1.17,0.8,0.89,1.4173566946961516,0.5337790065143727
O=C(Nc1ccc(-n2ccncc2=O)cc1)c1nc2ccccc2n1C[*:1],CPD_598,O=C(Cn1c(C(=O)Nc2ccc(-n3ccncc3=O)cc2)nc2ccccc21)Nc1ccc(Cl)cn1,O=C(Nc1ccc(Cl)cn1)[*:1],7.83,3.118,2.9,CPD_606,O=C(Nc1ccc(-n2ccncc2=O)cc1)c1nc2ccccc2n1Cc1cc(-c2ccc(Cl)s2)on1,Clc1ccc(-c2cc([*:1])no2)s1,8.71,3.934,0.3,0.88,0.82,-0.99,0.88,1.285496013218244,0.5731047117182735
COc1cccc(Cn2c(C(=O)NC3CCN(C(C)C)CC3)cc3c([*:1])cccc32)c1,CPD_522,COc1cccc(Cn2c(C(=O)NC3CCN(C(C)C)CC3)cc3c(C(=O)N4CC(OC)C4)cccc32)c1,COC1CN(C(=O)[*:1])C1,6.86,-1.147,91000.0,CPD_908,COc1cccc(Cn2c(C(=O)NC3CCN(C(C)C)CC3)cc3c(OCCO)cccc32)c1,OCCO[*:1],7.74,0.186,65000.0,0.88,1.33,-0.15,0.88,1.33843191832831,0.5540054879570322
CC(C)N1CCC(NC(=O)c2nc3cc([*:1])ccc3n2CC(=O)Nc2ccc(Cl)cn2)CC1,CPD_444,CC(C)N1CCC(NC(=O)c2nc3cc(S(=O)(=O)CCO)ccc3n2CC(=O)Nc2ccc(Cl)cn2)CC1,O=S(=O)(CCO)[*:1],7.15,0.282,890.0,CPD_785,CC(C)N1CCC(NC(=O)c2nc3cc(OCCO)ccc3n2CC(=O)Nc2ccc(Cl)cn2)CC1,OCCO[*:1],8.03,1.28,760.0,0.88,1.0,-0.07,0.88,1.0024470060806208,0.7026245387849599
O=C(N[*:1])c1cc2ccccc2n1Cc1cc(-c2ccc(Cl)s2)on1,CPD_19,CC(=O)N1CCC(NC(=O)c2cc3ccccc3n2Cc2cc(-c3ccc(Cl)s3)on2)CC1,CC(=O)N1CCC([*:1])CC1,6.12,3.157,3.8,CPD_63,CC(C)N1CC[C@H](NC(=O)c2cc3ccccc3n2Cc2cc(-c3ccc(Cl)s3)on2)C1,CC(C)N1CC[C@H]([*:1])C1,6.99,1.909,390.0,0.88,-1.25,2.01,0.88,2.3669811997563475,0.3362653121397784
Clc1ccc(-c2cc(Cn3c([*:1])cc4ccccc43)no2)s1,CPD_204,CC(C)N1CC(CNC(=O)c2cc3ccccc3n2Cc2cc(-c3ccc(Cl)s3)on2)C1,CC(C)N1CC(CNC(=O)[*:1])C1,6.08,1.854,360.0,CPD_208,O=C(NC1CN(c2cc[n+]([O-])cc2)C1)c1cc2ccccc2n1Cc1cc(-c2ccc(Cl)s2)on1,O=C(NC1CN(c2cc[n+]([O-])cc2)C1)[*:1],6.96,1.058,17.0,0.88,-0.8,-1.33,0.88,1.552063143045411,0.4883291705932329
CC(C)N1CCC(NC(=O)c2cc3cc([*:1])ccc3n2Cc2cc(-c3ccc(Cl)s3)on2)CC1,CPD_342,CC(C)N1CCC(NC(=O)c2cc3cc(C(=O)N(C)CCO)ccc3n2Cc2cc(-c3ccc(Cl)s3)on2)CC1,CN(CCO)C(=O)[*:1],6.73,-0.441,32000.0,CPD_503,CC(C)ONC(=O)c1ccc2c(c1)cc(C(=O)NC1CCN(C(C)C)CC1)n2Cc1cc(-c2ccc(Cl)s2)on1,CC(C)ONC(=O)[*:1],7.61,2.516,57.0,0.88,2.96,-2.75,0.88,4.040309394093478,0.20511341238268432
CC(C)N1CCC(NC(=O)c2cc3c([*:1])cccc3n2Cc2cc(-c3ccc(Cl)s3)on2)CC1,CPD_132,CC(C)N1CCC(NC(=O)c2cc3c(C(F)(F)F)cccc3n2Cc2cc(-c3ccc(Cl)s3)on2)CC1,FC(F)(F)[*:1],7.82,2.572,90.0,CPD_154,CC(C)N1CCC(NC(=O)c2cc3c(CO)cccc3n2Cc2cc(-c3ccc(Cl)s3)on2)CC1,OC[*:1],8.7,0.769,2500.0,0.88,-1.8,1.44,0.88,2.3051247254758254,0.34440588798894073
CC(C)N1CCC(NC(=O)c2cc3c(C(=O)OC[*:1])cccc3n2Cc2cc(-c3ccc(Cl)s3)on2)CC1,CPD_155,CC(C)N1CCC(NC(=O)c2cc3c(C(=O)OCOC(=O)C(C)(C)C)cccc3n2Cc2cc(-c3ccc(Cl)s3)on2)CC1,CC(C)(C)C(=O)O[*:1],7.88,3.166,45.0,CPD_186,Cc1oc(=O)oc1COC(=O)c1cccc2c1cc(C(=O)NC1CCN(C(C)C)CC1)n2Cc1cc(-c2ccc(Cl)s2)on1,Cc1oc(=O)oc1[*:1],8.75,3.186,9.7,0.87,0.02,-0.67,0.87,0.6702984409947558,0.9453455110275011
CC(C)N1CCC(NC(=O)c2cc3cc(C(=O)O[*:1])ccc3n2CC(=O)Nc2ccc(Cl)cn2)CC1,CPD_332,CC(OC(=O)OC1CCCCC1)OC(=O)c1ccc2c(c1)cc(C(=O)NC1CCN(C(C)C)CC1)n2CC(=O)Nc1ccc(Cl)cn1,CC(OC(=O)OC1CCCCC1)[*:1],7.48,3.475,140.0,CPD_359,CC(C)N1CCC(NC(=O)c2cc3cc(C(=O)OCC(=O)O)ccc3n2CC(=O)Nc2ccc(Cl)cn2)CC1,O=C(O)C[*:1],8.35,0.3,9.7,0.87,-3.18,-1.16,0.87,3.384966764977169,0.23934194072485954
CC(C)N1CCC(NC(=O)c2cc3cc([*:1])ccc3n2Cc2cc(-c3ccc(Cl)s3)on2)CC1,CPD_373,CC(C)N1CCC(NC(=O)c2cc3cc(C(=O)N4CCCC4CO)ccc3n2Cc2cc(-c3ccc(Cl)s3)on2)CC1,O=C(N1CCCC1CO)[*:1],6.98,-0.415,2900.0,CPD_877,CC(C)N1CCC(NC(=O)c2cc3cc(OC(C)(C)C(=O)O)ccc3n2Cc2cc(-c3ccc(Cl)s3)on2)CC1,CC(C)(O[*:1])C(=O)O,7.85,1.472,1.6,0.87,1.89,-3.26,0.87,3.7682489302061772,0.21651222089801195
O=C(Cn1c([*:1])nc2ccccc21)Nc1ccc(Cl)cn1,CPD_985,O=C(Cn1c(C(=O)N2CCN(CC(=O)N3CCCC3)CC2)nc2ccccc21)Nc1ccc(Cl)cn1,O=C(CN1CCN(C(=O)[*:1])CC1)N1CCCC1,5.2,2.775,6.7,CPD_988,O=C(Cn1c(C(=O)N2CCC(Nc3ccncc3)CC2)nc2ccccc21)Nc1ccc(Cl)cn1,O=C(N1CCC(Nc2ccncc2)CC1)[*:1],6.07,2.834,31.0,0.87,0.06,0.67,0.87,0.6726812023536856,0.9429042206351446
CC(C)N1CCC(NC(=O)c2cc3c([*:1])cccc3n2Cc2cc(-c3ccc(Cl)s3)on2)CC1,CPD_39,CC(C)N1CCC(NC(=O)c2cc3c(Br)cccc3n2Cc2cc(-c3ccc(Cl)s3)on2)CC1,Br[*:1],7.82,2.781,71.0,CPD_154,CC(C)N1CCC(NC(=O)c2cc3c(CO)cccc3n2Cc2cc(-c3ccc(Cl)s3)on2)CC1,OC[*:1],8.7,0.769,2500.0,0.87,-2.01,1.55,0.87,2.5382277281599457,0.3120261631477803
CC(C)N1CCC(NC(=O)c2nc3cc([*:1])ccc3n2CC(=O)Nc2ccc(Cl)cn2)CC1,CPD_547,CC(C)N1CCC(NC(=O)c2nc3cc(C(=O)N4CCCOCC4)ccc3n2CC(=O)Nc2ccc(Cl)cn2)CC1,O=C(N1CCCOCC1)[*:1],7.28,0.367,1100.0,CPD_900,CC(C)N1CCC(NC(=O)c2nc3cc(O)ccc3n2CC(=O)Nc2ccc(Cl)cn2)CC1,O[*:1],8.14,1.553,42.0,0.87,1.19,-1.42,0.87,1.8527007313648904,0.41375360127224176
O=C(O)c1ccc2c(c1)cc(C(=O)N[*:1])n2Cc1cc(-c2ccc(Cl)s2)on1,CPD_264,O=C(O)c1ccc2c(c1)cc(C(=O)NC1CCN(c3ccncc3F)CC1)n2Cc1cc(-c2ccc(Cl)s2)on1,Fc1cnccc1N1CCC([*:1])CC1,6.15,1.713,1.2,CPD_695,O=C(O)c1ccc2c(c1)cc(C(=O)NC1CCN(C3CC3)CC1)n2Cc1cc(-c2ccc(Cl)s2)on1,C1CC1N1CCC([*:1])CC1,7.01,0.814,12.0,0.86,-0.9,1.0,0.86,1.3453624047073711,0.539062470986174
CC(C)N1CCC(NC(=O)c2cc3ccccc3n2CC(=O)N[*:1])CC1,CPD_856,CC(C)N1CCC(NC(=O)c2cc3ccccc3n2CC(=O)Nc2ccc(I)cc2)CC1,Ic1ccc([*:1])cc1,7.64,2.023,2600.0,CPD_860,CC(C)N1CCC(NC(=O)c2cc3ccccc3n2CC(=O)Nc2ccc(Br)cc2)CC1,Brc1ccc([*:1])cc1,8.5,1.599,3500.0,0.86,-0.42,0.13,0.86,0.43965895873961214,1.2469931537925572
CC(C)N1CCC(NC(=O)c2cc3cc(C(=O)O[*:1])ccc3n2Cc2cc(-c3ccc(Cl)s3)on2)CC1,CPD_167,CCOC(=O)OC(C)OC(=O)c1ccc2c(c1)cc(C(=O)NC1CCN(C(C)C)CC1)n2Cc1cc(-c2ccc(Cl)s2)on1,CCOC(=O)OC(C)[*:1],7.38,2.914,58.0,CPD_404,CC(C)N1CCC(NC(=O)c2cc3cc(C(=O)OCCO)ccc3n2Cc2cc(-c3ccc(Cl)s3)on2)CC1,OCC[*:1],8.24,0.885,1400.0,0.86,-2.03,1.38,0.86,2.4546486510293075,0.31797106055631663
CC(C)N1CCC(NC(=O)c2nc3ccc([*:1])cc3n2CC(=O)Nc2ccc(Cl)cn2)CC1,CPD_450,CC(C)N1CCC(NC(=O)c2nc3ccc(S(=O)(=O)CCO)cc3n2CC(=O)Nc2ccc(Cl)cn2)CC1,O=S(=O)(CCO)[*:1],6.65,0.285,880.0,CPD_880,CC(C)N1CCC(NC(=O)c2nc3ccc(OCc4nn[nH]n4)cc3n2CC(=O)Nc2ccc(Cl)cn2)CC1,C(O[*:1])c1nn[nH]n1,7.51,0.205,12.0,0.86,-0.08,-1.87,0.86,1.871710447692164,0.4053333483536563
CC(C)N1CCC(NC(=O)c2nc3cc([*:1])ccc3n2Cc2cc(-c3ccc(Cl)s3)on2)CC1,CPD_347,CC(C)N1CCC(NC(=O)c2nc3cc(S(=O)(=O)CCO)ccc3n2Cc2cc(-c3ccc(Cl)s3)on2)CC1,O=S(=O)(CCO)[*:1],7.59,1.099,90.0,CPD_420,CC(C)N1CCC(NC(=O)c2nc3cc(C(=O)OCCO)ccc3n2Cc2cc(-c3ccc(Cl)s3)on2)CC1,O=C(OCCO)[*:1],8.45,2.045,56.0,0.86,0.95,-0.21,0.86,0.9729337079164233,0.7032269978601108
CC(C)N1CCC(NC(=O)c2cc3cc([*:1])ccc3n2CC(=O)Nc2ccc(Cl)cn2)CC1,CPD_345,CC(C)N1CCC(NC(=O)c2cc3cc(C(=O)N(C)CCO)ccc3n2CC(=O)Nc2ccc(Cl)cn2)CC1,CN(CCO)C(=O)[*:1],7.5,-1.408,1040000.0,CPD_359,CC(C)N1CCC(NC(=O)c2cc3cc(C(=O)OCC(=O)O)ccc3n2CC(=O)Nc2ccc(Cl)cn2)CC1,O=C(O)COC(=O)[*:1],8.35,0.3,9.7,0.85,1.71,-5.03,0.85,5.312720583655798,0.15280292928921183
CC(C)N1CCC(NC(=O)c2cc3cc([*:1])ccc3n2Cc2cc(-c3ccc(Cl)s3)on2)CC1,CPD_342,CC(C)N1CCC(NC(=O)c2cc3cc(C(=O)N(C)CCO)ccc3n2Cc2cc(-c3ccc(Cl)s3)on2)CC1,CN(CCO)C(=O)[*:1],6.73,-0.441,32000.0,CPD_365,CC(C)N1CCC(NC(=O)c2cc3cc(C(=O)OC4CCOC4)ccc3n2Cc2cc(-c3ccc(Cl)s3)on2)CC1,O=C(OC1CCOC1)[*:1],7.58,1.734,120.0,0.85,2.17,-2.43,0.85,3.257882748043582,0.2423114057828935
CC(C)N1CCC(NC(=O)c2cc3cc([*:1])ccc3n2Cc2cc(-c3ccc(Cl)s3)on2)CC1,CPD_213,CC(OC(=O)OC1CCCCC1)OC(=O)c1ccc2c(c1)cc(C(=O)NC1CCN(C(C)C)CC1)n2Cc1cc(-c2ccc(Cl)s2)on1,CC(OC(=O)OC1CCCCC1)OC(=O)[*:1],6.77,4.442,4.4,CPD_503,CC(C)ONC(=O)c1ccc2c(c1)cc(C(=O)NC1CCN(C(C)C)CC1)n2Cc1cc(-c2ccc(Cl)s2)on1,CC(C)ONC(=O)[*:1],7.61,2.516,57.0,0.85,-1.93,1.11,0.85,2.2264321233758735,0.34323573498201904
CC(C)N1CCC(NC(=O)c2cc3cc([*:1])ccc3n2Cc2cc(-c3ccc(Cl)s3)on2)CC1,CPD_117,CC(C)N1CCC(NC(=O)c2cc3cc(C(=O)OCOC(=O)C(C)(C)C)ccc3n2Cc2cc(-c3ccc(Cl)s3)on2)CC1,CC(C)(C)C(=O)OCOC(=O)[*:1],7.45,3.152,47.0,CPD_181,CC(C)N1CCC(NC(=O)c2cc3cc(OCC(=O)O)ccc3n2Cc2cc(-c3ccc(Cl)s3)on2)CC1,O=C(O)CO[*:1],8.3,0.774,4.7,0.84,-2.38,-1.0,0.84,2.5815499220429574,0.2966573160023757
O=C(N[*:1])c1cc2ccccc2n1Cc1cc(-c2ccc(Cl)s2)on1,CPD_19,CC(=O)N1CCC(NC(=O)c2cc3ccccc3n2Cc2cc(-c3ccc(Cl)s3)on2)CC1,CC(=O)N1CCC([*:1])CC1,6.12,3.157,3.8,CPD_208,O=C(NC1CN(c2cc[n+]([O-])cc2)C1)c1cc2ccccc2n1Cc1cc(-c2ccc(Cl)s2)on1,[O-][n+]1ccc(N2CC([*:1])C2)cc1,6.96,1.058,17.0,0.84,-2.1,0.65,0.84,2.198294793698061,0.34309593851286607
CC(C)N1CCC(NC(=O)c2nc3cc(O[*:1])ccc3n2CC(=O)Nc2ccc(Cl)cn2)CC1,CPD_836,CC(C)N1CCC(NC(=O)c2nc3cc(OCCN4CCOCC4)ccc3n2CC(=O)Nc2ccc(Cl)cn2)CC1,C1CN(CC[*:1])CCO1,7.7,1.561,370.0,CPD_876,CC(C)N1CCC(NC(=O)c2nc3cc(OCc4nn[nH]n4)ccc3n2CC(=O)Nc2ccc(Cl)cn2)CC1,C(c1nn[nH]n1)[*:1],8.54,0.205,12.0,0.84,-1.36,-1.49,0.84,2.0173497465734593,0.3704765889203697
CC(C)N1CCC(NC(=O)c2cc3cc([*:1])ccc3n2CC(=O)Nc2ccc(Cl)cn2)CC1,CPD_393,CC(C)N1CCC(NC(=O)c2cc3cc(C(=O)N4CCCOCC4)ccc3n2CC(=O)Nc2ccc(Cl)cn2)CC1,O=C(N1CCCOCC1)[*:1],7.64,-0.942,58000.0,CPD_681,COCCOCCOc1ccc2c(c1)cc(C(=O)NC1CCN(C(C)C)CC1)n2CC(=O)Nc1ccc(Cl)cn1,COCCOCCO[*:1],8.47,0.241,36000.0,0.84,1.18,-0.21,0.84,1.1985407794480754,0.5798939263001334
CC(C)N1CCC(NC(=O)c2cc3cc([*:1])ccc3n2CC(=O)Nc2ccc(Cl)cn2)CC1,CPD_393,CC(C)N1CCC(NC(=O)c2cc3cc(C(=O)N4CCCOCC4)ccc3n2CC(=O)Nc2ccc(Cl)cn2)CC1,O=C(N1CCCOCC1)[*:1],7.64,-0.942,58000.0,CPD_843,CC(C)N1CCC(NC(=O)c2cc3cc(OC(C)(C)C(=O)O)ccc3n2CC(=O)Nc2ccc(Cl)cn2)CC1,CC(C)(O[*:1])C(=O)O,8.47,0.506,7.1,0.83,1.45,-3.91,0.83,4.170203831948745,0.18777414607010917
CC(C)N1CCC(NC(=O)c2cc3cc(C(=O)N4CC(O)C4)ccc3n2[*:1])CC1,CPD_344,CC(C)N1CCC(NC(=O)c2cc3cc(C(=O)N4CC(O)C4)ccc3n2Cc2cc(-c3ccc(Cl)s3)on2)CC1,Clc1ccc(-c2cc(C[*:1])no2)s1,7.23,-1.036,6400.0,CPD_408,CC(C)N1CCC(NC(=O)c2cc3cc(C(=O)N4CC(O)C4)ccc3n2CC(=O)Nc2ccc(Cl)cn2)CC1,O=C(C[*:1])Nc1ccc(Cl)cn1,8.06,-2.004,210000.0,0.83,-0.97,1.52,0.83,1.8031361568112376,0.404259599270361
Clc1ccc(-c2cc(Cn3c([*:1])cc4ccccc43)no2)s1,CPD_43,O=C(c1cc2ccccc2n1Cc1cc(-c2ccc(Cl)s2)on1)N1CCC(Oc2ccncc2)CC1,O=C(N1CCC(Oc2ccncc2)CC1)[*:1],5.53,3.739,1.1,CPD_211,O=C(NCC1CN(c2ccncc2)C1)c1cc2ccccc2n1Cc1cc(-c2ccc(Cl)s2)on1,O=C(NCC1CN(c2ccncc2)C1)[*:1],6.35,1.589,190.0,0.83,-2.15,2.24,0.83,3.104851043125902,0.2474029366223791
CC(C)N1CCC(NC(=O)c2cc3cc([*:1])ccc3n2CC(=O)Nc2ccc(Cl)cn2)CC1,CPD_170,CC(C)N1CCC(NC(=O)c2cc3cc(S(C)(=O)=O)ccc3n2CC(=O)Nc2ccc(Cl)cn2)CC1,CS(=O)(=O)[*:1],7.72,-0.686,15000.0,CPD_865,CC(C)N1CCC(NC(=O)c2cc3cc(OCCOCCO)ccc3n2CC(=O)Nc2ccc(Cl)cn2)CC1,OCCOCCO[*:1],8.55,-0.117,77000.0,0.83,0.57,0.71,0.83,0.910494371207203,0.71521243066142
CC(C)N1CCC(NC(=O)c2nc3cc([*:1])ccc3n2CC(=O)Nc2ccc(Cl)cn2)CC1,CPD_547,CC(C)N1CCC(NC(=O)c2nc3cc(C(=O)N4CCCOCC4)ccc3n2CC(=O)Nc2ccc(Cl)cn2)CC1,O=C(N1CCCOCC1)[*:1],7.28,0.367,1100.0,CPD_942,CCOCC(O)COc1ccc2c(c1)nc(C(=O)NC1CCN(C(C)C)CC1)n2CC(=O)Nc1ccc(Cl)cn1,CCOCC(O)CO[*:1],8.1,1.877,390.0,0.83,1.51,-0.45,0.83,1.5756268593801008,0.454638359276676
Clc1ccc(-c2cc(Cn3c([*:1])nc4ccccc43)no2)s1,CPD_987,NC(=O)N1CCN(C(=O)c2nc3ccccc3n2Cc2cc(-c3ccc(Cl)s3)on2)CC1,NC(=O)N1CCN(C(=O)[*:1])CC1,4.68,1.327,15.0,CPD_990,O=C(NC1CCN(c2ccccc2)CC1)c1nc2ccccc2n1Cc1cc(-c2ccc(Cl)s2)on1,O=C(NC1CCN(c2ccccc2)CC1)[*:1],5.51,5.578,0.1,0.83,4.25,-2.18,0.83,4.776494530510844,0.16512501803431723
CC(C)N1CCC(NC(=O)c2nc3cc([*:1])ccc3n2CC(=O)Nc2ccc(Cl)cn2)CC1,CPD_319,COC(=O)c1ccc2c(c1)nc(C(=O)NC1CCN(C(C)C)CC1)n2CC(=O)Nc1ccc(Cl)cn1,COC(=O)[*:1],7.72,2.303,160.0,CPD_876,CC(C)N1CCC(NC(=O)c2nc3cc(OCc4nn[nH]n4)ccc3n2CC(=O)Nc2ccc(Cl)cn2)CC1,C(O[*:1])c1nn[nH]n1,8.54,0.205,12.0,0.82,-2.1,-1.12,0.82,2.38,0.311787072243346
CC(C)N1CCC(NC(=O)c2nc3ccc([*:1])cc3n2CC(=O)Nc2ccc(Cl)cn2)CC1,CPD_399,CCOC(=O)OC(C)OC(=O)c1ccc2nc(C(=O)NC3CCN(C(C)C)CC3)n(CC(=O)Nc3ccc(Cl)cn3)c2c1,CCOC(=O)OC(C)OC(=O)[*:1],6.16,3.259,33.0,CPD_790,CC(C)N1CCC(NC(=O)c2nc3ccc(OCCO)cc3n2CC(=O)Nc2ccc(Cl)cn2)CC1,OCCO[*:1],6.98,1.282,760.0,0.82,-1.98,1.36,0.82,2.4020824298928627,0.3091909929938059
CC(C)N1CCC(NC(=O)c2cc3cc([*:1])ccc3n2Cc2cc(-c3ccc(Cl)s3)on2)CC1,CPD_162,CC(OC(=O)c1ccc2c(c1)cc(C(=O)NC1CCN(C(C)C)CC1)n2Cc1cc(-c2ccc(Cl)s2)on1)OC(=O)C(C)(C)C,CC(OC(=O)C(C)(C)C)OC(=O)[*:1],7.04,3.499,26.0,CPD_361,CC(C)N1CCC(NC(=O)c2cc3cc(C(=O)OCC4COC(=O)O4)ccc3n2Cc2cc(-c3ccc(Cl)s3)on2)CC1,O=C1OCC(COC(=O)[*:1])O1,7.86,1.042,660.0,0.82,-2.46,1.4,0.82,2.830476991604065,0.2661925416858932
CC(C)N1CCC(NC(=O)c2cc3cc(C(=O)O[*:1])ccc3n2Cc2cc(-c3ccc(Cl)s3)on2)CC1,CPD_213,CC(OC(=O)OC1CCCCC1)OC(=O)c1ccc2c(c1)cc(C(=O)NC1CCN(C(C)C)CC1)n2Cc1cc(-c2ccc(Cl)s2)on1,CC(OC(=O)OC1CCCCC1)[*:1],6.77,4.442,4.4,CPD_365,CC(C)N1CCC(NC(=O)c2cc3cc(C(=O)OC4CCOC4)ccc3n2Cc2cc(-c3ccc(Cl)s3)on2)CC1,C1CC([*:1])CO1,7.58,1.734,120.0,0.82,-2.71,1.44,0.82,3.0688271375233893,0.24707523652826013
CC(C)N1CCC(NC(=O)c2cc3cc([*:1])ccc3n2Cc2cc(-c3ccc(Cl)s3)on2)CC1,CPD_162,CC(OC(=O)c1ccc2c(c1)cc(C(=O)NC1CCN(C(C)C)CC1)n2Cc1cc(-c2ccc(Cl)s2)on1)OC(=O)C(C)(C)C,CC(OC(=O)C(C)(C)C)OC(=O)[*:1],7.04,3.499,26.0,CPD_877,CC(C)N1CCC(NC(=O)c2cc3cc(OC(C)(C)C(=O)O)ccc3n2Cc2cc(-c3ccc(Cl)s3)on2)CC1,CC(C)(O[*:1])C(=O)O,7.85,1.472,1.6,0.82,-2.03,-1.21,0.82,2.3632604596192945,0.31378426018792605
CC(C)N1CCC(NC(=O)c2cc3cc([*:1])ccc3n2Cc2cc(-c3ccc(Cl)s3)on2)CC1,CPD_99,CC(C)OC(=O)c1ccc2c(c1)cc(C(=O)NC1CCN(C(C)C)CC1)n2Cc1cc(-c2ccc(Cl)s2)on1,CC(C)OC(=O)[*:1],7.47,2.832,69.0,CPD_112,COC(=O)c1ccc2c(c1)cc(C(=O)NC1CCN(C(C)C)CC1)n2Cc1cc(-c2ccc(Cl)s2)on1,COC(=O)[*:1],8.29,1.96,260.0,0.82,-0.87,0.58,0.82,1.0456098698845568,0.6329065709209707
CC(C)N1CCC(NC(=O)c2nc3cc([*:1])ccc3n2CC(=O)Nc2ccc(Cl)cn2)CC1,CPD_397,CCOC(=O)OC(C)OC(=O)c1ccc2c(c1)nc(C(=O)NC1CCN(C(C)C)CC1)n2CC(=O)Nc1ccc(Cl)cn1,CCOC(=O)OC(C)OC(=O)[*:1],7.72,3.257,33.0,CPD_876,CC(C)N1CCC(NC(=O)c2nc3cc(OCc4nn[nH]n4)ccc3n2CC(=O)Nc2ccc(Cl)cn2)CC1,C(O[*:1])c1nn[nH]n1,8.54,0.205,12.0,0.82,-3.05,-0.44,0.82,3.0815742729974884,0.24612988719661005
CC(C)N1CCC(NC(=O)c2cc3cc([*:1])ccc3n2Cc2cc(-c3ccc(Cl)s3)on2)CC1,CPD_99,CC(C)OC(=O)c1ccc2c(c1)cc(C(=O)NC1CCN(C(C)C)CC1)n2Cc1cc(-c2ccc(Cl)s2)on1,CC(C)OC(=O)[*:1],7.47,2.832,69.0,CPD_181,CC(C)N1CCC(NC(=O)c2cc3cc(OCC(=O)O)ccc3n2Cc2cc(-c3ccc(Cl)s3)on2)CC1,O=C(O)CO[*:1],8.3,0.774,4.7,0.82,-2.06,-1.17,0.82,2.369071548096427,0.31308804854758016
COc1cccc(Cn2c(C(=O)NC3CCN(C(C)C)CC3)cc3c([*:1])cccc32)c1,CPD_523,COc1cccc(Cn2c(C(=O)NC3CCN(C(C)C)CC3)cc3c(C(=O)N4CC(O)C4)cccc32)c1,O=C(N1CC(O)C1)[*:1],6.92,-1.784,250000.0,CPD_908,COc1cccc(Cn2c(C(=O)NC3CCN(C(C)C)CC3)cc3c(OCCO)cccc32)c1,OCCO[*:1],7.74,0.186,65000.0,0.82,1.97,-0.59,0.82,2.0564532574313477,0.3555242220313704
CC(C)N1CCC(NC(=O)c2cc3cc(OC[*:1])ccc3n2Cc2cc(-c3ccc(Cl)s3)on2)CC1,CPD_179,CC(C)OC(=O)COc1ccc2c(c1)cc(C(=O)NC1CCN(C(C)C)CC1)n2Cc1cc(-c2ccc(Cl)s2)on1,CC(C)OC(=O)[*:1],7.48,2.057,140.0,CPD_181,CC(C)N1CCC(NC(=O)c2cc3cc(OCC(=O)O)ccc3n2Cc2cc(-c3ccc(Cl)s3)on2)CC1,O=C(O)[*:1],8.3,0.774,4.7,0.81,-1.28,-1.47,0.81,1.9491793144808407,0.36831921556665626
COc1cccc(Cn2c(C(=O)NC3CCN(C(C)C)CC3)cc3c([*:1])cccc32)c1,CPD_524,COc1cccc(Cn2c(C(=O)NC3CCN(C(C)C)CC3)cc3c(C(=O)N(C)CCO)cccc32)c1,CN(CCO)C(=O)[*:1],6.8,-1.188,1270000.0,CPD_904,COCCOc1cccc2c1cc(C(=O)NC1CCN(C(C)C)CC1)n2Cc1cccc(OC)c1,COCCO[*:1],7.61,0.826,23000.0,0.81,2.01,-1.74,0.81,2.6585146228674383,0.27849266894915575
CC(C)N1CCC(NC(=O)c2cc3cc([*:1])ccc3n2Cc2cc(-c3ccc(Cl)s3)on2)CC1,CPD_344,CC(C)N1CCC(NC(=O)c2cc3cc(C(=O)N4CC(O)C4)ccc3n2Cc2cc(-c3ccc(Cl)s3)on2)CC1,O=C(N1CC(O)C1)[*:1],7.23,-1.036,6400.0,CPD_363,CC(C)N1CCC(NC(=O)c2cc3cc(C(=O)OCCN4CCCC4=O)ccc3n2Cc2cc(-c3ccc(Cl)s3)on2)CC1,O=C1CCCN1CCOC(=O)[*:1],8.03,1.653,110.0,0.8,2.69,-1.76,0.8,3.2146072855016055,0.23090640123853926
O=C(Cn1c(C(=O)Nc2ccc([*:1])cc2)nc2ccccc21)Nc1ccc(Cl)cn1,CPD_530,O=C(Cn1c(=O)ccn(-c2ccc(NC(=O)c3nc4ccccc4n3CC(=O)Nc3ccc(Cl)cn3)cc2)c1=O)Nc1ccc(Cl)cn1,O=C(Cn1c(=O)ccn([*:1])c1=O)Nc1ccc(Cl)cn1,6.75,4.229,0.2,CPD_531,O=C(Cn1c(C(=O)Nc2ccc(-n3ccc(=O)[nH]c3=O)cc2)nc2ccccc21)Nc1ccc(Cl)cn1,O=c1ccn([*:1])c(=O)[nH]1,7.54,2.869,2.6,0.79,-1.36,1.11,0.79,1.7554771431152274,0.393921218554925
O=C(Nc1ccc([*:1])cc1)c1nc2ccccc2n1Cc1cc(-c2ccc(Cl)s2)on1,CPD_457,O=C(Nc1ccc(-n2ccc(=O)cc2)cc1)c1nc2ccccc2n1Cc1cc(-c2ccc(Cl)s2)on1,O=c1ccn([*:1])cc1,7.92,3.915,0.4,CPD_606,O=C(Nc1ccc(-n2ccncc2=O)cc1)c1nc2ccccc2n1Cc1cc(-c2ccc(Cl)s2)on1,O=c1cnccn1[*:1],8.71,3.934,0.3,0.79,0.02,-0.12,0.79,0.1216552506059644,2.1256258285385354
CC(C)N1CCC(NC(=O)c2cc3cc([*:1])ccc3n2Cc2cc(-c3ccc(Cl)s3)on2)CC1,CPD_117,CC(C)N1CCC(NC(=O)c2cc3cc(C(=O)OCOC(=O)C(C)(C)C)ccc3n2Cc2cc(-c3ccc(Cl)s3)on2)CC1,CC(C)(C)C(=O)OCOC(=O)[*:1],7.45,3.152,47.0,CPD_404,CC(C)N1CCC(NC(=O)c2cc3cc(C(=O)OCCO)ccc3n2Cc2cc(-c3ccc(Cl)s3)on2)CC1,O=C(OCCO)[*:1],8.24,0.885,1400.0,0.79,-2.27,1.47,0.79,2.7044038160008577,0.26739743420361556
O=C(N[*:1])c1cc2ccccc2n1Cc1cc(-c2ccc(Cl)s2)on1,CPD_22,NC(=O)N1CCC(NC(=O)c2cc3ccccc3n2Cc2cc(-c3ccc(Cl)s3)on2)CC1,NC(=O)N1CCC([*:1])CC1,5.97,1.914,8.7,CPD_57,CCN1CC[C@H](NC(=O)c2cc3ccccc3n2Cc2cc(-c3ccc(Cl)s3)on2)C1,CCN1CC[C@H]([*:1])C1,6.76,1.624,680.0,0.79,-0.29,1.89,0.79,1.9121192431435858,0.3653822528545602
CC(C)N1CCC(NC(=O)c2cc3cc([*:1])ccc3n2Cc2cc(-c3ccc(Cl)s3)on2)CC1,CPD_117,CC(C)N1CCC(NC(=O)c2cc3cc(C(=O)OCOC(=O)C(C)(C)C)ccc3n2Cc2cc(-c3ccc(Cl)s3)on2)CC1,CC(C)(C)C(=O)OCOC(=O)[*:1],7.45,3.152,47.0,CPD_158,CC(C)N1CCC(NC(=O)c2cc3cc(-c4noc(O)n4)ccc3n2Cc2cc(-c3ccc(Cl)s3)on2)CC1,Oc1nc([*:1])no1,8.24,0.316,300.0,0.79,-2.84,0.81,0.79,2.953252444339969,0.24662433377547294
CC(C)N1CCC(NC(=O)c2nc3c([*:1])cccc3n2Cc2cc(-c3ccc(Cl)s3)on2)CC1,CPD_392,CC(C)N1CCC(NC(=O)c2nc3c(C(=O)OCC(=O)O)cccc3n2Cc2cc(-c3ccc(Cl)s3)on2)CC1,O=C(O)COC(=O)[*:1],8.57,2.129,0.6,CPD_434,CC(C)N1CCC(NC(=O)c2nc3c(C(=O)NCC(O)CCl)cccc3n2Cc2cc(-c3ccc(Cl)s3)on2)CC1,O=C(NCC(O)CCl)[*:1],9.36,1.992,49.0,0.79,-0.14,1.91,0.79,1.9151240168720145,0.3648751728971739
CC(C)N1CCC(NC(=O)c2cc3c([*:1])cccc3n2Cc2cc(-c3ccc(Cl)s3)on2)CC1,CPD_161,CC(OC(=O)c1cccc2c1cc(C(=O)NC1CCN(C(C)C)CC1)n2Cc1cc(-c2ccc(Cl)s2)on1)OC(=O)C(C)(C)C,CC(OC(=O)C(C)(C)C)OC(=O)[*:1],7.78,3.512,26.0,CPD_182,CC(C)N1CCC(NC(=O)c2cc3c(-c4nnc(O)o4)cccc3n2Cc2cc(-c3ccc(Cl)s3)on2)CC1,Oc1nnc([*:1])o1,8.57,0.305,310.0,0.79,-3.21,1.08,0.79,3.3868126608951963,0.21722317690280551
CC(C)N1CCC(NC(=O)c2cc3cc([*:1])ccc3n2CC(=O)Nc2ccc(Cl)cn2)CC1,CPD_374,CC(C)OC(=O)OC(C)OC(=O)c1ccc2c(c1)cc(C(=O)NC1CCN(C(C)C)CC1)n2CC(=O)Nc1ccc(Cl)cn1,CC(C)OC(=O)OC(C)OC(=O)[*:1],7.77,2.294,1000.0,CPD_865,CC(C)N1CCC(NC(=O)c2cc3cc(OCCOCCO)ccc3n2CC(=O)Nc2ccc(Cl)cn2)CC1,OCCOCCO[*:1],8.55,-0.117,77000.0,0.79,-2.41,1.89,0.79,3.0627112172060884,0.2384753599700366
CC(C)N1CCC(NC(=O)c2nc3cc([*:1])ccc3n2CC(=O)Nc2ccc(Cl)cn2)CC1,CPD_444,CC(C)N1CCC(NC(=O)c2nc3cc(S(=O)(=O)CCO)ccc3n2CC(=O)Nc2ccc(Cl)cn2)CC1,O=S(=O)(CCO)[*:1],7.15,0.282,890.0,CPD_926,COCCOc1ccc2c(c1)nc(C(=O)NC1CCN(C(C)C)CC1)n2CC(=O)Nc1ccc(Cl)cn1,COCCO[*:1],7.93,1.91,390.0,0.78,1.63,-0.36,0.78,1.6692812824685956,0.40640212934122794
CC(C)N1CCC(NC(=O)c2cc3cc([*:1])ccc3n2Cc2cc(-c3ccc(Cl)s3)on2)CC1,CPD_167,CCOC(=O)OC(C)OC(=O)c1ccc2c(c1)cc(C(=O)NC1CCN(C(C)C)CC1)n2Cc1cc(-c2ccc(Cl)s2)on1,CCOC(=O)OC(C)OC(=O)[*:1],7.38,2.914,58.0,CPD_364,CC(C)N1CCC(NC(=O)c2cc3cc(C(=O)OCCN4CCNC4=O)ccc3n2Cc2cc(-c3ccc(Cl)s3)on2)CC1,O=C1NCCN1CCOC(=O)[*:1],8.16,1.632,44.0,0.78,-1.28,-0.12,0.78,1.2856126943990558,0.5079405782753339
COc1cccc(Cn2c(C(=O)NC3CCN(C(C)C)CC3)cc3c([*:1])cccc32)c1,CPD_680,COc1cccc(Cn2c(C(=O)NC3CCN(C(C)C)CC3)cc3c(C(=O)N4CCC(F)(F)CC4)cccc32)c1,O=C(N1CCC(F)(F)CC1)[*:1],6.83,-0.127,22000.0,CPD_904,COCCOc1cccc2c1cc(C(=O)NC1CCN(C(C)C)CC1)n2Cc1cccc(OC)c1,COCCO[*:1],7.61,0.826,23000.0,0.78,0.95,0.02,0.78,0.9502105029939418,0.6498859975431636
Clc1ccc(-c2cc(Cn3c([*:1])cc4ccccc43)no2)s1,CPD_25,O=C(NC1CCN(CC(F)(F)F)CC1)c1cc2ccccc2n1Cc1cc(-c2ccc(Cl)s2)on1,O=C(NC1CCN(CC(F)(F)F)CC1)[*:1],5.99,4.567,1.3,CPD_57,CCN1CC[C@H](NC(=O)c2cc3ccccc3n2Cc2cc(-c3ccc(Cl)s3)on2)C1,CCN1CC[C@H](NC(=O)[*:1])C1,6.76,1.624,680.0,0.77,-2.94,2.72,0.77,4.005246559202067,0.18095308680406721
CC(C)N1CCC(NC(=O)c2cc3cc([*:1])ccc3n2Cc2cc(-c3ccc(Cl)s3)on2)CC1,CPD_99,CC(C)OC(=O)c1ccc2c(c1)cc(C(=O)NC1CCN(C(C)C)CC1)n2Cc1cc(-c2ccc(Cl)s2)on1,CC(C)OC(=O)[*:1],7.47,2.832,69.0,CPD_158,CC(C)N1CCC(NC(=O)c2cc3cc(-c4noc(O)n4)ccc3n2Cc2cc(-c3ccc(Cl)s3)on2)CC1,Oc1nc([*:1])no1,8.24,0.316,300.0,0.77,-2.52,0.64,0.77,2.6,0.27017543859649124
CC(C)N1CCC(NC(=O)c2cc3cc(C(=O)N(C)CCO)ccc3n2[*:1])CC1,CPD_342,CC(C)N1CCC(NC(=O)c2cc3cc(C(=O)N(C)CCO)ccc3n2Cc2cc(-c3ccc(Cl)s3)on2)CC1,Clc1ccc(-c2cc(C[*:1])no2)s1,6.73,-0.441,32000.0,CPD_345,CC(C)N1CCC(NC(=O)c2cc3cc(C(=O)N(C)CCO)ccc3n2CC(=O)Nc2ccc(Cl)cn2)CC1,O=C(C[*:1])Nc1ccc(Cl)cn1,7.5,-1.408,1040000.0,0.77,-0.97,1.51,0.77,1.7947144619688113,0.37658069834287944
CC(C)N1CCC(NC(=O)c2cc3cc([*:1])ccc3n2CC(=O)Nc2ccc(Cl)cn2)CC1,CPD_393,CC(C)N1CCC(NC(=O)c2cc3cc(C(=O)N4CCCOCC4)ccc3n2CC(=O)Nc2ccc(Cl)cn2)CC1,O=C(N1CCCOCC1)[*:1],7.64,-0.942,58000.0,CPD_743,COCCOc1ccc2c(c1)cc(C(=O)NC1CCN(C(C)C)CC1)n2CC(=O)Nc1ccc(Cl)cn1,COCCO[*:1],8.39,0.599,20000.0,0.76,1.54,-0.46,0.76,1.6072336482291552,0.4092107639362709
CC(C)N1CCC(NC(=O)c2cc3cc([*:1])ccc3n2Cc2cc(-c3ccc(Cl)s3)on2)CC1,CPD_99,CC(C)OC(=O)c1ccc2c(c1)cc(C(=O)NC1CCN(C(C)C)CC1)n2Cc1cc(-c2ccc(Cl)s2)on1,CC(C)OC(=O)[*:1],7.47,2.832,69.0,CPD_404,CC(C)N1CCC(NC(=O)c2cc3cc(C(=O)OCCO)ccc3n2Cc2cc(-c3ccc(Cl)s3)on2)CC1,O=C(OCCO)[*:1],8.24,0.885,1400.0,0.76,-1.95,1.31,0.76,2.349170066214875,0.2924010282662167
O=C(Cn1c([*:1])nc2ccccc21)Nc1ccc(Cl)cn1,CPD_982,NC(=O)N1CCN(C(=O)c2nc3ccccc3n2CC(=O)Nc2ccc(Cl)cn2)CC1,NC(=O)N1CCN(C(=O)[*:1])CC1,4.87,0.511,160.0,CPD_991,CCN(CC)C(=O)N1CCN(C(=O)c2nc3ccccc3n2CC(=O)Nc2ccc(Cl)cn2)CC1,CCN(CC)C(=O)N1CCN(C(=O)[*:1])CC1,5.63,3.28,6.5,0.76,2.77,-1.39,0.76,3.099193443462347,0.22692030568838184
O=C(N[*:1])c1cc2ccccc2n1Cc1cc(-c2ccc(Cl)s2)on1,CPD_19,CC(=O)N1CCC(NC(=O)c2cc3ccccc3n2Cc2cc(-c3ccc(Cl)s3)on2)CC1,CC(=O)N1CCC([*:1])CC1,6.12,3.157,3.8,CPD_23,CS(=O)(=O)N1CCC(NC(=O)c2cc3ccccc3n2Cc2cc(-c3ccc(Cl)s3)on2)CC1,CS(=O)(=O)N1CCC([*:1])CC1,6.87,3.257,1.1,0.76,0.1,-0.54,0.76,0.5491812087098392,0.9509733108301038
CC(C)N1CCC(NC(=O)c2nc3ccc([*:1])cc3n2CC(=O)Nc2ccc(Cl)cn2)CC1,CPD_376,CC(C)N1CCC(NC(=O)c2nc3ccc(C(=O)N4CC(O)C4)cc3n2CC(=O)Nc2ccc(Cl)cn2)CC1,O=C(N1CC(O)C1)[*:1],5.89,-0.693,3300.0,CPD_450,CC(C)N1CCC(NC(=O)c2nc3ccc(S(=O)(=O)CCO)cc3n2CC(=O)Nc2ccc(Cl)cn2)CC1,O=S(=O)(CCO)[*:1],6.65,0.285,880.0,0.76,0.98,-0.57,0.76,1.1337107214805724,0.549247749693519
Clc1ccc(-c2cc(Cn3c([*:1])cc4ccccc43)no2)s1,CPD_27,O=CN1CCC(NC(=O)c2cc3ccccc3n2Cc2cc(-c3ccc(Cl)s3)on2)CC1,O=CN1CCC(NC(=O)[*:1])CC1,5.69,2.671,2.4,CPD_180,CC(C)CN1CC(NC(=O)c2cc3ccccc3n2Cc2cc(-c3ccc(Cl)s3)on2)C1,CC(C)CN1CC(NC(=O)[*:1])C1,6.46,2.966,47.0,0.76,0.3,1.29,0.76,1.324424403278647,0.4827160951121847
CC(C)N1CCC(NC(=O)c2nc3cc([*:1])ccc3n2CC(=O)Nc2ccc(Cl)cn2)CC1,CPD_547,CC(C)N1CCC(NC(=O)c2nc3cc(C(=O)N4CCCOCC4)ccc3n2CC(=O)Nc2ccc(Cl)cn2)CC1,O=C(N1CCCOCC1)[*:1],7.28,0.367,1100.0,CPD_785,CC(C)N1CCC(NC(=O)c2nc3cc(OCCO)ccc3n2CC(=O)Nc2ccc(Cl)cn2)CC1,OCCO[*:1],8.03,1.28,760.0,0.76,0.91,-0.16,0.76,0.9239588735436226,0.6473821333331057
CC(C)N1CCC(NC(=O)c2nc3c([*:1])cccc3n2CC(=O)Nc2ccc(Cl)cn2)CC1,CPD_350,CC(OC(=O)OC1CCCCC1)OC(=O)c1cccc2c1nc(C(=O)NC1CCN(C(C)C)CC1)n2CC(=O)Nc1ccc(Cl)cn1,CC(OC(=O)OC1CCCCC1)OC(=O)[*:1],7.7,4.799,4.2,CPD_694,CCOCCOc1cccc2c1nc(C(=O)NC1CCN(C(C)C)CC1)n2CC(=O)Nc1ccc(Cl)cn1,CCOCCO[*:1],8.46,2.454,200.0,0.76,-2.35,1.68,0.76,2.8887540566825693,0.2421342947791404
CC(C)N1CCC(NC(=O)c2cc3cc([*:1])ccc3n2CC(=O)Nc2ccc(Cl)cc2)CC1,CPD_149,CC(C)N1CCC(NC(=O)c2cc3cc(S(C)(=O)=O)ccc3n2CC(=O)Nc2ccc(Cl)cc2)CC1,CS(=O)(=O)[*:1],7.64,-0.315,4100.0,CPD_169,CC(C)N1CCC(NC(=O)c2cc3cc(C(=O)O)ccc3n2CC(=O)Nc2ccc(Cl)cc2)CC1,O=C(O)[*:1],8.4,0.738,14.0,0.76,1.05,-2.47,0.76,2.683915050816624,0.2590395382403666
COc1cccc(Cn2c(C(=O)NC3CCN(C(C)C)CC3)cc3c([*:1])cccc32)c1,CPD_522,COc1cccc(Cn2c(C(=O)NC3CCN(C(C)C)CC3)cc3c(C(=O)N4CC(OC)C4)cccc32)c1,COC1CN(C(=O)[*:1])C1,6.86,-1.147,91000.0,CPD_904,COCCOc1cccc2c1cc(C(=O)NC1CCN(C(C)C)CC1)n2Cc1cccc(OC)c1,COCCO[*:1],7.61,0.826,23000.0,0.75,1.97,-0.6,0.75,2.0593445559206454,0.3247674748565202
CC(C)N1CCC(NC(=O)c2cc3cc(C(=O)O[*:1])ccc3n2Cc2cc(-c3ccc(Cl)s3)on2)CC1,CPD_162,CC(OC(=O)c1ccc2c(c1)cc(C(=O)NC1CCN(C(C)C)CC1)n2Cc1cc(-c2ccc(Cl)s2)on1)OC(=O)C(C)(C)C,CC(OC(=O)C(C)(C)C)[*:1],7.04,3.499,26.0,CPD_366,CC(C)N1CCC(NC(=O)c2cc3cc(C(=O)OCCN4CCOCC4)ccc3n2Cc2cc(-c3ccc(Cl)s3)on2)CC1,C1CN(CC[*:1])CCO1,7.79,1.706,740.0,0.75,-1.79,1.45,0.75,2.3036058690670154,0.29370233248798877
CC(C)N1CCC(NC(=O)c2cc3cc([*:1])ccc3n2CC(=O)Nc2ccc(Cl)cn2)CC1,CPD_170,CC(C)N1CCC(NC(=O)c2cc3cc(S(C)(=O)=O)ccc3n2CC(=O)Nc2ccc(Cl)cn2)CC1,CS(=O)(=O)[*:1],7.72,-0.686,15000.0,CPD_843,CC(C)N1CCC(NC(=O)c2cc3cc(OC(C)(C)C(=O)O)ccc3n2CC(=O)Nc2ccc(Cl)cn2)CC1,CC(C)(O[*:1])C(=O)O,8.47,0.506,7.1,0.75,1.19,-3.32,0.75,3.5268257683078135,0.19857945428497578
O=C(c1nc2ccccc2n1Cc1cc(-c2ccc(Cl)s2)on1)N1CCN([*:1])CC1,CPD_976,O=C(CN1CCN(C(=O)c2nc3ccccc3n2Cc2cc(-c3ccc(Cl)s3)on2)CC1)N1CCCC1,O=C(C[*:1])N1CCCC1,5.18,3.591,0.7,CPD_978,O=C(c1nc2ccccc2n1Cc1cc(-c2ccc(Cl)s2)on1)N1CCN(Cc2ccncc2)CC1,c1cc(C[*:1])ccn1,5.93,3.205,2.8,0.75,-0.39,0.6,0.75,0.7156116265125938,0.7767097862198517
CC(C)N1CCC(NC(=O)c2nc3c([*:1])cccc3n2CC(=O)Nc2ccc(Cl)cn2)CC1,CPD_609,CC(C)N1CCC(NC(=O)c2nc3c(C(=O)N4CCOCC4)cccc3n2CC(=O)Nc2ccc(Cl)cn2)CC1,O=C(N1CCOCC1)[*:1],7.71,-0.016,1600.0,CPD_694,CCOCCOc1cccc2c1nc(C(=O)NC1CCN(C(C)C)CC1)n2CC(=O)Nc1ccc(Cl)cn1,CCOCCO[*:1],8.46,2.454,200.0,0.75,2.47,-0.9,0.75,2.6288590681130097,0.26051987341346255
CC(C)N1CCC(NC(=O)c2cc3cc([*:1])ccc3n2Cc2cc(-c3ccc(Cl)s3)on2)CC1,CPD_179,CC(C)OC(=O)COc1ccc2c(c1)cc(C(=O)NC1CCN(C(C)C)CC1)n2Cc1cc(-c2ccc(Cl)s2)on1,CC(C)OC(=O)CO[*:1],7.48,2.057,140.0,CPD_404,CC(C)N1CCC(NC(=O)c2cc3cc(C(=O)OCCO)ccc3n2Cc2cc(-c3ccc(Cl)s3)on2)CC1,O=C(OCCO)[*:1],8.24,0.885,1400.0,0.75,-1.17,1.0,0.75,1.5391231269784753,0.4191997681381619
CC(C)N1CCC(NC(=O)c2cc3cc([*:1])ccc3n2Cc2cc(-c3ccc(Cl)s3)on2)CC1,CPD_252,CC(C)N1CCC(NC(=O)c2cc3cc(C(=O)NCCO)ccc3n2Cc2cc(-c3ccc(Cl)s3)on2)CC1,O=C(NCCO)[*:1],7.49,0.126,4400.0,CPD_404,CC(C)N1CCC(NC(=O)c2cc3cc(C(=O)OCCO)ccc3n2Cc2cc(-c3ccc(Cl)s3)on2)CC1,O=C(OCCO)[*:1],8.24,0.885,1400.0,0.75,0.76,-0.5,0.75,0.9097252332435327,0.646704907767154
CC(C)N1CCC(NC(=O)c2cc3c([*:1])cccc3n2Cc2cc(-c3ccc(Cl)s3)on2)CC1,CPD_132,CC(C)N1CCC(NC(=O)c2cc3c(C(F)(F)F)cccc3n2Cc2cc(-c3ccc(Cl)s3)on2)CC1,FC(F)(F)[*:1],7.82,2.572,90.0,CPD_182,CC(C)N1CCC(NC(=O)c2cc3c(-c4nnc(O)o4)cccc3n2Cc2cc(-c3ccc(Cl)s3)on2)CC1,Oc1nnc([*:1])o1,8.57,0.305,310.0,0.75,-2.27,0.54,0.75,2.3333452380648687,0.2903212427626629
CC(C)N1CCC(NC(=O)c2cc3cc([*:1])ccc3n2Cc2cc(-c3ccc(Cl)s3)on2)CC1,CPD_162,CC(OC(=O)c1ccc2c(c1)cc(C(=O)NC1CCN(C(C)C)CC1)n2Cc1cc(-c2ccc(Cl)s2)on1)OC(=O)C(C)(C)C,CC(OC(=O)C(C)(C)C)OC(=O)[*:1],7.04,3.499,26.0,CPD_259,CCOC(=O)COc1ccc2c(c1)cc(C(=O)NC1CCN(C(C)C)CC1)n2Cc1cc(-c2ccc(Cl)s2)on1,CCOC(=O)CO[*:1],7.79,1.709,270.0,0.75,-1.79,1.02,0.75,2.060218435020908,0.32464462607978983
CC(C)N1CCC(NC(=O)c2cc3cc([*:1])ccc3n2CC(=O)Nc2ccc(Cl)cn2)CC1,CPD_170,CC(C)N1CCC(NC(=O)c2cc3cc(S(C)(=O)=O)ccc3n2CC(=O)Nc2ccc(Cl)cn2)CC1,CS(=O)(=O)[*:1],7.72,-0.686,15000.0,CPD_681,COCCOCCOc1ccc2c(c1)cc(C(=O)NC1CCN(C(C)C)CC1)n2CC(=O)Nc1ccc(Cl)cn1,COCCOCCO[*:1],8.47,0.241,36000.0,0.75,0.93,0.38,0.75,1.0046392387319938,0.59778139950253
CC(C)N1CCC(NC(=O)c2nc3c([*:1])cccc3n2Cc2cc(-c3ccc(Cl)s3)on2)CC1,CPD_305,COC(=O)c1cccc2c1nc(C(=O)NC1CCN(C(C)C)CC1)n2Cc1cc(-c2ccc(Cl)s2)on1,COC(=O)[*:1],8.42,3.133,16.0,CPD_323,CC(C)N1CCC(NC(=O)c2nc3c(C(=O)NCCO)cccc3n2Cc2cc(-c3ccc(Cl)s3)on2)CC1,O=C(NCCO)[*:1],9.16,1.295,130.0,0.75,-1.84,0.91,0.75,2.0527298896834916,0.3257003799534156
CC(C)N1CCC(NC(=O)c2nc3ccc([*:1])cc3n2CC(=O)Nc2ccc(Cl)cn2)CC1,CPD_398,CC(C)N1CCC(NC(=O)c2nc3ccc(C(=O)NCCO)cc3n2CC(=O)Nc2ccc(Cl)cn2)CC1,O=C(NCCO)[*:1],6.23,0.47,1300.0,CPD_790,CC(C)N1CCC(NC(=O)c2nc3ccc(OCCO)cc3n2CC(=O)Nc2ccc(Cl)cn2)CC1,OCCO[*:1],6.98,1.282,760.0,0.75,0.81,-0.23,0.75,0.8420213774008354,0.6867997417643101
CC(C)N1CCC(NC(=O)c2cc3c(C(=O)O[*:1])cccc3n2Cc2cc(-c3ccc(Cl)s3)on2)CC1,CPD_161,CC(OC(=O)c1cccc2c1cc(C(=O)NC1CCN(C(C)C)CC1)n2Cc1cc(-c2ccc(Cl)s2)on1)OC(=O)C(C)(C)C,CC(OC(=O)C(C)(C)C)[*:1],7.78,3.512,26.0,CPD_230,CC(=O)OC(C)OC(=O)c1cccc2c1cc(C(=O)NC1CCN(C(C)C)CC1)n2Cc1cc(-c2ccc(Cl)s2)on1,CC(=O)OC(C)[*:1],8.51,2.282,120.0,0.74,-1.23,0.66,0.74,1.395886814895821,0.44960564317227336
CC(C)N1CCC(NC(=O)c2cc3c([*:1])cccc3n2Cc2cc(-c3ccc(Cl)s3)on2)CC1,CPD_39,CC(C)N1CCC(NC(=O)c2cc3c(Br)cccc3n2Cc2cc(-c3ccc(Cl)s3)on2)CC1,Br[*:1],7.82,2.781,71.0,CPD_182,CC(C)N1CCC(NC(=O)c2cc3c(-c4nnc(O)o4)cccc3n2Cc2cc(-c3ccc(Cl)s3)on2)CC1,Oc1nnc([*:1])o1,8.57,0.305,310.0,0.74,-2.48,0.64,0.74,2.5612496949731396,0.26322812993922634
CC(C)N1CCC(NC(=O)c2nc3c([*:1])cccc3n2Cc2cc(-c3ccc(Cl)s3)on2)CC1,CPD_391,CC(C)N1CCC(NC(=O)c2nc3c(C(=O)OCCO)cccc3n2Cc2cc(-c3ccc(Cl)s3)on2)CC1,O=C(OCCO)[*:1],8.62,2.057,54.0,CPD_434,CC(C)N1CCC(NC(=O)c2nc3c(C(=O)NCC(O)CCl)cccc3n2Cc2cc(-c3ccc(Cl)s3)on2)CC1,O=C(NCC(O)CCl)[*:1],9.36,1.992,49.0,0.74,-0.06,-0.04,0.74,0.07211102550927978,2.2973445222187254
Clc1ccc(-c2cc(Cn3c([*:1])nc4ccccc43)no2)s1,CPD_986,CNC(=O)CN1CCN(C(=O)c2nc3ccccc3n2Cc2cc(-c3ccc(Cl)s3)on2)CC1,CNC(=O)CN1CCN(C(=O)[*:1])CC1,4.77,2.886,2.4,CPD_990,O=C(NC1CCN(c2ccccc2)CC1)c1nc2ccccc2n1Cc1cc(-c2ccc(Cl)s2)on1,O=C(NC1CCN(c2ccccc2)CC1)[*:1],5.51,5.578,0.1,0.74,2.69,-1.38,0.74,3.0233259830855155,0.226069754073946
Clc1ccc(-c2cc(Cn3c([*:1])nc4ccccc43)no2)s1,CPD_983,O=C(c1nc2ccccc2n1Cc1cc(-c2ccc(Cl)s2)on1)N1CCC(Nc2ccncc2)CC1,O=C(N1CCC(Nc2ccncc2)CC1)[*:1],4.77,3.65,2.4,CPD_990,O=C(NC1CCN(c2ccccc2)CC1)c1nc2ccccc2n1Cc1cc(-c2ccc(Cl)s2)on1,O=C(NC1CCN(c2ccccc2)CC1)[*:1],5.51,5.578,0.1,0.74,1.93,-1.38,0.74,2.372614591542419,0.28216116938661173
Clc1ccc(-c2cc(Cn3c([*:1])nc4ccccc43)no2)s1,CPD_976,O=C(CN1CCN(C(=O)c2nc3ccccc3n2Cc2cc(-c3ccc(Cl)s3)on2)CC1)N1CCCC1,O=C(CN1CCN(C(=O)[*:1])CC1)N1CCCC1,5.18,3.591,0.7,CPD_979,CCN(CC)C(=O)N1CCN(C(=O)c2nc3ccccc3n2Cc2cc(-c3ccc(Cl)s3)on2)CC1,CCN(CC)C(=O)N1CCN(C(=O)[*:1])CC1,5.92,4.096,0.6,0.74,0.5,-0.07,0.74,0.5048762224545735,0.9802931632868211
CC(C)N1CCC(NC(=O)c2cc3c([*:1])cccc3n2Cc2cc(-c3ccc(Cl)s3)on2)CC1,CPD_184,CCOC(=O)COc1cccc2c1cc(C(=O)NC1CCN(C(C)C)CC1)n2Cc1cc(-c2ccc(Cl)s2)on1,CCOC(=O)CO[*:1],8.01,1.723,260.0,CPD_186,Cc1oc(=O)oc1COC(=O)c1cccc2c1cc(C(=O)NC1CCN(C(C)C)CC1)n2Cc1cc(-c2ccc(Cl)s2)on1,Cc1oc(=O)oc1COC(=O)[*:1],8.75,3.186,9.7,0.74,1.46,-1.43,0.74,2.0436486977951955,0.32263005259320493
CC(C)N1CCC(NC(=O)c2cc3ccccc3n2[*:1])CC1,CPD_855,CC(C)N1CCC(NC(=O)c2cc3ccccc3n2CC(=O)Nc2ccccc2)CC1,O=C(C[*:1])Nc1ccccc1,6.69,0.388,27000.0,CPD_861,C#Cc1ccc(NC(=O)Cn2c(C(=O)NC3CCN(C(C)C)CC3)cc3ccccc32)cc1,C#Cc1ccc(NC(=O)C[*:1])cc1,7.42,0.573,1600.0,0.73,0.18,-1.23,0.73,1.2431009613060398,0.4889153640095825
Clc1ccc(-c2cc(Cn3c([*:1])cc4ccccc43)no2)s1,CPD_22,NC(=O)N1CCC(NC(=O)c2cc3ccccc3n2Cc2cc(-c3ccc(Cl)s3)on2)CC1,NC(=O)N1CCC(NC(=O)[*:1])CC1,5.97,1.914,8.7,CPD_24,O=C(NC1CCN(c2ccnc(Cl)n2)CC1)c1cc2ccccc2n1Cc1cc(-c2ccc(Cl)s2)on1,O=C(NC1CCN(c2ccnc(Cl)n2)CC1)[*:1],6.7,3.331,2.1,0.73,1.42,-0.62,0.73,1.549451515859725,0.4056791714397637
CC(C)N1CCC(NC(=O)c2nc3c([*:1])cccc3n2CC(=O)Nc2ccc(Cl)cn2)CC1,CPD_350,CC(OC(=O)OC1CCCCC1)OC(=O)c1cccc2c1nc(C(=O)NC1CCN(C(C)C)CC1)n2CC(=O)Nc1ccc(Cl)cn1,CC(OC(=O)OC1CCCCC1)OC(=O)[*:1],7.7,4.799,4.2,CPD_690,CC(C)N1CCC(NC(=O)c2nc3c(OCCO)cccc3n2CC(=O)Nc2ccc(Cl)cn2)CC1,OCCO[*:1],8.43,1.283,760.0,0.73,-3.52,2.26,0.73,4.183061080118242,0.1646717667108094
CC(C)N1CCC(NC(=O)c2nc3cc([*:1])ccc3n2CC(=O)Nc2ccc(Cl)cn2)CC1,CPD_444,CC(C)N1CCC(NC(=O)c2nc3cc(S(=O)(=O)CCO)ccc3n2CC(=O)Nc2ccc(Cl)cn2)CC1,O=S(=O)(CCO)[*:1],7.15,0.282,890.0,CPD_925,CC(C)N1CCC(NC(=O)c2nc3cc(OCCCO)ccc3n2CC(=O)Nc2ccc(Cl)cn2)CC1,OCCCO[*:1],7.87,2.044,310.0,0.72,1.76,-0.46,0.72,1.8191206666958626,0.3479739058185299
CC(C)N1CCC(NC(=O)c2cc3cc([*:1])ccc3n2Cc2cc(-c3ccc(Cl)s3)on2)CC1,CPD_213,CC(OC(=O)OC1CCCCC1)OC(=O)c1ccc2c(c1)cc(C(=O)NC1CCN(C(C)C)CC1)n2Cc1cc(-c2ccc(Cl)s2)on1,CC(OC(=O)OC1CCCCC1)OC(=O)[*:1],6.77,4.442,4.4,CPD_252,CC(C)N1CCC(NC(=O)c2cc3cc(C(=O)NCCO)ccc3n2Cc2cc(-c3ccc(Cl)s3)on2)CC1,O=C(NCCO)[*:1],7.49,0.126,4400.0,0.72,-4.32,3.0,0.72,5.25950568019467,0.13068323036460866
CC(C)N1CCC(NC(=O)c2nc3c(C(=O)NCCO)cccc3n2C[*:1])CC1,CPD_353,CC(C)N1CCC(NC(=O)c2nc3c(C(=O)NCCO)cccc3n2CC(=O)Nc2ccc(Cl)cn2)CC1,O=C(Nc1ccc(Cl)cn1)[*:1],8.06,0.477,1200.0,CPD_769,CC(C)N1CCC(NC(=O)c2nc3c(C(=O)NCCO)cccc3n2Cc2cc3ccc(Cl)cc3s2)CC1,Clc1ccc2cc([*:1])sc2c1,8.77,3.391,14.0,0.72,2.91,-1.93,0.72,3.491847648452034,0.19241830978817562
Clc1ccc(-c2cc(Cn3c([*:1])nc4ccccc43)no2)s1,CPD_438,CCN1CCN(c2ccc(NC(=O)c3nc4ccccc4n3Cc3cc(-c4ccc(Cl)s4)on3)cc2)C(=O)C1=O,CCN1CCN(c2ccc(NC(=O)[*:1])cc2)C(=O)C1=O,5.96,3.038,0.7,CPD_559,O=C1CCN(c2ccc(NC(=O)c3nc4ccccc4n3Cc3cc(-c4ccc(Cl)s4)on3)cc2)CC1,O=C1CCN(c2ccc(NC(=O)[*:1])cc2)CC1,6.68,4.038,0.4,0.72,1.0,-0.24,0.72,1.0283968105745953,0.5632054101233128
CC(C)N1CCC(NC(=O)c2cc3cc([*:1])ccc3n2CC(=O)Nc2ccc(Cl)cn2)CC1,CPD_315,CCOC(=O)OC(C)OC(=O)c1ccc2c(c1)cc(C(=O)NC1CCN(C(C)C)CC1)n2CC(=O)Nc1ccc(Cl)cn1,CCOC(=O)OC(C)OC(=O)[*:1],7.83,1.946,1900.0,CPD_865,CC(C)N1CCC(NC(=O)c2cc3cc(OCCOCCO)ccc3n2CC(=O)Nc2ccc(Cl)cn2)CC1,OCCOCCO[*:1],8.55,-0.117,77000.0,0.72,-2.06,1.61,0.72,2.614517163837331,0.25135126055082946
CC(C)N1CCC(NC(=O)c2nc3cc([*:1])ccc3n2Cc2cc(-c3ccc(Cl)s3)on2)CC1,CPD_349,CC(C)N1CCC(NC(=O)c2nc3cc(C(=O)N4CC(O)C4)ccc3n2Cc2cc(-c3ccc(Cl)s3)on2)CC1,O=C(N1CC(O)C1)[*:1],7.73,0.123,330.0,CPD_420,CC(C)N1CCC(NC(=O)c2nc3cc(C(=O)OCCO)ccc3n2Cc2cc(-c3ccc(Cl)s3)on2)CC1,O=C(OCCO)[*:1],8.45,2.045,56.0,0.72,1.92,-0.77,0.72,2.0686469007542105,0.31052593638375814
CC(OC(=O)OC1CCCCC1)OC(=O)c1ccc2c(c1)cc(C(=O)NC1CCN(C(C)C)CC1)n2C[*:1],CPD_213,CC(OC(=O)OC1CCCCC1)OC(=O)c1ccc2c(c1)cc(C(=O)NC1CCN(C(C)C)CC1)n2Cc1cc(-c2ccc(Cl)s2)on1,Clc1ccc(-c2cc([*:1])no2)s1,6.77,4.442,4.4,CPD_332,CC(OC(=O)OC1CCCCC1)OC(=O)c1ccc2c(c1)cc(C(=O)NC1CCN(C(C)C)CC1)n2CC(=O)Nc1ccc(Cl)cn1,O=C(Nc1ccc(Cl)cn1)[*:1],7.48,3.475,140.0,0.72,-0.97,1.5,0.72,1.7863090438107287,0.35358090766645084
CC(C)N1CCC(NC(=O)c2nc3cc([*:1])ccc3n2Cc2cc(-c3ccc(Cl)s3)on2)CC1,CPD_351,CC(C)N1CCC(NC(=O)c2nc3cc(C(=O)N(C)CCO)ccc3n2Cc2cc(-c3ccc(Cl)s3)on2)CC1,CN(CCO)C(=O)[*:1],7.19,0.719,300.0,CPD_355,CCOC(=O)OC(C)OC(=O)c1ccc2c(c1)nc(C(=O)NC1CCN(C(C)C)CC1)n2Cc1cc(-c2ccc(Cl)s2)on1,CCOC(=O)OC(C)OC(=O)[*:1],7.91,4.074,3.6,0.72,3.35,-1.92,0.72,3.8612044752900614,0.17513115787051706
O=C(O)c1ccc2c(c1)cc(C(=O)N[*:1])n2Cc1cc(-c2ccc(Cl)s2)on1,CPD_183,CC(C)N1CC(NC(=O)c2cc3cc(C(=O)O)ccc3n2Cc2cc(-c3ccc(Cl)s3)on2)C1,CC(C)N1CC([*:1])C1,6.3,1.025,8.9,CPD_695,O=C(O)c1ccc2c(c1)cc(C(=O)NC1CCN(C3CC3)CC1)n2Cc1cc(-c2ccc(Cl)s2)on1,C1CC1N1CCC([*:1])CC1,7.01,0.814,12.0,0.72,-0.21,0.13,0.72,0.2469817807045694,1.4487452618066972
CC(C)N1CCC(NC(=O)c2nc3c([*:1])cccc3n2CC(=O)Nc2ccc(Cl)cn2)CC1,CPD_609,CC(C)N1CCC(NC(=O)c2nc3c(C(=O)N4CCOCC4)cccc3n2CC(=O)Nc2ccc(Cl)cn2)CC1,O=C(N1CCOCC1)[*:1],7.71,-0.016,1600.0,CPD_690,CC(C)N1CCC(NC(=O)c2nc3c(OCCO)cccc3n2CC(=O)Nc2ccc(Cl)cn2)CC1,OCCO[*:1],8.43,1.283,760.0,0.72,1.3,-0.32,0.72,1.338805437694365,0.4531706544539815
CC(C)N1CCC(NC(=O)c2cc3cc([*:1])ccc3n2CC(=O)Nc2ccc(Cl)cn2)CC1,CPD_541,CC(C)N1CCC(NC(=O)c2cc3cc(C(=O)N4CCOCC4)ccc3n2CC(=O)Nc2ccc(Cl)cn2)CC1,O=C(N1CCOCC1)[*:1],7.84,-1.329,79000.0,CPD_865,CC(C)N1CCC(NC(=O)c2cc3cc(OCCOCCO)ccc3n2CC(=O)Nc2ccc(Cl)cn2)CC1,OCCOCCO[*:1],8.55,-0.117,77000.0,0.72,1.21,-0.01,0.72,1.2100413216084813,0.4931367279432878
CC(C)N1CCC(NC(=O)c2cc3cc([*:1])ccc3n2Cc2cc(-c3ccc(Cl)s3)on2)CC1,CPD_117,CC(C)N1CCC(NC(=O)c2cc3cc(C(=O)OCOC(=O)C(C)(C)C)ccc3n2Cc2cc(-c3ccc(Cl)s3)on2)CC1,CC(C)(C)C(=O)OCOC(=O)[*:1],7.45,3.152,47.0,CPD_364,CC(C)N1CCC(NC(=O)c2cc3cc(C(=O)OCCN4CCNC4=O)ccc3n2Cc2cc(-c3ccc(Cl)s3)on2)CC1,O=C1NCCN1CCOC(=O)[*:1],8.16,1.632,44.0,0.71,-1.52,-0.03,0.71,1.5202960238058902,0.40106286770819194
O=C(N[*:1])c1cc2ccccc2n1Cc1cc(-c2ccc(Cl)s2)on1,CPD_18,COC(=O)N1CCC(NC(=O)c2cc3ccccc3n2Cc2cc(-c3ccc(Cl)s3)on2)CC1,COC(=O)N1CCC([*:1])CC1,5.75,3.257,1.6,CPD_180,CC(C)CN1CC(NC(=O)c2cc3ccccc3n2Cc2cc(-c3ccc(Cl)s3)on2)C1,CC(C)CN1CC([*:1])C1,6.46,2.966,47.0,0.71,-0.29,1.47,0.71,1.4983324063771697,0.4061012639302591
CC(C)N1CCC(NC(=O)c2nc3cc([*:1])ccc3n2CC(=O)Nc2ccc(Cl)cn2)CC1,CPD_389,CC(OC(=O)OC1CCCCC1)OC(=O)c1ccc2c(c1)nc(C(=O)NC1CCN(C(C)C)CC1)n2CC(=O)Nc1ccc(Cl)cn1,CC(OC(=O)OC1CCCCC1)OC(=O)[*:1],7.45,4.785,4.3,CPD_900,CC(C)N1CCC(NC(=O)c2nc3cc(O)ccc3n2CC(=O)Nc2ccc(Cl)cn2)CC1,O[*:1],8.14,1.553,42.0,0.7,-3.23,0.99,0.7,3.3783131885602318,0.19292711616159305
Clc1ccc(-c2cc(Cn3c([*:1])cc4ccccc43)no2)s1,CPD_24,O=C(NC1CCN(c2ccnc(Cl)n2)CC1)c1cc2ccccc2n1Cc1cc(-c2ccc(Cl)s2)on1,O=C(NC1CCN(c2ccnc(Cl)n2)CC1)[*:1],6.7,3.331,2.1,CPD_26,CN1CCC(NC(=O)c2cc3ccccc3n2Cc2cc(-c3ccc(Cl)s3)on2)CC1,CN1CCC(NC(=O)[*:1])CC1,7.4,2.01,210.0,0.7,-1.32,2.0,0.7,2.3963305281200253,0.2645172220785608
O=C(N[*:1])c1cc2ccccc2n1Cc1cc(-c2ccc(Cl)s2)on1,CPD_17,CCCN1CCC(NC(=O)c2cc3ccccc3n2Cc2cc(-c3ccc(Cl)s3)on2)CC1,CCCN1CCC([*:1])CC1,7.2,2.84,77.0,CPD_178,O=C(NC1CN(c2ccncc2)C1)c1cc2ccccc2n1Cc1cc(-c2ccc(Cl)s2)on1,c1cc(N2CC([*:1])C2)ccn1,7.9,1.282,330.0,0.7,-1.56,0.63,0.7,1.6824089871371943,0.36224215715174707
CC(C)N1CCC(NC(=O)c2cc3cc([*:1])ccc3n2CC(=O)Nc2ccc(Cl)cn2)CC1,CPD_374,CC(C)OC(=O)OC(C)OC(=O)c1ccc2c(c1)cc(C(=O)NC1CCN(C(C)C)CC1)n2CC(=O)Nc1ccc(Cl)cn1,CC(C)OC(=O)OC(C)OC(=O)[*:1],7.77,2.294,1000.0,CPD_843,CC(C)N1CCC(NC(=O)c2cc3cc(OC(C)(C)C(=O)O)ccc3n2CC(=O)Nc2ccc(Cl)cn2)CC1,CC(C)(O[*:1])C(=O)O,8.47,0.506,7.1,0.7,-1.79,-2.15,0.7,2.7976061195243336,0.22968847434564643
CC(C)N1CCC(NC(=O)c2cc3cc([*:1])ccc3n2CC(=O)Nc2ccc(Cl)cn2)CC1,CPD_374,CC(C)OC(=O)OC(C)OC(=O)c1ccc2c(c1)cc(C(=O)NC1CCN(C(C)C)CC1)n2CC(=O)Nc1ccc(Cl)cn1,CC(C)OC(=O)OC(C)OC(=O)[*:1],7.77,2.294,1000.0,CPD_681,COCCOCCOc1ccc2c(c1)cc(C(=O)NC1CCN(C(C)C)CC1)n2CC(=O)Nc1ccc(Cl)cn1,COCCOCCO[*:1],8.47,0.241,36000.0,0.7,-2.05,1.56,0.7,2.576062887431128,0.24769441724500874
Clc1ccc(-c2cc(Cn3c([*:1])cc4ccccc43)no2)s1,CPD_22,NC(=O)N1CCC(NC(=O)c2cc3ccccc3n2Cc2cc(-c3ccc(Cl)s3)on2)CC1,NC(=O)N1CCC(NC(=O)[*:1])CC1,5.97,1.914,8.7,CPD_73,CCC(CC)N1CCC(NC(=O)c2cc3ccccc3n2Cc2cc(-c3ccc(Cl)s3)on2)CC1,CCC(CC)N1CCC(NC(=O)[*:1])CC1,6.66,3.315,49.0,0.69,1.4,0.75,0.69,1.588238017426859,0.37535944391241166
CC(C)N1CCC(NC(=O)c2cc3c([*:1])cccc3n2Cc2cc(-c3ccc(Cl)s3)on2)CC1,CPD_161,CC(OC(=O)c1cccc2c1cc(C(=O)NC1CCN(C(C)C)CC1)n2Cc1cc(-c2ccc(Cl)s2)on1)OC(=O)C(C)(C)C,CC(OC(=O)C(C)(C)C)OC(=O)[*:1],7.78,3.512,26.0,CPD_231,COC(=O)OC(C)OC(=O)c1cccc2c1cc(C(=O)NC1CCN(C(C)C)CC1)n2Cc1cc(-c2ccc(Cl)s2)on1,COC(=O)OC(C)OC(=O)[*:1],8.46,2.396,110.0,0.69,-1.12,0.63,0.69,1.2850291825480074,0.4495028549585379
CC(C)N1CCC(NC(=O)c2cc3cc([*:1])ccc3n2Cc2cc(-c3ccc(Cl)s3)on2)CC1,CPD_162,CC(OC(=O)c1ccc2c(c1)cc(C(=O)NC1CCN(C(C)C)CC1)n2Cc1cc(-c2ccc(Cl)s2)on1)OC(=O)C(C)(C)C,CC(OC(=O)C(C)(C)C)OC(=O)[*:1],7.04,3.499,26.0,CPD_371,CC(C)N1CCC(NC(=O)c2cc3cc(C(=O)OCC4CCOC4)ccc3n2Cc2cc(-c3ccc(Cl)s3)on2)CC1,O=C(OCC1CCOC1)[*:1],7.73,1.959,78.0,0.69,-1.54,0.48,0.69,1.613071604114337,0.37035613579007376
O=C(N[*:1])c1nc2ccccc2n1Cc1cc(-c2ccc(Cl)s2)on1,CPD_116,O=C(NC1CCN(c2ccncn2)CC1)c1nc2ccccc2n1Cc1cc(-c2ccc(Cl)s2)on1,c1cc(N2CCC([*:1])CC2)ncn1,7.23,3.606,0.7,CPD_457,O=C(Nc1ccc(-n2ccc(=O)cc2)cc1)c1nc2ccccc2n1Cc1cc(-c2ccc(Cl)s2)on1,O=c1ccn(-c2ccc([*:1])cc2)cc1,7.92,3.915,0.4,0.69,0.31,-0.24,0.69,0.3920459156782532,1.0746894936183626
CC(C)N1CCC(NC(=O)c2cc3cc([*:1])ccc3n2Cc2cc(-c3ccc(Cl)s3)on2)CC1,CPD_162,CC(OC(=O)c1ccc2c(c1)cc(C(=O)NC1CCN(C(C)C)CC1)n2Cc1cc(-c2ccc(Cl)s2)on1)OC(=O)C(C)(C)C,CC(OC(=O)C(C)(C)C)OC(=O)[*:1],7.04,3.499,26.0,CPD_362,CC(C)N1CCC(NC(=O)c2cc3cc(C(=O)OC4CCOC4=O)ccc3n2Cc2cc(-c3ccc(Cl)s3)on2)CC1,O=C1OCCC1OC(=O)[*:1],7.73,0.55,170.0,0.69,-2.95,0.82,0.69,3.0618458485038076,0.20834303031094312
COc1cccc(Cn2c(C(=O)NC3CCN(C(C)C)CC3)cc3c([*:1])cccc32)c1,CPD_523,COc1cccc(Cn2c(C(=O)NC3CCN(C(C)C)CC3)cc3c(C(=O)N4CC(O)C4)cccc32)c1,O=C(N1CC(O)C1)[*:1],6.92,-1.784,250000.0,CPD_904,COCCOc1cccc2c1cc(C(=O)NC1CCN(C(C)C)CC1)n2Cc1cccc(OC)c1,COCCO[*:1],7.61,0.826,23000.0,0.69,2.61,-1.04,0.69,2.8095729212818092,0.22552167173414653
CC(C)N1CCC(NC(=O)c2cc3cc([*:1])ccc3n2Cc2cc(-c3ccc(Cl)s3)on2)CC1,CPD_259,CCOC(=O)COc1ccc2c(c1)cc(C(=O)NC1CCN(C(C)C)CC1)n2Cc1cc(-c2ccc(Cl)s2)on1,CCOC(=O)CO[*:1],7.79,1.709,270.0,CPD_262,CC(C)N1CCC(NC(=O)c2cc3cc(-c4n[nH]c(=O)o4)ccc3n2Cc2cc(-c3ccc(Cl)s3)on2)CC1,O=c1[nH]nc([*:1])o1,8.48,0.297,310.0,0.69,-1.41,0.06,0.69,1.411276018360689,0.4153433820593383
CC(C)N1CCC(NC(=O)c2cc3c([*:1])cccc3n2Cc2cc(-c3ccc(Cl)s3)on2)CC1,CPD_132,CC(C)N1CCC(NC(=O)c2cc3c(C(F)(F)F)cccc3n2Cc2cc(-c3ccc(Cl)s3)on2)CC1,FC(F)(F)[*:1],7.82,2.572,90.0,CPD_230,CC(=O)OC(C)OC(=O)c1cccc2c1cc(C(=O)NC1CCN(C(C)C)CC1)n2Cc1cc(-c2ccc(Cl)s2)on1,CC(=O)OC(C)OC(=O)[*:1],8.51,2.282,120.0,0.69,-0.29,0.12,0.69,0.3138470965295043,1.2237360168154992
CC(C)N1CCC(NC(=O)c2cc3cc(C(=O)O[*:1])ccc3n2Cc2cc(-c3ccc(Cl)s3)on2)CC1,CPD_99,CC(C)OC(=O)c1ccc2c(c1)cc(C(=O)NC1CCN(C(C)C)CC1)n2Cc1cc(-c2ccc(Cl)s2)on1,CC(C)[*:1],7.47,2.832,69.0,CPD_364,CC(C)N1CCC(NC(=O)c2cc3cc(C(=O)OCCN4CCNC4=O)ccc3n2Cc2cc(-c3ccc(Cl)s3)on2)CC1,O=C1NCCN1CC[*:1],8.16,1.632,44.0,0.69,-1.2,-0.2,0.69,1.2165525060596438,0.470491166970832
CC(C)N1CCC(NC(=O)c2cc3c([*:1])cccc3n2Cc2cc(-c3ccc(Cl)s3)on2)CC1,CPD_39,CC(C)N1CCC(NC(=O)c2cc3c(Br)cccc3n2Cc2cc(-c3ccc(Cl)s3)on2)CC1,Br[*:1],7.82,2.781,71.0,CPD_230,CC(=O)OC(C)OC(=O)c1cccc2c1cc(C(=O)NC1CCN(C(C)C)CC1)n2Cc1cc(-c2ccc(Cl)s2)on1,CC(=O)OC(C)OC(=O)[*:1],8.51,2.282,120.0,0.69,-0.5,0.23,0.69,0.5503635162326805,0.8621082620655139
CC(C)N1CCC(NC(=O)c2cc3cc([*:1])ccc3n2Cc2cc(-c3ccc(Cl)s3)on2)CC1,CPD_252,CC(C)N1CCC(NC(=O)c2cc3cc(C(=O)NCCO)ccc3n2Cc2cc(-c3ccc(Cl)s3)on2)CC1,O=C(NCCO)[*:1],7.49,0.126,4400.0,CPD_364,CC(C)N1CCC(NC(=O)c2cc3cc(C(=O)OCCN4CCNC4=O)ccc3n2Cc2cc(-c3ccc(Cl)s3)on2)CC1,O=C1NCCN1CCOC(=O)[*:1],8.16,1.632,44.0,0.68,1.51,-2.0,0.68,2.5060127693210186,0.2467332544934207
CC(C)N1CCC(NC(=O)c2cc3ccccc3n2C[*:1])CC1,CPD_146,CC(C)N1CCC(NC(=O)c2cc3ccccc3n2CC(=O)Nc2ccc(Cl)s2)CC1,O=C(Nc1ccc(Cl)s1)[*:1],7.82,1.184,1900.0,CPD_860,CC(C)N1CCC(NC(=O)c2cc3ccccc3n2CC(=O)Nc2ccc(Br)cc2)CC1,O=C(Nc1ccc(Br)cc1)[*:1],8.5,1.599,3500.0,0.68,0.42,0.27,0.68,0.4992995093127971,0.9075142737296685
O=C(N[*:1])c1cc2ccccc2n1Cc1cc(-c2ccc(Cl)s2)on1,CPD_22,NC(=O)N1CCC(NC(=O)c2cc3ccccc3n2Cc2cc(-c3ccc(Cl)s3)on2)CC1,NC(=O)N1CCC([*:1])CC1,5.97,1.914,8.7,CPD_177,CC(C)N1CC(NC(=O)c2cc3ccccc3n2Cc2cc(-c3ccc(Cl)s3)on2)C1,CC(C)N1CC([*:1])C1,6.65,2.16,190.0,0.68,0.25,1.34,0.68,1.3631214179228497,0.42154297404073166
CC(C)N1CCC(NC(=O)c2cc3cc([*:1])ccc3n2Cc2cc(-c3ccc(Cl)s3)on2)CC1,CPD_335,CC(C)N1CCC(NC(=O)c2cc3cc(C(=O)N(CCO)CCO)ccc3n2Cc2cc(-c3ccc(Cl)s3)on2)CC1,O=C(N(CCO)CCO)[*:1],6.64,-1.074,41000.0,CPD_368,CC(C)N1CCC(NC(=O)c2cc3cc(C(=O)NCCN4CCNC4=O)ccc3n2Cc2cc(-c3ccc(Cl)s3)on2)CC1,O=C1NCCN1CCNC(=O)[*:1],7.32,0.289,190.0,0.68,1.36,-2.33,0.68,2.697869529832753,0.23067506655851888
CC(C)N1CCC(NC(=O)c2cc3cc([*:1])ccc3n2Cc2cc(-c3ccc(Cl)s3)on2)CC1,CPD_179,CC(C)OC(=O)COc1ccc2c(c1)cc(C(=O)NC1CCN(C(C)C)CC1)n2Cc1cc(-c2ccc(Cl)s2)on1,CC(C)OC(=O)CO[*:1],7.48,2.057,140.0,CPD_364,CC(C)N1CCC(NC(=O)c2cc3cc(C(=O)OCCN4CCNC4=O)ccc3n2Cc2cc(-c3ccc(Cl)s3)on2)CC1,O=C1NCCN1CCOC(=O)[*:1],8.16,1.632,44.0,0.68,-0.43,-0.5,0.68,0.6594694837519018,0.7476886384298962
CC(C)N1CCC(NC(=O)c2cc3ccccc3n2[*:1])CC1,CPD_8,CC(C)N1CCC(NC(=O)c2cc3ccccc3n2Cc2cnc(-c3ccc(Cl)s3)s2)CC1,Clc1ccc(-c2ncc(C[*:1])s2)s1,7.16,2.78,44.0,CPD_858,CC(C)N1CCC(NC(=O)c2cc3ccccc3n2CC(=O)Nc2ccc(Cl)c(F)c2)CC1,O=C(C[*:1])Nc1ccc(Cl)c(F)c1,7.84,2.002,750.0,0.68,-0.78,1.23,0.68,1.4564683312726026,0.3984838086581358
CC(C)N1CCC(NC(=O)c2cc3c([*:1])cccc3n2Cc2cc(-c3ccc(Cl)s3)on2)CC1,CPD_155,CC(C)N1CCC(NC(=O)c2cc3c(C(=O)OCOC(=O)C(C)(C)C)cccc3n2Cc2cc(-c3ccc(Cl)s3)on2)CC1,CC(C)(C)C(=O)OCOC(=O)[*:1],7.88,3.166,45.0,CPD_182,CC(C)N1CCC(NC(=O)c2cc3c(-c4nnc(O)o4)cccc3n2Cc2cc(-c3ccc(Cl)s3)on2)CC1,Oc1nnc([*:1])o1,8.57,0.305,310.0,0.68,-2.86,0.84,0.68,2.9808052603281547,0.2104738432705573
CC(C)N1CCC(NC(=O)c2cc3cc([*:1])ccc3n2CC(=O)Nc2ccc(Cl)cn2)CC1,CPD_170,CC(C)N1CCC(NC(=O)c2cc3cc(S(C)(=O)=O)ccc3n2CC(=O)Nc2ccc(Cl)cn2)CC1,CS(=O)(=O)[*:1],7.72,-0.686,15000.0,CPD_743,COCCOc1ccc2c(c1)cc(C(=O)NC1CCN(C(C)C)CC1)n2CC(=O)Nc1ccc(Cl)cn1,COCCO[*:1],8.39,0.599,20000.0,0.67,1.29,0.12,0.67,1.295569372901351,0.43349720287370375
CC(C)N1CCC(NC(=O)c2cc3cc([*:1])ccc3n2Cc2cc(-c3ccc(Cl)s3)on2)CC1,CPD_259,CCOC(=O)COc1ccc2c(c1)cc(C(=O)NC1CCN(C(C)C)CC1)n2Cc1cc(-c2ccc(Cl)s2)on1,CCOC(=O)CO[*:1],7.79,1.709,270.0,CPD_338,CC(C)N1CCC(NC(=O)c2cc3cc(NS(C)(=O)=O)ccc3n2Cc2cc(-c3ccc(Cl)s3)on2)CC1,CS(=O)(=O)N[*:1],8.46,0.697,170.0,0.67,-1.01,-0.2,0.67,1.0296115772464878,0.5235963880865544
Clc1ccc(-c2cc(Cn3c([*:1])cc4ccccc43)no2)s1,CPD_25,O=C(NC1CCN(CC(F)(F)F)CC1)c1cc2ccccc2n1Cc1cc(-c2ccc(Cl)s2)on1,O=C(NC1CCN(CC(F)(F)F)CC1)[*:1],5.99,4.567,1.3,CPD_73,CCC(CC)N1CCC(NC(=O)c2cc3ccccc3n2Cc2cc(-c3ccc(Cl)s3)on2)CC1,CCC(CC)N1CCC(NC(=O)[*:1])CC1,6.66,3.315,49.0,0.67,-1.25,1.58,0.67,2.0146711890529434,0.29584868798555497
CC(C)N1CCC(NC(=O)c2cc3ccccc3n2C[*:1])CC1,CPD_858,CC(C)N1CCC(NC(=O)c2cc3ccccc3n2CC(=O)Nc2ccc(Cl)c(F)c2)CC1,O=C(Nc1ccc(Cl)c(F)c1)[*:1],7.84,2.002,750.0,CPD_860,CC(C)N1CCC(NC(=O)c2cc3ccccc3n2CC(=O)Nc2ccc(Br)cc2)CC1,O=C(Nc1ccc(Br)cc1)[*:1],8.5,1.599,3500.0,0.66,-0.4,0.67,0.66,0.7803204469959762,0.6405774066935289
O=C(Cn1c([*:1])nc2ccccc21)Nc1ccc(Cl)cn1,CPD_427,CCN1CCN(c2ccc(NC(=O)c3nc4ccccc4n3CC(=O)Nc3ccc(Cl)cn3)cc2)C(=O)C1=O,CCN1CCN(c2ccc(NC(=O)[*:1])cc2)C(=O)C1=O,4.97,2.222,7.3,CPD_991,CCN(CC)C(=O)N1CCN(C(=O)c2nc3ccccc3n2CC(=O)Nc2ccc(Cl)cn2)CC1,CCN(CC)C(=O)N1CCN(C(=O)[*:1])CC1,5.63,3.28,6.5,0.66,1.06,-0.05,0.66,1.0611785900591852,0.5033639238802765
CC(C)N1CCC(NC(=O)c2cc3cc([*:1])ccc3n2CC(=O)Nc2ccc(Cl)cn2)CC1,CPD_332,CC(OC(=O)OC1CCCCC1)OC(=O)c1ccc2c(c1)cc(C(=O)NC1CCN(C(C)C)CC1)n2CC(=O)Nc1ccc(Cl)cn1,CC(OC(=O)OC1CCCCC1)OC(=O)[*:1],7.48,3.475,140.0,CPD_781,CC(C)N1CCC(NC(=O)c2cc3cc(OCCO)ccc3n2CC(=O)Nc2ccc(Cl)cn2)CC1,OCCO[*:1],8.14,-0.041,55000.0,0.66,-3.52,2.59,0.66,4.370183062527244,0.14285148252090676
Clc1ccc(-c2cc(Cn3c([*:1])cc4ccccc43)no2)s1,CPD_25,O=C(NC1CCN(CC(F)(F)F)CC1)c1cc2ccccc2n1Cc1cc(-c2ccc(Cl)s2)on1,O=C(NC1CCN(CC(F)(F)F)CC1)[*:1],5.99,4.567,1.3,CPD_177,CC(C)N1CC(NC(=O)c2cc3ccccc3n2Cc2cc(-c3ccc(Cl)s3)on2)C1,CC(C)N1CC(NC(=O)[*:1])C1,6.65,2.16,190.0,0.66,-2.41,2.16,0.66,3.236309626719916,0.18931192884923392
CC(C)N1CCC(NC(=O)c2cc3ccccc3n2C[*:1])CC1,CPD_8,CC(C)N1CCC(NC(=O)c2cc3ccccc3n2Cc2cnc(-c3ccc(Cl)s3)s2)CC1,Clc1ccc(-c2ncc([*:1])s2)s1,7.16,2.78,44.0,CPD_146,CC(C)N1CCC(NC(=O)c2cc3ccccc3n2CC(=O)Nc2ccc(Cl)s2)CC1,O=C(Nc1ccc(Cl)s1)[*:1],7.82,1.184,1900.0,0.66,-1.6,1.64,0.66,2.29120055865915,0.25971976031212796
CC(C)N1CCC(NC(=O)c2nc3cc([*:1])ccc3n2CC(=O)Nc2ccc(Cl)cn2)CC1,CPD_389,CC(OC(=O)OC1CCCCC1)OC(=O)c1ccc2c(c1)nc(C(=O)NC1CCN(C(C)C)CC1)n2CC(=O)Nc1ccc(Cl)cn1,CC(OC(=O)OC1CCCCC1)OC(=O)[*:1],7.45,4.785,4.3,CPD_942,CCOCC(O)COc1ccc2c(c1)nc(C(=O)NC1CCN(C(C)C)CC1)n2CC(=O)Nc1ccc(Cl)cn1,CCOCC(O)CO[*:1],8.1,1.877,390.0,0.66,-2.91,1.96,0.66,3.5085182057387136,0.17560111827908018
Clc1ccc(-c2cc(Cn3c([*:1])cc4ccccc43)no2)s1,CPD_27,O=CN1CCC(NC(=O)c2cc3ccccc3n2Cc2cc(-c3ccc(Cl)s3)on2)CC1,O=CN1CCC(NC(=O)[*:1])CC1,5.69,2.671,2.4,CPD_211,O=C(NCC1CN(c2ccncc2)C1)c1cc2ccccc2n1Cc1cc(-c2ccc(Cl)s2)on1,O=C(NCC1CN(c2ccncc2)C1)[*:1],6.35,1.589,190.0,0.66,-1.08,1.9,0.66,2.185497654997598,0.27099184375960766
O=C(Cn1c(C(=O)Nc2ccc([*:1])cc2)nc2ccccc21)Nc1ccc(Cl)cn1,CPD_521,O=C(Cn1c(C(=O)Nc2ccc(N3CCOC3=O)cc2)nc2ccccc21)Nc1ccc(Cl)cn1,O=C1OCCN1[*:1],6.1,4.136,1.0,CPD_530,O=C(Cn1c(=O)ccn(-c2ccc(NC(=O)c3nc4ccccc4n3CC(=O)Nc3ccc(Cl)cn3)cc2)c1=O)Nc1ccc(Cl)cn1,O=C(Cn1c(=O)ccn([*:1])c1=O)Nc1ccc(Cl)cn1,6.75,4.229,0.2,0.66,0.09,-0.7,0.66,0.7057619995437555,0.6905484841572054
CC(C)N1CCC(NC(=O)c2nc3ccccc3n2[*:1])CC1,CPD_150,CC(C)N1CCC(NC(=O)c2nc3ccccc3n2CC(=O)Nc2ccc(Cl)cc2)CC1,O=C(C[*:1])Nc1ccc(Cl)cc1,8.51,2.678,120.0,CPD_164,CC(C)N1CCC(NC(=O)c2nc3ccccc3n2Cc2cc(-c3ccc(Cl)s3)on2)CC1,Clc1ccc(-c2cc(C[*:1])no2)s1,9.15,3.124,26.0,0.65,0.45,-0.66,0.65,0.798811617341661,0.6197490466853361
O=C(Cn1c([*:1])nc2ccccc21)Nc1ccc(Cl)cn1,CPD_427,CCN1CCN(c2ccc(NC(=O)c3nc4ccccc4n3CC(=O)Nc3ccc(Cl)cn3)cc2)C(=O)C1=O,CCN1CCN(c2ccc(NC(=O)[*:1])cc2)C(=O)C1=O,4.97,2.222,7.3,CPD_981,O=C(Cn1c(C(=O)N2CCN(Cc3ccncc3)CC2)nc2ccccc21)Nc1ccc(Cl)cn1,O=C(N1CCN(Cc2ccncc2)CC1)[*:1],5.62,2.389,26.0,0.65,0.17,0.55,0.65,0.5756735185849702,0.7872360992198981
CC(C)N1CCC(NC(=O)c2nc3cc([*:1])ccc3n2CC(=O)Nc2ccc(Cl)cn2)CC1,CPD_547,CC(C)N1CCC(NC(=O)c2nc3cc(C(=O)N4CCCOCC4)ccc3n2CC(=O)Nc2ccc(Cl)cn2)CC1,O=C(N1CCCOCC1)[*:1],7.28,0.367,1100.0,CPD_926,COCCOc1ccc2c(c1)nc(C(=O)NC1CCN(C(C)C)CC1)n2CC(=O)Nc1ccc(Cl)cn1,COCCO[*:1],7.93,1.91,390.0,0.65,1.54,-0.45,0.65,1.604400199451496,0.35051764996156726
CC(C)N1CCC(NC(=O)c2nc3c([*:1])cccc3n2CC(=O)Nc2ccc(Cl)cn2)CC1,CPD_528,COCCOC(=O)c1cccc2c1nc(C(=O)NC1CCN(C(C)C)CC1)n2CC(=O)Nc1ccc(Cl)cn1,COCCOC(=O)[*:1],7.81,1.899,260.0,CPD_694,CCOCCOc1cccc2c1nc(C(=O)NC1CCN(C(C)C)CC1)n2CC(=O)Nc1ccc(Cl)cn1,CCOCCO[*:1],8.46,2.454,200.0,0.65,0.56,-0.11,0.65,0.570701322935211,0.7920055467624892
CC(C)N1CCC(NC(=O)c2cc3cc(C(=O)O[*:1])ccc3n2Cc2cc(-c3ccc(Cl)s3)on2)CC1,CPD_365,CC(C)N1CCC(NC(=O)c2cc3cc(C(=O)OC4CCOC4)ccc3n2Cc2cc(-c3ccc(Cl)s3)on2)CC1,C1CC([*:1])CO1,7.58,1.734,120.0,CPD_404,CC(C)N1CCC(NC(=O)c2cc3cc(C(=O)OCCO)ccc3n2Cc2cc(-c3ccc(Cl)s3)on2)CC1,OCC[*:1],8.24,0.885,1400.0,0.65,-0.85,1.07,0.65,1.366528448295168,0.4020962332494096
CC(C)N1CCC(NC(=O)c2cc3cc([*:1])ccc3n2Cc2cc(-c3ccc(Cl)s3)on2)CC1,CPD_167,CCOC(=O)OC(C)OC(=O)c1ccc2c(c1)cc(C(=O)NC1CCN(C(C)C)CC1)n2Cc1cc(-c2ccc(Cl)s2)on1,CCOC(=O)OC(C)OC(=O)[*:1],7.38,2.914,58.0,CPD_363,CC(C)N1CCC(NC(=O)c2cc3cc(C(=O)OCCN4CCCC4=O)ccc3n2Cc2cc(-c3ccc(Cl)s3)on2)CC1,O=C1CCCN1CCOC(=O)[*:1],8.03,1.653,110.0,0.65,-1.26,0.28,0.65,1.2907362240210043,0.42187623674066277
CC(C)N1CCC(NC(=O)c2nc3c([*:1])cccc3n2Cc2cc(-c3ccc(Cl)s3)on2)CC1,CPD_337,CC(OC(=O)OC1CCCCC1)OC(=O)c1cccc2c1nc(C(=O)NC1CCN(C(C)C)CC1)n2Cc1cc(-c2ccc(Cl)s2)on1,CC(OC(=O)OC1CCCCC1)OC(=O)[*:1],7.51,5.617,0.5,CPD_471,COC1CN(C(=O)c2cccc3c2nc(C(=O)NC2CCN(C(C)C)CC2)n3Cc2cc(-c3ccc(Cl)s3)on2)C1,COC1CN(C(=O)[*:1])C1,8.16,0.766,180.0,0.65,-4.85,2.56,0.65,5.484168122878802,0.11335558812908886
CC(C)N1CCC(NC(=O)c2cc3cc([*:1])ccc3n2CC(=O)Nc2ccc(Cl)cn2)CC1,CPD_315,CCOC(=O)OC(C)OC(=O)c1ccc2c(c1)cc(C(=O)NC1CCN(C(C)C)CC1)n2CC(=O)Nc1ccc(Cl)cn1,CCOC(=O)OC(C)OC(=O)[*:1],7.83,1.946,1900.0,CPD_681,COCCOCCOc1ccc2c(c1)cc(C(=O)NC1CCN(C(C)C)CC1)n2CC(=O)Nc1ccc(Cl)cn1,COCCOCCO[*:1],8.47,0.241,36000.0,0.64,-1.71,1.28,0.64,2.1360009363293826,0.2682312442779567
Clc1ccc(-c2cc(Cn3c([*:1])cc4ccccc43)no2)s1,CPD_19,CC(=O)N1CCC(NC(=O)c2cc3ccccc3n2Cc2cc(-c3ccc(Cl)s3)on2)CC1,CC(=O)N1CCC(NC(=O)[*:1])CC1,6.12,3.157,3.8,CPD_57,CCN1CC[C@H](NC(=O)c2cc3ccccc3n2Cc2cc(-c3ccc(Cl)s3)on2)C1,CCN1CC[C@H](NC(=O)[*:1])C1,6.76,1.624,680.0,0.64,-1.53,2.25,0.64,2.7209189624095753,0.21542156083615474
CC(C)N1CCC(NC(=O)c2cc3ccccc3n2[*:1])CC1,CPD_857,CC(C)N1CCC(NC(=O)c2cc3ccccc3n2CC(=O)Nc2ccc(F)cc2)CC1,O=C(C[*:1])Nc1ccc(F)cc1,7.2,0.778,6500.0,CPD_858,CC(C)N1CCC(NC(=O)c2cc3ccccc3n2CC(=O)Nc2ccc(Cl)c(F)c2)CC1,O=C(C[*:1])Nc1ccc(Cl)c(F)c1,7.84,2.002,750.0,0.64,1.22,-0.94,0.64,1.5401298646542765,0.35751596162751115
CC(C)N1CCC(NC(=O)c2cc3c([*:1])cccc3n2Cc2cc(-c3ccc(Cl)s3)on2)CC1,CPD_132,CC(C)N1CCC(NC(=O)c2cc3c(C(F)(F)F)cccc3n2Cc2cc(-c3ccc(Cl)s3)on2)CC1,FC(F)(F)[*:1],7.82,2.572,90.0,CPD_231,COC(=O)OC(C)OC(=O)c1cccc2c1cc(C(=O)NC1CCN(C(C)C)CC1)n2Cc1cc(-c2ccc(Cl)s2)on1,COC(=O)OC(C)OC(=O)[*:1],8.46,2.396,110.0,0.64,-0.18,0.09,0.64,0.20124611797498107,1.4182947498187326
CC(C)N1CCC(NC(=O)c2cc3cc([*:1])ccc3n2CC(=O)Nc2ccc(Cl)cn2)CC1,CPD_345,CC(C)N1CCC(NC(=O)c2cc3cc(C(=O)N(C)CCO)ccc3n2CC(=O)Nc2ccc(Cl)cn2)CC1,CN(CCO)C(=O)[*:1],7.5,-1.408,1040000.0,CPD_781,CC(C)N1CCC(NC(=O)c2cc3cc(OCCO)ccc3n2CC(=O)Nc2ccc(Cl)cn2)CC1,OCCO[*:1],8.14,-0.041,55000.0,0.64,1.37,-1.28,0.64,1.874913331330278,0.3011887546488003
CC(C)N1CCC(NC(=O)c2cc3c([*:1])cccc3n2Cc2cc(-c3ccc(Cl)s3)on2)CC1,CPD_39,CC(C)N1CCC(NC(=O)c2cc3c(Br)cccc3n2Cc2cc(-c3ccc(Cl)s3)on2)CC1,Br[*:1],7.82,2.781,71.0,CPD_231,COC(=O)OC(C)OC(=O)c1cccc2c1cc(C(=O)NC1CCN(C(C)C)CC1)n2Cc1cc(-c2ccc(Cl)s2)on1,COC(=O)OC(C)OC(=O)[*:1],8.46,2.396,110.0,0.64,-0.39,0.19,0.64,0.4338202392696772,0.935918481563989
CC(C)N1CCC(NC(=O)c2nc3cc([*:1])ccc3n2CC(=O)Nc2ccc(Cl)cn2)CC1,CPD_381,CC(C)N1CCC(NC(=O)c2nc3cc(C(=O)N4CC(O)C4)ccc3n2CC(=O)Nc2ccc(Cl)cn2)CC1,O=C(N1CC(O)C1)[*:1],7.5,-0.694,3300.0,CPD_900,CC(C)N1CCC(NC(=O)c2nc3cc(O)ccc3n2CC(=O)Nc2ccc(Cl)cn2)CC1,O[*:1],8.14,1.553,42.0,0.64,2.25,-1.9,0.64,2.9449108645254443,0.20031857761861607
O=C(Cn1c([*:1])nc2ccccc21)Nc1ccc(Cl)cn1,CPD_977,CNC(=O)CN1CCN(C(=O)c2nc3ccccc3n2CC(=O)Nc2ccc(Cl)cn2)CC1,CNC(=O)CN1CCN(C(=O)[*:1])CC1,4.62,2.07,26.0,CPD_989,O=C(Cn1c(C(=O)N2CCN(C(=O)N3CCCC3)CC2)nc2ccccc21)Nc1ccc(Cl)cn1,O=C(N1CCCC1)N1CCN(C(=O)[*:1])CC1,5.26,2.656,7.4,0.64,0.59,-0.55,0.64,0.8065977932030313,0.6057177140791362
CC(C)N1CCC(NC(=O)c2cc3cc([*:1])ccc3n2CC(=O)Nc2ccc(Cl)cn2)CC1,CPD_315,CCOC(=O)OC(C)OC(=O)c1ccc2c(c1)cc(C(=O)NC1CCN(C(C)C)CC1)n2CC(=O)Nc1ccc(Cl)cn1,CCOC(=O)OC(C)OC(=O)[*:1],7.83,1.946,1900.0,CPD_843,CC(C)N1CCC(NC(=O)c2cc3cc(OC(C)(C)C(=O)O)ccc3n2CC(=O)Nc2ccc(Cl)cn2)CC1,CC(C)(O[*:1])C(=O)O,8.47,0.506,7.1,0.64,-1.44,-2.43,0.64,2.824623868765539,0.20815554269958877
CC(C)N1CCC(NC(=O)c2cc3cc([*:1])ccc3n2Cc2cc(-c3ccc(Cl)s3)on2)CC1,CPD_373,CC(C)N1CCC(NC(=O)c2cc3cc(C(=O)N4CCCC4CO)ccc3n2Cc2cc(-c3ccc(Cl)s3)on2)CC1,O=C(N1CCCC1CO)[*:1],6.98,-0.415,2900.0,CPD_503,CC(C)ONC(=O)c1ccc2c(c1)cc(C(=O)NC1CCN(C(C)C)CC1)n2Cc1cc(-c2ccc(Cl)s2)on1,CC(C)ONC(=O)[*:1],7.61,2.516,57.0,0.63,2.93,-1.71,0.63,3.3924917096435183,0.17295852680517332
COc1ccc(OC)c2c1cc([*:1])n2Cc1cc(-c2ccc(Cl)s2)on1,CPD_134,CCOC(=O)CN(C(=O)c1cc2c(OC)ccc(OC)c2n1Cc1cc(-c2ccc(Cl)s2)on1)C1CCN(C(C)C)CC1,CCOC(=O)CN(C(=O)[*:1])C1CCN(C(C)C)CC1,7.58,2.691,400.0,CPD_137,COc1ccc(OC)c2c1cc(C(=O)NC1CCN(C(C)C)CC1)n2Cc1cc(-c2ccc(Cl)s2)on1,CC(C)N1CCC(NC(=O)[*:1])CC1,8.22,1.902,290.0,0.63,-0.79,-0.14,0.63,0.8023091673413685,0.5986833713438784
COCCOc1cc2cc(C(=O)NC3CCN(C(C)C)CC3)n([*:1])c2cn1,CPD_383,COCCOc1cc2cc(C(=O)NC3CCN(C(C)C)CC3)n(Cc3cc(-c4ccc(Cl)s4)on3)c2cn1,Clc1ccc(-c2cc(C[*:1])no2)s1,6.87,0.606,4400.0,CPD_775,COCCOc1cc2cc(C(=O)NC3CCN(C(C)C)CC3)n(CC(=O)Nc3ccc(Br)cn3)c2cn1,O=C(C[*:1])Nc1ccc(Br)cn1,7.5,-0.133,140000.0,0.63,-0.74,1.5,0.63,1.672602762164406,0.3276807941806792
CC(C)N1CCC(NC(=O)c2nc3c([*:1])cccc3n2CC(=O)Nc2ccc(Cl)cn2)CC1,CPD_350,CC(OC(=O)OC1CCCCC1)OC(=O)c1cccc2c1nc(C(=O)NC1CCN(C(C)C)CC1)n2CC(=O)Nc1ccc(Cl)cn1,CC(OC(=O)OC1CCCCC1)OC(=O)[*:1],7.7,4.799,4.2,CPD_735,CCOCCOCCOc1cccc2c1nc(C(=O)NC1CCN(C(C)C)CC1)n2CC(=O)Nc1ccc(Cl)cn1,CCOCCOCCO[*:1],8.33,2.096,330.0,0.63,-2.7,1.9,0.63,3.3015148038438356,0.17738909586358628
CC(C)N1CCC(NC(=O)c2cc3cc([*:1])ccc3n2Cc2cc(-c3ccc(Cl)s3)on2)CC1,CPD_344,CC(C)N1CCC(NC(=O)c2cc3cc(C(=O)N4CC(O)C4)ccc3n2Cc2cc(-c3ccc(Cl)s3)on2)CC1,O=C(N1CC(O)C1)[*:1],7.23,-1.036,6400.0,CPD_361,CC(C)N1CCC(NC(=O)c2cc3cc(C(=O)OCC4COC(=O)O4)ccc3n2Cc2cc(-c3ccc(Cl)s3)on2)CC1,O=C1OCC(COC(=O)[*:1])O1,7.86,1.042,660.0,0.63,2.08,-0.99,0.63,2.303584163862914,0.24671205629932028
CC(C)OC(=O)c1ccc2c(c1)cc(C(=O)NC1CCN(C(C)C)CC1)n2C[*:1],CPD_99,CC(C)OC(=O)c1ccc2c(c1)cc(C(=O)NC1CCN(C(C)C)CC1)n2Cc1cc(-c2ccc(Cl)s2)on1,Clc1ccc(-c2cc([*:1])no2)s1,7.47,2.832,69.0,CPD_173,CC(C)OC(=O)c1ccc2c(c1)cc(C(=O)NC1CCN(C(C)C)CC1)n2CC(=O)Nc1ccc(Cl)cc1,O=C(Nc1ccc(Cl)cc1)[*:1],8.1,2.236,630.0,0.63,-0.6,0.96,0.63,1.1320777358467924,0.4558354307140344
CC(C)N1CCC(NC(=O)c2cc3c(C(=O)O[*:1])cccc3n2Cc2cc(-c3ccc(Cl)s3)on2)CC1,CPD_155,CC(C)N1CCC(NC(=O)c2cc3c(C(=O)OCOC(=O)C(C)(C)C)cccc3n2Cc2cc(-c3ccc(Cl)s3)on2)CC1,CC(C)(C)C(=O)OC[*:1],7.88,3.166,45.0,CPD_230,CC(=O)OC(C)OC(=O)c1cccc2c1cc(C(=O)NC1CCN(C(C)C)CC1)n2Cc1cc(-c2ccc(Cl)s2)on1,CC(=O)OC(C)[*:1],8.51,2.282,120.0,0.63,-0.88,0.43,0.63,0.979438614717635,0.5124290000804083
CC(C)N1CCC(NC(=O)c2cc3cc([*:1])ccc3n2CC(=O)Nc2ccc(Cl)cn2)CC1,CPD_541,CC(C)N1CCC(NC(=O)c2cc3cc(C(=O)N4CCOCC4)ccc3n2CC(=O)Nc2ccc(Cl)cn2)CC1,O=C(N1CCOCC1)[*:1],7.84,-1.329,79000.0,CPD_843,CC(C)N1CCC(NC(=O)c2cc3cc(OC(C)(C)C(=O)O)ccc3n2CC(=O)Nc2ccc(Cl)cn2)CC1,CC(C)(O[*:1])C(=O)O,8.47,0.506,7.1,0.63,1.83,-4.05,0.63,4.444254718172665,0.1342066074005546
CC(C)N1CCC(NC(=O)c2cc3cc([*:1])ccc3n2CC(=O)Nc2ccc(Cl)cn2)CC1,CPD_541,CC(C)N1CCC(NC(=O)c2cc3cc(C(=O)N4CCOCC4)ccc3n2CC(=O)Nc2ccc(Cl)cn2)CC1,O=C(N1CCOCC1)[*:1],7.84,-1.329,79000.0,CPD_681,COCCOCCOc1ccc2c(c1)cc(C(=O)NC1CCN(C(C)C)CC1)n2CC(=O)Nc1ccc(Cl)cn1,COCCOCCO[*:1],8.47,0.241,36000.0,0.63,1.57,-0.34,0.63,1.6063934760823702,0.33936770847176057
CC(C)N1CCC(NC(=O)c2cc3cc([*:1])ccc3n2CC(=O)Nc2ccc(Cl)cn2)CC1,CPD_374,CC(C)OC(=O)OC(C)OC(=O)c1ccc2c(c1)cc(C(=O)NC1CCN(C(C)C)CC1)n2CC(=O)Nc1ccc(Cl)cn1,CC(C)OC(=O)OC(C)OC(=O)[*:1],7.77,2.294,1000.0,CPD_743,COCCOc1ccc2c(c1)cc(C(=O)NC1CCN(C(C)C)CC1)n2CC(=O)Nc1ccc(Cl)cn1,COCCO[*:1],8.39,0.599,20000.0,0.63,-1.7,1.3,0.63,2.1400934559032696,0.2635880193069308
CC(C)N1CCC(NC(=O)c2cc3cc([*:1])ccc3n2CC(=O)Nc2ccc(Cl)cn2)CC1,CPD_170,CC(C)N1CCC(NC(=O)c2cc3cc(S(C)(=O)=O)ccc3n2CC(=O)Nc2ccc(Cl)cn2)CC1,CS(=O)(=O)[*:1],7.72,-0.686,15000.0,CPD_359,CC(C)N1CCC(NC(=O)c2cc3cc(C(=O)OCC(=O)O)ccc3n2CC(=O)Nc2ccc(Cl)cn2)CC1,O=C(O)COC(=O)[*:1],8.35,0.3,9.7,0.63,0.99,-3.19,0.63,3.340089819151575,0.17548307472398678
CC(C)N1CCC(NC(=O)c2nc3c([*:1])cccc3n2CC(=O)Nc2ccc(Cl)cn2)CC1,CPD_516,CC(C)N1CCC(NC(=O)c2nc3c(C(=O)OCC4CC4)cccc3n2CC(=O)Nc2ccc(Cl)cn2)CC1,O=C(OCC1CC1)[*:1],7.83,3.211,33.0,CPD_694,CCOCCOc1cccc2c1nc(C(=O)NC1CCN(C(C)C)CC1)n2CC(=O)Nc1ccc(Cl)cn1,CCOCCO[*:1],8.46,2.454,200.0,0.63,-0.76,0.78,0.63,1.0890362712049586,0.4704876287130608
CC(C)N1CCC(NC(=O)c2nc3c([*:1])cccc3n2CC(=O)Nc2ccc(Cl)cn2)CC1,CPD_609,CC(C)N1CCC(NC(=O)c2nc3c(C(=O)N4CCOCC4)cccc3n2CC(=O)Nc2ccc(Cl)cn2)CC1,O=C(N1CCOCC1)[*:1],7.71,-0.016,1600.0,CPD_735,CCOCCOCCOc1cccc2c1nc(C(=O)NC1CCN(C(C)C)CC1)n2CC(=O)Nc1ccc(Cl)cn1,CCOCCOCCO[*:1],8.33,2.096,330.0,0.63,2.11,-0.69,0.63,2.219954954497951,0.2550653803838521
CC(C)N1CCC(NC(=O)c2nc3cc(C(=O)O)ccc3n2C[*:1])CC1,CPD_288,CC(C)N1CCC(NC(=O)c2nc3cc(C(=O)O)ccc3n2Cc2cnc(-c3ccc(Cl)s3)s2)CC1,Clc1ccc(-c2ncc([*:1])s2)s1,7.03,3.024,0.4,CPD_341,CC(C)N1CCC(NC(=O)c2nc3cc(C(=O)O)ccc3n2CC(=O)Nc2ccc(Cl)cn2)CC1,O=C(Nc1ccc(Cl)cn1)[*:1],7.65,1.376,1.9,0.62,-1.65,0.68,0.62,1.7846288129468266,0.3047238867624368
CC(C)N1CCC(NC(=O)c2cc3cc(C(=O)NCCO)ccc3n2[*:1])CC1,CPD_252,CC(C)N1CCC(NC(=O)c2cc3cc(C(=O)NCCO)ccc3n2Cc2cc(-c3ccc(Cl)s3)on2)CC1,Clc1ccc(-c2cc(C[*:1])no2)s1,7.49,0.126,4400.0,CPD_324,CC(C)N1CCC(NC(=O)c2cc3cc(C(=O)NCCO)ccc3n2CC(=O)Nc2ccc(Cl)cn2)CC1,O=C(C[*:1])Nc1ccc(Cl)cn1,8.11,-0.841,140000.0,0.62,-0.97,1.5,0.62,1.7863090438107287,0.30447244826833264
CC(C)N1CCC(NC(=O)c2cc3cc([*:1])ccc3n2Cc2cc(-c3ccc(Cl)s3)on2)CC1,CPD_344,CC(C)N1CCC(NC(=O)c2cc3cc(C(=O)N4CC(O)C4)ccc3n2Cc2cc(-c3ccc(Cl)s3)on2)CC1,O=C(N1CC(O)C1)[*:1],7.23,-1.036,6400.0,CPD_877,CC(C)N1CCC(NC(=O)c2cc3cc(OC(C)(C)C(=O)O)ccc3n2Cc2cc(-c3ccc(Cl)s3)on2)CC1,CC(C)(O[*:1])C(=O)O,7.85,1.472,1.6,0.62,2.51,-3.6,0.62,4.388633044582334,0.13366006623958443
O=C(Nc1ccc(-n2ccc(=O)cc2)cc1)c1nc2ccccc2n1C[*:1],CPD_423,O=C(Cn1c(C(=O)Nc2ccc(-n3ccc(=O)cc3)cc2)nc2ccccc21)Nc1ccc(Cl)cn1,O=C(Nc1ccc(Cl)cn1)[*:1],7.3,3.099,3.9,CPD_457,O=C(Nc1ccc(-n2ccc(=O)cc2)cc1)c1nc2ccccc2n1Cc1cc(-c2ccc(Cl)s2)on1,Clc1ccc(-c2cc([*:1])no2)s1,7.92,3.915,0.4,0.62,0.82,-0.99,0.62,1.285496013218244,0.4037783196196927
CC(C)N1CCC(NC(=O)c2nc3c([*:1])cccc3n2CC(=O)Nc2ccc(Cl)cn2)CC1,CPD_528,COCCOC(=O)c1cccc2c1nc(C(=O)NC1CCN(C(C)C)CC1)n2CC(=O)Nc1ccc(Cl)cn1,COCCOC(=O)[*:1],7.81,1.899,260.0,CPD_690,CC(C)N1CCC(NC(=O)c2nc3c(OCCO)cccc3n2CC(=O)Nc2ccc(Cl)cn2)CC1,OCCO[*:1],8.43,1.283,760.0,0.62,-0.62,0.47,0.62,0.7780102827083971,0.6031068078098861
COCCOc1nccc2nc(C(=O)NC3CCN(C(C)C)CC3)n(C[*:1])c12,CPD_789,COCCOc1nccc2nc(C(=O)NC3CCN(C(C)C)CC3)n(CC(=O)Nc3ccc(Cl)cn3)c12,O=C(Nc1ccc(Cl)cn1)[*:1],7.23,1.174,1300.0,CPD_817,COCCOc1nccc2nc(C(=O)NC3CCN(C(C)C)CC3)n(Cc3nnc(-c4ccc(Cl)s4)s3)c12,Clc1ccc(-c2nnc([*:1])s2)s1,7.84,2.517,31.0,0.61,1.34,-1.62,0.61,2.102379604162864,0.25931188950989026
Clc1ccc(-c2cc(Cn3c([*:1])cc4ccccc43)no2)s1,CPD_24,O=C(NC1CCN(c2ccnc(Cl)n2)CC1)c1cc2ccccc2n1Cc1cc(-c2ccc(Cl)s2)on1,O=C(NC1CCN(c2ccnc(Cl)n2)CC1)[*:1],6.7,3.331,2.1,CPD_60,CC(C)N1CC[C@@H](NC(=O)c2cc3ccccc3n2Cc2cc(-c3ccc(Cl)s3)on2)C1,CC(C)N1CC[C@@H](NC(=O)[*:1])C1,7.32,1.909,390.0,0.61,-1.42,2.27,0.61,2.6775548547135313,0.20836501116891626
O=C(N[*:1])c1cc2ccccc2n1Cc1cc(-c2ccc(Cl)s2)on1,CPD_18,COC(=O)N1CCC(NC(=O)c2cc3ccccc3n2Cc2cc(-c3ccc(Cl)s3)on2)CC1,COC(=O)N1CCC([*:1])CC1,5.75,3.257,1.6,CPD_211,O=C(NCC1CN(c2ccncc2)C1)c1cc2ccccc2n1Cc1cc(-c2ccc(Cl)s2)on1,c1cc(N2CC(C[*:1])C2)ccn1,6.35,1.589,190.0,0.6,-1.67,2.07,0.6,2.6596616326141937,0.20620954453075985
CC(C)N1CCC(NC(=O)c2nc3cc([*:1])ccc3n2CC(=O)Nc2ccc(Cl)cn2)CC1,CPD_381,CC(C)N1CCC(NC(=O)c2nc3cc(C(=O)N4CC(O)C4)ccc3n2CC(=O)Nc2ccc(Cl)cn2)CC1,O=C(N1CC(O)C1)[*:1],7.5,-0.694,3300.0,CPD_942,CCOCC(O)COc1ccc2c(c1)nc(C(=O)NC1CCN(C(C)C)CC1)n2CC(=O)Nc1ccc(Cl)cn1,CCOCC(O)CO[*:1],8.1,1.877,390.0,0.6,2.57,-0.93,0.6,2.733093485411723,0.2011334887539365
CC(C)N1CCC(NC(=O)c2nc3c([*:1])cccc3n2CC(=O)Nc2ccc(Cl)cn2)CC1,CPD_516,CC(C)N1CCC(NC(=O)c2nc3c(C(=O)OCC4CC4)cccc3n2CC(=O)Nc2ccc(Cl)cn2)CC1,O=C(OCC1CC1)[*:1],7.83,3.211,33.0,CPD_690,CC(C)N1CCC(NC(=O)c2nc3c(OCCO)cccc3n2CC(=O)Nc2ccc(Cl)cn2)CC1,OCCO[*:1],8.43,1.283,760.0,0.6,-1.93,1.36,0.6,2.3610379073619296,0.22979367641820714
CC(C)N1CCC(NC(=O)c2nc3cc([*:1])ccc3n2CC(=O)Nc2ccc(Cl)cn2)CC1,CPD_547,CC(C)N1CCC(NC(=O)c2nc3cc(C(=O)N4CCCOCC4)ccc3n2CC(=O)Nc2ccc(Cl)cn2)CC1,O=C(N1CCCOCC1)[*:1],7.28,0.367,1100.0,CPD_925,CC(C)N1CCC(NC(=O)c2nc3cc(OCCCO)ccc3n2CC(=O)Nc2ccc(Cl)cn2)CC1,OCCCO[*:1],7.87,2.044,310.0,0.6,1.68,-0.55,0.6,1.7677386684688434,0.297362591784648
CC(C)N1CCC(NC(=O)c2cc3cc([*:1])ccc3n2CC(=O)Nc2ccc(Cl)cn2)CC1,CPD_332,CC(OC(=O)OC1CCCCC1)OC(=O)c1ccc2c(c1)cc(C(=O)NC1CCN(C(C)C)CC1)n2CC(=O)Nc1ccc(Cl)cn1,CC(OC(=O)OC1CCCCC1)OC(=O)[*:1],7.48,3.475,140.0,CPD_416,CC(C)N1CCC(NC(=O)c2cc3cc(C(=O)O)ccc3n2CC(=O)Nc2ccc(Cl)cn2)CC1,O=C(O)[*:1],8.09,0.362,8.8,0.6,-3.11,-1.2,0.6,3.3334816633663964,0.1674349295920068
CC(C)N1CCC(NC(=O)c2cc3c([*:1])cccc3n2Cc2cc(-c3ccc(Cl)s3)on2)CC1,CPD_133,CC(C)N1CCC(NC(=O)c2cc3c(Cl)cccc3n2Cc2cc(-c3ccc(Cl)s3)on2)CC1,Cl[*:1],8.16,2.601,74.0,CPD_186,Cc1oc(=O)oc1COC(=O)c1cccc2c1cc(C(=O)NC1CCN(C(C)C)CC1)n2Cc1cc(-c2ccc(Cl)s2)on1,Cc1oc(=O)oc1COC(=O)[*:1],8.75,3.186,9.7,0.6,0.58,-0.88,0.6,1.0539449701004318,0.46014211777187736
CC(C)N1CCC(NC(=O)c2cc3cc([*:1])ccc3n2CC(=O)Nc2ccc(Cl)cn2)CC1,CPD_674,CC(C)N1CCC(NC(=O)c2cc3cc(C(=O)N4CCC(F)(F)CC4)ccc3n2CC(=O)Nc2ccc(Cl)cn2)CC1,O=C(N1CCC(F)(F)CC1)[*:1],7.96,-0.344,18000.0,CPD_865,CC(C)N1CCC(NC(=O)c2cc3cc(OCCOCCO)ccc3n2CC(=O)Nc2ccc(Cl)cn2)CC1,OCCOCCO[*:1],8.55,-0.117,77000.0,0.59,0.23,0.63,0.59,0.6706713054842887,0.6408367421526731
CC(OC(=O)O[*:1])OC(=O)c1ccc2c(c1)nc(C(=O)NC1CCN(C(C)C)CC1)n2Cc1cc(-c2ccc(Cl)s2)on1,CPD_354,CC(OC(=O)OC1CCCCC1)OC(=O)c1ccc2c(c1)nc(C(=O)NC1CCN(C(C)C)CC1)n2Cc1cc(-c2ccc(Cl)s2)on1,C1CCC([*:1])CC1,7.32,5.603,0.5,CPD_355,CCOC(=O)OC(C)OC(=O)c1ccc2c(c1)nc(C(=O)NC1CCN(C(C)C)CC1)n2Cc1cc(-c2ccc(Cl)s2)on1,CC[*:1],7.91,4.074,3.6,0.59,-1.53,0.86,0.59,1.755135322418189,0.2942444798630654
CC(C)N1CCC(NC(=O)c2nc3c(C(=O)O)c([*:1])ccc3n2Cc2cc(-c3ccc(Cl)s3)on2)CC1,CPD_688,CC(C)N1CCC(NC(=O)c2nc3c(C(=O)O)c(OCC(F)(F)F)ccc3n2Cc2cc(-c3ccc(Cl)s3)on2)CC1,FC(F)(F)CO[*:1],7.69,2.755,0.2,CPD_696,CC(C)N1CCC(NC(=O)c2nc3c(C(=O)O)c(F)ccc3n2Cc2cc(-c3ccc(Cl)s3)on2)CC1,F[*:1],8.28,2.153,0.6,0.59,-0.6,0.48,0.59,0.7683749084919419,0.5793544156284253
CC(C)N1CCC(NC(=O)c2cc3cc([*:1])ccc3n2Cc2cc(-c3ccc(Cl)s3)on2)CC1,CPD_335,CC(C)N1CCC(NC(=O)c2cc3cc(C(=O)N(CCO)CCO)ccc3n2Cc2cc(-c3ccc(Cl)s3)on2)CC1,O=C(N(CCO)CCO)[*:1],6.64,-1.074,41000.0,CPD_344,CC(C)N1CCC(NC(=O)c2cc3cc(C(=O)N4CC(O)C4)ccc3n2Cc2cc(-c3ccc(Cl)s3)on2)CC1,O=C(N1CC(O)C1)[*:1],7.23,-1.036,6400.0,0.59,0.04,-0.81,0.59,0.8109870529176161,0.5560859563531475
CC(C)N1CCC(NC(=O)c2nc3c([*:1])cccc3n2CC(=O)Nc2ccc(Cl)cn2)CC1,CPD_600,COCCOCc1cccc2c1nc(C(=O)NC1CCN(C(C)C)CC1)n2CC(=O)Nc1ccc(Cl)cn1,COCCOC[*:1],7.87,1.696,550.0,CPD_694,CCOCCOc1cccc2c1nc(C(=O)NC1CCN(C(C)C)CC1)n2CC(=O)Nc1ccc(Cl)cn1,CCOCCO[*:1],8.46,2.454,200.0,0.59,0.76,-0.44,0.59,0.8781799360040059,0.5229662230031938
CC(C)N1CCC(NC(=O)c2cc3cc([*:1])ccc3n2Cc2cc(-c3ccc(Cl)s3)on2)CC1,CPD_342,CC(C)N1CCC(NC(=O)c2cc3cc(C(=O)N(C)CCO)ccc3n2Cc2cc(-c3ccc(Cl)s3)on2)CC1,CN(CCO)C(=O)[*:1],6.73,-0.441,32000.0,CPD_368,CC(C)N1CCC(NC(=O)c2cc3cc(C(=O)NCCN4CCNC4=O)ccc3n2Cc2cc(-c3ccc(Cl)s3)on2)CC1,O=C1NCCN1CCNC(=O)[*:1],7.32,0.289,190.0,0.59,0.73,-2.23,0.59,2.3464441182350795,0.22723385258183398
CC(C)N1CCC(NC(=O)c2cc3cc([*:1])ccc3n2CC(=O)Nc2ccc(Cl)cn2)CC1,CPD_345,CC(C)N1CCC(NC(=O)c2cc3cc(C(=O)N(C)CCO)ccc3n2CC(=O)Nc2ccc(Cl)cn2)CC1,CN(CCO)C(=O)[*:1],7.5,-1.408,1040000.0,CPD_416,CC(C)N1CCC(NC(=O)c2cc3cc(C(=O)O)ccc3n2CC(=O)Nc2ccc(Cl)cn2)CC1,O=C(O)[*:1],8.09,0.362,8.8,0.59,1.77,-5.07,0.59,5.370083798228851,0.10498064106907735
CC(C)N1CCC(NC(=O)c2cc3ccccc3n2CC(=O)N[*:1])CC1,CPD_853,Cc1ccc(NC(=O)Cn2c(C(=O)NC3CCN(C(C)C)CC3)cc3ccccc32)cc1,Cc1ccc([*:1])cc1,7.25,0.85,14000.0,CPD_858,CC(C)N1CCC(NC(=O)c2cc3ccccc3n2CC(=O)Nc2ccc(Cl)c(F)c2)CC1,Fc1cc([*:1])ccc1Cl,7.84,2.002,750.0,0.59,1.15,-1.27,0.59,1.713300907604966,0.300514301050134
CC(C)N1CCC(NC(=O)c2nc3cc([*:1])ccc3n2CC(=O)Nc2ccc(Cl)cn2)CC1,CPD_389,CC(OC(=O)OC1CCCCC1)OC(=O)c1ccc2c(c1)nc(C(=O)NC1CCN(C(C)C)CC1)n2CC(=O)Nc1ccc(Cl)cn1,CC(OC(=O)OC1CCCCC1)OC(=O)[*:1],7.45,4.785,4.3,CPD_785,CC(C)N1CCC(NC(=O)c2nc3cc(OCCO)ccc3n2CC(=O)Nc2ccc(Cl)cn2)CC1,OCCO[*:1],8.03,1.28,760.0,0.59,-3.5,2.25,0.59,4.16082924427331,0.1337616958910871
CC(C)N1CCC(NC(=O)c2nc3ccc([*:1])cc3n2CC(=O)Nc2ccc(Cl)cn2)CC1,CPD_387,CC(OC(=O)OC1CCCCC1)OC(=O)c1ccc2nc(C(=O)NC3CCN(C(C)C)CC3)n(CC(=O)Nc3ccc(Cl)cn3)c2c1,CC(OC(=O)OC1CCCCC1)OC(=O)[*:1],6.06,4.788,4.3,CPD_450,CC(C)N1CCC(NC(=O)c2nc3ccc(S(=O)(=O)CCO)cc3n2CC(=O)Nc2ccc(Cl)cn2)CC1,O=S(=O)(CCO)[*:1],6.65,0.285,880.0,0.59,-4.5,2.31,0.59,5.058270455402716,0.11114731341533335
CC(C)N1CCC(NC(=O)c2cc3cc(C(=O)O[*:1])ccc3n2Cc2cc(-c3ccc(Cl)s3)on2)CC1,CPD_117,CC(C)N1CCC(NC(=O)c2cc3cc(C(=O)OCOC(=O)C(C)(C)C)ccc3n2Cc2cc(-c3ccc(Cl)s3)on2)CC1,CC(C)(C)C(=O)OC[*:1],7.45,3.152,47.0,CPD_363,CC(C)N1CCC(NC(=O)c2cc3cc(C(=O)OCCN4CCCC4=O)ccc3n2Cc2cc(-c3ccc(Cl)s3)on2)CC1,O=C1CCCN1CC[*:1],8.03,1.653,110.0,0.58,-1.5,0.37,0.58,1.5449595463959565,0.3231270594173356
COCCOc1cc2cc(C(=O)NC3CCN(C(C)C)CC3)n(C[*:1])c2cn1,CPD_383,COCCOc1cc2cc(C(=O)NC3CCN(C(C)C)CC3)n(Cc3cc(-c4ccc(Cl)s4)on3)c2cn1,Clc1ccc(-c2cc([*:1])no2)s1,6.87,0.606,4400.0,CPD_927,COCCOc1cc2cc(C(=O)NC3CCN(C(C)C)CC3)n(CC(=O)Nc3ccc(Cl)cn3)c2cn1,O=C(Nc1ccc(Cl)cn1)[*:1],7.45,-0.378,150000.0,0.58,-0.98,1.53,0.58,1.8169479904499193,0.2806069638325778
O=C(N[*:1])c1cc2ccccc2n1Cc1cc(-c2ccc(Cl)s2)on1,CPD_60,CC(C)N1CC[C@@H](NC(=O)c2cc3ccccc3n2Cc2cc(-c3ccc(Cl)s3)on2)C1,CC(C)N1CC[C@@H]([*:1])C1,7.32,1.909,390.0,CPD_178,O=C(NC1CN(c2ccncc2)C1)c1cc2ccccc2n1Cc1cc(-c2ccc(Cl)s2)on1,c1cc(N2CC([*:1])C2)ccn1,7.9,1.282,330.0,0.58,-0.63,-0.07,0.58,0.6338769596696192,0.656199931059178
CC(C)N1CCC(NC(=O)c2cc3cc([*:1])ccc3n2CC(=O)Nc2ccc(Cl)cn2)CC1,CPD_332,CC(OC(=O)OC1CCCCC1)OC(=O)c1ccc2c(c1)cc(C(=O)NC1CCN(C(C)C)CC1)n2CC(=O)Nc1ccc(Cl)cn1,CC(OC(=O)OC1CCCCC1)OC(=O)[*:1],7.48,3.475,140.0,CPD_408,CC(C)N1CCC(NC(=O)c2cc3cc(C(=O)N4CC(O)C4)ccc3n2CC(=O)Nc2ccc(Cl)cn2)CC1,O=C(N1CC(O)C1)[*:1],8.06,-2.004,210000.0,0.58,-5.48,3.18,0.58,6.335834593800568,0.08806780549058586
COCCOc1nccc2c1nc(C(=O)NC1CCN(C(C)C)CC1)n2C[*:1],CPD_767,COCCOc1nccc2c1nc(C(=O)NC1CCN(C(C)C)CC1)n2CC(=O)Nc1ccc(Cl)cn1,O=C(Nc1ccc(Cl)cn1)[*:1],7.61,1.182,1300.0,CPD_820,COCCOc1nccc2c1nc(C(=O)NC1CCN(C(C)C)CC1)n2Cc1nnc(-c2ccc(Cl)s2)s1,Clc1ccc(-c2nnc([*:1])s2)s1,8.19,2.524,31.0,0.58,1.34,-1.62,0.58,2.102379604162864,0.24655884576350218
CC(C)N1CCC(NC(=O)c2nc3cc([*:1])ccc3n2CC(=O)Nc2ccc(Cl)cn2)CC1,CPD_444,CC(C)N1CCC(NC(=O)c2nc3cc(S(=O)(=O)CCO)ccc3n2CC(=O)Nc2ccc(Cl)cn2)CC1,O=S(=O)(CCO)[*:1],7.15,0.282,890.0,CPD_944,CC(C)N1CCC(NC(=O)c2nc3cc(OC(C)(C)CO)ccc3n2CC(=O)Nc2ccc(Cl)cn2)CC1,CC(C)(CO)O[*:1],7.73,1.966,380.0,0.58,1.68,-0.37,0.58,1.7202616080119906,0.29437715156274324
CC(C)N1CCC(NC(=O)c2cc3cc(C(=O)O[*:1])ccc3n2Cc2cc(-c3ccc(Cl)s3)on2)CC1,CPD_167,CCOC(=O)OC(C)OC(=O)c1ccc2c(c1)cc(C(=O)NC1CCN(C(C)C)CC1)n2Cc1cc(-c2ccc(Cl)s2)on1,CCOC(=O)OC(C)[*:1],7.38,2.914,58.0,CPD_194,Cc1oc(=O)oc1COC(=O)c1ccc2c(c1)cc(C(=O)NC1CCN(C(C)C)CC1)n2Cc1cc(-c2ccc(Cl)s2)on1,Cc1oc(=O)oc1C[*:1],7.96,3.174,10.0,0.58,0.26,-0.76,0.58,0.8032434251209281,0.5506799151709941
CC(C)N1CCC(NC(=O)c2cc3cc(C(=O)O[*:1])ccc3n2Cc2cc(-c3ccc(Cl)s3)on2)CC1,CPD_167,CCOC(=O)OC(C)OC(=O)c1ccc2c(c1)cc(C(=O)NC1CCN(C(C)C)CC1)n2Cc1cc(-c2ccc(Cl)s2)on1,CCOC(=O)OC(C)[*:1],7.38,2.914,58.0,CPD_171,CCOC(=O)c1ccc2c(c1)cc(C(=O)NC1CCN(C(C)C)CC1)n2Cc1cc(-c2ccc(Cl)s2)on1,CC[*:1],7.96,2.492,130.0,0.58,-0.42,0.35,0.58,0.5467174773134658,0.7279870424780464
O=C(N[*:1])c1cc2ccccc2n1Cc1cc(-c2ccc(Cl)s2)on1,CPD_19,CC(=O)N1CCC(NC(=O)c2cc3ccccc3n2Cc2cc(-c3ccc(Cl)s3)on2)CC1,CC(=O)N1CCC([*:1])CC1,6.12,3.157,3.8,CPD_24,O=C(NC1CCN(c2ccnc(Cl)n2)CC1)c1cc2ccccc2n1Cc1cc(-c2ccc(Cl)s2)on1,Clc1nccc(N2CCC([*:1])CC2)n1,6.7,3.331,2.1,0.58,0.17,-0.26,0.58,0.31064449134018135,1.0345236758030933
CC(C)N1CCC(NC(=O)c2cc3c(C(=O)O[*:1])cccc3n2Cc2cc(-c3ccc(Cl)s3)on2)CC1,CPD_155,CC(C)N1CCC(NC(=O)c2cc3c(C(=O)OCOC(=O)C(C)(C)C)cccc3n2Cc2cc(-c3ccc(Cl)s3)on2)CC1,CC(C)(C)C(=O)OC[*:1],7.88,3.166,45.0,CPD_231,COC(=O)OC(C)OC(=O)c1cccc2c1cc(C(=O)NC1CCN(C(C)C)CC1)n2Cc1cc(-c2ccc(Cl)s2)on1,COC(=O)OC(C)[*:1],8.46,2.396,110.0,0.58,-0.77,0.39,0.58,0.8631338250816034,0.5210514557470036
O=C(Cn1c(C(=O)N2CCN([*:1])CC2)nc2ccccc21)Nc1ccc(Cl)cn1,CPD_977,CNC(=O)CN1CCN(C(=O)c2nc3ccccc3n2CC(=O)Nc2ccc(Cl)cn2)CC1,CNC(=O)C[*:1],4.62,2.07,26.0,CPD_985,O=C(Cn1c(C(=O)N2CCN(CC(=O)N3CCCC3)CC2)nc2ccccc21)Nc1ccc(Cl)cn1,O=C(C[*:1])N1CCCC1,5.2,2.775,6.7,0.58,0.71,-0.59,0.58,0.9231467922275417,0.4943967829453895
CC(C)N1CCC(NC(=O)c2cc3c([*:1])cccc3n2Cc2cc(-c3ccc(Cl)s3)on2)CC1,CPD_175,CCOC(=O)OC(C)OC(=O)c1cccc2c1cc(C(=O)NC1CCN(C(C)C)CC1)n2Cc1cc(-c2ccc(Cl)s2)on1,CCOC(=O)OC(C)OC(=O)[*:1],8.17,2.927,56.0,CPD_186,Cc1oc(=O)oc1COC(=O)c1cccc2c1cc(C(=O)NC1CCN(C(C)C)CC1)n2Cc1cc(-c2ccc(Cl)s2)on1,Cc1oc(=O)oc1COC(=O)[*:1],8.75,3.186,9.7,0.58,0.26,-0.76,0.58,0.8032434251209281,0.5506799151709941
CC(C)N1CCC(NC(=O)c2nc3c([*:1])cccc3n2Cc2cc(-c3ccc(Cl)s3)on2)CC1,CPD_346,CC(C)N1CCC(NC(=O)c2nc3c(C(=O)N(C)CCO)cccc3n2Cc2cc(-c3ccc(Cl)s3)on2)CC1,CN(CCO)C(=O)[*:1],7.58,0.725,300.0,CPD_471,COC1CN(C(=O)c2cccc3c2nc(C(=O)NC2CCN(C(C)C)CC2)n3Cc2cc(-c3ccc(Cl)s3)on2)C1,COC1CN(C(=O)[*:1])C1,8.16,0.766,180.0,0.58,0.04,-0.22,0.58,0.22360679774997896,1.224644584400976
CC(C)N1CCC(NC(=O)c2nc3ccc(OCCO)cc3n2[*:1])CC1,CPD_790,CC(C)N1CCC(NC(=O)c2nc3ccc(OCCO)cc3n2CC(=O)Nc2ccc(Cl)cn2)CC1,O=C(C[*:1])Nc1ccc(Cl)cn1,6.98,1.282,760.0,CPD_804,CC(C)N1CCC(NC(=O)c2nc3ccc(OCCO)cc3n2Cc2nnc(-c3ccc(Cl)s3)s2)CC1,Clc1ccc(-c2nnc(C[*:1])s2)s1,7.55,2.624,18.0,0.57,1.34,-1.63,0.57,2.1100947846009195,0.2415157237408938
CC(C)N1CCC(NC(=O)c2nc3c([*:1])cccc3n2CC(=O)Nc2ccc(Cl)cn2)CC1,CPD_638,CC(C)N1CCC(NC(=O)c2nc3c(C(=O)N(C)CCO)cccc3n2CC(=O)Nc2ccc(Cl)cn2)CC1,CN(CCO)C(=O)[*:1],7.89,-0.092,2900.0,CPD_694,CCOCCOc1cccc2c1nc(C(=O)NC1CCN(C(C)C)CC1)n2CC(=O)Nc1ccc(Cl)cn1,CCOCCO[*:1],8.46,2.454,200.0,0.57,2.55,-1.16,0.57,2.801446055165082,0.18679668252210446
CC(C)N1CCC(NC(=O)c2cc3cc(C(=O)O[*:1])ccc3n2CC(=O)Nc2ccc(Cl)cn2)CC1,CPD_332,CC(OC(=O)OC1CCCCC1)OC(=O)c1ccc2c(c1)cc(C(=O)NC1CCN(C(C)C)CC1)n2CC(=O)Nc1ccc(Cl)cn1,CC(OC(=O)OC1CCCCC1)[*:1],7.48,3.475,140.0,CPD_370,COCCOC(=O)OC(C)OC(=O)c1ccc2c(c1)cc(C(=O)NC1CCN(C(C)C)CC1)n2CC(=O)Nc1ccc(Cl)cn1,COCCOC(=O)OC(C)[*:1],8.05,1.425,5200.0,0.57,-2.05,1.57,0.57,2.5821309029559285,0.2012618835538584
CC(C)N1CCC(NC(=O)c2cc3cc([*:1])ccc3n2Cc2cc(-c3ccc(Cl)s3)on2)CC1,CPD_162,CC(OC(=O)c1ccc2c(c1)cc(C(=O)NC1CCN(C(C)C)CC1)n2Cc1cc(-c2ccc(Cl)s2)on1)OC(=O)C(C)(C)C,CC(OC(=O)C(C)(C)C)OC(=O)[*:1],7.04,3.499,26.0,CPD_503,CC(C)ONC(=O)c1ccc2c(c1)cc(C(=O)NC1CCN(C(C)C)CC1)n2Cc1cc(-c2ccc(Cl)s2)on1,CC(C)ONC(=O)[*:1],7.61,2.516,57.0,0.57,-0.98,0.34,0.57,1.037304198391195,0.44278578498567467
CC(C)N1CCC(NC(=O)c2cc3cc([*:1])ccc3n2CC(=O)Nc2ccc(Cl)cn2)CC1,CPD_345,CC(C)N1CCC(NC(=O)c2cc3cc(C(=O)N(C)CCO)ccc3n2CC(=O)Nc2ccc(Cl)cn2)CC1,CN(CCO)C(=O)[*:1],7.5,-1.408,1040000.0,CPD_408,CC(C)N1CCC(NC(=O)c2cc3cc(C(=O)N4CC(O)C4)ccc3n2CC(=O)Nc2ccc(Cl)cn2)CC1,O=C(N1CC(O)C1)[*:1],8.06,-2.004,210000.0,0.56,-0.6,-0.69,0.56,0.9143850392476901,0.48094056615654934
CC(C)N1CCC(NC(=O)c2cc3cc([*:1])ccc3n2Cc2cc(-c3ccc(Cl)s3)on2)CC1,CPD_213,CC(OC(=O)OC1CCCCC1)OC(=O)c1ccc2c(c1)cc(C(=O)NC1CCN(C(C)C)CC1)n2Cc1cc(-c2ccc(Cl)s2)on1,CC(OC(=O)OC1CCCCC1)OC(=O)[*:1],6.77,4.442,4.4,CPD_368,CC(C)N1CCC(NC(=O)c2cc3cc(C(=O)NCCN4CCNC4=O)ccc3n2Cc2cc(-c3ccc(Cl)s3)on2)CC1,O=C1NCCN1CCNC(=O)[*:1],7.32,0.289,190.0,0.56,-4.15,1.64,0.56,4.462297614458274,0.1188379949266803
CC(C)N1CCC(NC(=O)c2nc3ccc([*:1])cc3n2CC(=O)Nc2ccc(Cl)cn2)CC1,CPD_317,COC(=O)c1ccc2nc(C(=O)NC3CCN(C(C)C)CC3)n(CC(=O)Nc3ccc(Cl)cn3)c2c1,COC(=O)[*:1],6.43,2.305,160.0,CPD_790,CC(C)N1CCC(NC(=O)c2nc3ccc(OCCO)cc3n2CC(=O)Nc2ccc(Cl)cn2)CC1,OCCO[*:1],6.98,1.282,760.0,0.56,-1.02,0.68,0.56,1.2258874336577563,0.3794327312701129
CC(C)N1CCC(NC(=O)c2nc3c([*:1])cccc3n2CC(=O)Nc2ccc(Cl)cn2)CC1,CPD_600,COCCOCc1cccc2c1nc(C(=O)NC1CCN(C(C)C)CC1)n2CC(=O)Nc1ccc(Cl)cn1,COCCOC[*:1],7.87,1.696,550.0,CPD_690,CC(C)N1CCC(NC(=O)c2nc3c(OCCO)cccc3n2CC(=O)Nc2ccc(Cl)cn2)CC1,OCCO[*:1],8.43,1.283,760.0,0.56,-0.41,0.14,0.56,0.4332435804486894,0.8196198486522849
CC(C)N1CCC(NC(=O)c2cc3cc([*:1])ccc3n2Cc2cc(-c3ccc(Cl)s3)on2)CC1,CPD_344,CC(C)N1CCC(NC(=O)c2cc3cc(C(=O)N4CC(O)C4)ccc3n2Cc2cc(-c3ccc(Cl)s3)on2)CC1,O=C(N1CC(O)C1)[*:1],7.23,-1.036,6400.0,CPD_366,CC(C)N1CCC(NC(=O)c2cc3cc(C(=O)OCCN4CCOCC4)ccc3n2Cc2cc(-c3ccc(Cl)s3)on2)CC1,O=C(OCCN1CCOCC1)[*:1],7.79,1.706,740.0,0.56,2.74,-0.94,0.56,2.8967568071897234,0.17796100376124066
CC(C)N1CCC(NC(=O)c2cc3cc(C(=O)O[*:1])ccc3n2Cc2cc(-c3ccc(Cl)s3)on2)CC1,CPD_99,CC(C)OC(=O)c1ccc2c(c1)cc(C(=O)NC1CCN(C(C)C)CC1)n2Cc1cc(-c2ccc(Cl)s2)on1,CC(C)[*:1],7.47,2.832,69.0,CPD_363,CC(C)N1CCC(NC(=O)c2cc3cc(C(=O)OCCN4CCCC4=O)ccc3n2Cc2cc(-c3ccc(Cl)s3)on2)CC1,O=C1CCCN1CC[*:1],8.03,1.653,110.0,0.56,-1.18,0.2,0.56,1.1968291440301744,0.3870533036403371
CC(C)N1CCC(NC(=O)c2cc3cc([*:1])ccc3n2CC(=O)Nc2ccc(Cl)cn2)CC1,CPD_315,CCOC(=O)OC(C)OC(=O)c1ccc2c(c1)cc(C(=O)NC1CCN(C(C)C)CC1)n2CC(=O)Nc1ccc(Cl)cn1,CCOC(=O)OC(C)OC(=O)[*:1],7.83,1.946,1900.0,CPD_743,COCCOc1ccc2c(c1)cc(C(=O)NC1CCN(C(C)C)CC1)n2CC(=O)Nc1ccc(Cl)cn1,COCCO[*:1],8.39,0.599,20000.0,0.56,-1.35,1.02,0.56,1.6920106382644289,0.2883609332338524
O=C(Nc1ccc(N2CCNCC2=O)cc1)c1nc2ccccc2n1C[*:1],CPD_601,O=C(Cn1c(C(=O)Nc2ccc(N3CCNCC3=O)cc2)nc2ccccc21)Nc1ccc(Cl)cn1,O=C(Nc1ccc(Cl)cn1)[*:1],6.3,2.591,8.7,CPD_605,O=C(Nc1ccc(N2CCNCC2=O)cc1)c1nc2ccccc2n1Cc1cc(-c2ccc(Cl)s2)on1,Clc1ccc(-c2cc([*:1])no2)s1,6.85,3.407,0.8,0.56,0.82,-1.04,0.56,1.3243866504914643,0.3556940728792315
Clc1ccc(-c2cc(Cn3c([*:1])cc4ccccc43)no2)s1,CPD_57,CCN1CC[C@H](NC(=O)c2cc3ccccc3n2Cc2cc(-c3ccc(Cl)s3)on2)C1,CCN1CC[C@H](NC(=O)[*:1])C1,6.76,1.624,680.0,CPD_60,CC(C)N1CC[C@@H](NC(=O)c2cc3ccccc3n2Cc2cc(-c3ccc(Cl)s3)on2)C1,CC(C)N1CC[C@@H](NC(=O)[*:1])C1,7.32,1.909,390.0,0.56,0.28,-0.24,0.56,0.3687817782917155,0.9050040250797371
CC(C)N1CCC(NC(=O)c2cc3cc([*:1])ccc3n2CC(=O)Nc2ccc(Cl)cn2)CC1,CPD_541,CC(C)N1CCC(NC(=O)c2cc3cc(C(=O)N4CCOCC4)ccc3n2CC(=O)Nc2ccc(Cl)cn2)CC1,O=C(N1CCOCC1)[*:1],7.84,-1.329,79000.0,CPD_743,COCCOc1ccc2c(c1)cc(C(=O)NC1CCN(C(C)C)CC1)n2CC(=O)Nc1ccc(Cl)cn1,COCCO[*:1],8.39,0.599,20000.0,0.56,1.93,-0.6,0.56,2.0211135544545735,0.24657507719136862
CC(C)N1CCC(NC(=O)c2cc3cc([*:1])ccc3n2CC(=O)Nc2ccc(Cl)cn2)CC1,CPD_345,CC(C)N1CCC(NC(=O)c2cc3cc(C(=O)N(C)CCO)ccc3n2CC(=O)Nc2ccc(Cl)cn2)CC1,CN(CCO)C(=O)[*:1],7.5,-1.408,1040000.0,CPD_370,COCCOC(=O)OC(C)OC(=O)c1ccc2c(c1)cc(C(=O)NC1CCN(C(C)C)CC1)n2CC(=O)Nc1ccc(Cl)cn1,COCCOC(=O)OC(C)OC(=O)[*:1],8.05,1.425,5200.0,0.55,2.83,-2.3,0.55,3.6467656903069603,0.14114269209670516
Cc1ccc(C(=O)O)c2nc([*:1])n(Cc3cc(-c4ccc(Cl)s4)on3)c12,CPD_840,Cc1ccc(C(=O)O)c2nc(C(=O)NC3CCN(C4CC4)CC3)n(Cc3cc(-c4ccc(Cl)s4)on3)c12,O=C(NC1CCN(C2CC2)CC1)[*:1],9.6,2.132,0.6,CPD_871,Cc1ccc(C(=O)O)c2nc(C(=O)NC3CCN(C(C)C)CC3)n(Cc3cc(-c4ccc(Cl)s4)on3)c12,CC(C)N1CCC(NC(=O)[*:1])CC1,10.15,2.652,0.3,0.55,0.52,-0.3,0.55,0.6003332407921455,0.6468052448327625
O=C(N[*:1])c1cc2ccccc2n1Cc1cc(-c2ccc(Cl)s2)on1,CPD_16,CC(C)CN1CCC(NC(=O)c2cc3ccccc3n2Cc2cc(-c3ccc(Cl)s3)on2)CC1,CC(C)CN1CCC([*:1])CC1,6.85,3.104,48.0,CPD_26,CN1CCC(NC(=O)c2cc3ccccc3n2Cc2cc(-c3ccc(Cl)s3)on2)CC1,CN1CCC([*:1])CC1,7.4,2.01,210.0,0.55,-1.09,0.64,0.55,1.2640015822774908,0.3632757101697628
CC(C)N1CCC(NC(=O)c2cc3cc([*:1])ccc3n2Cc2cc(-c3ccc(Cl)s3)on2)CC1,CPD_179,CC(C)OC(=O)COc1ccc2c(c1)cc(C(=O)NC1CCN(C(C)C)CC1)n2Cc1cc(-c2ccc(Cl)s2)on1,CC(C)OC(=O)CO[*:1],7.48,2.057,140.0,CPD_363,CC(C)N1CCC(NC(=O)c2cc3cc(C(=O)OCCN4CCCC4=O)ccc3n2Cc2cc(-c3ccc(Cl)s3)on2)CC1,O=C1CCCN1CCOC(=O)[*:1],8.03,1.653,110.0,0.55,-0.4,-0.1,0.55,0.4123105625617661,0.8304261340369425
CC(C)N1CCC(NC(=O)c2nc3cc([*:1])ccc3n2CC(=O)Nc2ccc(Cl)cn2)CC1,CPD_444,CC(C)N1CCC(NC(=O)c2nc3cc(S(=O)(=O)CCO)ccc3n2CC(=O)Nc2ccc(Cl)cn2)CC1,O=S(=O)(CCO)[*:1],7.15,0.282,890.0,CPD_836,CC(C)N1CCC(NC(=O)c2nc3cc(OCCN4CCOCC4)ccc3n2CC(=O)Nc2ccc(Cl)cn2)CC1,C1CN(CCO[*:1])CCO1,7.7,1.561,370.0,0.55,1.28,-0.38,0.55,1.3352153384379615,0.3469560170556757
COc1cccc(Cn2c(C(=O)NC3CCN(C(C)C)CC3)cc3c([*:1])cccc32)c1,CPD_542,COc1cccc(Cn2c(C(=O)NC3CCN(C(C)C)CC3)cc3c(C(=O)OCCO)cccc32)c1,O=C(OCCO)[*:1],7.19,0.143,53000.0,CPD_908,COc1cccc(Cn2c(C(=O)NC3CCN(C(C)C)CC3)cc3c(OCCO)cccc32)c1,OCCO[*:1],7.74,0.186,65000.0,0.55,0.04,0.09,0.55,0.09848857801796104,1.5782439789795724
Clc1ccc(-c2cc(Cn3c([*:1])cc4ccccc43)no2)s1,CPD_43,O=C(c1cc2ccccc2n1Cc1cc(-c2ccc(Cl)s2)on1)N1CCC(Oc2ccncc2)CC1,O=C(N1CCC(Oc2ccncc2)CC1)[*:1],5.53,3.739,1.1,CPD_204,CC(C)N1CC(CNC(=O)c2cc3ccccc3n2Cc2cc(-c3ccc(Cl)s3)on2)C1,CC(C)N1CC(CNC(=O)[*:1])C1,6.08,1.854,360.0,0.55,-1.88,2.51,0.55,3.136000637755037,0.1624335193169536
CC(C)N1CCC(NC(=O)c2cc3cc([*:1])ccc3n2Cc2cc(-c3ccc(Cl)s3)on2)CC1,CPD_252,CC(C)N1CCC(NC(=O)c2cc3cc(C(=O)NCCO)ccc3n2Cc2cc(-c3ccc(Cl)s3)on2)CC1,O=C(NCCO)[*:1],7.49,0.126,4400.0,CPD_363,CC(C)N1CCC(NC(=O)c2cc3cc(C(=O)OCCN4CCCC4=O)ccc3n2Cc2cc(-c3ccc(Cl)s3)on2)CC1,O=C1CCCN1CCOC(=O)[*:1],8.03,1.653,110.0,0.55,1.53,-1.6,0.55,2.213797642062165,0.22323261886867365
CC(C)N1CCC(NC(=O)c2cc3cc([*:1])ccc3n2Cc2cc(-c3ccc(Cl)s3)on2)CC1,CPD_162,CC(OC(=O)c1ccc2c(c1)cc(C(=O)NC1CCN(C(C)C)CC1)n2Cc1cc(-c2ccc(Cl)s2)on1)OC(=O)C(C)(C)C,CC(OC(=O)C(C)(C)C)OC(=O)[*:1],7.04,3.499,26.0,CPD_365,CC(C)N1CCC(NC(=O)c2cc3cc(C(=O)OC4CCOC4)ccc3n2Cc2cc(-c3ccc(Cl)s3)on2)CC1,O=C(OC1CCOC1)[*:1],7.58,1.734,120.0,0.54,-1.77,0.66,0.54,1.88904737897174,0.25244882619644593
CC(C)N1CCC(NC(=O)c2cc3cc([*:1])ncc3n2CC(=O)Nc2ccc(Cl)cn2)CC1,CPD_782,COCCOCCOc1cc2cc(C(=O)NC3CCN(C(C)C)CC3)n(CC(=O)Nc3ccc(Cl)cn3)c2cn1,COCCOCCO[*:1],7.23,-0.733,270000.0,CPD_878,CC(C)N1CCC(NC(=O)c2cc3cc(OCCCO)ncc3n2CC(=O)Nc2ccc(Cl)cn2)CC1,OCCCO[*:1],7.77,-0.264,180000.0,0.54,0.47,-0.18,0.54,0.5032891812864647,0.7168561734522588
CC(C)N1CCC(NC(=O)c2nc3cc(C(=O)O[*:1])ccc3n2Cc2cc(-c3ccc(Cl)s3)on2)CC1,CPD_355,CCOC(=O)OC(C)OC(=O)c1ccc2c(c1)nc(C(=O)NC1CCN(C(C)C)CC1)n2Cc1cc(-c2ccc(Cl)s2)on1,CCOC(=O)OC(C)[*:1],7.91,4.074,3.6,CPD_420,CC(C)N1CCC(NC(=O)c2nc3cc(C(=O)OCCO)ccc3n2Cc2cc(-c3ccc(Cl)s3)on2)CC1,OCC[*:1],8.45,2.045,56.0,0.54,-2.03,1.19,0.54,2.3530830839560255,0.2074463175333371
O=C(N[*:1])c1cc2ccccc2n1Cc1cc(-c2ccc(Cl)s2)on1,CPD_19,CC(=O)N1CCC(NC(=O)c2cc3ccccc3n2Cc2cc(-c3ccc(Cl)s3)on2)CC1,CC(=O)N1CCC([*:1])CC1,6.12,3.157,3.8,CPD_73,CCC(CC)N1CCC(NC(=O)c2cc3ccccc3n2Cc2cc(-c3ccc(Cl)s3)on2)CC1,CCC(CC)N1CCC([*:1])CC1,6.66,3.315,49.0,0.54,0.16,1.11,0.54,1.1214722466472367,0.39373746083459477
CC(C)N1CCC(NC(=O)c2nc3c([*:1])cccc3n2CC(=O)Nc2ccc(Cl)cn2)CC1,CPD_638,CC(C)N1CCC(NC(=O)c2nc3c(C(=O)N(C)CCO)cccc3n2CC(=O)Nc2ccc(Cl)cn2)CC1,CN(CCO)C(=O)[*:1],7.89,-0.092,2900.0,CPD_690,CC(C)N1CCC(NC(=O)c2nc3c(OCCO)cccc3n2CC(=O)Nc2ccc(Cl)cn2)CC1,OCCO[*:1],8.43,1.283,760.0,0.54,1.38,-0.58,0.54,1.4969301920931382,0.3091136683332391
CC(C)N1CCC(NC(=O)c2cc3c([*:1])cccc3n2Cc2cc(-c3ccc(Cl)s3)on2)CC1,CPD_133,CC(C)N1CCC(NC(=O)c2cc3c(Cl)cccc3n2Cc2cc(-c3ccc(Cl)s3)on2)CC1,Cl[*:1],8.16,2.601,74.0,CPD_154,CC(C)N1CCC(NC(=O)c2cc3c(CO)cccc3n2Cc2cc(-c3ccc(Cl)s3)on2)CC1,OC[*:1],8.7,0.769,2500.0,0.54,-1.83,1.53,0.54,2.3853301658261064,0.20490791135110933
CC(C)N1CCC(NC(=O)c2nc3ccc(O[*:1])cc3n2CC(=O)Nc2ccc(Cl)cn2)CC1,CPD_790,CC(C)N1CCC(NC(=O)c2nc3ccc(OCCO)cc3n2CC(=O)Nc2ccc(Cl)cn2)CC1,OCC[*:1],6.98,1.282,760.0,CPD_880,CC(C)N1CCC(NC(=O)c2nc3ccc(OCc4nn[nH]n4)cc3n2CC(=O)Nc2ccc(Cl)cn2)CC1,C(c1nn[nH]n1)[*:1],7.51,0.205,12.0,0.53,-1.08,-1.8,0.53,2.099142682144308,0.2256142225963957
Clc1ccc(-c2cc(Cn3c([*:1])cc4ccccc43)no2)s1,CPD_19,CC(=O)N1CCC(NC(=O)c2cc3ccccc3n2Cc2cc(-c3ccc(Cl)s3)on2)CC1,CC(=O)N1CCC(NC(=O)[*:1])CC1,6.12,3.157,3.8,CPD_177,CC(C)N1CC(NC(=O)c2cc3ccccc3n2Cc2cc(-c3ccc(Cl)s3)on2)C1,CC(C)N1CC(NC(=O)[*:1])C1,6.65,2.16,190.0,0.53,-1.0,1.7,0.53,1.972308292331602,0.23849076288327867
CC(C)N1CCC(NC(=O)c2cc3cc([*:1])ccc3n2Cc2cc(-c3ccc(Cl)s3)on2)CC1,CPD_368,CC(C)N1CCC(NC(=O)c2cc3cc(C(=O)NCCN4CCNC4=O)ccc3n2Cc2cc(-c3ccc(Cl)s3)on2)CC1,O=C1NCCN1CCNC(=O)[*:1],7.32,0.289,190.0,CPD_877,CC(C)N1CCC(NC(=O)c2cc3cc(OC(C)(C)C(=O)O)ccc3n2Cc2cc(-c3ccc(Cl)s3)on2)CC1,CC(C)(O[*:1])C(=O)O,7.85,1.472,1.6,0.53,1.18,-2.07,0.53,2.3827085428142483,0.2013135868938434
O=C(Cn1c([*:1])nc2ccccc21)Nc1ccc(Cl)cn1,CPD_423,O=C(Cn1c(C(=O)Nc2ccc(-n3ccc(=O)cc3)cc2)nc2ccccc21)Nc1ccc(Cl)cn1,O=C(Nc1ccc(-n2ccc(=O)cc2)cc1)[*:1],7.3,3.099,3.9,CPD_598,O=C(Cn1c(C(=O)Nc2ccc(-n3ccncc3=O)cc2)nc2ccccc21)Nc1ccc(Cl)cn1,O=C(Nc1ccc(-n2ccncc2=O)cc1)[*:1],7.83,3.118,2.9,0.53,0.02,-0.13,0.53,0.13152946437965907,1.3891456610349713
CC(C)N1CCC(NC(=O)c2nc3c([*:1])cccc3n2Cc2cc(-c3ccc(Cl)s3)on2)CC1,CPD_320,CC(C)N1CCC(NC(=O)c2nc3c(C(=O)N4CC(O)C4)cccc3n2Cc2cc(-c3ccc(Cl)s3)on2)CC1,O=C(N1CC(O)C1)[*:1],8.1,0.129,330.0,CPD_391,CC(C)N1CCC(NC(=O)c2nc3c(C(=O)OCCO)cccc3n2Cc2cc(-c3ccc(Cl)s3)on2)CC1,O=C(OCCO)[*:1],8.62,2.057,54.0,0.53,1.93,-0.79,0.53,2.0854256160314133,0.22693936229946324
O=C(Cn1c(C(=O)NC2CCN(C3CC3)CC2)cc2cc([*:1])ccc21)Nc1ccc(Cl)cn1,CPD_620,O=C(Cn1c(C(=O)NC2CCN(C3CC3)CC2)cc2cc(C(=O)O)ccc21)Nc1ccc(Cl)cn1,O=C(O)[*:1],6.81,-0.152,19.0,CPD_903,O=C(Cn1c(C(=O)NC2CCN(C3CC3)CC2)cc2cc(OCCOCCO)ccc21)Nc1ccc(Cl)cn1,OCCOCCO[*:1],7.34,-0.224,16000.0,0.53,-0.07,2.93,0.53,2.9308360581922694,0.16662285962050155
CC(C)N1CCC(NC(=O)c2nc3cc([*:1])ccc3n2CC(=O)Nc2ccc(Cl)cn2)CC1,CPD_381,CC(C)N1CCC(NC(=O)c2nc3cc(C(=O)N4CC(O)C4)ccc3n2CC(=O)Nc2ccc(Cl)cn2)CC1,O=C(N1CC(O)C1)[*:1],7.5,-0.694,3300.0,CPD_785,CC(C)N1CCC(NC(=O)c2nc3cc(OCCO)ccc3n2CC(=O)Nc2ccc(Cl)cn2)CC1,OCCO[*:1],8.03,1.28,760.0,0.53,1.97,-0.64,0.53,2.071352215341466,0.2283152020177335
CC(C)N1CCC(NC(=O)c2nc3c([*:1])cccc3n2CC(=O)Nc2ccc(Cl)cn2)CC1,CPD_528,COCCOC(=O)c1cccc2c1nc(C(=O)NC1CCN(C(C)C)CC1)n2CC(=O)Nc1ccc(Cl)cn1,COCCOC(=O)[*:1],7.81,1.899,260.0,CPD_735,CCOCCOCCOc1cccc2c1nc(C(=O)NC1CCN(C(C)C)CC1)n2CC(=O)Nc1ccc(Cl)cn1,CCOCCOCCO[*:1],8.33,2.096,330.0,0.53,0.2,0.1,0.53,0.223606797749979,1.1190717754008916
CC(C)N1CCC(NC(=O)c2nc3c([*:1])cccc3n2Cc2cc3ccc(Cl)cc3s2)CC1,CPD_754,CC(C)N1CCC(NC(=O)c2nc3c(C(=O)O)cccc3n2Cc2cc3ccc(Cl)cc3s2)CC1,O=C(O)[*:1],8.25,4.311,0.2,CPD_769,CC(C)N1CCC(NC(=O)c2nc3c(C(=O)NCCO)cccc3n2Cc2cc3ccc(Cl)cc3s2)CC1,O=C(NCCO)[*:1],8.77,3.391,14.0,0.53,-0.92,1.85,0.53,2.066131651178114,0.2288298248203691
CC(C)N1CCC(NC(=O)c2nc3c([*:1])cccc3n2CC(=O)Nc2ccc(Cl)cn2)CC1,CPD_307,COC(=O)c1cccc2c1nc(C(=O)NC1CCN(C(C)C)CC1)n2CC(=O)Nc1ccc(Cl)cn1,COC(=O)[*:1],7.93,2.316,160.0,CPD_694,CCOCCOc1cccc2c1nc(C(=O)NC1CCN(C(C)C)CC1)n2CC(=O)Nc1ccc(Cl)cn1,CCOCCO[*:1],8.46,2.454,200.0,0.53,0.14,0.1,0.53,0.17204650534085256,1.2557857802233483
O=C(N[*:1])c1nc2ccccc2n1Cc1cc(-c2ccc(Cl)s2)on1,CPD_533,O=C(Nc1ccc(N2CCOC2=O)cc1)c1nc2ccccc2n1Cc1cc(-c2ccc(Cl)s2)on1,O=C1OCCN1c1ccc([*:1])cc1,6.33,4.952,0.1,CPD_605,O=C(Nc1ccc(N2CCNCC2=O)cc1)c1nc2ccccc2n1Cc1cc(-c2ccc(Cl)s2)on1,O=C1CNCCN1c1ccc([*:1])cc1,6.85,3.407,0.8,0.52,-1.54,0.9,0.52,1.7837040113202638,0.2556910922658899
CC(C)N1CCC(NC(=O)c2cc3nc([*:1])ccc3n2Cc2cc(-c3ccc(Cl)s3)on2)CC1,CPD_410,CC(C)N1CCC(NC(=O)c2cc3nc(O)ccc3n2Cc2cc(-c3ccc(Cl)s3)on2)CC1,O[*:1],7.63,1.019,330.0,CPD_411,COC(=O)c1ccc2c(cc(C(=O)NC3CCN(C(C)C)CC3)n2Cc2cc(-c3ccc(Cl)s3)on2)n1,COC(=O)[*:1],8.16,1.113,860.0,0.52,0.09,0.42,0.52,0.42953463189829055,0.765229578582878
O=C(N[*:1])c1cc2ccccc2n1Cc1cc(-c2ccc(Cl)s2)on1,CPD_23,CS(=O)(=O)N1CCC(NC(=O)c2cc3ccccc3n2Cc2cc(-c3ccc(Cl)s3)on2)CC1,CS(=O)(=O)N1CCC([*:1])CC1,6.87,3.257,1.1,CPD_26,CN1CCC(NC(=O)c2cc3ccccc3n2Cc2cc(-c3ccc(Cl)s3)on2)CC1,CN1CCC([*:1])CC1,7.4,2.01,210.0,0.52,-1.25,2.28,0.52,2.600173071162764,0.18244506106004976
CC(C)N1CCC(NC(=O)c2cc3cc([*:1])ccc3n2Cc2cc(-c3ccc(Cl)s3)on2)CC1,CPD_171,CCOC(=O)c1ccc2c(c1)cc(C(=O)NC1CCN(C(C)C)CC1)n2Cc1cc(-c2ccc(Cl)s2)on1,CCOC(=O)[*:1],7.96,2.492,130.0,CPD_262,CC(C)N1CCC(NC(=O)c2cc3cc(-c4n[nH]c(=O)o4)ccc3n2Cc2cc(-c3ccc(Cl)s3)on2)CC1,O=c1[nH]nc([*:1])o1,8.48,0.297,310.0,0.52,-2.19,0.38,0.52,2.2227235545609356,0.2102944338605343
CC(C)N1CCC(NC(=O)c2cc3cc([*:1])ccc3n2Cc2cc(-c3ccc(Cl)s3)on2)CC1,CPD_194,Cc1oc(=O)oc1COC(=O)c1ccc2c(c1)cc(C(=O)NC1CCN(C(C)C)CC1)n2Cc1cc(-c2ccc(Cl)s2)on1,Cc1oc(=O)oc1COC(=O)[*:1],7.96,3.174,10.0,CPD_262,CC(C)N1CCC(NC(=O)c2cc3cc(-c4n[nH]c(=O)o4)ccc3n2Cc2cc(-c3ccc(Cl)s3)on2)CC1,O=c1[nH]nc([*:1])o1,8.48,0.297,310.0,0.52,-2.88,1.49,0.52,3.2426069758760465,0.14888591919781327
CC(C)N1CCC(NC(=O)c2cc3cc([*:1])ccc3n2CC(=O)Nc2ccc(Cl)cn2)CC1,CPD_674,CC(C)N1CCC(NC(=O)c2cc3cc(C(=O)N4CCC(F)(F)CC4)ccc3n2CC(=O)Nc2ccc(Cl)cn2)CC1,O=C(N1CCC(F)(F)CC1)[*:1],7.96,-0.344,18000.0,CPD_681,COCCOCCOc1ccc2c(c1)cc(C(=O)NC1CCN(C(C)C)CC1)n2CC(=O)Nc1ccc(Cl)cn1,COCCOCCO[*:1],8.47,0.241,36000.0,0.51,0.58,0.3,0.51,0.6529931086925803,0.564788363377895
O=C(N[*:1])c1nc2ccccc2n1Cc1cc(-c2ccc(Cl)s2)on1,CPD_421,Cc1ccc(=O)n(-c2ccc(NC(=O)c3nc4ccccc4n3Cc3cc(-c4ccc(Cl)s4)on3)cc2)n1,Cc1ccc(=O)n(-c2ccc([*:1])cc2)n1,5.0,3.824,0.3,CPD_990,O=C(NC1CCN(c2ccccc2)CC1)c1nc2ccccc2n1Cc1cc(-c2ccc(Cl)s2)on1,c1ccc(N2CCC([*:1])CC2)cc1,5.51,5.578,0.1,0.51,1.75,-0.48,0.51,1.8146349495146399,0.2470170332628982
CC(C)N1CCC(NC(=O)c2cc3ccccc3n2C[*:1])CC1,CPD_855,CC(C)N1CCC(NC(=O)c2cc3ccccc3n2CC(=O)Nc2ccccc2)CC1,O=C(Nc1ccccc1)[*:1],6.69,0.388,27000.0,CPD_857,CC(C)N1CCC(NC(=O)c2cc3ccccc3n2CC(=O)Nc2ccc(F)cc2)CC1,O=C(Nc1ccc(F)cc1)[*:1],7.2,0.778,6500.0,0.51,0.39,-0.62,0.51,0.7324616030891995,0.5191042564883792
CC(C)N1CCC(NC(=O)c2cc3cc([*:1])ccc3n2Cc2cc(-c3ccc(Cl)s3)on2)CC1,CPD_371,CC(C)N1CCC(NC(=O)c2cc3cc(C(=O)OCC4CCOC4)ccc3n2Cc2cc(-c3ccc(Cl)s3)on2)CC1,O=C(OCC1CCOC1)[*:1],7.73,1.959,78.0,CPD_404,CC(C)N1CCC(NC(=O)c2cc3cc(C(=O)OCCO)ccc3n2Cc2cc(-c3ccc(Cl)s3)on2)CC1,O=C(OCCO)[*:1],8.24,0.885,1400.0,0.51,-1.07,1.25,0.51,1.6454178800535746,0.2690699530520334
Clc1ccc(-c2cc(Cn3c([*:1])nc4ccccc43)no2)s1,CPD_557,O=C(Nc1ccc(N2CCS(=O)(=O)CC2)cc1)c1nc2ccccc2n1Cc1cc(-c2ccc(Cl)s2)on1,O=C(Nc1ccc(N2CCS(=O)(=O)CC2)cc1)[*:1],5.0,3.236,0.4,CPD_990,O=C(NC1CCN(c2ccccc2)CC1)c1nc2ccccc2n1Cc1cc(-c2ccc(Cl)s2)on1,O=C(NC1CCN(c2ccccc2)CC1)[*:1],5.51,5.578,0.1,0.51,2.34,-0.6,0.51,2.4156986567036873,0.19131944967502393
O=C(N[*:1])c1nc2ccccc2n1Cc1cc(-c2ccc(Cl)s2)on1,CPD_458,O=C(Nc1ccc(-n2ncccc2=O)cc1)c1nc2ccccc2n1Cc1cc(-c2ccc(Cl)s2)on1,O=c1cccnn1-c1ccc([*:1])cc1,5.0,4.288,0.2,CPD_990,O=C(NC1CCN(c2ccccc2)CC1)c1nc2ccccc2n1Cc1cc(-c2ccc(Cl)s2)on1,c1ccc(N2CCC([*:1])CC2)cc1,5.51,5.578,0.1,0.51,1.29,-0.3,0.51,1.324424403278647,0.323927905930545
O=C(N[*:1])c1nc2ccccc2n1Cc1cc(-c2ccc(Cl)s2)on1,CPD_519,O=C(Nc1ccc(-n2ccc(=O)[nH]c2=O)cc1)c1nc2ccccc2n1Cc1cc(-c2ccc(Cl)s2)on1,O=c1ccn(-c2ccc([*:1])cc2)c(=O)[nH]1,8.2,3.685,0.2,CPD_606,O=C(Nc1ccc(-n2ccncc2=O)cc1)c1nc2ccccc2n1Cc1cc(-c2ccc(Cl)s2)on1,O=c1cnccn1-c1ccc([*:1])cc1,8.71,3.934,0.3,0.51,0.25,0.18,0.51,0.3080584360149873,0.9138827891247995
CC(C)N1CCC(NC(=O)c2cc3cc([*:1])ccc3n2Cc2cc(-c3ccc(Cl)s3)on2)CC1,CPD_117,CC(C)N1CCC(NC(=O)c2cc3cc(C(=O)OCOC(=O)C(C)(C)C)ccc3n2Cc2cc(-c3ccc(Cl)s3)on2)CC1,CC(C)(C)C(=O)OCOC(=O)[*:1],7.45,3.152,47.0,CPD_194,Cc1oc(=O)oc1COC(=O)c1ccc2c(c1)cc(C(=O)NC1CCN(C(C)C)CC1)n2Cc1cc(-c2ccc(Cl)s2)on1,Cc1oc(=O)oc1COC(=O)[*:1],7.96,3.174,10.0,0.51,0.02,-0.67,0.51,0.6702984409947558,0.5541680581885352
CC(C)N1CCC(NC(=O)c2cc3cc([*:1])ccc3n2Cc2cc(-c3ccc(Cl)s3)on2)CC1,CPD_117,CC(C)N1CCC(NC(=O)c2cc3cc(C(=O)OCOC(=O)C(C)(C)C)ccc3n2Cc2cc(-c3ccc(Cl)s3)on2)CC1,CC(C)(C)C(=O)OCOC(=O)[*:1],7.45,3.152,47.0,CPD_171,CCOC(=O)c1ccc2c(c1)cc(C(=O)NC1CCN(C(C)C)CC1)n2Cc1cc(-c2ccc(Cl)s2)on1,CCOC(=O)[*:1],7.96,2.492,130.0,0.51,-0.66,0.44,0.51,0.7932212806020776,0.48887039545978406
CC(C)N1CCC(NC(=O)c2nc3c([*:1])cccc3n2CC(=O)Nc2ccc(Cl)cn2)CC1,CPD_516,CC(C)N1CCC(NC(=O)c2nc3c(C(=O)OCC4CC4)cccc3n2CC(=O)Nc2ccc(Cl)cn2)CC1,O=C(OCC1CC1)[*:1],7.83,3.211,33.0,CPD_735,CCOCCOCCOc1cccc2c1nc(C(=O)NC1CCN(C(C)C)CC1)n2CC(=O)Nc1ccc(Cl)cn1,CCOCCOCCO[*:1],8.33,2.096,330.0,0.51,-1.11,1.0,0.51,1.4940214188558343,0.2924276012244079
CC(C)N1CCC(NC(=O)c2cc3cc([*:1])ccc3n2CC(=O)Nc2ccc(Cl)cn2)CC1,CPD_674,CC(C)N1CCC(NC(=O)c2cc3cc(C(=O)N4CCC(F)(F)CC4)ccc3n2CC(=O)Nc2ccc(Cl)cn2)CC1,O=C(N1CCC(F)(F)CC1)[*:1],7.96,-0.344,18000.0,CPD_843,CC(C)N1CCC(NC(=O)c2cc3cc(OC(C)(C)C(=O)O)ccc3n2CC(=O)Nc2ccc(Cl)cn2)CC1,CC(C)(O[*:1])C(=O)O,8.47,0.506,7.1,0.51,0.85,-3.4,0.51,3.5046397817750115,0.1358319385192517
CC(C)N1CCC(NC(=O)c2cc3cc([*:1])ccc3n2CC(=O)Nc2ccc(Cl)cn2)CC1,CPD_315,CCOC(=O)OC(C)OC(=O)c1ccc2c(c1)cc(C(=O)NC1CCN(C(C)C)CC1)n2CC(=O)Nc1ccc(Cl)cn1,CCOC(=O)OC(C)OC(=O)[*:1],7.83,1.946,1900.0,CPD_359,CC(C)N1CCC(NC(=O)c2cc3cc(C(=O)OCC(=O)O)ccc3n2CC(=O)Nc2ccc(Cl)cn2)CC1,O=C(O)COC(=O)[*:1],8.35,0.3,9.7,0.51,-1.65,-2.29,0.51,2.822516607568501,0.16598771142317728
CC(C)N1CCC(NC(=O)c2cc3cc(C(=O)O[*:1])ccc3n2Cc2cc(-c3ccc(Cl)s3)on2)CC1,CPD_362,CC(C)N1CCC(NC(=O)c2cc3cc(C(=O)OC4CCOC4=O)ccc3n2Cc2cc(-c3ccc(Cl)s3)on2)CC1,O=C1OCCC1[*:1],7.73,0.55,170.0,CPD_404,CC(C)N1CCC(NC(=O)c2cc3cc(C(=O)OCCO)ccc3n2Cc2cc(-c3ccc(Cl)s3)on2)CC1,OCC[*:1],8.24,0.885,1400.0,0.51,0.33,0.92,0.51,0.9773944955850734,0.4155143287952368
CC(C)N1CCC(NC(=O)c2nc3cc([*:1])ccc3n2CC(=O)Nc2ccc(Cl)cn2)CC1,CPD_785,CC(C)N1CCC(NC(=O)c2nc3cc(OCCO)ccc3n2CC(=O)Nc2ccc(Cl)cn2)CC1,OCCO[*:1],8.03,1.28,760.0,CPD_876,CC(C)N1CCC(NC(=O)c2nc3cc(OCc4nn[nH]n4)ccc3n2CC(=O)Nc2ccc(Cl)cn2)CC1,C(O[*:1])c1nn[nH]n1,8.54,0.205,12.0,0.5,-1.07,-1.8,0.5,2.0940152817016404,0.2133091895360957
CC(C)N1CCC(NC(=O)c2cc3cc([*:1])ccc3n2Cc2cc(-c3ccc(Cl)s3)on2)CC1,CPD_171,CCOC(=O)c1ccc2c(c1)cc(C(=O)NC1CCN(C(C)C)CC1)n2Cc1cc(-c2ccc(Cl)s2)on1,CCOC(=O)[*:1],7.96,2.492,130.0,CPD_338,CC(C)N1CCC(NC(=O)c2cc3cc(NS(C)(=O)=O)ccc3n2Cc2cc(-c3ccc(Cl)s3)on2)CC1,CS(=O)(=O)N[*:1],8.46,0.697,170.0,0.5,-1.79,0.12,0.5,1.7940178371465543,0.2446162606379205
Clc1ccc(-c2cc(Cn3c([*:1])cc4ccccc43)no2)s1,CPD_180,CC(C)CN1CC(NC(=O)c2cc3ccccc3n2Cc2cc(-c3ccc(Cl)s3)on2)C1,CC(C)CN1CC(NC(=O)[*:1])C1,6.46,2.966,47.0,CPD_208,O=C(NC1CN(c2cc[n+]([O-])cc2)C1)c1cc2ccccc2n1Cc1cc(-c2ccc(Cl)s2)on1,O=C(NC1CN(c2cc[n+]([O-])cc2)C1)[*:1],6.96,1.058,17.0,0.5,-1.91,-0.44,0.5,1.9600255100380708,0.2262417323822596
CC(C)N1CCC(NC(=O)c2cc3c([*:1])cccc3n2Cc2cc(-c3ccc(Cl)s3)on2)CC1,CPD_184,CCOC(=O)COc1cccc2c1cc(C(=O)NC1CCN(C(C)C)CC1)n2Cc1cc(-c2ccc(Cl)s2)on1,CCOC(=O)CO[*:1],8.01,1.723,260.0,CPD_230,CC(=O)OC(C)OC(=O)c1cccc2c1cc(C(=O)NC1CCN(C(C)C)CC1)n2Cc1cc(-c2ccc(Cl)s2)on1,CC(=O)OC(C)OC(=O)[*:1],8.51,2.282,120.0,0.5,0.56,-0.34,0.5,0.6551335741663681,0.5524046552582056
Clc1ccc(-c2cc(Cn3c([*:1])nc4ccccc43)no2)s1,CPD_425,CN1[C@@H]2CC[C@H]1C[C@@H](NC(=O)c1nc3ccccc3n1Cc1cc(-c3ccc(Cl)s3)on1)C2,CN1[C@@H]2CC[C@H]1C[C@@H](NC(=O)[*:1])C2,7.69,2.187,69.0,CPD_519,O=C(Nc1ccc(-n2ccc(=O)[nH]c2=O)cc1)c1nc2ccccc2n1Cc1cc(-c2ccc(Cl)s2)on1,O=C(Nc1ccc(-n2ccc(=O)[nH]c2=O)cc1)[*:1],8.2,3.685,0.2,0.5,1.5,-2.54,0.5,2.9498474536829864,0.15625744890573015
CC(C)N1CCC(NC(=O)c2cc3cc([*:1])ccc3n2CC(=O)Nc2ccc(Cl)cn2)CC1,CPD_393,CC(C)N1CCC(NC(=O)c2cc3cc(C(=O)N4CCCOCC4)ccc3n2CC(=O)Nc2ccc(Cl)cn2)CC1,O=C(N1CCCOCC1)[*:1],7.64,-0.942,58000.0,CPD_781,CC(C)N1CCC(NC(=O)c2cc3cc(OCCO)ccc3n2CC(=O)Nc2ccc(Cl)cn2)CC1,OCCO[*:1],8.14,-0.041,55000.0,0.5,0.9,-0.02,0.5,0.9002221947941519,0.43469861933022597
CC(C)N1CCC(NC(=O)c2cc3cc([*:1])ccc3n2Cc2cc(-c3ccc(Cl)s3)on2)CC1,CPD_342,CC(C)N1CCC(NC(=O)c2cc3cc(C(=O)N(C)CCO)ccc3n2Cc2cc(-c3ccc(Cl)s3)on2)CC1,CN(CCO)C(=O)[*:1],6.73,-0.441,32000.0,CPD_344,CC(C)N1CCC(NC(=O)c2cc3cc(C(=O)N4CC(O)C4)ccc3n2Cc2cc(-c3ccc(Cl)s3)on2)CC1,O=C(N1CC(O)C1)[*:1],7.23,-1.036,6400.0,0.5,-0.59,-0.7,0.5,0.9154780172128656,0.42900852063748435
CC(C)N1CCC(NC(=O)c2nc3cc(C(=O)OC[*:1])ccc3n2Cc2cc(-c3ccc(Cl)s3)on2)CC1,CPD_420,CC(C)N1CCC(NC(=O)c2nc3cc(C(=O)OCCO)ccc3n2Cc2cc(-c3ccc(Cl)s3)on2)CC1,OC[*:1],8.45,2.045,56.0,CPD_433,CC(C)N1CCC(NC(=O)c2nc3cc(C(=O)OCC(=O)O)ccc3n2Cc2cc(-c3ccc(Cl)s3)on2)CC1,O=C(O)[*:1],8.95,2.129,0.6,0.5,0.08,-1.97,0.5,1.971623696347759,0.22506061707118788
CC(C)N1CCC(NC(=O)c2cc3c([*:1])cccc3n2Cc2cc(-c3ccc(Cl)s3)on2)CC1,CPD_174,CC(C)N1CCC(NC(=O)c2cc3c(C(=O)O)cccc3n2Cc2cc(-c3ccc(Cl)s3)on2)CC1,O=C(O)[*:1],8.25,1.328,5.5,CPD_186,Cc1oc(=O)oc1COC(=O)c1cccc2c1cc(C(=O)NC1CCN(C(C)C)CC1)n2Cc1cc(-c2ccc(Cl)s2)on1,Cc1oc(=O)oc1COC(=O)[*:1],8.75,3.186,9.7,0.5,1.86,0.25,0.5,1.876725872363889,0.23510317267370343
CC(C)N1CCC(NC(=O)c2cc3cc([*:1])ccc3n2CC(=O)Nc2ccc(Cl)cn2)CC1,CPD_370,COCCOC(=O)OC(C)OC(=O)c1ccc2c(c1)cc(C(=O)NC1CCN(C(C)C)CC1)n2CC(=O)Nc1ccc(Cl)cn1,COCCOC(=O)OC(C)OC(=O)[*:1],8.05,1.425,5200.0,CPD_865,CC(C)N1CCC(NC(=O)c2cc3cc(OCCOCCO)ccc3n2CC(=O)Nc2ccc(Cl)cn2)CC1,OCCOCCO[*:1],8.55,-0.117,77000.0,0.5,-1.54,1.17,0.5,1.9340372281835736,0.22893382656111658
CC(C)N1CCC(NC(=O)c2cc3cc([*:1])ccc3n2Cc2cc(-c3ccc(Cl)s3)on2)CC1,CPD_344,CC(C)N1CCC(NC(=O)c2cc3cc(C(=O)N4CC(O)C4)ccc3n2Cc2cc(-c3ccc(Cl)s3)on2)CC1,O=C(N1CC(O)C1)[*:1],7.23,-1.036,6400.0,CPD_371,CC(C)N1CCC(NC(=O)c2cc3cc(C(=O)OCC4CCOC4)ccc3n2Cc2cc(-c3ccc(Cl)s3)on2)CC1,O=C(OCC1CCOC1)[*:1],7.73,1.959,78.0,0.5,3.0,-1.91,0.5,3.556416735985815,0.13135713577365463
O=C(N[*:1])c1cc2ccccc2n1Cc1cc(-c2ccc(Cl)s2)on1,CPD_26,CN1CCC(NC(=O)c2cc3ccccc3n2Cc2cc(-c3ccc(Cl)s3)on2)CC1,CN1CCC([*:1])CC1,7.4,2.01,210.0,CPD_178,O=C(NC1CN(c2ccncc2)C1)c1cc2ccccc2n1Cc1cc(-c2ccc(Cl)s2)on1,c1cc(N2CC([*:1])C2)ccn1,7.9,1.282,330.0,0.5,-0.73,0.2,0.5,0.7569015788066503,0.49657286325102906
CC(C)N1CCC(NC(=O)c2nc3c([*:1])cccc3n2CC(=O)Nc2ccc(Cl)cn2)CC1,CPD_322,CC(C)N1CCC(NC(=O)c2nc3c(C(=O)O)cccc3n2CC(=O)Nc2ccc(Cl)cn2)CC1,O=C(O)[*:1],7.95,1.375,1.9,CPD_694,CCOCCOc1cccc2c1nc(C(=O)NC1CCN(C(C)C)CC1)n2CC(=O)Nc1ccc(Cl)cn1,CCOCCO[*:1],8.46,2.454,200.0,0.5,1.08,2.02,0.5,2.290589443789524,0.19680472231444204
CC(C)N1CCC(NC(=O)c2nc3c([*:1])cccc3n2CC(=O)Nc2ccc(Cl)cn2)CC1,CPD_307,COC(=O)c1cccc2c1nc(C(=O)NC1CCN(C(C)C)CC1)n2CC(=O)Nc1ccc(Cl)cn1,COC(=O)[*:1],7.93,2.316,160.0,CPD_690,CC(C)N1CCC(NC(=O)c2nc3c(OCCO)cccc3n2CC(=O)Nc2ccc(Cl)cn2)CC1,OCCO[*:1],8.43,1.283,760.0,0.5,-1.03,0.68,0.5,1.234220401711137,0.3368771911661887
CC(C)N1CCC(NC(=O)c2cc3cc([*:1])ccc3n2Cc2cc(-c3ccc(Cl)s3)on2)CC1,CPD_344,CC(C)N1CCC(NC(=O)c2cc3cc(C(=O)N4CC(O)C4)ccc3n2Cc2cc(-c3ccc(Cl)s3)on2)CC1,O=C(N1CC(O)C1)[*:1],7.23,-1.036,6400.0,CPD_362,CC(C)N1CCC(NC(=O)c2cc3cc(C(=O)OC4CCOC4=O)ccc3n2Cc2cc(-c3ccc(Cl)s3)on2)CC1,O=C1OCCC1OC(=O)[*:1],7.73,0.55,170.0,0.5,1.59,-1.58,0.5,2.241539649437413,0.200679126303649
CC(C)N1CCC(NC(=O)c2cc3cc([*:1])ccc3n2Cc2cc(-c3ccc(Cl)s3)on2)CC1,CPD_194,Cc1oc(=O)oc1COC(=O)c1ccc2c(c1)cc(C(=O)NC1CCN(C(C)C)CC1)n2Cc1cc(-c2ccc(Cl)s2)on1,Cc1oc(=O)oc1COC(=O)[*:1],7.96,3.174,10.0,CPD_338,CC(C)N1CCC(NC(=O)c2cc3cc(NS(C)(=O)=O)ccc3n2Cc2cc(-c3ccc(Cl)s3)on2)CC1,CS(=O)(=O)N[*:1],8.46,0.697,170.0,0.5,-2.48,1.23,0.5,2.7682666056577716,0.16565799689886404
CC(C)N1CCC(NC(=O)c2cc3cc([*:1])ccc3n2CC(=O)Nc2ccc(Cl)cn2)CC1,CPD_408,CC(C)N1CCC(NC(=O)c2cc3cc(C(=O)N4CC(O)C4)ccc3n2CC(=O)Nc2ccc(Cl)cn2)CC1,O=C(N1CC(O)C1)[*:1],8.06,-2.004,210000.0,CPD_865,CC(C)N1CCC(NC(=O)c2cc3cc(OCCOCCO)ccc3n2CC(=O)Nc2ccc(Cl)cn2)CC1,OCCOCCO[*:1],8.55,-0.117,77000.0,0.5,1.89,-0.44,0.5,1.9405411616350734,0.22825409937825034
CC(C)N1CCC(NC(=O)c2nc3c([*:1])cccc3n2CC(=O)Nc2ccc(Cl)cn2)CC1,CPD_401,CCOC(=O)OC(C)OC(=O)c1cccc2c1nc(C(=O)NC1CCN(C(C)C)CC1)n2CC(=O)Nc1ccc(Cl)cn1,CCOC(=O)OC(C)OC(=O)[*:1],7.96,3.271,32.0,CPD_694,CCOCCOc1cccc2c1nc(C(=O)NC1CCN(C(C)C)CC1)n2CC(=O)Nc1ccc(Cl)cn1,CCOCCO[*:1],8.46,2.454,200.0,0.5,-0.82,0.8,0.5,1.145600279329575,0.3582687732336886
CC(C)N1CCC(NC(=O)c2cc3cc(C(=O)O[*:1])ccc3n2Cc2cc(-c3ccc(Cl)s3)on2)CC1,CPD_99,CC(C)OC(=O)c1ccc2c(c1)cc(C(=O)NC1CCN(C(C)C)CC1)n2Cc1cc(-c2ccc(Cl)s2)on1,CC(C)[*:1],7.47,2.832,69.0,CPD_171,CCOC(=O)c1ccc2c(c1)cc(C(=O)NC1CCN(C(C)C)CC1)n2Cc1cc(-c2ccc(Cl)s2)on1,CC[*:1],7.96,2.492,130.0,0.49,-0.34,0.28,0.49,0.44045431091090487,0.7096776604284665
CC(C)N1CCC(N(CC(=O)O)C(=O)c2cc3c([*:1])cccc3n2Cc2cc(-c3ccc(Cl)s3)on2)CC1,CPD_126,CC(C)N1CCC(N(CC(=O)O)C(=O)c2cc3c(C(F)(F)F)cccc3n2Cc2cc(-c3ccc(Cl)s3)on2)CC1,FC(F)(F)[*:1],6.76,1.911,2.3,CPD_144,CC(C)N1CCC(N(CC(=O)O)C(=O)c2cc3c(Cl)cccc3n2Cc2cc(-c3ccc(Cl)s3)on2)CC1,Cl[*:1],7.25,1.934,2.2,0.49,0.02,-0.02,0.49,0.0282842712474619,1.7607894179699135
CC(C)N1CCC(NC(=O)c2cc3cc([*:1])ccc3n2Cc2cc(-c3ccc(Cl)s3)on2)CC1,CPD_99,CC(C)OC(=O)c1ccc2c(c1)cc(C(=O)NC1CCN(C(C)C)CC1)n2Cc1cc(-c2ccc(Cl)s2)on1,CC(C)OC(=O)[*:1],7.47,2.832,69.0,CPD_194,Cc1oc(=O)oc1COC(=O)c1ccc2c(c1)cc(C(=O)NC1CCN(C(C)C)CC1)n2Cc1cc(-c2ccc(Cl)s2)on1,Cc1oc(=O)oc1COC(=O)[*:1],7.96,3.174,10.0,0.49,0.34,-0.84,0.49,0.9062008607367353,0.42380179486094677
CC(C)N1CCC(NC(=O)c2nc3cc([*:1])ccc3n2CC(=O)Nc2ccc(Cl)cn2)CC1,CPD_341,CC(C)N1CCC(NC(=O)c2nc3cc(C(=O)O)ccc3n2CC(=O)Nc2ccc(Cl)cn2)CC1,O=C(O)[*:1],7.65,1.376,1.9,CPD_900,CC(C)N1CCC(NC(=O)c2nc3cc(O)ccc3n2CC(=O)Nc2ccc(Cl)cn2)CC1,O[*:1],8.14,1.553,42.0,0.49,0.18,1.34,0.49,1.3520355024924458,0.3058608871261956
CC(C)N1CCC(NC(=O)c2nc3c(C(=O)O)cccc3n2C[*:1])CC1,CPD_322,CC(C)N1CCC(NC(=O)c2nc3c(C(=O)O)cccc3n2CC(=O)Nc2ccc(Cl)cn2)CC1,O=C(Nc1ccc(Cl)cn1)[*:1],7.95,1.375,1.9,CPD_333,CC(C)N1CCC(NC(=O)c2nc3c(C(=O)O)cccc3n2Cc2cc(-c3ccc(Cl)s3)on2)CC1,Clc1ccc(-c2cc([*:1])no2)s1,8.44,2.191,0.6,0.49,0.82,-0.5,0.49,0.9604165762834375,0.40481930733676524
CC(C)N1CCC(NC(=O)c2nc3c([*:1])cccc3n2CC(=O)Nc2ccc(Cl)cn2)CC1,CPD_546,CC(C)N1CCC(NC(=O)c2nc3c(C(=O)N4CCCOCC4)cccc3n2CC(=O)Nc2ccc(Cl)cn2)CC1,O=C(N1CCCOCC1)[*:1],7.97,0.371,1100.0,CPD_694,CCOCCOc1cccc2c1nc(C(=O)NC1CCN(C(C)C)CC1)n2CC(=O)Nc1ccc(Cl)cn1,CCOCCO[*:1],8.46,2.454,200.0,0.49,2.08,-0.74,0.49,2.207713749560844,0.19937228250749522
O=C(N[*:1])c1cc2ccccc2n1Cc1cc(-c2ccc(Cl)s2)on1,CPD_22,NC(=O)N1CCC(NC(=O)c2cc3ccccc3n2Cc2cc(-c3ccc(Cl)s3)on2)CC1,NC(=O)N1CCC([*:1])CC1,5.97,1.914,8.7,CPD_180,CC(C)CN1CC(NC(=O)c2cc3ccccc3n2Cc2cc(-c3ccc(Cl)s3)on2)C1,CC(C)CN1CC([*:1])C1,6.46,2.966,47.0,0.49,1.05,0.73,0.49,1.2788275880665072,0.3205070367808433
COc1cc2cc([*:1])n(Cc3cc(-c4ccc(Cl)s4)on3)c2cn1,CPD_951,COc1cc2cc(C(=O)N3CCC(Nc4ccncc4)CC3)n(Cc3cc(-c4ccc(Cl)s4)on3)c2cn1,O=C(N1CCC(Nc2ccncc2)CC1)[*:1],6.13,1.798,46.0,CPD_952,CCN1CCC(NC(=O)c2cc3cc(OC)ncc3n2Cc2cc(-c3ccc(Cl)s3)on2)CC1,CCN1CCC(NC(=O)[*:1])CC1,6.62,1.08,1700.0,0.49,-0.72,1.57,0.49,1.7272232050317062,0.2478222988446782
CC(C)N1CCC(NC(=O)c2nc3c([*:1])cccc3n2Cc2cc(-c3ccc(Cl)s3)on2)CC1,CPD_320,CC(C)N1CCC(NC(=O)c2nc3c(C(=O)N4CC(O)C4)cccc3n2Cc2cc(-c3ccc(Cl)s3)on2)CC1,O=C(N1CC(O)C1)[*:1],8.1,0.129,330.0,CPD_392,CC(C)N1CCC(NC(=O)c2nc3c(C(=O)OCC(=O)O)cccc3n2Cc2cc(-c3ccc(Cl)s3)on2)CC1,O=C(O)COC(=O)[*:1],8.57,2.129,0.6,0.48,2.0,-2.74,0.48,3.3922853653547484,0.1317853907235655
CC(C)N1CCC(NC(=O)c2cc3cc([*:1])ccc3n2Cc2cc(-c3ccc(Cl)s3)on2)CC1,CPD_179,CC(C)OC(=O)COc1ccc2c(c1)cc(C(=O)NC1CCN(C(C)C)CC1)n2Cc1cc(-c2ccc(Cl)s2)on1,CC(C)OC(=O)CO[*:1],7.48,2.057,140.0,CPD_194,Cc1oc(=O)oc1COC(=O)c1ccc2c(c1)cc(C(=O)NC1CCN(C(C)C)CC1)n2Cc1cc(-c2ccc(Cl)s2)on1,Cc1oc(=O)oc1COC(=O)[*:1],7.96,3.174,10.0,0.48,1.12,-1.15,0.48,1.6052725625263768,0.2587220927508196
CC(C)N1CCC(NC(=O)c2cc3cc(C(=O)O[*:1])ccc3n2Cc2cc(-c3ccc(Cl)s3)on2)CC1,CPD_167,CCOC(=O)OC(C)OC(=O)c1ccc2c(c1)cc(C(=O)NC1CCN(C(C)C)CC1)n2Cc1cc(-c2ccc(Cl)s2)on1,CCOC(=O)OC(C)[*:1],7.38,2.914,58.0,CPD_361,CC(C)N1CCC(NC(=O)c2cc3cc(C(=O)OCC4COC(=O)O4)ccc3n2Cc2cc(-c3ccc(Cl)s3)on2)CC1,O=C1OCC(C[*:1])O1,7.86,1.042,660.0,0.48,-1.87,1.06,0.48,2.149534833400008,0.20003877139798237
CC(C)N1CCC(NC(=O)c2cc3ccccc3n2[*:1])CC1,CPD_8,CC(C)N1CCC(NC(=O)c2cc3ccccc3n2Cc2cnc(-c3ccc(Cl)s3)s2)CC1,Clc1ccc(-c2ncc(C[*:1])s2)s1,7.16,2.78,44.0,CPD_856,CC(C)N1CCC(NC(=O)c2cc3ccccc3n2CC(=O)Nc2ccc(I)cc2)CC1,O=C(C[*:1])Nc1ccc(I)cc1,7.64,2.023,2600.0,0.48,-0.76,1.77,0.48,1.9262658175859322,0.22056129178762265
CC(C)N1CCC(NC(=O)c2nc3c([*:1])cccc3n2CC(=O)Nc2ccc(Cl)cn2)CC1,CPD_322,CC(C)N1CCC(NC(=O)c2nc3c(C(=O)O)cccc3n2CC(=O)Nc2ccc(Cl)cn2)CC1,O=C(O)[*:1],7.95,1.375,1.9,CPD_690,CC(C)N1CCC(NC(=O)c2nc3c(OCCO)cccc3n2CC(=O)Nc2ccc(Cl)cn2)CC1,OCCO[*:1],8.43,1.283,760.0,0.48,-0.09,2.6,0.48,2.6015572259706303,0.16832907845172726
COCCOc1cccc2c1nc([*:1])n2CC(=O)Nc1ccc(Cl)cn1,CPD_550,COCCOc1cccc2c1nc(C(=O)Nc1ccc(N3CCOCC3=O)cc1)n2CC(=O)Nc1ccc(Cl)cn1,O=C1COCCN1c1ccc(NC(=O)[*:1])cc1,7.84,2.458,8.0,CPD_823,COCCOc1cccc2c1nc(C(=O)N(C)C1CCN(C(C)C)CC1)n2CC(=O)Nc1ccc(Cl)cn1,CC(C)N1CCC(N(C)C(=O)[*:1])CC1,8.32,1.877,440.0,0.48,-0.58,1.74,0.48,1.83412104289766,0.23031291854940988
CC(C)N1CCC(NC(=O)c2cc3cc([*:1])ccc3n2Cc2cc(-c3ccc(Cl)s3)on2)CC1,CPD_38,CC(C)N1CCC(NC(=O)c2cc3cc(Br)ccc3n2Cc2cc(-c3ccc(Cl)s3)on2)CC1,Br[*:1],8.06,2.851,68.0,CPD_143,CC(C)N1CCC(NC(=O)c2cc3cc(CO)ccc3n2Cc2cc(-c3ccc(Cl)s3)on2)CC1,OC[*:1],8.54,0.77,2500.0,0.48,-2.08,1.57,0.48,2.606012279326404,0.16806650429150427
CC(C)N1CCC(NC(=O)c2nc3cc([*:1])ccc3n2CC(=O)Nc2ccc(Cl)cn2)CC1,CPD_389,CC(OC(=O)OC1CCCCC1)OC(=O)c1ccc2c(c1)nc(C(=O)NC1CCN(C(C)C)CC1)n2CC(=O)Nc1ccc(Cl)cn1,CC(OC(=O)OC1CCCCC1)OC(=O)[*:1],7.45,4.785,4.3,CPD_926,COCCOc1ccc2c(c1)nc(C(=O)NC1CCN(C(C)C)CC1)n2CC(=O)Nc1ccc(Cl)cn1,COCCO[*:1],7.93,1.91,390.0,0.48,-2.88,1.96,0.48,3.4836762191684807,0.12855962108757782
CC(C)N1CCC(NC(=O)c2nc3ccc([*:1])cc3n2CC(=O)Nc2ccc(Cl)cn2)CC1,CPD_399,CCOC(=O)OC(C)OC(=O)c1ccc2nc(C(=O)NC3CCN(C(C)C)CC3)n(CC(=O)Nc3ccc(Cl)cn3)c2c1,CCOC(=O)OC(C)OC(=O)[*:1],6.16,3.259,33.0,CPD_450,CC(C)N1CCC(NC(=O)c2nc3ccc(S(=O)(=O)CCO)cc3n2CC(=O)Nc2ccc(Cl)cn2)CC1,O=S(=O)(CCO)[*:1],6.65,0.285,880.0,0.48,-2.97,1.43,0.48,3.2963312940297738,0.1353511446626763
CC(C)N1CCC(NC(=O)c2cc3cc([*:1])ccc3n2CC(=O)Nc2ccc(Cl)cn2)CC1,CPD_332,CC(OC(=O)OC1CCCCC1)OC(=O)c1ccc2c(c1)cc(C(=O)NC1CCN(C(C)C)CC1)n2CC(=O)Nc1ccc(Cl)cn1,CC(OC(=O)OC1CCCCC1)OC(=O)[*:1],7.48,3.475,140.0,CPD_674,CC(C)N1CCC(NC(=O)c2cc3cc(C(=O)N4CCC(F)(F)CC4)ccc3n2CC(=O)Nc2ccc(Cl)cn2)CC1,O=C(N1CCC(F)(F)CC1)[*:1],7.96,-0.344,18000.0,0.48,-3.82,2.11,0.48,4.364000458295118,0.10403119902969427
CC(C)N1CCC(NC(=O)c2cc3c([*:1])cccc3n2Cc2cc(-c3ccc(Cl)s3)on2)CC1,CPD_161,CC(OC(=O)c1cccc2c1cc(C(=O)NC1CCN(C(C)C)CC1)n2Cc1cc(-c2ccc(Cl)s2)on1)OC(=O)C(C)(C)C,CC(OC(=O)C(C)(C)C)OC(=O)[*:1],7.78,3.512,26.0,CPD_174,CC(C)N1CCC(NC(=O)c2cc3c(C(=O)O)cccc3n2Cc2cc(-c3ccc(Cl)s3)on2)CC1,O=C(O)[*:1],8.25,1.328,5.5,0.48,-2.18,-0.67,0.48,2.2806358762415364,0.18967564812717702
CC(C)N1CCC(NC(=O)c2nc3c([*:1])cccc3n2CC(=O)Nc2ccc(Cl)cn2)CC1,CPD_401,CCOC(=O)OC(C)OC(=O)c1cccc2c1nc(C(=O)NC1CCN(C(C)C)CC1)n2CC(=O)Nc1ccc(Cl)cn1,CCOC(=O)OC(C)OC(=O)[*:1],7.96,3.271,32.0,CPD_690,CC(C)N1CCC(NC(=O)c2nc3c(OCCO)cccc3n2CC(=O)Nc2ccc(Cl)cn2)CC1,OCCO[*:1],8.43,1.283,760.0,0.47,-1.99,1.38,0.47,2.421672975444868,0.1759197343087018
Clc1ccc(-c2cc(Cn3c([*:1])cc4ccccc43)no2)s1,CPD_25,O=C(NC1CCN(CC(F)(F)F)CC1)c1cc2ccccc2n1Cc1cc(-c2ccc(Cl)s2)on1,O=C(NC1CCN(CC(F)(F)F)CC1)[*:1],5.99,4.567,1.3,CPD_180,CC(C)CN1CC(NC(=O)c2cc3ccccc3n2Cc2cc(-c3ccc(Cl)s3)on2)C1,CC(C)CN1CC(NC(=O)[*:1])C1,6.46,2.966,47.0,0.47,-1.6,1.56,0.47,2.2346364357541475,0.18916248399027585
CC(C)N1CCC(NC(=O)c2nc3c([*:1])cccc3n2CC(=O)Nc2ccc(Cl)cn2)CC1,CPD_600,COCCOCc1cccc2c1nc(C(=O)NC1CCN(C(C)C)CC1)n2CC(=O)Nc1ccc(Cl)cn1,COCCOC[*:1],7.87,1.696,550.0,CPD_735,CCOCCOCCOc1cccc2c1nc(C(=O)NC1CCN(C(C)C)CC1)n2CC(=O)Nc1ccc(Cl)cn1,CCOCCOCCO[*:1],8.33,2.096,330.0,0.47,0.4,-0.22,0.47,0.45650848842053315,0.6652432457686809
O=C(N[*:1])c1cc2ccccc2n1Cc1cc(-c2ccc(Cl)s2)on1,CPD_16,CC(C)CN1CCC(NC(=O)c2cc3ccccc3n2Cc2cc(-c3ccc(Cl)s3)on2)CC1,CC(C)CN1CCC([*:1])CC1,6.85,3.104,48.0,CPD_60,CC(C)N1CC[C@@H](NC(=O)c2cc3ccccc3n2Cc2cc(-c3ccc(Cl)s3)on2)C1,CC(C)N1CC[C@@H]([*:1])C1,7.32,1.909,390.0,0.47,-1.2,0.91,0.47,1.5060212481900779,0.26765051988091065
CC(C)N1CCC(NC(=O)c2cc3cc([*:1])ccc3n2Cc2cc(-c3ccc(Cl)s3)on2)CC1,CPD_85,CC(C)N1CCC(NC(=O)c2cc3cc(C(=O)O)ccc3n2Cc2cc(-c3ccc(Cl)s3)on2)CC1,O=C(O)[*:1],8.07,1.328,5.5,CPD_143,CC(C)N1CCC(NC(=O)c2cc3cc(CO)ccc3n2Cc2cc(-c3ccc(Cl)s3)on2)CC1,OC[*:1],8.54,0.77,2500.0,0.47,-0.56,2.66,0.47,2.718308297452664,0.1583393478377376
CC(C)N1CCC(NC(=O)c2nc3c([*:1])cccc3n2CC(=O)Nc2ccc(Cl)cn2)CC1,CPD_356,CC(C)N1CCC(NC(=O)c2nc3c(C(=O)N4CC(O)C4)cccc3n2CC(=O)Nc2ccc(Cl)cn2)CC1,O=C(N1CC(O)C1)[*:1],7.99,-0.688,3200.0,CPD_694,CCOCCOc1cccc2c1nc(C(=O)NC1CCN(C(C)C)CC1)n2CC(=O)Nc1ccc(Cl)cn1,CCOCCO[*:1],8.46,2.454,200.0,0.47,3.14,-1.2,0.47,3.361487765856065,0.13014027195204728
CC(C)N1CCC(NC(=O)c2cc3cc([*:1])ccc3n2Cc2cc(-c3ccc(Cl)s3)on2)CC1,CPD_167,CCOC(=O)OC(C)OC(=O)c1ccc2c(c1)cc(C(=O)NC1CCN(C(C)C)CC1)n2Cc1cc(-c2ccc(Cl)s2)on1,CCOC(=O)OC(C)OC(=O)[*:1],7.38,2.914,58.0,CPD_877,CC(C)N1CCC(NC(=O)c2cc3cc(OC(C)(C)C(=O)O)ccc3n2Cc2cc(-c3ccc(Cl)s3)on2)CC1,CC(C)(O[*:1])C(=O)O,7.85,1.472,1.6,0.47,-1.44,-1.56,0.47,2.123016721554496,0.19806012984692173
CC(C)N1CCC(NC(=O)c2cc3cc([*:1])ccc3n2CC(=O)Nc2ccc(Cl)cn2)CC1,CPD_416,CC(C)N1CCC(NC(=O)c2cc3cc(C(=O)O)ccc3n2CC(=O)Nc2ccc(Cl)cn2)CC1,O=C(O)[*:1],8.09,0.362,8.8,CPD_865,CC(C)N1CCC(NC(=O)c2cc3cc(OCCOCCO)ccc3n2CC(=O)Nc2ccc(Cl)cn2)CC1,OCCOCCO[*:1],8.55,-0.117,77000.0,0.47,-0.48,3.94,0.47,3.969130887234635,0.11139734996656013
CC(C)N1CCC(NC(=O)c2cc3cc([*:1])ccc3n2CC(=O)Nc2ccc(Cl)cc2)CC1,CPD_149,CC(C)N1CCC(NC(=O)c2cc3cc(S(C)(=O)=O)ccc3n2CC(=O)Nc2ccc(Cl)cc2)CC1,CS(=O)(=O)[*:1],7.64,-0.315,4100.0,CPD_173,CC(C)OC(=O)c1ccc2c(c1)cc(C(=O)NC1CCN(C(C)C)CC1)n2CC(=O)Nc1ccc(Cl)cc1,CC(C)OC(=O)[*:1],8.1,2.236,630.0,0.46,2.55,-0.81,0.46,2.6755560169803956,0.157235068250304
CC(C)N1CCC(NC(=O)c2nc3cc([*:1])ccc3n2CC(=O)Nc2ccc(Cl)cn2)CC1,CPD_547,CC(C)N1CCC(NC(=O)c2nc3cc(C(=O)N4CCCOCC4)ccc3n2CC(=O)Nc2ccc(Cl)cn2)CC1,O=C(N1CCCOCC1)[*:1],7.28,0.367,1100.0,CPD_944,CC(C)N1CCC(NC(=O)c2nc3cc(OC(C)(C)CO)ccc3n2CC(=O)Nc2ccc(Cl)cn2)CC1,CC(C)(CO)O[*:1],7.73,1.966,380.0,0.46,1.6,-0.46,0.46,1.6648123017325407,0.24023242360819783
CC(C)N1CCC(NC(=O)c2cc3cc([*:1])ccc3n2Cc2cc(-c3ccc(Cl)s3)on2)CC1,CPD_213,CC(OC(=O)OC1CCCCC1)OC(=O)c1ccc2c(c1)cc(C(=O)NC1CCN(C(C)C)CC1)n2Cc1cc(-c2ccc(Cl)s2)on1,CC(OC(=O)OC1CCCCC1)OC(=O)[*:1],6.77,4.442,4.4,CPD_344,CC(C)N1CCC(NC(=O)c2cc3cc(C(=O)N4CC(O)C4)ccc3n2Cc2cc(-c3ccc(Cl)s3)on2)CC1,O=C(N1CC(O)C1)[*:1],7.23,-1.036,6400.0,0.46,-5.48,3.16,0.46,6.325820104935012,0.06995325186204225
O=C(N[*:1])c1nc2ccccc2n1Cc1cc(-c2ccc(Cl)s2)on1,CPD_116,O=C(NC1CCN(c2ccncn2)CC1)c1nc2ccccc2n1Cc1cc(-c2ccc(Cl)s2)on1,c1cc(N2CCC([*:1])CC2)ncn1,7.23,3.606,0.7,CPD_425,CN1[C@@H]2CC[C@H]1C[C@@H](NC(=O)c1nc3ccccc3n1Cc1cc(-c3ccc(Cl)s3)on1)C2,CN1[C@@H]2CC[C@H]1C[C@@H]([*:1])C2,7.69,2.187,69.0,0.46,-1.42,1.99,0.46,2.44468811916776,0.17070621150104323
CC(C)N1CCC(NC(=O)c2nc3c([*:1])cccc3n2CC(=O)Nc2ccc(Cl)cn2)CC1,CPD_546,CC(C)N1CCC(NC(=O)c2nc3c(C(=O)N4CCCOCC4)cccc3n2CC(=O)Nc2ccc(Cl)cn2)CC1,O=C(N1CCCOCC1)[*:1],7.97,0.371,1100.0,CPD_690,CC(C)N1CCC(NC(=O)c2nc3c(OCCO)cccc3n2CC(=O)Nc2ccc(Cl)cn2)CC1,OCCO[*:1],8.43,1.283,760.0,0.46,0.91,-0.16,0.46,0.9239588735436226,0.3918365543858271
CC(C)N1CCC(NC(=O)c2cc3cc([*:1])ccc3n2CC(=O)Nc2ccc(Cl)cn2)CC1,CPD_345,CC(C)N1CCC(NC(=O)c2cc3cc(C(=O)N(C)CCO)ccc3n2CC(=O)Nc2ccc(Cl)cn2)CC1,CN(CCO)C(=O)[*:1],7.5,-1.408,1040000.0,CPD_674,CC(C)N1CCC(NC(=O)c2cc3cc(C(=O)N4CCC(F)(F)CC4)ccc3n2CC(=O)Nc2ccc(Cl)cn2)CC1,O=C(N1CCC(F)(F)CC1)[*:1],7.96,-0.344,18000.0,0.46,1.06,-1.76,0.46,2.054555913086816,0.19960461683216757
CC(C)N1CCC(NC(=O)c2cc3cc(C(=O)OCC[*:1])ccc3n2Cc2cc(-c3ccc(Cl)s3)on2)CC1,CPD_366,CC(C)N1CCC(NC(=O)c2cc3cc(C(=O)OCCN4CCOCC4)ccc3n2Cc2cc(-c3ccc(Cl)s3)on2)CC1,C1CN([*:1])CCO1,7.79,1.706,740.0,CPD_404,CC(C)N1CCC(NC(=O)c2cc3cc(C(=O)OCCO)ccc3n2Cc2cc(-c3ccc(Cl)s3)on2)CC1,O[*:1],8.24,0.885,1400.0,0.45,-0.82,0.28,0.45,0.8664871608973788,0.4030498654711906
CC(C)N1CCC(NC(=O)c2cc3cc([*:1])ncc3n2Cc2cc(-c3ccc(Cl)s3)on2)CC1,CPD_383,COCCOc1cc2cc(C(=O)NC3CCN(C(C)C)CC3)n(Cc3cc(-c4ccc(Cl)s4)on3)c2cn1,COCCO[*:1],6.87,0.606,4400.0,CPD_407,CC(C)N1CCC(NC(=O)c2cc3cc(OCCO)ncc3n2Cc2cc(-c3ccc(Cl)s3)on2)CC1,OCCO[*:1],7.32,-0.015,12000.0,0.45,-0.62,0.44,0.45,0.7602631123499285,0.4454285170852916
CC(C)N1CCC(NC(=O)c2cc3cc([*:1])ccc3n2Cc2cc(-c3ccc(Cl)s3)on2)CC1,CPD_162,CC(OC(=O)c1ccc2c(c1)cc(C(=O)NC1CCN(C(C)C)CC1)n2Cc1cc(-c2ccc(Cl)s2)on1)OC(=O)C(C)(C)C,CC(OC(=O)C(C)(C)C)OC(=O)[*:1],7.04,3.499,26.0,CPD_252,CC(C)N1CCC(NC(=O)c2cc3cc(C(=O)NCCO)ccc3n2Cc2cc(-c3ccc(Cl)s3)on2)CC1,O=C(NCCO)[*:1],7.49,0.126,4400.0,0.45,-3.37,2.23,0.45,4.041014724051374,0.10487029967008157
CC(C)N1CCC(NC(=O)c2cc3cc(OCC[*:1])ncc3n2CC(=O)Nc2ccc(Cl)cn2)CC1,CPD_872,COCCCOc1cc2cc(C(=O)NC3CCN(C(C)C)CC3)n(CC(=O)Nc3ccc(Cl)cn3)c2cn1,COC[*:1],7.32,-0.04,90000.0,CPD_878,CC(C)N1CCC(NC(=O)c2cc3cc(OCCCO)ncc3n2CC(=O)Nc2ccc(Cl)cn2)CC1,OC[*:1],7.77,-0.264,180000.0,0.45,-0.22,0.3,0.45,0.3720215047547655,0.7234476566488073
CC(C)N1CCC(NC(=O)c2nc3c([*:1])cccc3n2CCc2ccc(Cl)cc2)CC1,CPD_526,COC1CN(C(=O)c2cccc3c2nc(C(=O)NC2CCN(C(C)C)CC2)n3CCc2ccc(Cl)cc2)C1,COC1CN(C(=O)[*:1])C1,6.8,1.108,540.0,CPD_736,CC(C)N1CCC(NC(=O)c2nc3c(OCCO)cccc3n2CCc2ccc(Cl)cc2)CC1,OCCO[*:1],7.25,2.442,250.0,0.45,1.33,-0.33,0.45,1.3703284277865653,0.2777214744141213
CC(C)N1CCC(NC(=O)c2cc3cc([*:1])ccc3n2CC(=O)Nc2ccc(Cl)cn2)CC1,CPD_324,CC(C)N1CCC(NC(=O)c2cc3cc(C(=O)NCCO)ccc3n2CC(=O)Nc2ccc(Cl)cn2)CC1,O=C(NCCO)[*:1],8.11,-0.841,140000.0,CPD_865,CC(C)N1CCC(NC(=O)c2cc3cc(OCCOCCO)ccc3n2CC(=O)Nc2ccc(Cl)cn2)CC1,OCCOCCO[*:1],8.55,-0.117,77000.0,0.45,0.72,-0.26,0.45,0.7655063683601855,0.44312868340417094
CC(C)N1CCC(NC(=O)c2nc3cc([*:1])ccc3n2CC(=O)Nc2ccc(Cl)cn2)CC1,CPD_341,CC(C)N1CCC(NC(=O)c2nc3cc(C(=O)O)ccc3n2CC(=O)Nc2ccc(Cl)cn2)CC1,O=C(O)[*:1],7.65,1.376,1.9,CPD_942,CCOCC(O)COc1ccc2c(c1)nc(C(=O)NC1CCN(C(C)C)CC1)n2CC(=O)Nc1ccc(Cl)cn1,CCOCC(O)CO[*:1],8.1,1.877,390.0,0.45,0.5,2.31,0.45,2.3634931774811623,0.17218334598206295
CCOC(=O)OC(C)OC(=O)c1ccc2c(c1)cc(C(=O)NC1CCN(C(C)C)CC1)n2[*:1],CPD_167,CCOC(=O)OC(C)OC(=O)c1ccc2c(c1)cc(C(=O)NC1CCN(C(C)C)CC1)n2Cc1cc(-c2ccc(Cl)s2)on1,Clc1ccc(-c2cc(C[*:1])no2)s1,7.38,2.914,58.0,CPD_315,CCOC(=O)OC(C)OC(=O)c1ccc2c(c1)cc(C(=O)NC1CCN(C(C)C)CC1)n2CC(=O)Nc1ccc(Cl)cn1,O=C(C[*:1])Nc1ccc(Cl)cn1,7.83,1.946,1900.0,0.45,-0.97,1.52,0.45,1.8031361568112376,0.21917689117067765
CC(C)N1CCC(NC(=O)c2cc3cc([*:1])ccc3n2Cc2cc(-c3ccc(Cl)s3)on2)CC1,CPD_259,CCOC(=O)COc1ccc2c(c1)cc(C(=O)NC1CCN(C(C)C)CC1)n2Cc1cc(-c2ccc(Cl)s2)on1,CCOC(=O)CO[*:1],7.79,1.709,270.0,CPD_404,CC(C)N1CCC(NC(=O)c2cc3cc(C(=O)OCCO)ccc3n2Cc2cc(-c3ccc(Cl)s3)on2)CC1,O=C(OCCO)[*:1],8.24,0.885,1400.0,0.45,-0.82,0.71,0.45,1.084665847162157,0.3371630441857906
CC(C)N1CCC(NC(=O)c2cc3c([*:1])cccc3n2Cc2cc(-c3ccc(Cl)s3)on2)CC1,CPD_184,CCOC(=O)COc1cccc2c1cc(C(=O)NC1CCN(C(C)C)CC1)n2Cc1cc(-c2ccc(Cl)s2)on1,CCOC(=O)CO[*:1],8.01,1.723,260.0,CPD_231,COC(=O)OC(C)OC(=O)c1cccc2c1cc(C(=O)NC1CCN(C(C)C)CC1)n2Cc1cc(-c2ccc(Cl)s2)on1,COC(=O)OC(C)OC(=O)[*:1],8.46,2.396,110.0,0.45,0.67,-0.37,0.45,0.7653757247260983,0.4431856986943324
CC(C)N1CCC(NC(=O)c2nc3c([*:1])cccc3n2CC(=O)Nc2ccc(Cl)cn2)CC1,CPD_350,CC(OC(=O)OC1CCCCC1)OC(=O)c1cccc2c1nc(C(=O)NC1CCN(C(C)C)CC1)n2CC(=O)Nc1ccc(Cl)cn1,CC(OC(=O)OC1CCCCC1)OC(=O)[*:1],7.7,4.799,4.2,CPD_597,COCCOc1cccc2c1nc(C(=O)NC1CCN(C(C)C)CC1)n2CC(=O)Nc1ccc(Cl)cn1,COCCO[*:1],8.16,1.933,370.0,0.45,-2.87,1.94,0.45,3.464173783169661,0.12115749727143134
CC(C)N1CCC(NC(=O)c2nc3c([*:1])cccc3n2CC(=O)Nc2ccc(Cl)cn2)CC1,CPD_638,CC(C)N1CCC(NC(=O)c2nc3c(C(=O)N(C)CCO)cccc3n2CC(=O)Nc2ccc(Cl)cn2)CC1,CN(CCO)C(=O)[*:1],7.89,-0.092,2900.0,CPD_735,CCOCCOCCOc1cccc2c1nc(C(=O)NC1CCN(C(C)C)CC1)n2CC(=O)Nc1ccc(Cl)cn1,CCOCCOCCO[*:1],8.33,2.096,330.0,0.45,2.19,-0.94,0.45,2.3832121181296473,0.17089394238381067
CC(C)N1CCC(NC(=O)c2nc3ccc([*:1])cc3n2CC(=O)Nc2ccc(Cl)cn2)CC1,CPD_376,CC(C)N1CCC(NC(=O)c2nc3ccc(C(=O)N4CC(O)C4)cc3n2CC(=O)Nc2ccc(Cl)cn2)CC1,O=C(N1CC(O)C1)[*:1],5.89,-0.693,3300.0,CPD_943,CC(C)N1CCC(NC(=O)c2nc3ccc(OC(C)(C)CO)cc3n2CC(=O)Nc2ccc(Cl)cn2)CC1,CC(C)(CO)O[*:1],6.34,1.969,380.0,0.45,2.66,-0.94,0.45,2.821205416129779,0.14652227351405026
CC(C)N1CCC(NC(=O)c2nc3cc([*:1])ccc3n2CC(=O)Nc2ccc(Cl)cn2)CC1,CPD_836,CC(C)N1CCC(NC(=O)c2nc3cc(OCCN4CCOCC4)ccc3n2CC(=O)Nc2ccc(Cl)cn2)CC1,C1CN(CCO[*:1])CCO1,7.7,1.561,370.0,CPD_900,CC(C)N1CCC(NC(=O)c2nc3cc(O)ccc3n2CC(=O)Nc2ccc(Cl)cn2)CC1,O[*:1],8.14,1.553,42.0,0.45,-0.01,-0.94,0.45,0.9400531899844816,0.37813435885657176
CC(C)N1CCC(NC(=O)c2cc3cc([*:1])ccc3n2CC(=O)Nc2ccc(Cl)cn2)CC1,CPD_393,CC(C)N1CCC(NC(=O)c2cc3cc(C(=O)N4CCCOCC4)ccc3n2CC(=O)Nc2ccc(Cl)cn2)CC1,O=C(N1CCCOCC1)[*:1],7.64,-0.942,58000.0,CPD_416,CC(C)N1CCC(NC(=O)c2cc3cc(C(=O)O)ccc3n2CC(=O)Nc2ccc(Cl)cn2)CC1,O=C(O)[*:1],8.09,0.362,8.8,0.45,1.3,-3.82,0.45,4.03514559836445,0.10501393468911663
CC(C)N1CCC(NC(=O)c2cc3cc([*:1])ccc3n2Cc2cc(-c3ccc(Cl)s3)on2)CC1,CPD_162,CC(OC(=O)c1ccc2c(c1)cc(C(=O)NC1CCN(C(C)C)CC1)n2Cc1cc(-c2ccc(Cl)s2)on1)OC(=O)C(C)(C)C,CC(OC(=O)C(C)(C)C)OC(=O)[*:1],7.04,3.499,26.0,CPD_179,CC(C)OC(=O)COc1ccc2c(c1)cc(C(=O)NC1CCN(C(C)C)CC1)n2Cc1cc(-c2ccc(Cl)s2)on1,CC(C)OC(=O)CO[*:1],7.48,2.057,140.0,0.44,-1.44,0.73,0.44,1.6144658559412148,0.23599252225398376
O=C(Cn1c([*:1])nc2ccccc21)Nc1ccc(Cl)cn1,CPD_981,O=C(Cn1c(C(=O)N2CCN(Cc3ccncc3)CC2)nc2ccccc21)Nc1ccc(Cl)cn1,O=C(N1CCN(Cc2ccncc2)CC1)[*:1],5.62,2.389,26.0,CPD_988,O=C(Cn1c(C(=O)N2CCC(Nc3ccncc3)CC2)nc2ccccc21)Nc1ccc(Cl)cn1,O=C(N1CCC(Nc2ccncc2)CC1)[*:1],6.07,2.834,31.0,0.44,0.45,0.08,0.44,0.45705579528105755,0.6222988382764025
Clc1ccc(-c2cc(Cn3c([*:1])nc4ccccc43)no2)s1,CPD_983,O=C(c1nc2ccccc2n1Cc1cc(-c2ccc(Cl)s2)on1)N1CCC(Nc2ccncc2)CC1,O=C(N1CCC(Nc2ccncc2)CC1)[*:1],4.77,3.65,2.4,CPD_984,O=C(c1nc2ccccc2n1Cc1cc(-c2ccc(Cl)s2)on1)N1CCC(N2CCCC2=O)CC1,O=C1CCCN1C1CCN(C(=O)[*:1])CC1,5.21,3.149,1.2,0.44,-0.5,-0.3,0.44,0.58309518948453,0.5281509310745702
CC(C)N1CCC(NC(=O)c2nc3c(C(=O)O[*:1])cccc3n2Cc2cc(-c3ccc(Cl)s3)on2)CC1,CPD_316,CCOC(=O)OC(C)OC(=O)c1cccc2c1nc(C(=O)NC1CCN(C(C)C)CC1)n2Cc1cc(-c2ccc(Cl)s2)on1,CCOC(=O)OC(C)[*:1],8.18,4.088,3.5,CPD_391,CC(C)N1CCC(NC(=O)c2nc3c(C(=O)OCCO)cccc3n2Cc2cc(-c3ccc(Cl)s3)on2)CC1,OCC[*:1],8.62,2.057,54.0,0.44,-2.03,1.19,0.44,2.3530830839560255,0.1690303328049413
CC(C)N1CCC(NC(=O)c2nc3c([*:1])cccc3n2CC(=O)Nc2ccc(Cl)cn2)CC1,CPD_350,CC(OC(=O)OC1CCCCC1)OC(=O)c1cccc2c1nc(C(=O)NC1CCN(C(C)C)CC1)n2CC(=O)Nc1ccc(Cl)cn1,CC(OC(=O)OC1CCCCC1)OC(=O)[*:1],7.7,4.799,4.2,CPD_529,CC(C)N1CCC(NC(=O)c2nc3c(CO)cccc3n2CC(=O)Nc2ccc(Cl)cn2)CC1,OC[*:1],8.14,1.111,1100.0,0.44,-3.69,2.42,0.44,4.412765572744602,0.09436459824871846
CC(C)N1CCC(NC(=O)c2nc3c([*:1])cccc3n2CC(=O)Nc2ccc(Cl)cn2)CC1,CPD_356,CC(C)N1CCC(NC(=O)c2nc3c(C(=O)N4CC(O)C4)cccc3n2CC(=O)Nc2ccc(Cl)cn2)CC1,O=C(N1CC(O)C1)[*:1],7.99,-0.688,3200.0,CPD_690,CC(C)N1CCC(NC(=O)c2nc3c(OCCO)cccc3n2CC(=O)Nc2ccc(Cl)cn2)CC1,OCCO[*:1],8.43,1.283,760.0,0.44,1.97,-0.62,0.44,2.0652602741543253,0.1900434283401312
Clc1ccc(-c2cc(Cn3c([*:1])cc4ccccc43)no2)s1,CPD_23,CS(=O)(=O)N1CCC(NC(=O)c2cc3ccccc3n2Cc2cc(-c3ccc(Cl)s3)on2)CC1,CS(=O)(=O)N1CCC(NC(=O)[*:1])CC1,6.87,3.257,1.1,CPD_60,CC(C)N1CC[C@@H](NC(=O)c2cc3ccccc3n2Cc2cc(-c3ccc(Cl)s3)on2)C1,CC(C)N1CC[C@@H](NC(=O)[*:1])C1,7.32,1.909,390.0,0.44,-1.35,2.55,0.44,2.8853076092507015,0.1403371071794625
O=C(Cn1c(C(=O)Nc2ccc(N3CCOCC3=O)cc2)nc2c([*:1])cccc21)Nc1ccc(Cl)cn1,CPD_435,O=C(Cn1c(C(=O)Nc2ccc(N3CCOCC3=O)cc2)nc2c(C(=O)O)cccc21)Nc1ccc(Cl)cn1,O=C(O)[*:1],7.4,-0.541,7300.0,CPD_550,COCCOc1cccc2c1nc(C(=O)Nc1ccc(N3CCOCC3=O)cc1)n2CC(=O)Nc1ccc(Cl)cn1,COCCO[*:1],7.84,2.458,8.0,0.44,3.0,-2.96,0.44,4.2144513284649525,0.09855634379853093
CC(C)N1CCC(NC(=O)c2cc3cc([*:1])ccc3n2CC(=O)Nc2ccc(Cl)cn2)CC1,CPD_268,COC(=O)c1ccc2c(c1)cc(C(=O)NC1CCN(C(C)C)CC1)n2CC(=O)Nc1ccc(Cl)cn1,COC(=O)[*:1],8.12,0.993,8500.0,CPD_865,CC(C)N1CCC(NC(=O)c2cc3cc(OCCOCCO)ccc3n2CC(=O)Nc2ccc(Cl)cn2)CC1,OCCOCCO[*:1],8.55,-0.117,77000.0,0.43,-1.11,0.96,0.43,1.4675489770362011,0.250356761727987
CC(C)N1CCC(NC(=O)c2cc3cc([*:1])ccc3n2Cc2cc(-c3ccc(Cl)s3)on2)CC1,CPD_362,CC(C)N1CCC(NC(=O)c2cc3cc(C(=O)OC4CCOC4=O)ccc3n2Cc2cc(-c3ccc(Cl)s3)on2)CC1,O=C1OCCC1OC(=O)[*:1],7.73,0.55,170.0,CPD_364,CC(C)N1CCC(NC(=O)c2cc3cc(C(=O)OCCN4CCNC4=O)ccc3n2Cc2cc(-c3ccc(Cl)s3)on2)CC1,O=C1NCCN1CCOC(=O)[*:1],8.16,1.632,44.0,0.43,1.08,-0.59,0.43,1.2306502346320827,0.29041294827258646
O=C(Cn1c([*:1])nc2ccccc21)Nc1ccc(Cl)cn1,CPD_985,O=C(Cn1c(C(=O)N2CCN(CC(=O)N3CCCC3)CC2)nc2ccccc21)Nc1ccc(Cl)cn1,O=C(CN1CCN(C(=O)[*:1])CC1)N1CCCC1,5.2,2.775,6.7,CPD_991,CCN(CC)C(=O)N1CCN(C(=O)c2nc3ccccc3n2CC(=O)Nc2ccc(Cl)cn2)CC1,CCN(CC)C(=O)N1CCN(C(=O)[*:1])CC1,5.63,3.28,6.5,0.43,0.5,-0.01,0.43,0.5000999900019995,0.573256906721001
CC(C)N1CCC(NC(=O)c2nc3cc([*:1])ccc3n2CC(=O)Nc2ccc(Cl)cn2)CC1,CPD_389,CC(OC(=O)OC1CCCCC1)OC(=O)c1ccc2c(c1)nc(C(=O)NC1CCN(C(C)C)CC1)n2CC(=O)Nc1ccc(Cl)cn1,CC(OC(=O)OC1CCCCC1)OC(=O)[*:1],7.45,4.785,4.3,CPD_925,CC(C)N1CCC(NC(=O)c2nc3cc(OCCCO)ccc3n2CC(=O)Nc2ccc(Cl)cn2)CC1,OCCCO[*:1],7.87,2.044,310.0,0.43,-2.74,1.86,0.43,3.311676312685164,0.120729668349851
CC(C)N1CCC(NC(=O)c2nc3cc([*:1])ccc3n2CC(=O)Nc2ccc(Cl)cn2)CC1,CPD_397,CCOC(=O)OC(C)OC(=O)c1ccc2c(c1)nc(C(=O)NC1CCN(C(C)C)CC1)n2CC(=O)Nc1ccc(Cl)cn1,CCOC(=O)OC(C)OC(=O)[*:1],7.72,3.257,33.0,CPD_900,CC(C)N1CCC(NC(=O)c2nc3cc(O)ccc3n2CC(=O)Nc2ccc(Cl)cn2)CC1,O[*:1],8.14,1.553,42.0,0.43,-1.7,0.1,0.43,1.70293863659264,0.22018100924575693
CC(C)N1CCC(NC(=O)c2cc3cc([*:1])ccc3n2CC(=O)Nc2ccc(Cl)cn2)CC1,CPD_674,CC(C)N1CCC(NC(=O)c2cc3cc(C(=O)N4CCC(F)(F)CC4)ccc3n2CC(=O)Nc2ccc(Cl)cn2)CC1,O=C(N1CCC(F)(F)CC1)[*:1],7.96,-0.344,18000.0,CPD_743,COCCOc1ccc2c(c1)cc(C(=O)NC1CCN(C(C)C)CC1)n2CC(=O)Nc1ccc(Cl)cn1,COCCO[*:1],8.39,0.599,20000.0,0.43,0.94,0.05,0.43,0.9413288479590965,0.36094148205732335
COc1cc2cc(C(=O)N[*:1])n(Cc3cc(-c4ccc(Cl)s4)on3)c2cn1,CPD_950,COc1cc2cc(C(=O)NC3CCN(C4CC4)CC3)n(Cc3cc(-c4ccc(Cl)s4)on3)c2cn1,C1CC1N1CCC([*:1])CC1,6.19,0.78,650.0,CPD_952,CCN1CCC(NC(=O)c2cc3cc(OC)ncc3n2Cc2cc(-c3ccc(Cl)s3)on2)CC1,CCN1CCC([*:1])CC1,6.62,1.08,1700.0,0.43,0.3,0.42,0.43,0.5161395160225576,0.5612554776346237
CC(C)N1CCC(NC(=O)c2cc3c([*:1])cccc3n2Cc2cc(-c3ccc(Cl)s3)on2)CC1,CPD_132,CC(C)N1CCC(NC(=O)c2cc3c(C(F)(F)F)cccc3n2Cc2cc(-c3ccc(Cl)s3)on2)CC1,FC(F)(F)[*:1],7.82,2.572,90.0,CPD_174,CC(C)N1CCC(NC(=O)c2cc3c(C(=O)O)cccc3n2Cc2cc(-c3ccc(Cl)s3)on2)CC1,O=C(O)[*:1],8.25,1.328,5.5,0.43,-1.24,-1.21,0.43,1.7325414857947847,0.2168933175325794
CC(C)N1CCC(NC(=O)c2cc3c([*:1])cccc3n2Cc2cc(-c3ccc(Cl)s3)on2)CC1,CPD_39,CC(C)N1CCC(NC(=O)c2cc3c(Br)cccc3n2Cc2cc(-c3ccc(Cl)s3)on2)CC1,Br[*:1],7.82,2.781,71.0,CPD_174,CC(C)N1CCC(NC(=O)c2cc3c(C(=O)O)cccc3n2Cc2cc(-c3ccc(Cl)s3)on2)CC1,O=C(O)[*:1],8.25,1.328,5.5,0.43,-1.45,-1.11,0.43,1.8260887163552597,0.20712024327886114
Cc1cccc2cc(C(=O)N(C3CCN(C(C)C)CC3)[*:1])n(Cc3cc(-c4ccc(Cl)s4)on3)c12,CPD_115,CCOC(=O)CN(C(=O)c1cc2cccc(C)c2n1Cc1cc(-c2ccc(Cl)s2)on1)C1CCN(C(C)C)CC1,CCOC(=O)C[*:1],7.86,3.202,290.0,CPD_118,Cc1cccc2cc(C(=O)N(CC(=O)O)C3CCN(C(C)C)CC3)n(Cc3cc(-c4ccc(Cl)s4)on3)c12,O=C(O)C[*:1],8.28,1.8,2.7,0.42,-1.4,-2.03,0.42,2.465948093533195,0.1546421306799053
CC(C)N1CCC(NC(=O)c2nc3cc([*:1])ccc3n2CC(=O)Nc2ccc(Cl)cn2)CC1,CPD_319,COC(=O)c1ccc2c(c1)nc(C(=O)NC1CCN(C(C)C)CC1)n2CC(=O)Nc1ccc(Cl)cn1,COC(=O)[*:1],7.72,2.303,160.0,CPD_900,CC(C)N1CCC(NC(=O)c2nc3cc(O)ccc3n2CC(=O)Nc2ccc(Cl)cn2)CC1,O[*:1],8.14,1.553,42.0,0.42,-0.75,-0.58,0.42,0.9481033698917012,0.35055405948650703
CC(C)N1CCC(NC(=O)c2nc3cc([*:1])ccc3n2CC(=O)Nc2ccc(Cl)cn2)CC1,CPD_547,CC(C)N1CCC(NC(=O)c2nc3cc(C(=O)N4CCCOCC4)ccc3n2CC(=O)Nc2ccc(Cl)cn2)CC1,O=C(N1CCCOCC1)[*:1],7.28,0.367,1100.0,CPD_836,CC(C)N1CCC(NC(=O)c2nc3cc(OCCN4CCOCC4)ccc3n2CC(=O)Nc2ccc(Cl)cn2)CC1,C1CN(CCO[*:1])CCO1,7.7,1.561,370.0,0.42,1.19,-0.47,0.42,1.2794530081249564,0.27460797930294173
CC(C)N1CCC(NC(=O)c2cc3cc([*:1])ccc3n2CC(=O)Nc2ccc(Cl)cn2)CC1,CPD_393,CC(C)N1CCC(NC(=O)c2cc3cc(C(=O)N4CCCOCC4)ccc3n2CC(=O)Nc2ccc(Cl)cn2)CC1,O=C(N1CCCOCC1)[*:1],7.64,-0.942,58000.0,CPD_408,CC(C)N1CCC(NC(=O)c2cc3cc(C(=O)N4CC(O)C4)ccc3n2CC(=O)Nc2ccc(Cl)cn2)CC1,O=C(N1CC(O)C1)[*:1],8.06,-2.004,210000.0,0.42,-1.06,0.56,0.42,1.1988327656516569,0.28988852955095346
CC(C)N1CCC(NC(=O)c2cc3cc([*:1])ccc3n2CC(=O)Nc2ccc(Cl)cn2)CC1,CPD_370,COCCOC(=O)OC(C)OC(=O)c1ccc2c(c1)cc(C(=O)NC1CCN(C(C)C)CC1)n2CC(=O)Nc1ccc(Cl)cn1,COCCOC(=O)OC(C)OC(=O)[*:1],8.05,1.425,5200.0,CPD_843,CC(C)N1CCC(NC(=O)c2cc3cc(OC(C)(C)C(=O)O)ccc3n2CC(=O)Nc2ccc(Cl)cn2)CC1,CC(C)(O[*:1])C(=O)O,8.47,0.506,7.1,0.42,-0.92,-2.86,0.42,3.004330208216134,0.12905881491055685
CC(C)N1CCC(NC(=O)c2cc3cc([*:1])ccc3n2CC(=O)Nc2ccc(Cl)cn2)CC1,CPD_170,CC(C)N1CCC(NC(=O)c2cc3cc(S(C)(=O)=O)ccc3n2CC(=O)Nc2ccc(Cl)cn2)CC1,CS(=O)(=O)[*:1],7.72,-0.686,15000.0,CPD_781,CC(C)N1CCC(NC(=O)c2cc3cc(OCCO)ccc3n2CC(=O)Nc2ccc(Cl)cn2)CC1,OCCO[*:1],8.14,-0.041,55000.0,0.42,0.65,0.56,0.42,0.857962703152066,0.37907413201286766
CC(C)N1CCC(NC(=O)c2nc3cc([*:1])ccc3n2CC(=O)Nc2ccc(Cl)cn2)CC1,CPD_381,CC(C)N1CCC(NC(=O)c2nc3cc(C(=O)N4CC(O)C4)ccc3n2CC(=O)Nc2ccc(Cl)cn2)CC1,O=C(N1CC(O)C1)[*:1],7.5,-0.694,3300.0,CPD_926,COCCOc1ccc2c(c1)nc(C(=O)NC1CCN(C(C)C)CC1)n2CC(=O)Nc1ccc(Cl)cn1,COCCO[*:1],7.93,1.91,390.0,0.42,2.6,-0.93,0.42,2.7613221470882388,0.13947361972086375
CC(C)N1CCC(NC(=O)c2cc3cc([*:1])ccc3n2Cc2cc(-c3ccc(Cl)s3)on2)CC1,CPD_38,CC(C)N1CCC(NC(=O)c2cc3cc(Br)ccc3n2Cc2cc(-c3ccc(Cl)s3)on2)CC1,Br[*:1],8.06,2.851,68.0,CPD_262,CC(C)N1CCC(NC(=O)c2cc3cc(-c4n[nH]c(=O)o4)ccc3n2Cc2cc(-c3ccc(Cl)s3)on2)CC1,O=c1[nH]nc([*:1])o1,8.48,0.297,310.0,0.42,-2.55,0.66,0.42,2.634027334710101,0.14562968767500184
CC(C)N1CCC(NC(=O)c2cc3cc([*:1])ccc3n2CC(=O)Nc2ccc(Cl)cn2)CC1,CPD_370,COCCOC(=O)OC(C)OC(=O)c1ccc2c(c1)cc(C(=O)NC1CCN(C(C)C)CC1)n2CC(=O)Nc1ccc(Cl)cn1,COCCOC(=O)OC(C)OC(=O)[*:1],8.05,1.425,5200.0,CPD_681,COCCOCCOc1ccc2c(c1)cc(C(=O)NC1CCN(C(C)C)CC1)n2CC(=O)Nc1ccc(Cl)cn1,COCCOCCO[*:1],8.47,0.241,36000.0,0.42,-1.18,0.84,0.42,1.4484474446799924,0.24728466065615173
COc1cccc(Cn2c(C(=O)NC3CCN(C(C)C)CC3)cc3c([*:1])cccc32)c1,CPD_542,COc1cccc(Cn2c(C(=O)NC3CCN(C(C)C)CC3)cc3c(C(=O)OCCO)cccc32)c1,O=C(OCCO)[*:1],7.19,0.143,53000.0,CPD_904,COCCOc1cccc2c1cc(C(=O)NC1CCN(C(C)C)CC1)n2Cc1cccc(OC)c1,COCCO[*:1],7.61,0.826,23000.0,0.42,0.68,-0.36,0.42,0.7694153624668538,0.41200085408135706
CC(C)N1CCC(NC(=O)c2cc3cc([*:1])ccc3n2Cc2cc(-c3ccc(Cl)s3)on2)CC1,CPD_167,CCOC(=O)OC(C)OC(=O)c1ccc2c(c1)cc(C(=O)NC1CCN(C(C)C)CC1)n2Cc1cc(-c2ccc(Cl)s2)on1,CCOC(=O)OC(C)OC(=O)[*:1],7.38,2.914,58.0,CPD_366,CC(C)N1CCC(NC(=O)c2cc3cc(C(=O)OCCN4CCOCC4)ccc3n2Cc2cc(-c3ccc(Cl)s3)on2)CC1,O=C(OCCN1CCOCC1)[*:1],7.79,1.706,740.0,0.41,-1.21,1.11,0.41,1.6420109622045769,0.21670064718983803
CC(C)N1CCC(NC(=O)c2nc3ccc([*:1])cc3n2CC(=O)Nc2ccc(Cl)cn2)CC1,CPD_398,CC(C)N1CCC(NC(=O)c2nc3ccc(C(=O)NCCO)cc3n2CC(=O)Nc2ccc(Cl)cn2)CC1,O=C(NCCO)[*:1],6.23,0.47,1300.0,CPD_450,CC(C)N1CCC(NC(=O)c2nc3ccc(S(=O)(=O)CCO)cc3n2CC(=O)Nc2ccc(Cl)cn2)CC1,O=S(=O)(CCO)[*:1],6.65,0.285,880.0,0.41,-0.18,-0.17,0.41,0.24758836806279896,0.8239742452103609
CC(C)N1CCC(NC(=O)c2cc3c([*:1])cccc3n2Cc2cc(-c3ccc(Cl)s3)on2)CC1,CPD_133,CC(C)N1CCC(NC(=O)c2cc3c(Cl)cccc3n2Cc2cc(-c3ccc(Cl)s3)on2)CC1,Cl[*:1],8.16,2.601,74.0,CPD_182,CC(C)N1CCC(NC(=O)c2cc3c(-c4nnc(O)o4)cccc3n2Cc2cc(-c3ccc(Cl)s3)on2)CC1,Oc1nnc([*:1])o1,8.57,0.305,310.0,0.41,-2.3,0.62,0.41,2.3820999139414787,0.15576916279976588
CC(C)N1CCC(NC(=O)c2cc3cc([*:1])ccc3n2Cc2cc(-c3ccc(Cl)s3)on2)CC1,CPD_167,CCOC(=O)OC(C)OC(=O)c1ccc2c(c1)cc(C(=O)NC1CCN(C(C)C)CC1)n2Cc1cc(-c2ccc(Cl)s2)on1,CCOC(=O)OC(C)OC(=O)[*:1],7.38,2.914,58.0,CPD_259,CCOC(=O)COc1ccc2c(c1)cc(C(=O)NC1CCN(C(C)C)CC1)n2Cc1cc(-c2ccc(Cl)s2)on1,CCOC(=O)CO[*:1],7.79,1.709,270.0,0.41,-1.21,0.67,0.41,1.3831124321616084,0.2510543621649605
CC(C)N1CCC(NC(=O)c2nc3c([*:1])cccc3n2CC(=O)Nc2ccc(Cl)cn2)CC1,CPD_307,COC(=O)c1cccc2c1nc(C(=O)NC1CCN(C(C)C)CC1)n2CC(=O)Nc1ccc(Cl)cn1,COC(=O)[*:1],7.93,2.316,160.0,CPD_735,CCOCCOCCOc1cccc2c1nc(C(=O)NC1CCN(C(C)C)CC1)n2CC(=O)Nc1ccc(Cl)cn1,CCOCCOCCO[*:1],8.33,2.096,330.0,0.41,-0.22,0.31,0.41,0.38013155617496425,0.6506577808748212
CC(C)N1CCC(NC(=O)c2cc3cc([*:1])ccc3n2Cc2cc(-c3ccc(Cl)s3)on2)CC1,CPD_85,CC(C)N1CCC(NC(=O)c2cc3cc(C(=O)O)ccc3n2Cc2cc(-c3ccc(Cl)s3)on2)CC1,O=C(O)[*:1],8.07,1.328,5.5,CPD_262,CC(C)N1CCC(NC(=O)c2cc3cc(-c4n[nH]c(=O)o4)ccc3n2Cc2cc(-c3ccc(Cl)s3)on2)CC1,O=c1[nH]nc([*:1])o1,8.48,0.297,310.0,0.41,-1.03,1.75,0.41,2.030615670184784,0.17977601634508641
CC(C)N1CCC(NC(=O)c2cc3cc([*:1])ccc3n2CC(=O)Nc2ccc(Cl)cn2)CC1,CPD_408,CC(C)N1CCC(NC(=O)c2cc3cc(C(=O)N4CC(O)C4)ccc3n2CC(=O)Nc2ccc(Cl)cn2)CC1,O=C(N1CC(O)C1)[*:1],8.06,-2.004,210000.0,CPD_681,COCCOCCOc1ccc2c(c1)cc(C(=O)NC1CCN(C(C)C)CC1)n2CC(=O)Nc1ccc(Cl)cn1,COCCOCCO[*:1],8.47,0.241,36000.0,0.41,2.25,-0.77,0.41,2.3781084920583417,0.15600573615546856
CC(C)N1CCC(NC(=O)c2cc3cc(C(=O)OC[*:1])ccc3n2Cc2cc(-c3ccc(Cl)s3)on2)CC1,CPD_117,CC(C)N1CCC(NC(=O)c2cc3cc(C(=O)OCOC(=O)C(C)(C)C)ccc3n2Cc2cc(-c3ccc(Cl)s3)on2)CC1,CC(C)(C)C(=O)O[*:1],7.45,3.152,47.0,CPD_361,CC(C)N1CCC(NC(=O)c2cc3cc(C(=O)OCC4COC(=O)O4)ccc3n2Cc2cc(-c3ccc(Cl)s3)on2)CC1,O=C1OCC([*:1])O1,7.86,1.042,660.0,0.41,-2.11,1.15,0.41,2.403039741660549,0.15453971290433033
CC(C)N1CCC(NC(=O)c2cc3cc([*:1])ccc3n2CC(=O)Nc2ccc(Cl)cn2)CC1,CPD_781,CC(C)N1CCC(NC(=O)c2cc3cc(OCCO)ccc3n2CC(=O)Nc2ccc(Cl)cn2)CC1,OCCO[*:1],8.14,-0.041,55000.0,CPD_865,CC(C)N1CCC(NC(=O)c2cc3cc(OCCOCCO)ccc3n2CC(=O)Nc2ccc(Cl)cn2)CC1,OCCOCCO[*:1],8.55,-0.117,77000.0,0.41,-0.08,0.15,0.41,0.16999999999999998,0.9761904761904762
CC(C)N1CCC(NC(=O)c2cc3cc([*:1])ccc3n2CC(=O)Nc2ccc(Cl)cn2)CC1,CPD_408,CC(C)N1CCC(NC(=O)c2cc3cc(C(=O)N4CC(O)C4)ccc3n2CC(=O)Nc2ccc(Cl)cn2)CC1,O=C(N1CC(O)C1)[*:1],8.06,-2.004,210000.0,CPD_843,CC(C)N1CCC(NC(=O)c2cc3cc(OC(C)(C)C(=O)O)ccc3n2CC(=O)Nc2ccc(Cl)cn2)CC1,CC(C)(O[*:1])C(=O)O,8.47,0.506,7.1,0.41,2.51,-4.47,0.41,5.126499780552029,0.07625779163668141
CC(C)N1CCC(NC(=O)c2cc3cc(OCC[*:1])ncc3n2CC(=O)Nc2ccc(Cl)cn2)CC1,CPD_631,CC(C)N1CCC(NC(=O)c2cc3cc(OCCO)ncc3n2CC(=O)Nc2ccc(Cl)cn2)CC1,O[*:1],7.35,-0.998,400000.0,CPD_878,CC(C)N1CCC(NC(=O)c2cc3cc(OCCCO)ncc3n2CC(=O)Nc2ccc(Cl)cn2)CC1,OC[*:1],7.77,-0.264,180000.0,0.41,0.73,-0.35,0.41,0.8095677859203637,0.3869502314510864
CC(C)N1CCC(NC(=O)c2cc3cc([*:1])ccc3n2Cc2cc(-c3ccc(Cl)s3)on2)CC1,CPD_368,CC(C)N1CCC(NC(=O)c2cc3cc(C(=O)NCCN4CCNC4=O)ccc3n2Cc2cc(-c3ccc(Cl)s3)on2)CC1,O=C1NCCN1CCNC(=O)[*:1],7.32,0.289,190.0,CPD_371,CC(C)N1CCC(NC(=O)c2cc3cc(C(=O)OCC4CCOC4)ccc3n2Cc2cc(-c3ccc(Cl)s3)on2)CC1,O=C(OCC1CCOC1)[*:1],7.73,1.959,78.0,0.41,1.67,-0.39,0.41,1.7149344010777787,0.20865836527423634
CC(C)N1CCC(NC(=O)c2cc3cc([*:1])ccc3n2Cc2cc(-c3ccc(Cl)s3)on2)CC1,CPD_38,CC(C)N1CCC(NC(=O)c2cc3cc(Br)ccc3n2Cc2cc(-c3ccc(Cl)s3)on2)CC1,Br[*:1],8.06,2.851,68.0,CPD_338,CC(C)N1CCC(NC(=O)c2cc3cc(NS(C)(=O)=O)ccc3n2Cc2cc(-c3ccc(Cl)s3)on2)CC1,CS(=O)(=O)N[*:1],8.46,0.697,170.0,0.4,-2.15,0.4,0.4,2.1868927728629037,0.16414345532736474
CC(C)N1CCC(NC(=O)c2nc3c(C(=O)N4CC(O)C4)cccc3n2[*:1])CC1,CPD_525,COc1cccc(Cn2c(C(=O)NC3CCN(C(C)C)CC3)nc3c(C(=O)N4CC(O)C4)cccc32)c1,COc1cccc(C[*:1])c1,6.49,-0.616,5500.0,CPD_527,CC(C)N1CCC(NC(=O)c2nc3c(C(=O)N4CC(O)C4)cccc3n2CCc2ccc(Cl)cc2)CC1,Clc1ccc(CC[*:1])cc1,6.89,0.47,1100.0,0.4,1.09,-0.7,0.4,1.295414991421668,0.25883015385532754
CC(C)N1CCC(NC(=O)c2nc3cc([*:1])ccc3n2CC(=O)Nc2ccc(Cl)cn2)CC1,CPD_836,CC(C)N1CCC(NC(=O)c2nc3cc(OCCN4CCOCC4)ccc3n2CC(=O)Nc2ccc(Cl)cn2)CC1,C1CN(CCO[*:1])CCO1,7.7,1.561,370.0,CPD_942,CCOCC(O)COc1ccc2c(c1)nc(C(=O)NC1CCN(C(C)C)CC1)n2CC(=O)Nc1ccc(Cl)cn1,CCOCC(O)CO[*:1],8.1,1.877,390.0,0.4,0.32,0.02,0.4,0.32062439083762795,0.7009865095546198
CC(C)N1CCC(NC(=O)c2cc3c([*:1])cccc3n2Cc2cc(-c3ccc(Cl)s3)on2)CC1,CPD_175,CCOC(=O)OC(C)OC(=O)c1cccc2c1cc(C(=O)NC1CCN(C(C)C)CC1)n2Cc1cc(-c2ccc(Cl)s2)on1,CCOC(=O)OC(C)OC(=O)[*:1],8.17,2.927,56.0,CPD_182,CC(C)N1CCC(NC(=O)c2cc3c(-c4nnc(O)o4)cccc3n2Cc2cc(-c3ccc(Cl)s3)on2)CC1,Oc1nnc([*:1])o1,8.57,0.305,310.0,0.4,-2.62,0.74,0.4,2.722498852157701,0.13456691487353975
CC(C)N1CCC(NC(=O)c2cc3cc([*:1])ccc3n2Cc2cc(-c3ccc(Cl)s3)on2)CC1,CPD_117,CC(C)N1CCC(NC(=O)c2cc3cc(C(=O)OCOC(=O)C(C)(C)C)ccc3n2Cc2cc(-c3ccc(Cl)s3)on2)CC1,CC(C)(C)C(=O)OCOC(=O)[*:1],7.45,3.152,47.0,CPD_877,CC(C)N1CCC(NC(=O)c2cc3cc(OC(C)(C)C(=O)O)ccc3n2Cc2cc(-c3ccc(Cl)s3)on2)CC1,CC(C)(O[*:1])C(=O)O,7.85,1.472,1.6,0.4,-1.68,-1.47,0.4,2.232330620674276,0.1611388896662556
CC(C)N1CCC(NC(=O)c2nc3c([*:1])cccc3n2CC(=O)Nc2ccc(Cl)cn2)CC1,CPD_353,CC(C)N1CCC(NC(=O)c2nc3c(C(=O)NCCO)cccc3n2CC(=O)Nc2ccc(Cl)cn2)CC1,O=C(NCCO)[*:1],8.06,0.477,1200.0,CPD_694,CCOCCOc1cccc2c1nc(C(=O)NC1CCN(C(C)C)CC1)n2CC(=O)Nc1ccc(Cl)cn1,CCOCCO[*:1],8.46,2.454,200.0,0.4,1.98,-0.78,0.4,2.128097742116184,0.1682016651023159
COc1cccc(Cn2c(C(=O)NC3CCN(C(C)C)CC3)cc3c([*:1])cccc32)c1,CPD_524,COc1cccc(Cn2c(C(=O)NC3CCN(C(C)C)CC3)cc3c(C(=O)N(C)CCO)cccc32)c1,CN(CCO)C(=O)[*:1],6.8,-1.188,1270000.0,CPD_923,COc1cccc(Cn2c(C(=O)NC3CCN(C(C)C)CC3)cc3c(OCCCO)cccc32)c1,OCCCO[*:1],7.2,0.96,26000.0,0.4,2.15,-1.69,0.4,2.734702908909851,0.13401668849718051
CC(C)N1CCC(NC(=O)c2cc3cc([*:1])ccc3n2CC(=O)Nc2ccc(Cl)cn2)CC1,CPD_170,CC(C)N1CCC(NC(=O)c2cc3cc(S(C)(=O)=O)ccc3n2CC(=O)Nc2ccc(Cl)cn2)CC1,CS(=O)(=O)[*:1],7.72,-0.686,15000.0,CPD_268,COC(=O)c1ccc2c(c1)cc(C(=O)NC1CCN(C(C)C)CC1)n2CC(=O)Nc1ccc(Cl)cn1,COC(=O)[*:1],8.12,0.993,8500.0,0.4,1.68,-0.25,0.4,1.6984993376507391,0.20528618730877826
CC(C)N1CCC(NC(=O)c2nc3c([*:1])cccc3n2Cc2cc(-c3ccc(Cl)s3)on2)CC1,CPD_316,CCOC(=O)OC(C)OC(=O)c1cccc2c1nc(C(=O)NC1CCN(C(C)C)CC1)n2Cc1cc(-c2ccc(Cl)s2)on1,CCOC(=O)OC(C)OC(=O)[*:1],8.18,4.088,3.5,CPD_392,CC(C)N1CCC(NC(=O)c2nc3c(C(=O)OCC(=O)O)cccc3n2Cc2cc(-c3ccc(Cl)s3)on2)CC1,O=C(O)COC(=O)[*:1],8.57,2.129,0.6,0.39,-1.96,-0.77,0.39,2.1058252539087854,0.16554708349140582
COc1cccc(Cn2c(C(=O)NC3CCN(C(C)C)CC3)cc3c([*:1])cccc32)c1,CPD_524,COc1cccc(Cn2c(C(=O)NC3CCN(C(C)C)CC3)cc3c(C(=O)N(C)CCO)cccc32)c1,CN(CCO)C(=O)[*:1],6.8,-1.188,1270000.0,CPD_542,COc1cccc(Cn2c(C(=O)NC3CCN(C(C)C)CC3)cc3c(C(=O)OCCO)cccc32)c1,O=C(OCCO)[*:1],7.19,0.143,53000.0,0.39,1.33,-1.38,0.39,1.916585505527995,0.18000674287025537
CC(C)N1CCC(NC(=O)c2cc3cc(C(=O)O[*:1])ccc3n2Cc2cc(-c3ccc(Cl)s3)on2)CC1,CPD_99,CC(C)OC(=O)c1ccc2c(c1)cc(C(=O)NC1CCN(C(C)C)CC1)n2Cc1cc(-c2ccc(Cl)s2)on1,CC(C)[*:1],7.47,2.832,69.0,CPD_361,CC(C)N1CCC(NC(=O)c2cc3cc(C(=O)OCC4COC(=O)O4)ccc3n2Cc2cc(-c3ccc(Cl)s3)on2)CC1,O=C1OCC(C[*:1])O1,7.86,1.042,660.0,0.39,-1.79,0.98,0.39,2.0407106605298067,0.17025284193238047
Clc1ccc(-c2cc(Cn3c([*:1])cc4c(Cl)ccc(Cl)c43)no2)s1,CPD_127,CC(C)N1CCC(N(CC(=O)O)C(=O)c2cc3c(Cl)ccc(Cl)c3n2Cc2cc(-c3ccc(Cl)s3)on2)CC1,CC(C)N1CCC(N(CC(=O)O)C(=O)[*:1])CC1,7.22,2.457,1.0,CPD_131,CC(C)N1CCC(NC(=O)c2cc3c(Cl)ccc(Cl)c3n2Cc2cc(-c3ccc(Cl)s3)on2)CC1,CC(C)N1CCC(NC(=O)[*:1])CC1,7.61,3.165,14.0,0.39,0.71,1.15,0.39,1.3515176654413363,0.2435190122567435
COCCOCCn1c(C(=O)NC2CCN(C(C)C)CC2)cc2cc([*:1])ccc21,CPD_678,COCCOCCn1c(C(=O)NC2CCN(C(C)C)CC2)cc2cc(OCC(=O)Nc3ccc(Cl)cn3)ccc21,O=C(CO[*:1])Nc1ccc(Cl)cn1,4.64,0.212,39000.0,CPD_679,COCCOCCn1c(C(=O)NC2CCN(C(C)C)CC2)cc2cc(OCc3cc(-c4ccc(Cl)s4)on3)ccc21,Clc1ccc(-c2cc(CO[*:1])no2)s1,5.04,1.317,1100.0,0.39,1.1,-1.55,0.39,1.9006577808748215,0.1813398688848395
CC(C)N1CCC(NC(=O)c2cc3cc([*:1])ccc3n2CC(=O)Nc2ccc(Cl)cn2)CC1,CPD_416,CC(C)N1CCC(NC(=O)c2cc3cc(C(=O)O)ccc3n2CC(=O)Nc2ccc(Cl)cn2)CC1,O=C(O)[*:1],8.09,0.362,8.8,CPD_681,COCCOCCOc1ccc2c(c1)cc(C(=O)NC1CCN(C(C)C)CC1)n2CC(=O)Nc1ccc(Cl)cn1,COCCOCCO[*:1],8.47,0.241,36000.0,0.39,-0.12,3.61,0.39,3.6119939091864484,0.10098410540532307
CC(C)N1CCC(NC(=O)c2cc3c([*:1])cccc3n2Cc2cc(-c3ccc(Cl)s3)on2)CC1,CPD_161,CC(OC(=O)c1cccc2c1cc(C(=O)NC1CCN(C(C)C)CC1)n2Cc1cc(-c2ccc(Cl)s2)on1)OC(=O)C(C)(C)C,CC(OC(=O)C(C)(C)C)OC(=O)[*:1],7.78,3.512,26.0,CPD_175,CCOC(=O)OC(C)OC(=O)c1cccc2c1cc(C(=O)NC1CCN(C(C)C)CC1)n2Cc1cc(-c2ccc(Cl)s2)on1,CCOC(=O)OC(C)OC(=O)[*:1],8.17,2.927,56.0,0.39,-0.58,0.33,0.39,0.6673080248281149,0.4251570785866374
CC(C)N1CCC(NC(=O)c2cc3cc([*:1])ccc3n2Cc2cc(-c3ccc(Cl)s3)on2)CC1,CPD_85,CC(C)N1CCC(NC(=O)c2cc3cc(C(=O)O)ccc3n2Cc2cc(-c3ccc(Cl)s3)on2)CC1,O=C(O)[*:1],8.07,1.328,5.5,CPD_338,CC(C)N1CCC(NC(=O)c2cc3cc(NS(C)(=O)=O)ccc3n2Cc2cc(-c3ccc(Cl)s3)on2)CC1,CS(=O)(=O)N[*:1],8.46,0.697,170.0,0.39,-0.63,1.49,0.39,1.617714437099453,0.2088113644426646
O=C(Cn1c([*:1])nc2ccccc21)Nc1ccc(Cl)cn1,CPD_982,NC(=O)N1CCN(C(=O)c2nc3ccccc3n2CC(=O)Nc2ccc(Cl)cn2)CC1,NC(=O)N1CCN(C(=O)[*:1])CC1,4.87,0.511,160.0,CPD_989,O=C(Cn1c(C(=O)N2CCN(C(=O)N3CCCC3)CC2)nc2ccccc21)Nc1ccc(Cl)cn1,O=C(N1CCCC1)N1CCN(C(=O)[*:1])CC1,5.26,2.656,7.4,0.39,2.15,-1.33,0.39,2.5281218325072863,0.1403826122513931
O=C(Nc1ccc([*:1])cc1)c1nc2ccccc2n1Cc1cc(-c2ccc(Cl)s2)on1,CPD_438,CCN1CCN(c2ccc(NC(=O)c3nc4ccccc4n3Cc3cc(-c4ccc(Cl)s4)on3)cc2)C(=O)C1=O,CCN1CCN([*:1])C(=O)C1=O,5.96,3.038,0.7,CPD_533,O=C(Nc1ccc(N2CCOC2=O)cc1)c1nc2ccccc2n1Cc1cc(-c2ccc(Cl)s2)on1,O=C1OCCN1[*:1],6.33,4.952,0.1,0.38,1.91,-0.85,0.38,2.0905980005730416,0.16235167248154778
CC(C)N1CCC(NC(=O)c2cc3cc([*:1])ccc3n2Cc2cc(-c3ccc(Cl)s3)on2)CC1,CPD_38,CC(C)N1CCC(NC(=O)c2cc3cc(Br)ccc3n2Cc2cc(-c3ccc(Cl)s3)on2)CC1,Br[*:1],8.06,2.851,68.0,CPD_148,CC(C)N1CCC(NC(=O)c2cc3cc(C(N)=O)ccc3n2Cc2cc(-c3ccc(Cl)s3)on2)CC1,NC(=O)[*:1],8.44,0.497,390.0,0.38,-2.35,0.76,0.38,2.46983805137098,0.13971420092768194
CC(C)N1CCC(NC(=O)c2nc3c([*:1])cccc3n2CC(=O)Nc2ccc(Cl)cn2)CC1,CPD_401,CCOC(=O)OC(C)OC(=O)c1cccc2c1nc(C(=O)NC1CCN(C(C)C)CC1)n2CC(=O)Nc1ccc(Cl)cn1,CCOC(=O)OC(C)OC(=O)[*:1],7.96,3.271,32.0,CPD_735,CCOCCOCCOc1cccc2c1nc(C(=O)NC1CCN(C(C)C)CC1)n2CC(=O)Nc1ccc(Cl)cn1,CCOCCOCCO[*:1],8.33,2.096,330.0,0.38,-1.17,1.01,0.38,1.545639026422405,0.21162382550634598
CC(C)N1CCC(NC(=O)c2cc3ccccc3n2C[*:1])CC1,CPD_853,Cc1ccc(NC(=O)Cn2c(C(=O)NC3CCN(C(C)C)CC3)cc3ccccc32)cc1,Cc1ccc(NC(=O)[*:1])cc1,7.25,0.85,14000.0,CPD_856,CC(C)N1CCC(NC(=O)c2cc3ccccc3n2CC(=O)Nc2ccc(I)cc2)CC1,O=C(Nc1ccc(I)cc1)[*:1],7.64,2.023,2600.0,0.38,1.17,-0.73,0.38,1.3790576492663387,0.23326369092655289
CC(C)N1CCC(NC(=O)c2cc3cc(C(=O)O[*:1])ccc3n2Cc2cc(-c3ccc(Cl)s3)on2)CC1,CPD_361,CC(C)N1CCC(NC(=O)c2cc3cc(C(=O)OCC4COC(=O)O4)ccc3n2Cc2cc(-c3ccc(Cl)s3)on2)CC1,O=C1OCC(C[*:1])O1,7.86,1.042,660.0,CPD_404,CC(C)N1CCC(NC(=O)c2cc3cc(C(=O)OCCO)ccc3n2Cc2cc(-c3ccc(Cl)s3)on2)CC1,OCC[*:1],8.24,0.885,1400.0,0.38,-0.16,0.33,0.38,0.366742416417845,0.6161405310941818
CC(C)N1CCC(NC(=O)c2nc3c([*:1])cccc3n2CC(=O)Nc2ccc(Cl)cn2)CC1,CPD_350,CC(OC(=O)OC1CCCCC1)OC(=O)c1cccc2c1nc(C(=O)NC1CCN(C(C)C)CC1)n2CC(=O)Nc1ccc(Cl)cn1,CC(OC(=O)OC1CCCCC1)OC(=O)[*:1],7.7,4.799,4.2,CPD_614,CC(C)N1CCC(NC(=O)c2nc3c(C(=O)N4CCC(F)(F)CC4)cccc3n2CC(=O)Nc2ccc(Cl)cn2)CC1,O=C(N1CCC(F)(F)CC1)[*:1],8.08,0.968,260.0,0.38,-3.83,1.79,0.38,4.2276470997470925,0.08486600027533729
CC(C)N1CCC(NC(=O)c2cc3cc([*:1])ccc3n2Cc2cc(-c3ccc(Cl)s3)on2)CC1,CPD_259,CCOC(=O)COc1ccc2c(c1)cc(C(=O)NC1CCN(C(C)C)CC1)n2Cc1cc(-c2ccc(Cl)s2)on1,CCOC(=O)CO[*:1],7.79,1.709,270.0,CPD_364,CC(C)N1CCC(NC(=O)c2cc3cc(C(=O)OCCN4CCNC4=O)ccc3n2Cc2cc(-c3ccc(Cl)s3)on2)CC1,O=C1NCCN1CCOC(=O)[*:1],8.16,1.632,44.0,0.38,-0.08,-0.79,0.38,0.7940403012442127,0.36397062407183245
CC(C)N1CCC(NC(=O)c2nc3cc([*:1])ccc3n2Cc2cc(-c3ccc(Cl)s3)on2)CC1,CPD_306,CC(C)N1CCC(NC(=O)c2nc3cc(C(=O)O)ccc3n2Cc2cc(-c3ccc(Cl)s3)on2)CC1,O=C(O)[*:1],8.57,2.192,0.6,CPD_433,CC(C)N1CCC(NC(=O)c2nc3cc(C(=O)OCC(=O)O)ccc3n2Cc2cc(-c3ccc(Cl)s3)on2)CC1,O=C(O)COC(=O)[*:1],8.95,2.129,0.6,0.38,-0.06,0.0,0.38,0.06,1.2258064516129032
CC(C)N1CCC(NC(=O)c2nc3c([*:1])cccc3n2CC(=O)Nc2ccc(Cl)cn2)CC1,CPD_322,CC(C)N1CCC(NC(=O)c2nc3c(C(=O)O)cccc3n2CC(=O)Nc2ccc(Cl)cn2)CC1,O=C(O)[*:1],7.95,1.375,1.9,CPD_735,CCOCCOCCOc1cccc2c1nc(C(=O)NC1CCN(C(C)C)CC1)n2CC(=O)Nc1ccc(Cl)cn1,CCOCCOCCO[*:1],8.33,2.096,330.0,0.38,0.72,2.24,0.38,2.352870587176439,0.14599265974733658
COC(=O)c1ccc2c(c1)nc(C(=O)NC1CCN(C(C)C)CC1)n2C[*:1],CPD_431,COC(=O)c1ccc2c(c1)nc(C(=O)NC1CCN(C(C)C)CC1)n2Cc1cccc(OC)c1,COc1cccc([*:1])c1,6.34,2.376,280.0,CPD_539,COC(=O)c1ccc2c(c1)nc(C(=O)NC1CCN(C(C)C)CC1)n2CCc1ccc(Cl)cc1,Clc1ccc(C[*:1])cc1,6.71,3.462,54.0,0.38,1.09,-0.71,0.38,1.3008458786497346,0.2450275718763571
O=C(N[*:1])c1cc2ccccc2n1Cc1cc(-c2ccc(Cl)s2)on1,CPD_27,O=CN1CCC(NC(=O)c2cc3ccccc3n2Cc2cc(-c3ccc(Cl)s3)on2)CC1,O=CN1CCC([*:1])CC1,5.69,2.671,2.4,CPD_204,CC(C)N1CC(CNC(=O)c2cc3ccccc3n2Cc2cc(-c3ccc(Cl)s3)on2)C1,CC(C)N1CC(C[*:1])C1,6.08,1.854,360.0,0.38,-0.82,2.18,0.38,2.329120005495638,0.1473370758980927
O=C(N[*:1])c1cc2ccccc2n1Cc1cc(-c2ccc(Cl)s2)on1,CPD_22,NC(=O)N1CCC(NC(=O)c2cc3ccccc3n2Cc2cc(-c3ccc(Cl)s3)on2)CC1,NC(=O)N1CCC([*:1])CC1,5.97,1.914,8.7,CPD_211,O=C(NCC1CN(c2ccncc2)C1)c1cc2ccccc2n1Cc1cc(-c2ccc(Cl)s2)on1,c1cc(N2CC(C[*:1])C2)ccn1,6.35,1.589,190.0,0.38,-0.32,1.34,0.38,1.377679207943562,0.23346123618553716
CC(C)N1CCC(NC(=O)c2cc3cc([*:1])ccc3n2Cc2cc(-c3ccc(Cl)s3)on2)CC1,CPD_99,CC(C)OC(=O)c1ccc2c(c1)cc(C(=O)NC1CCN(C(C)C)CC1)n2Cc1cc(-c2ccc(Cl)s2)on1,CC(C)OC(=O)[*:1],7.47,2.832,69.0,CPD_877,CC(C)N1CCC(NC(=O)c2cc3cc(OC(C)(C)C(=O)O)ccc3n2Cc2cc(-c3ccc(Cl)s3)on2)CC1,CC(C)(O[*:1])C(=O)O,7.85,1.472,1.6,0.38,-1.36,-1.63,0.38,2.1228518554058358,0.16014484812201119
CC(C)N1CCC(NC(=O)c2nc3cc([*:1])ccc3n2CC(=O)Nc2ccc(Cl)cn2)CC1,CPD_397,CCOC(=O)OC(C)OC(=O)c1ccc2c(c1)nc(C(=O)NC1CCN(C(C)C)CC1)n2CC(=O)Nc1ccc(Cl)cn1,CCOC(=O)OC(C)OC(=O)[*:1],7.72,3.257,33.0,CPD_942,CCOCC(O)COc1ccc2c(c1)nc(C(=O)NC1CCN(C(C)C)CC1)n2CC(=O)Nc1ccc(Cl)cn1,CCOCC(O)CO[*:1],8.1,1.877,390.0,0.38,-1.38,1.07,0.38,1.7462244987400675,0.1903593509847414
CC(C)N1CCC(NC(=O)c2cc3cc([*:1])ccc3n2Cc2cc(-c3ccc(Cl)s3)on2)CC1,CPD_179,CC(C)OC(=O)COc1ccc2c(c1)cc(C(=O)NC1CCN(C(C)C)CC1)n2Cc1cc(-c2ccc(Cl)s2)on1,CC(C)OC(=O)CO[*:1],7.48,2.057,140.0,CPD_361,CC(C)N1CCC(NC(=O)c2cc3cc(C(=O)OCC4COC(=O)O4)ccc3n2Cc2cc(-c3ccc(Cl)s3)on2)CC1,O=C1OCC(COC(=O)[*:1])O1,7.86,1.042,660.0,0.38,-1.01,0.67,0.38,1.2120231020900551,0.2599138135756992
CC(C)N1CCC(NC(=O)c2nc3c([*:1])cccc3n2CC(=O)Nc2ccc(Cl)cn2)CC1,CPD_614,CC(C)N1CCC(NC(=O)c2nc3c(C(=O)N4CCC(F)(F)CC4)cccc3n2CC(=O)Nc2ccc(Cl)cn2)CC1,O=C(N1CCC(F)(F)CC1)[*:1],8.08,0.968,260.0,CPD_694,CCOCCOc1cccc2c1nc(C(=O)NC1CCN(C(C)C)CC1)n2CC(=O)Nc1ccc(Cl)cn1,CCOCCO[*:1],8.46,2.454,200.0,0.38,1.49,-0.11,0.38,1.4940548852033515,0.21788305128693994
CC(C)N1CCC(NC(=O)c2cc3cc([*:1])ccc3n2CC(=O)Nc2ccc(Cl)cn2)CC1,CPD_170,CC(C)N1CCC(NC(=O)c2cc3cc(S(C)(=O)=O)ccc3n2CC(=O)Nc2ccc(Cl)cn2)CC1,CS(=O)(=O)[*:1],7.72,-0.686,15000.0,CPD_324,CC(C)N1CCC(NC(=O)c2cc3cc(C(=O)NCCO)ccc3n2CC(=O)Nc2ccc(Cl)cn2)CC1,O=C(NCCO)[*:1],8.11,-0.841,140000.0,0.38,-0.15,0.97,0.38,0.9815294188153506,0.30855941741573234
CC(C)N1CCC(NC(=O)c2cc3cc([*:1])ccc3n2CC(=O)Nc2ccc(Cl)cn2)CC1,CPD_416,CC(C)N1CCC(NC(=O)c2cc3cc(C(=O)O)ccc3n2CC(=O)Nc2ccc(Cl)cn2)CC1,O=C(O)[*:1],8.09,0.362,8.8,CPD_843,CC(C)N1CCC(NC(=O)c2cc3cc(OC(C)(C)C(=O)O)ccc3n2CC(=O)Nc2ccc(Cl)cn2)CC1,CC(C)(O[*:1])C(=O)O,8.47,0.506,7.1,0.38,0.14,-0.09,0.38,0.1664331697709324,0.9125113645702786
COc1cc2cc([*:1])n(Cc3cc(-c4ccc(Cl)s4)on3)c2cn1,CPD_951,COc1cc2cc(C(=O)N3CCC(Nc4ccncc4)CC3)n(Cc3cc(-c4ccc(Cl)s4)on3)c2cn1,O=C(N1CCC(Nc2ccncc2)CC1)[*:1],6.13,1.798,46.0,CPD_953,COc1cc2cc(C(=O)Nc3ccc(N4CCOCC4=O)cc3)n(Cc3cc(-c4ccc(Cl)s4)on3)c2cn1,O=C1COCCN1c1ccc(NC(=O)[*:1])cc1,6.51,2.113,1.1,0.38,0.31,-1.62,0.38,1.6493938280471405,0.20006382793751443
CC(C)N1CCC(NC(=O)c2cc3cc([*:1])ccc3n2Cc2cc(-c3ccc(Cl)s3)on2)CC1,CPD_344,CC(C)N1CCC(NC(=O)c2cc3cc(C(=O)N4CC(O)C4)ccc3n2Cc2cc(-c3ccc(Cl)s3)on2)CC1,O=C(N1CC(O)C1)[*:1],7.23,-1.036,6400.0,CPD_503,CC(C)ONC(=O)c1ccc2c(c1)cc(C(=O)NC1CCN(C(C)C)CC1)n2Cc1cc(-c2ccc(Cl)s2)on1,CC(C)ONC(=O)[*:1],7.61,2.516,57.0,0.38,3.55,-2.05,0.38,4.099390198553927,0.08736856953564234
CC(C)N1CCC(NC(=O)c2nc3cc([*:1])ccc3n2CC(=O)Nc2ccc(Cl)cn2)CC1,CPD_341,CC(C)N1CCC(NC(=O)c2nc3cc(C(=O)O)ccc3n2CC(=O)Nc2ccc(Cl)cn2)CC1,O=C(O)[*:1],7.65,1.376,1.9,CPD_785,CC(C)N1CCC(NC(=O)c2nc3cc(OCCO)ccc3n2CC(=O)Nc2ccc(Cl)cn2)CC1,OCCO[*:1],8.03,1.28,760.0,0.38,-0.1,2.6,0.38,2.6019223662515376,0.13324345869185006
CC(C)N1CCC(NC(=O)c2nc3cc([*:1])ccc3n2CC(=O)Nc2ccc(Cl)cn2)CC1,CPD_319,COC(=O)c1ccc2c(c1)nc(C(=O)NC1CCN(C(C)C)CC1)n2CC(=O)Nc1ccc(Cl)cn1,COC(=O)[*:1],7.72,2.303,160.0,CPD_942,CCOCC(O)COc1ccc2c(c1)nc(C(=O)NC1CCN(C(C)C)CC1)n2CC(=O)Nc1ccc(Cl)cn1,CCOCC(O)CO[*:1],8.1,1.877,390.0,0.38,-0.43,0.39,0.38,0.5805170109479997,0.4575463175236426
CC(C)N1CCC(NC(=O)c2nc3cc([*:1])ccc3n2CC(=O)Nc2ccc(Cl)cn2)CC1,CPD_381,CC(C)N1CCC(NC(=O)c2nc3cc(C(=O)N4CC(O)C4)ccc3n2CC(=O)Nc2ccc(Cl)cn2)CC1,O=C(N1CC(O)C1)[*:1],7.5,-0.694,3300.0,CPD_925,CC(C)N1CCC(NC(=O)c2nc3cc(OCCCO)ccc3n2CC(=O)Nc2ccc(Cl)cn2)CC1,OCCCO[*:1],7.87,2.044,310.0,0.37,2.74,-1.03,0.37,2.9272000273298713,0.11645473902093258
Clc1ccc(-c2cc(Cn3c([*:1])cc4ccccc43)no2)s1,CPD_18,COC(=O)N1CCC(NC(=O)c2cc3ccccc3n2Cc2cc(-c3ccc(Cl)s3)on2)CC1,COC(=O)N1CCC(NC(=O)[*:1])CC1,5.75,3.257,1.6,CPD_19,CC(=O)N1CCC(NC(=O)c2cc3ccccc3n2Cc2cc(-c3ccc(Cl)s3)on2)CC1,CC(=O)N1CCC(NC(=O)[*:1])CC1,6.12,3.157,3.8,0.37,-0.1,0.38,0.37,0.39293765408777004,0.5754834821814462
CC(C)N1CCC(NC(=O)c2nc3c([*:1])cccc3n2CC(=O)Nc2ccc(Cl)cn2)CC1,CPD_546,CC(C)N1CCC(NC(=O)c2nc3c(C(=O)N4CCCOCC4)cccc3n2CC(=O)Nc2ccc(Cl)cn2)CC1,O=C(N1CCCOCC1)[*:1],7.97,0.371,1100.0,CPD_735,CCOCCOCCOc1cccc2c1nc(C(=O)NC1CCN(C(C)C)CC1)n2CC(=O)Nc1ccc(Cl)cn1,CCOCCOCCO[*:1],8.33,2.096,330.0,0.37,1.73,-0.52,0.37,1.8064606278576902,0.17992077990107014
O=C(Cn1c(C(=O)NC2CCN(C3CC3)CC2)cc2cc([*:1])ccc21)Nc1ccc(Cl)cn1,CPD_873,CC(C)(Oc1ccc2c(c1)cc(C(=O)NC1CCN(C3CC3)CC1)n2CC(=O)Nc1ccc(Cl)cn1)C(=O)O,CC(C)(O[*:1])C(=O)O,6.97,-0.006,16.0,CPD_903,O=C(Cn1c(C(=O)NC2CCN(C3CC3)CC2)cc2cc(OCCOCCO)ccc21)Nc1ccc(Cl)cn1,OCCOCCO[*:1],7.34,-0.224,16000.0,0.37,-0.22,3.0,0.37,3.008055850545332,0.11356465848738276
CC(C)N1CCC(NC(=O)c2cc3cc([*:1])ccc3n2Cc2cc(-c3ccc(Cl)s3)on2)CC1,CPD_252,CC(C)N1CCC(NC(=O)c2cc3cc(C(=O)NCCO)ccc3n2Cc2cc(-c3ccc(Cl)s3)on2)CC1,O=C(NCCO)[*:1],7.49,0.126,4400.0,CPD_877,CC(C)N1CCC(NC(=O)c2cc3cc(OC(C)(C)C(=O)O)ccc3n2Cc2cc(-c3ccc(Cl)s3)on2)CC1,CC(C)(O[*:1])C(=O)O,7.85,1.472,1.6,0.37,1.35,-3.44,0.37,3.6954160794151445,0.09377971614462716
CC(C)N1CCC(NC(=O)c2cc3cc([*:1])ccc3n2Cc2cc(-c3ccc(Cl)s3)on2)CC1,CPD_252,CC(C)N1CCC(NC(=O)c2cc3cc(C(=O)NCCO)ccc3n2Cc2cc(-c3ccc(Cl)s3)on2)CC1,O=C(NCCO)[*:1],7.49,0.126,4400.0,CPD_361,CC(C)N1CCC(NC(=O)c2cc3cc(C(=O)OCC4COC(=O)O4)ccc3n2Cc2cc(-c3ccc(Cl)s3)on2)CC1,O=C1OCC(COC(=O)[*:1])O1,7.86,1.042,660.0,0.37,0.92,-0.82,0.37,1.2323960402403116,0.2495959176604514
Clc1ccc(-c2cc(Cn3c([*:1])cc4ccccc43)no2)s1,CPD_25,O=C(NC1CCN(CC(F)(F)F)CC1)c1cc2ccccc2n1Cc1cc(-c2ccc(Cl)s2)on1,O=C(NC1CCN(CC(F)(F)F)CC1)[*:1],5.99,4.567,1.3,CPD_211,O=C(NCC1CN(c2ccncc2)C1)c1cc2ccccc2n1Cc1cc(-c2ccc(Cl)s2)on1,O=C(NCC1CN(c2ccncc2)C1)[*:1],6.35,1.589,190.0,0.37,-2.98,2.16,0.37,3.680489097932502,0.09413586726258209
CC(C)N1CCC(NC(=O)c2nc3c([*:1])cccc3n2CC(=O)Nc2ccc(Cl)cn2)CC1,CPD_353,CC(C)N1CCC(NC(=O)c2nc3c(C(=O)NCCO)cccc3n2CC(=O)Nc2ccc(Cl)cn2)CC1,O=C(NCCO)[*:1],8.06,0.477,1200.0,CPD_690,CC(C)N1CCC(NC(=O)c2nc3c(OCCO)cccc3n2CC(=O)Nc2ccc(Cl)cn2)CC1,OCCO[*:1],8.43,1.283,760.0,0.37,0.81,-0.2,0.37,0.8343260753446462,0.34122577000871057
CC(C)N1CCC(NC(=O)c2cc3cc([*:1])ccc3n2CC(=O)Nc2ccc(Cl)cn2)CC1,CPD_374,CC(C)OC(=O)OC(C)OC(=O)c1ccc2c(c1)cc(C(=O)NC1CCN(C(C)C)CC1)n2CC(=O)Nc1ccc(Cl)cn1,CC(C)OC(=O)OC(C)OC(=O)[*:1],7.77,2.294,1000.0,CPD_781,CC(C)N1CCC(NC(=O)c2cc3cc(OCCO)ccc3n2CC(=O)Nc2ccc(Cl)cn2)CC1,OCCO[*:1],8.14,-0.041,55000.0,0.37,-2.33,1.74,0.37,2.9080061898145955,0.1171625315977365
CC(C)N1CCC(NC(=O)c2cc3cc([*:1])ccc3n2Cc2cc(-c3ccc(Cl)s3)on2)CC1,CPD_179,CC(C)OC(=O)COc1ccc2c(c1)cc(C(=O)NC1CCN(C(C)C)CC1)n2Cc1cc(-c2ccc(Cl)s2)on1,CC(C)OC(=O)CO[*:1],7.48,2.057,140.0,CPD_877,CC(C)N1CCC(NC(=O)c2cc3cc(OC(C)(C)C(=O)O)ccc3n2Cc2cc(-c3ccc(Cl)s3)on2)CC1,CC(C)(O[*:1])C(=O)O,7.85,1.472,1.6,0.37,-0.58,-1.94,0.37,2.0248456731316584,0.16264839605169382
CC(C)N1CCC(NC(=O)c2cc3cc([*:1])ccc3n2CC(=O)Nc2ccc(Cl)cn2)CC1,CPD_324,CC(C)N1CCC(NC(=O)c2cc3cc(C(=O)NCCO)ccc3n2CC(=O)Nc2ccc(Cl)cn2)CC1,O=C(NCCO)[*:1],8.11,-0.841,140000.0,CPD_681,COCCOCCOc1ccc2c(c1)cc(C(=O)NC1CCN(C(C)C)CC1)n2CC(=O)Nc1ccc(Cl)cn1,COCCOCCO[*:1],8.47,0.241,36000.0,0.37,1.08,-0.59,0.37,1.2306502346320827,0.24989021130431857
O=C(Cn1c([*:1])nc2ccccc21)Nc1ccc(Cl)cn1,CPD_989,O=C(Cn1c(C(=O)N2CCN(C(=O)N3CCCC3)CC2)nc2ccccc21)Nc1ccc(Cl)cn1,O=C(N1CCCC1)N1CCN(C(=O)[*:1])CC1,5.26,2.656,7.4,CPD_991,CCN(CC)C(=O)N1CCN(C(=O)c2nc3ccccc3n2CC(=O)Nc2ccc(Cl)cn2)CC1,CCN(CC)C(=O)N1CCN(C(=O)[*:1])CC1,5.63,3.28,6.5,0.37,0.62,-0.06,0.37,0.6228964600958975,0.42387616047767146
CC(C)N1CCC(NC(=O)c2nc3c([*:1])cccc3n2CC(=O)Nc2ccc(Cl)cn2)CC1,CPD_609,CC(C)N1CCC(NC(=O)c2nc3c(C(=O)N4CCOCC4)cccc3n2CC(=O)Nc2ccc(Cl)cn2)CC1,O=C(N1CCOCC1)[*:1],7.71,-0.016,1600.0,CPD_614,CC(C)N1CCC(NC(=O)c2nc3c(C(=O)N4CCC(F)(F)CC4)cccc3n2CC(=O)Nc2ccc(Cl)cn2)CC1,O=C(N1CCC(F)(F)CC1)[*:1],8.08,0.968,260.0,0.37,0.98,-0.79,0.37,1.2587692401707313,0.24523299531088733
CC(C)N1CCC(NC(=O)c2cc3c([*:1])cccc3n2Cc2cc(-c3ccc(Cl)s3)on2)CC1,CPD_155,CC(C)N1CCC(NC(=O)c2cc3c(C(=O)OCOC(=O)C(C)(C)C)cccc3n2Cc2cc(-c3ccc(Cl)s3)on2)CC1,CC(C)(C)C(=O)OCOC(=O)[*:1],7.88,3.166,45.0,CPD_174,CC(C)N1CCC(NC(=O)c2cc3c(C(=O)O)cccc3n2Cc2cc(-c3ccc(Cl)s3)on2)CC1,O=C(O)[*:1],8.25,1.328,5.5,0.37,-1.84,-0.91,0.37,2.0527298896834916,0.16067885411035168
COc1cccc(Cn2c(C(=O)NC3CCN(C(C)C)CC3)cc3c([*:1])cccc32)c1,CPD_680,COc1cccc(Cn2c(C(=O)NC3CCN(C(C)C)CC3)cc3c(C(=O)N4CCC(F)(F)CC4)cccc32)c1,O=C(N1CCC(F)(F)CC1)[*:1],6.83,-0.127,22000.0,CPD_923,COc1cccc(Cn2c(C(=O)NC3CCN(C(C)C)CC3)cc3c(OCCCO)cccc32)c1,OCCCO[*:1],7.2,0.96,26000.0,0.37,1.09,0.07,0.37,1.0922453936730518,0.27565749284301566
CC(C)N1CCC(NC(=O)c2cc3cc([*:1])ccc3n2Cc2cc(-c3ccc(Cl)s3)on2)CC1,CPD_85,CC(C)N1CCC(NC(=O)c2cc3cc(C(=O)O)ccc3n2Cc2cc(-c3ccc(Cl)s3)on2)CC1,O=C(O)[*:1],8.07,1.328,5.5,CPD_148,CC(C)N1CCC(NC(=O)c2cc3cc(C(N)=O)ccc3n2Cc2cc(-c3ccc(Cl)s3)on2)CC1,NC(=O)[*:1],8.44,0.497,390.0,0.37,-0.83,1.85,0.37,2.0276587484091104,0.16244751337681118
CC(C)N1CCC(NC(=O)c2cc3c([*:1])cccc3n2Cc2cc(-c3ccc(Cl)s3)on2)CC1,CPD_133,CC(C)N1CCC(NC(=O)c2cc3c(Cl)cccc3n2Cc2cc(-c3ccc(Cl)s3)on2)CC1,Cl[*:1],8.16,2.601,74.0,CPD_230,CC(=O)OC(C)OC(=O)c1cccc2c1cc(C(=O)NC1CCN(C(C)C)CC1)n2Cc1cc(-c2ccc(Cl)s2)on1,CC(=O)OC(C)OC(=O)[*:1],8.51,2.282,120.0,0.36,-0.32,0.21,0.36,0.38275318418009274,0.5689422179146831
CC(C)N1CCC(NC(=O)c2cc3cc([*:1])ccc3n2CC(=O)Nc2ccc(Cl)cn2)CC1,CPD_324,CC(C)N1CCC(NC(=O)c2cc3cc(C(=O)NCCO)ccc3n2CC(=O)Nc2ccc(Cl)cn2)CC1,O=C(NCCO)[*:1],8.11,-0.841,140000.0,CPD_843,CC(C)N1CCC(NC(=O)c2cc3cc(OC(C)(C)C(=O)O)ccc3n2CC(=O)Nc2ccc(Cl)cn2)CC1,CC(C)(O[*:1])C(=O)O,8.47,0.506,7.1,0.36,1.35,-4.29,0.36,4.4973992484546,0.07583099317319672
CC(C)N1CCC(NC(=O)c2cc3cc([*:1])ccc3n2CC(=O)Nc2ccc(Cl)cn2)CC1,CPD_170,CC(C)N1CCC(NC(=O)c2cc3cc(S(C)(=O)=O)ccc3n2CC(=O)Nc2ccc(Cl)cn2)CC1,CS(=O)(=O)[*:1],7.72,-0.686,15000.0,CPD_416,CC(C)N1CCC(NC(=O)c2cc3cc(C(=O)O)ccc3n2CC(=O)Nc2ccc(Cl)cn2)CC1,O=C(O)[*:1],8.09,0.362,8.8,0.36,1.05,-3.23,0.36,3.3963804262773625,0.09872804203469486
CC(C)N1CCC(NC(=O)c2cc3cc([*:1])ccc3n2CC(=O)Nc2ccc(Cl)cn2)CC1,CPD_332,CC(OC(=O)OC1CCCCC1)OC(=O)c1ccc2c(c1)cc(C(=O)NC1CCN(C(C)C)CC1)n2CC(=O)Nc1ccc(Cl)cn1,CC(OC(=O)OC1CCCCC1)OC(=O)[*:1],7.48,3.475,140.0,CPD_541,CC(C)N1CCC(NC(=O)c2cc3cc(C(=O)N4CCOCC4)ccc3n2CC(=O)Nc2ccc(Cl)cn2)CC1,O=C(N1CCOCC1)[*:1],7.84,-1.329,79000.0,0.36,-4.8,2.75,0.36,5.5319526389874305,0.062262703013604294
CC(C)N1CCC(NC(=O)c2nc3c([*:1])cccc3n2CCc2ccc(Cl)cc2)CC1,CPD_527,CC(C)N1CCC(NC(=O)c2nc3c(C(=O)N4CC(O)C4)cccc3n2CCc2ccc(Cl)cc2)CC1,O=C(N1CC(O)C1)[*:1],6.89,0.47,1100.0,CPD_736,CC(C)N1CCC(NC(=O)c2nc3c(OCCO)cccc3n2CCc2ccc(Cl)cc2)CC1,OCCO[*:1],7.25,2.442,250.0,0.36,1.97,-0.64,0.36,2.071352215341466,0.15508202401204538
CCOC(=O)CN(C(=O)c1cc2c([*:1])cccc2n1Cc1cc(-c2ccc(Cl)s2)on1)C1CCN(C(C)C)CC1,CPD_124,CCOC(=O)CN(C(=O)c1cc2c(C(F)(F)F)cccc2n1Cc1cc(-c2ccc(Cl)s2)on1)C1CCN(C(C)C)CC1,FC(F)(F)[*:1],6.92,3.361,120.0,CPD_140,CCOC(=O)CN(C(=O)c1cc2c(Cl)cccc2n1Cc1cc(-c2ccc(Cl)s2)on1)C1CCN(C(C)C)CC1,Cl[*:1],7.29,3.39,93.0,0.36,0.03,-0.11,0.36,0.11401754250991379,0.9889633272006269
O=C(NC1CCN(C[*:1])CC1)c1cc2ccccc2n1Cc1cc(-c2ccc(Cl)s2)on1,CPD_16,CC(C)CN1CCC(NC(=O)c2cc3ccccc3n2Cc2cc(-c3ccc(Cl)s3)on2)CC1,CC(C)[*:1],6.85,3.104,48.0,CPD_17,CCCN1CCC(NC(=O)c2cc3ccccc3n2Cc2cc(-c3ccc(Cl)s3)on2)CC1,CC[*:1],7.2,2.84,77.0,0.35,-0.26,0.21,0.35,0.33421549934136807,0.5990939993796508
CC(C)N1CCC(NC(=O)c2nc3ccccc3n2CC(=O)N[*:1])CC1,CPD_150,CC(C)N1CCC(NC(=O)c2nc3ccccc3n2CC(=O)Nc2ccc(Cl)cc2)CC1,Clc1ccc([*:1])cc1,8.51,2.678,120.0,CPD_152,CC(C)N1CCC(NC(=O)c2nc3ccccc3n2CC(=O)Nc2ccc(Cl)cn2)CC1,Clc1ccc([*:1])nc1,8.86,2.307,280.0,0.35,-0.37,0.37,0.35,0.5232590180780452,0.45262970339477426
CC(C)N1CCC(NC(=O)c2nc3c([*:1])cccc3n2CC(=O)Nc2ccc(Cl)cn2)CC1,CPD_350,CC(OC(=O)OC1CCCCC1)OC(=O)c1cccc2c1nc(C(=O)NC1CCN(C(C)C)CC1)n2CC(=O)Nc1ccc(Cl)cn1,CC(OC(=O)OC1CCCCC1)OC(=O)[*:1],7.7,4.799,4.2,CPD_353,CC(C)N1CCC(NC(=O)c2nc3c(C(=O)NCCO)cccc3n2CC(=O)Nc2ccc(Cl)cn2)CC1,O=C(NCCO)[*:1],8.06,0.477,1200.0,0.35,-4.32,2.46,0.35,4.971317732754566,0.06703288669915007
Clc1ccc(-c2cc(Cn3c([*:1])cc4ccccc43)no2)s1,CPD_47,O=C(Nc1nc(-c2cccnc2)cs1)c1cc2ccccc2n1Cc1cc(-c2ccc(Cl)s2)on1,O=C(Nc1nc(-c2cccnc2)cs1)[*:1],5.0,5.297,0.1,CPD_250,O=C(c1cc2ccccc2n1Cc1cc(-c2ccc(Cl)s2)on1)N1CCC(N2CCCC2=O)CC1,O=C1CCCN1C1CCN(C(=O)[*:1])CC1,5.35,2.607,2.1,0.35,-2.69,1.32,0.35,2.996414524060381,0.10781124757975924
CC(C)N1CCC(NC(=O)c2cc3cc([*:1])ccc3n2CC(=O)Nc2ccc(Cl)cn2)CC1,CPD_268,COC(=O)c1ccc2c(c1)cc(C(=O)NC1CCN(C(C)C)CC1)n2CC(=O)Nc1ccc(Cl)cn1,COC(=O)[*:1],8.12,0.993,8500.0,CPD_843,CC(C)N1CCC(NC(=O)c2cc3cc(OC(C)(C)C(=O)O)ccc3n2CC(=O)Nc2ccc(Cl)cn2)CC1,CC(C)(O[*:1])C(=O)O,8.47,0.506,7.1,0.35,-0.49,-3.08,0.35,3.118733717392365,0.10389660607277812
CC(C)N1CCC(NC(=O)c2cc3cc(C(=O)O[*:1])ccc3n2Cc2cc(-c3ccc(Cl)s3)on2)CC1,CPD_167,CCOC(=O)OC(C)OC(=O)c1ccc2c(c1)cc(C(=O)NC1CCN(C(C)C)CC1)n2Cc1cc(-c2ccc(Cl)s2)on1,CCOC(=O)OC(C)[*:1],7.38,2.914,58.0,CPD_362,CC(C)N1CCC(NC(=O)c2cc3cc(C(=O)OC4CCOC4=O)ccc3n2Cc2cc(-c3ccc(Cl)s3)on2)CC1,O=C1OCCC1[*:1],7.73,0.55,170.0,0.35,-2.36,0.47,0.35,2.40634577731464,0.13175995496859708
CC(C)N1CCC(NC(=O)c2nc3c([*:1])cccc3n2CC(=O)Nc2ccc(Cl)cn2)CC1,CPD_614,CC(C)N1CCC(NC(=O)c2nc3c(C(=O)N4CCC(F)(F)CC4)cccc3n2CC(=O)Nc2ccc(Cl)cn2)CC1,O=C(N1CCC(F)(F)CC1)[*:1],8.08,0.968,260.0,CPD_690,CC(C)N1CCC(NC(=O)c2nc3c(OCCO)cccc3n2CC(=O)Nc2ccc(Cl)cn2)CC1,OCCO[*:1],8.43,1.283,760.0,0.35,0.31,0.47,0.35,0.5630275304103699,0.43048972747988
CC(C)N1CCC(NC(=O)c2cc3c([*:1])cccc3n2Cc2cc(-c3ccc(Cl)s3)on2)CC1,CPD_132,CC(C)N1CCC(NC(=O)c2cc3c(C(F)(F)F)cccc3n2Cc2cc(-c3ccc(Cl)s3)on2)CC1,FC(F)(F)[*:1],7.82,2.572,90.0,CPD_175,CCOC(=O)OC(C)OC(=O)c1cccc2c1cc(C(=O)NC1CCN(C(C)C)CC1)n2Cc1cc(-c2ccc(Cl)s2)on1,CCOC(=O)OC(C)OC(=O)[*:1],8.17,2.927,56.0,0.35,0.35,-0.21,0.35,0.408166632639171,0.531780225011622
CC(C)N1CCC(NC(=O)c2nc3c([*:1])cccc3n2CC(=O)Nc2ccc(Cl)cn2)CC1,CPD_356,CC(C)N1CCC(NC(=O)c2nc3c(C(=O)N4CC(O)C4)cccc3n2CC(=O)Nc2ccc(Cl)cn2)CC1,O=C(N1CC(O)C1)[*:1],7.99,-0.688,3200.0,CPD_735,CCOCCOCCOc1cccc2c1nc(C(=O)NC1CCN(C(C)C)CC1)n2CC(=O)Nc1ccc(Cl)cn1,CCOCCOCCO[*:1],8.33,2.096,330.0,0.35,2.78,-0.99,0.35,2.951016773927251,0.10934025802388825
Clc1ccc(-c2cc(Cn3c([*:1])cc4ccccc43)no2)s1,CPD_86,O=C(NCC1CC(C(=O)N2CCCC2)=NO1)c1cc2ccccc2n1Cc1cc(-c2ccc(Cl)s2)on1,O=C(C1=NOC(CNC(=O)[*:1])C1)N1CCCC1,5.0,1.879,5.1,CPD_250,O=C(c1cc2ccccc2n1Cc1cc(-c2ccc(Cl)s2)on1)N1CCC(N2CCCC2=O)CC1,O=C1CCCN1C1CCN(C(=O)[*:1])CC1,5.35,2.607,2.1,0.35,0.73,-0.39,0.35,0.8276472678623424,0.32478159638846565
CC(C)N1CCC(NC(=O)c2nc3c([*:1])cccc3n2CC(=O)Nc2ccc(Cl)cn2)CC1,CPD_528,COCCOC(=O)c1cccc2c1nc(C(=O)NC1CCN(C(C)C)CC1)n2CC(=O)Nc1ccc(Cl)cn1,COCCOC(=O)[*:1],7.81,1.899,260.0,CPD_597,COCCOc1cccc2c1nc(C(=O)NC1CCN(C(C)C)CC1)n2CC(=O)Nc1ccc(Cl)cn1,COCCO[*:1],8.16,1.933,370.0,0.35,0.03,0.15,0.35,0.15297058540778355,0.8685497469891499
CC(C)N1CCC(NC(=O)c2nc3ccc([*:1])cc3n2CC(=O)Nc2ccc(Cl)cn2)CC1,CPD_376,CC(C)N1CCC(NC(=O)c2nc3ccc(C(=O)N4CC(O)C4)cc3n2CC(=O)Nc2ccc(Cl)cn2)CC1,O=C(N1CC(O)C1)[*:1],5.89,-0.693,3300.0,CPD_398,CC(C)N1CCC(NC(=O)c2nc3ccc(C(=O)NCCO)cc3n2CC(=O)Nc2ccc(Cl)cn2)CC1,O=C(NCCO)[*:1],6.23,0.47,1300.0,0.35,1.16,-0.4,0.35,1.2270289320142374,0.23696218294295826
Clc1ccc(-c2cc(Cn3c([*:1])cc4ccccc43)no2)s1,CPD_46,O=C(Nc1ccc(-c2c[nH]cn2)cc1)c1cc2ccccc2n1Cc1cc(-c2ccc(Cl)s2)on1,O=C(Nc1ccc(-c2c[nH]cn2)cc1)[*:1],5.0,4.299,0.0,CPD_250,O=C(c1cc2ccccc2n1Cc1cc(-c2ccc(Cl)s2)on1)N1CCC(N2CCCC2=O)CC1,O=C1CCCN1C1CCN(C(=O)[*:1])CC1,5.35,2.607,2.1,0.35,-1.69,1.32,0.35,2.1444113411377024,0.14617371459395853
CC(C)N1CCC(NC(=O)c2cc3cc([*:1])ccc3n2CC(=O)Nc2ccc(Cl)cn2)CC1,CPD_268,COC(=O)c1ccc2c(c1)cc(C(=O)NC1CCN(C(C)C)CC1)n2CC(=O)Nc1ccc(Cl)cn1,COC(=O)[*:1],8.12,0.993,8500.0,CPD_681,COCCOCCOc1ccc2c(c1)cc(C(=O)NC1CCN(C(C)C)CC1)n2CC(=O)Nc1ccc(Cl)cn1,COCCOCCO[*:1],8.47,0.241,36000.0,0.35,-0.75,0.63,0.35,0.9794896630388705,0.2846709578142542
CC(C)N1CCC(NC(=O)c2cc3cc([*:1])ccc3n2Cc2cc(-c3ccc(Cl)s3)on2)CC1,CPD_167,CCOC(=O)OC(C)OC(=O)c1ccc2c(c1)cc(C(=O)NC1CCN(C(C)C)CC1)n2Cc1cc(-c2ccc(Cl)s2)on1,CCOC(=O)OC(C)OC(=O)[*:1],7.38,2.914,58.0,CPD_371,CC(C)N1CCC(NC(=O)c2cc3cc(C(=O)OCC4CCOC4)ccc3n2Cc2cc(-c3ccc(Cl)s3)on2)CC1,O=C(OCC1CCOC1)[*:1],7.73,1.959,78.0,0.35,-0.96,0.13,0.35,0.9687620966986683,0.28717663680882866
CC(C)N1CCC(NC(=O)c2cc3cc([*:1])ccc3n2Cc2cc(-c3ccc(Cl)s3)on2)CC1,CPD_344,CC(C)N1CCC(NC(=O)c2cc3cc(C(=O)N4CC(O)C4)ccc3n2Cc2cc(-c3ccc(Cl)s3)on2)CC1,O=C(N1CC(O)C1)[*:1],7.23,-1.036,6400.0,CPD_365,CC(C)N1CCC(NC(=O)c2cc3cc(C(=O)OC4CCOC4)ccc3n2Cc2cc(-c3ccc(Cl)s3)on2)CC1,O=C(OC1CCOC1)[*:1],7.58,1.734,120.0,0.35,2.77,-1.73,0.35,3.265853640321317,0.09954908133434506
Clc1ccc(-c2cc(Cn3c([*:1])nc4ccccc43)no2)s1,CPD_533,O=C(Nc1ccc(N2CCOC2=O)cc1)c1nc2ccccc2n1Cc1cc(-c2ccc(Cl)s2)on1,O=C1OCCN1c1ccc(NC(=O)[*:1])cc1,6.33,4.952,0.1,CPD_559,O=C1CCN(c2ccc(NC(=O)c3nc4ccccc4n3Cc3cc(-c4ccc(Cl)s4)on3)cc2)CC1,O=C1CCN(c2ccc(NC(=O)[*:1])cc2)CC1,6.68,4.038,0.4,0.34,-0.91,0.6,0.34,1.09,0.2537313432835821
O=C(Cn1c(C(=O)Nc2ccc(N3CCOCC3=O)cc2)nc2c([*:1])cccc21)Nc1ccc(Cl)cn1,CPD_358,COC(=O)c1cccc2c1nc(C(=O)Nc1ccc(N3CCOCC3=O)cc1)n2CC(=O)Nc1ccc(Cl)cn1,COC(=O)[*:1],7.5,2.855,3.2,CPD_550,COCCOc1cccc2c1nc(C(=O)Nc1ccc(N3CCOCC3=O)cc1)n2CC(=O)Nc1ccc(Cl)cn1,COCCO[*:1],7.84,2.458,8.0,0.34,-0.4,0.4,0.34,0.5656854249492381,0.41682735721452785
CC(C)N1CCC(NC(=O)c2cc3cc(OCCO)ccc3n2[*:1])CC1,CPD_781,CC(C)N1CCC(NC(=O)c2cc3cc(OCCO)ccc3n2CC(=O)Nc2ccc(Cl)cn2)CC1,O=C(C[*:1])Nc1ccc(Cl)cn1,8.14,-0.041,55000.0,CPD_805,CC(C)N1CCC(NC(=O)c2cc3cc(OCCO)ccc3n2CC(=O)Nc2ccc(Br)cn2)CC1,O=C(C[*:1])Nc1ccc(Br)cn1,8.48,0.204,50000.0,0.34,0.24,-0.04,0.34,0.2433105012119288,0.689221087255822
CC(C)N1CCC(NC(=O)c2cc3cc(C(=O)OC[*:1])ccc3n2Cc2cc(-c3ccc(Cl)s3)on2)CC1,CPD_117,CC(C)N1CCC(NC(=O)c2cc3cc(C(=O)OCOC(=O)C(C)(C)C)ccc3n2Cc2cc(-c3ccc(Cl)s3)on2)CC1,CC(C)(C)C(=O)O[*:1],7.45,3.152,47.0,CPD_366,CC(C)N1CCC(NC(=O)c2cc3cc(C(=O)OCCN4CCOCC4)ccc3n2Cc2cc(-c3ccc(Cl)s3)on2)CC1,C1CN(C[*:1])CCO1,7.79,1.706,740.0,0.34,-1.45,1.2,0.34,1.8821530224718712,0.1594632263334587
CC(C)N1CCC(NC(=O)c2cc3cc(C(=O)OC(C)[*:1])ccc3n2Cc2cc(-c3ccc(Cl)s3)on2)CC1,CPD_162,CC(OC(=O)c1ccc2c(c1)cc(C(=O)NC1CCN(C(C)C)CC1)n2Cc1cc(-c2ccc(Cl)s2)on1)OC(=O)C(C)(C)C,CC(C)(C)C(=O)O[*:1],7.04,3.499,26.0,CPD_167,CCOC(=O)OC(C)OC(=O)c1ccc2c(c1)cc(C(=O)NC1CCN(C(C)C)CC1)n2Cc1cc(-c2ccc(Cl)s2)on1,CCOC(=O)O[*:1],7.38,2.914,58.0,0.34,-0.58,0.35,0.34,0.6774215821775978,0.36660781518764707
CC(C)N1CCC(NC(=O)c2cc3cc([*:1])ccc3n2Cc2cc(-c3ccc(Cl)s3)on2)CC1,CPD_171,CCOC(=O)c1ccc2c(c1)cc(C(=O)NC1CCN(C(C)C)CC1)n2Cc1cc(-c2ccc(Cl)s2)on1,CCOC(=O)[*:1],7.96,2.492,130.0,CPD_181,CC(C)N1CCC(NC(=O)c2cc3cc(OCC(=O)O)ccc3n2Cc2cc(-c3ccc(Cl)s3)on2)CC1,O=C(O)CO[*:1],8.3,0.774,4.7,0.34,-1.72,-1.44,0.34,2.2432119828495924,0.13637027350213532
CC(C)N1CCC(NC(=O)c2cc3cc([*:1])ccc3n2Cc2cc(-c3ccc(Cl)s3)on2)CC1,CPD_117,CC(C)N1CCC(NC(=O)c2cc3cc(C(=O)OCOC(=O)C(C)(C)C)ccc3n2Cc2cc(-c3ccc(Cl)s3)on2)CC1,CC(C)(C)C(=O)OCOC(=O)[*:1],7.45,3.152,47.0,CPD_259,CCOC(=O)COc1ccc2c(c1)cc(C(=O)NC1CCN(C(C)C)CC1)n2Cc1cc(-c2ccc(Cl)s2)on1,CCOC(=O)CO[*:1],7.79,1.709,270.0,0.34,-1.44,0.76,0.34,1.6282505949638095,0.1810195087448122
O=C(N[*:1])c1cc2ccccc2n1Cc1cc(-c2ccc(Cl)s2)on1,CPD_19,CC(=O)N1CCC(NC(=O)c2cc3ccccc3n2Cc2cc(-c3ccc(Cl)s3)on2)CC1,CC(=O)N1CCC([*:1])CC1,6.12,3.157,3.8,CPD_180,CC(C)CN1CC(NC(=O)c2cc3ccccc3n2Cc2cc(-c3ccc(Cl)s3)on2)C1,CC(C)CN1CC([*:1])C1,6.46,2.966,47.0,0.34,-0.19,1.09,0.34,1.1064357188738982,0.2506569203900537
CC(C)N1CCC(NC(=O)c2cc3cc([*:1])ccc3n2CC(=O)Nc2ccc(Cl)cn2)CC1,CPD_345,CC(C)N1CCC(NC(=O)c2cc3cc(C(=O)N(C)CCO)ccc3n2CC(=O)Nc2ccc(Cl)cn2)CC1,CN(CCO)C(=O)[*:1],7.5,-1.408,1040000.0,CPD_541,CC(C)N1CCC(NC(=O)c2cc3cc(C(=O)N4CCOCC4)ccc3n2CC(=O)Nc2ccc(Cl)cn2)CC1,O=C(N1CCOCC1)[*:1],7.84,-1.329,79000.0,0.34,0.08,-1.12,0.34,1.1228535078094561,0.24765934461755404
CC(C)N1CCC(NC(=O)c2nc3ccc([*:1])cc3n2CC(=O)Nc2ccc(Cl)cn2)CC1,CPD_376,CC(C)N1CCC(NC(=O)c2nc3ccc(C(=O)N4CC(O)C4)cc3n2CC(=O)Nc2ccc(Cl)cn2)CC1,O=C(N1CC(O)C1)[*:1],5.89,-0.693,3300.0,CPD_837,CC(C)N1CCC(NC(=O)c2nc3ccc(OCCN4CCOCC4)cc3n2CC(=O)Nc2ccc(Cl)cn2)CC1,C1CN(CCO[*:1])CCO1,6.23,1.562,360.0,0.34,2.25,-0.96,0.34,2.4462420158275426,0.12610143970909293
COc1cccc(Cn2c(C(=O)NC3CCN(C(C)C)CC3)cc3c([*:1])cccc32)c1,CPD_522,COc1cccc(Cn2c(C(=O)NC3CCN(C(C)C)CC3)cc3c(C(=O)N4CC(OC)C4)cccc32)c1,COC1CN(C(=O)[*:1])C1,6.86,-1.147,91000.0,CPD_923,COc1cccc(Cn2c(C(=O)NC3CCN(C(C)C)CC3)cc3c(OCCCO)cccc32)c1,OCCCO[*:1],7.2,0.96,26000.0,0.34,2.11,-0.54,0.34,2.1780036730914847,0.1400327370868805
CC(C)N1CCC(NC(=O)c2cc3cc([*:1])ccc3n2Cc2cc(-c3ccc(Cl)s3)on2)CC1,CPD_335,CC(C)N1CCC(NC(=O)c2cc3cc(C(=O)N(CCO)CCO)ccc3n2Cc2cc(-c3ccc(Cl)s3)on2)CC1,O=C(N(CCO)CCO)[*:1],6.64,-1.074,41000.0,CPD_373,CC(C)N1CCC(NC(=O)c2cc3cc(C(=O)N4CCCC4CO)ccc3n2Cc2cc(-c3ccc(Cl)s3)on2)CC1,O=C(N1CCCC1CO)[*:1],6.98,-0.415,2900.0,0.34,0.66,-1.15,0.34,1.3259336333316234,0.2157451258154942
CC(C)N1CCC(NC(=O)c2cc3cc([*:1])ccc3n2CC(=O)Nc2ccc(Cl)cn2)CC1,CPD_370,COCCOC(=O)OC(C)OC(=O)c1ccc2c(c1)cc(C(=O)NC1CCN(C(C)C)CC1)n2CC(=O)Nc1ccc(Cl)cn1,COCCOC(=O)OC(C)OC(=O)[*:1],8.05,1.425,5200.0,CPD_743,COCCOc1ccc2c(c1)cc(C(=O)NC1CCN(C(C)C)CC1)n2CC(=O)Nc1ccc(Cl)cn1,COCCO[*:1],8.39,0.599,20000.0,0.34,-0.83,0.59,0.34,1.0183319694480772,0.26806861940723076
CC(C)N1CCC(NC(=O)c2cc3cc([*:1])ccc3n2CC(=O)Nc2ccc(Cl)cn2)CC1,CPD_170,CC(C)N1CCC(NC(=O)c2cc3cc(S(C)(=O)=O)ccc3n2CC(=O)Nc2ccc(Cl)cn2)CC1,CS(=O)(=O)[*:1],7.72,-0.686,15000.0,CPD_408,CC(C)N1CCC(NC(=O)c2cc3cc(C(=O)N4CC(O)C4)ccc3n2CC(=O)Nc2ccc(Cl)cn2)CC1,O=C(N1CC(O)C1)[*:1],8.06,-2.004,210000.0,0.34,-1.32,1.15,0.34,1.750685579994306,0.1699417456694858
CC(C)N1CCC(NC(=O)c2cc3c([*:1])cccc3n2Cc2cc(-c3ccc(Cl)s3)on2)CC1,CPD_39,CC(C)N1CCC(NC(=O)c2cc3c(Br)cccc3n2Cc2cc(-c3ccc(Cl)s3)on2)CC1,Br[*:1],7.82,2.781,71.0,CPD_175,CCOC(=O)OC(C)OC(=O)c1cccc2c1cc(C(=O)NC1CCN(C(C)C)CC1)n2Cc1cc(-c2ccc(Cl)s2)on1,CCOC(=O)OC(C)OC(=O)[*:1],8.17,2.927,56.0,0.34,0.15,-0.1,0.34,0.18027756377319948,0.7901876105704061
CC(C)N1CCC(NC(=O)c2cc3c(C(=O)O[*:1])cccc3n2Cc2cc(-c3ccc(Cl)s3)on2)CC1,CPD_175,CCOC(=O)OC(C)OC(=O)c1cccc2c1cc(C(=O)NC1CCN(C(C)C)CC1)n2Cc1cc(-c2ccc(Cl)s2)on1,CCOC(=O)OC(C)[*:1],8.17,2.927,56.0,CPD_230,CC(=O)OC(C)OC(=O)c1cccc2c1cc(C(=O)NC1CCN(C(C)C)CC1)n2Cc1cc(-c2ccc(Cl)s2)on1,CC(=O)OC(C)[*:1],8.51,2.282,120.0,0.34,-0.65,0.33,0.34,0.7289718787443039,0.3473031323801734
CC(C)N1CCC(NC(=O)c2nc3c([*:1])cccc3n2Cc2cc(-c3ccc(Cl)s3)on2)CC1,CPD_320,CC(C)N1CCC(NC(=O)c2nc3c(C(=O)N4CC(O)C4)cccc3n2Cc2cc(-c3ccc(Cl)s3)on2)CC1,O=C(N1CC(O)C1)[*:1],8.1,0.129,330.0,CPD_333,CC(C)N1CCC(NC(=O)c2nc3c(C(=O)O)cccc3n2Cc2cc(-c3ccc(Cl)s3)on2)CC1,O=C(O)[*:1],8.44,2.191,0.6,0.34,2.06,-2.74,0.34,3.428002333721493,0.09244148566267485
CC(C)N1CCC(NC(=O)c2cc3cc([*:1])ccc3n2CC(=O)Nc2ccc(Cl)cn2)CC1,CPD_408,CC(C)N1CCC(NC(=O)c2cc3cc(C(=O)N4CC(O)C4)ccc3n2CC(=O)Nc2ccc(Cl)cn2)CC1,O=C(N1CC(O)C1)[*:1],8.06,-2.004,210000.0,CPD_743,COCCOc1ccc2c(c1)cc(C(=O)NC1CCN(C(C)C)CC1)n2CC(=O)Nc1ccc(Cl)cn1,COCCO[*:1],8.39,0.599,20000.0,0.34,2.6,-1.02,0.34,2.79291961932312,0.11173479504385696
CC(C)N1CCC(NC(=O)c2nc3ccc([*:1])cc3n2CC(=O)Nc2ccc(Cl)cn2)CC1,CPD_450,CC(C)N1CCC(NC(=O)c2nc3ccc(S(=O)(=O)CCO)cc3n2CC(=O)Nc2ccc(Cl)cn2)CC1,O=S(=O)(CCO)[*:1],6.65,0.285,880.0,CPD_790,CC(C)N1CCC(NC(=O)c2nc3ccc(OCCO)cc3n2CC(=O)Nc2ccc(Cl)cn2)CC1,OCCO[*:1],6.98,1.282,760.0,0.33,1.0,-0.06,0.33,1.0017983829094554,0.2636207271917122
CC(C)N1CCC(NC(=O)c2cc3cc(C(=O)O)ccc3n2C[*:1])CC1,CPD_85,CC(C)N1CCC(NC(=O)c2cc3cc(C(=O)O)ccc3n2Cc2cc(-c3ccc(Cl)s3)on2)CC1,Clc1ccc(-c2cc([*:1])no2)s1,8.07,1.328,5.5,CPD_169,CC(C)N1CCC(NC(=O)c2cc3cc(C(=O)O)ccc3n2CC(=O)Nc2ccc(Cl)cc2)CC1,O=C(Nc1ccc(Cl)cc1)[*:1],8.4,0.738,14.0,0.33,-0.59,0.41,0.33,0.7184705978674423,0.34074343684429353
CC(C)N1CCC(NC(=O)c2cc3cc([*:1])ccc3n2CC(=O)Nc2ccc(Cl)cn2)CC1,CPD_393,CC(C)N1CCC(NC(=O)c2cc3cc(C(=O)N4CCCOCC4)ccc3n2CC(=O)Nc2ccc(Cl)cn2)CC1,O=C(N1CCCOCC1)[*:1],7.64,-0.942,58000.0,CPD_674,CC(C)N1CCC(NC(=O)c2cc3cc(C(=O)N4CCC(F)(F)CC4)ccc3n2CC(=O)Nc2ccc(Cl)cn2)CC1,O=C(N1CCC(F)(F)CC1)[*:1],7.96,-0.344,18000.0,0.33,0.6,-0.51,0.33,0.7874642849044012,0.31808323891401075
CC(C)N1CCC(NC(=O)c2nc3cccc([*:1])c3n2CC(=O)Nc2ccc(Br)cn2)CC1,CPD_787,CC(C)N1CCC(NC(=O)c2nc3cccc(OCCO)c3n2CC(=O)Nc2ccc(Br)cn2)CC1,OCCO[*:1],7.59,1.53,780.0,CPD_818,COCCOc1cccc2nc(C(=O)NC3CCN(C(C)C)CC3)n(CC(=O)Nc3ccc(Br)cn3)c12,COCCO[*:1],7.92,2.17,390.0,0.33,0.64,-0.3,0.33,0.7068238818828917,0.34489105701522366
CC(C)N1CCC(NC(=O)c2cc3c([*:1])cccc3n2Cc2cc(-c3ccc(Cl)s3)on2)CC1,CPD_132,CC(C)N1CCC(NC(=O)c2cc3c(C(F)(F)F)cccc3n2Cc2cc(-c3ccc(Cl)s3)on2)CC1,FC(F)(F)[*:1],7.82,2.572,90.0,CPD_133,CC(C)N1CCC(NC(=O)c2cc3c(Cl)cccc3n2Cc2cc(-c3ccc(Cl)s3)on2)CC1,Cl[*:1],8.16,2.601,74.0,0.33,0.03,-0.09,0.33,0.09486832980505137,0.956886937651085
COc1cccc(Cn2c(C(=O)NC3CCN(C(C)C)CC3)cc3c([*:1])cccc32)c1,CPD_522,COc1cccc(Cn2c(C(=O)NC3CCN(C(C)C)CC3)cc3c(C(=O)N4CC(OC)C4)cccc32)c1,COC1CN(C(=O)[*:1])C1,6.86,-1.147,91000.0,CPD_542,COc1cccc(Cn2c(C(=O)NC3CCN(C(C)C)CC3)cc3c(C(=O)OCCO)cccc32)c1,O=C(OCCO)[*:1],7.19,0.143,53000.0,0.33,1.29,-0.23,0.33,1.3103434664239755,0.21149189720151823
CC(C)N1CCC(NC(=O)c2cc3c([*:1])cccc3n2Cc2cc(-c3ccc(Cl)s3)on2)CC1,CPD_39,CC(C)N1CCC(NC(=O)c2cc3c(Br)cccc3n2Cc2cc(-c3ccc(Cl)s3)on2)CC1,Br[*:1],7.82,2.781,71.0,CPD_133,CC(C)N1CCC(NC(=O)c2cc3c(Cl)cccc3n2Cc2cc(-c3ccc(Cl)s3)on2)CC1,Cl[*:1],8.16,2.601,74.0,0.33,-0.18,0.02,0.33,0.18110770276274832,0.7654699693027963
CC(C)N1CCC(NC(=O)c2nc3c([*:1])cccc3n2CC(=O)Nc2ccc(Cl)cn2)CC1,CPD_528,COCCOC(=O)c1cccc2c1nc(C(=O)NC1CCN(C(C)C)CC1)n2CC(=O)Nc1ccc(Cl)cn1,COCCOC(=O)[*:1],7.81,1.899,260.0,CPD_529,CC(C)N1CCC(NC(=O)c2nc3c(CO)cccc3n2CC(=O)Nc2ccc(Cl)cn2)CC1,OC[*:1],8.14,1.111,1100.0,0.33,-0.79,0.63,0.33,1.0104454463255303,0.26181220374274905
CC(C)N1CCC(NC(=O)c2cc3cc([*:1])ccc3n2CC(=O)Nc2ccc(Cl)cn2)CC1,CPD_170,CC(C)N1CCC(NC(=O)c2cc3cc(S(C)(=O)=O)ccc3n2CC(=O)Nc2ccc(Cl)cn2)CC1,CS(=O)(=O)[*:1],7.72,-0.686,15000.0,CPD_370,COCCOC(=O)OC(C)OC(=O)c1ccc2c(c1)cc(C(=O)NC1CCN(C(C)C)CC1)n2CC(=O)Nc1ccc(Cl)cn1,COCCOC(=O)OC(C)OC(=O)[*:1],8.05,1.425,5200.0,0.33,2.11,-0.46,0.33,2.1595601403989653,0.13695445673556003
O=C(N[*:1])c1cc2ccccc2n1Cc1cc(-c2ccc(Cl)s2)on1,CPD_18,COC(=O)N1CCC(NC(=O)c2cc3ccccc3n2Cc2cc(-c3ccc(Cl)s3)on2)CC1,COC(=O)N1CCC([*:1])CC1,5.75,3.257,1.6,CPD_204,CC(C)N1CC(CNC(=O)c2cc3ccccc3n2Cc2cc(-c3ccc(Cl)s3)on2)C1,CC(C)N1CC(C[*:1])C1,6.08,1.854,360.0,0.33,-1.4,2.35,0.33,2.735415873317986,0.11053736363813145
CC(C)N1CCC(NC(=O)c2cc3cc(O[*:1])ccc3n2CC(=O)Nc2ccc(Cl)cn2)CC1,CPD_781,CC(C)N1CCC(NC(=O)c2cc3cc(OCCO)ccc3n2CC(=O)Nc2ccc(Cl)cn2)CC1,OCC[*:1],8.14,-0.041,55000.0,CPD_843,CC(C)N1CCC(NC(=O)c2cc3cc(OC(C)(C)C(=O)O)ccc3n2CC(=O)Nc2ccc(Cl)cn2)CC1,CC(C)(C(=O)O)[*:1],8.47,0.506,7.1,0.33,0.55,-3.89,0.33,3.9286893488795984,0.07897213036151647
CC(C)N1CCC(NC(=O)c2nc3c([*:1])cccc3n2CC(=O)Nc2ccc(Cl)cn2)CC1,CPD_516,CC(C)N1CCC(NC(=O)c2nc3c(C(=O)OCC4CC4)cccc3n2CC(=O)Nc2ccc(Cl)cn2)CC1,O=C(OCC1CC1)[*:1],7.83,3.211,33.0,CPD_597,COCCOc1cccc2c1nc(C(=O)NC1CCN(C(C)C)CC1)n2CC(=O)Nc1ccc(Cl)cn1,COCCO[*:1],8.16,1.933,370.0,0.33,-1.28,1.05,0.33,1.6555663683464943,0.17317685989932166
COCCOCCOc1cc2cc(C(=O)NC3CCN(C(C)C)CC3)n(CC(=O)N[*:1])c2cn1,CPD_782,COCCOCCOc1cc2cc(C(=O)NC3CCN(C(C)C)CC3)n(CC(=O)Nc3ccc(Cl)cn3)c2cn1,Clc1ccc([*:1])nc1,7.23,-0.733,270000.0,CPD_825,COCCOCCOc1cc2cc(C(=O)NC3CCN(C(C)C)CC3)n(CC(=O)Nc3ccc(Br)cn3)c2cn1,Brc1ccc([*:1])nc1,7.55,-0.487,250000.0,0.32,0.25,-0.03,0.32,0.25179356624028343,0.6377124409896644
COCCOc1cccc2c1nc(C(=O)N[*:1])n2CC(=O)Nc1ccc(Cl)cn1,CPD_550,COCCOc1cccc2c1nc(C(=O)Nc1ccc(N3CCOCC3=O)cc1)n2CC(=O)Nc1ccc(Cl)cn1,O=C1COCCN1c1ccc([*:1])cc1,7.84,2.458,8.0,CPD_597,COCCOc1cccc2c1nc(C(=O)NC1CCN(C(C)C)CC1)n2CC(=O)Nc1ccc(Cl)cn1,CC(C)N1CCC([*:1])CC1,8.16,1.933,370.0,0.32,-0.53,1.67,0.32,1.7520844728494114,0.15983341579217628
O=C(Cn1c([*:1])nc2ccccc21)Nc1ccc(Cl)cn1,CPD_982,NC(=O)N1CCN(C(=O)c2nc3ccccc3n2CC(=O)Nc2ccc(Cl)cn2)CC1,NC(=O)N1CCN(C(=O)[*:1])CC1,4.87,0.511,160.0,CPD_985,O=C(Cn1c(C(=O)N2CCN(CC(=O)N3CCCC3)CC2)nc2ccccc21)Nc1ccc(Cl)cn1,O=C(CN1CCN(C(=O)[*:1])CC1)N1CCCC1,5.2,2.775,6.7,0.32,2.26,-1.38,0.32,2.648018126826174,0.11042028931352986
CC(C)N1CCC(NC(=O)c2nc3c([*:1])nccc3n2CC(=O)Nc2ccc(Cl)cn2)CC1,CPD_767,COCCOc1nccc2c1nc(C(=O)NC1CCN(C(C)C)CC1)n2CC(=O)Nc1ccc(Cl)cn1,COCCO[*:1],7.61,1.182,1300.0,CPD_833,COc1nccc2c1nc(C(=O)NC1CCN(C(C)C)CC1)n2CC(=O)Nc1ccc(Cl)cn1,CO[*:1],7.93,1.509,890.0,0.32,0.33,-0.16,0.32,0.366742416417845,0.518855184079311
CC(C)N1CCC(NC(=O)c2nc3cc([*:1])ccc3n2Cc2cc(-c3ccc(Cl)s3)on2)CC1,CPD_290,COC(=O)c1ccc2c(c1)nc(C(=O)NC1CCN(C(C)C)CC1)n2Cc1cc(-c2ccc(Cl)s2)on1,COC(=O)[*:1],8.63,3.121,16.0,CPD_433,CC(C)N1CCC(NC(=O)c2nc3cc(C(=O)OCC(=O)O)ccc3n2Cc2cc(-c3ccc(Cl)s3)on2)CC1,O=C(O)COC(=O)[*:1],8.95,2.129,0.6,0.32,-0.99,-1.43,0.32,1.7392527130926085,0.16086442808088938
COc1cc2cc(C(=O)N[*:1])n(Cc3cc(-c4ccc(Cl)s4)on3)c2cn1,CPD_950,COc1cc2cc(C(=O)NC3CCN(C4CC4)CC3)n(Cc3cc(-c4ccc(Cl)s4)on3)c2cn1,C1CC1N1CCC([*:1])CC1,6.19,0.78,650.0,CPD_953,COc1cc2cc(C(=O)Nc3ccc(N4CCOCC4=O)cc3)n(Cc3cc(-c4ccc(Cl)s4)on3)c2cn1,O=C1COCCN1c1ccc([*:1])cc1,6.51,2.113,1.1,0.32,1.33,-2.77,0.32,3.0727512102348933,0.09630573574522254
CC(C)N1CCC(NC(=O)c2nc3cc([*:1])ccc3n2Cc2cc(-c3ccc(Cl)s3)on2)CC1,CPD_347,CC(C)N1CCC(NC(=O)c2nc3cc(S(=O)(=O)CCO)ccc3n2Cc2cc(-c3ccc(Cl)s3)on2)CC1,O=S(=O)(CCO)[*:1],7.59,1.099,90.0,CPD_355,CCOC(=O)OC(C)OC(=O)c1ccc2c(c1)nc(C(=O)NC1CCN(C(C)C)CC1)n2Cc1cc(-c2ccc(Cl)s2)on1,CCOC(=O)OC(C)OC(=O)[*:1],7.91,4.074,3.6,0.32,2.97,-1.4,0.32,3.2834280866192276,0.09056360909446864
CC(C)N1CCC(NC(=O)c2cc3cc([*:1])ccc3n2Cc2cc(-c3ccc(Cl)s3)on2)CC1,CPD_99,CC(C)OC(=O)c1ccc2c(c1)cc(C(=O)NC1CCN(C(C)C)CC1)n2Cc1cc(-c2ccc(Cl)s2)on1,CC(C)OC(=O)[*:1],7.47,2.832,69.0,CPD_366,CC(C)N1CCC(NC(=O)c2cc3cc(C(=O)OCCN4CCOCC4)ccc3n2Cc2cc(-c3ccc(Cl)s3)on2)CC1,O=C(OCCN1CCOCC1)[*:1],7.79,1.706,740.0,0.32,-1.13,1.03,0.32,1.5289865924853625,0.17987769067609372
Clc1ccc(-c2cc(Cn3c([*:1])nc4ccccc43)no2)s1,CPD_976,O=C(CN1CCN(C(=O)c2nc3ccccc3n2Cc2cc(-c3ccc(Cl)s3)on2)CC1)N1CCCC1,O=C(CN1CCN(C(=O)[*:1])CC1)N1CCCC1,5.18,3.591,0.7,CPD_990,O=C(NC1CCN(c2ccccc2)CC1)c1nc2ccccc2n1Cc1cc(-c2ccc(Cl)s2)on1,O=C(NC1CCN(c2ccccc2)CC1)[*:1],5.51,5.578,0.1,0.32,1.99,-0.85,0.32,2.163931607052312,0.13256382205076506
CC(C)N1CCC(NC(=O)c2nc3c([*:1])cccc3n2CC(=O)Nc2ccc(Cl)cn2)CC1,CPD_529,CC(C)N1CCC(NC(=O)c2nc3c(CO)cccc3n2CC(=O)Nc2ccc(Cl)cn2)CC1,OC[*:1],8.14,1.111,1100.0,CPD_694,CCOCCOc1cccc2c1nc(C(=O)NC1CCN(C(C)C)CC1)n2CC(=O)Nc1ccc(Cl)cn1,CCOCCO[*:1],8.46,2.454,200.0,0.32,1.34,-0.74,0.32,1.5307514494521965,0.1796994185226916
CC(C)N1CCC(NC(=O)c2cc3cc([*:1])ccc3n2CC(=O)Nc2ccc(Cl)cn2)CC1,CPD_374,CC(C)OC(=O)OC(C)OC(=O)c1ccc2c(c1)cc(C(=O)NC1CCN(C(C)C)CC1)n2CC(=O)Nc1ccc(Cl)cn1,CC(C)OC(=O)OC(C)OC(=O)[*:1],7.77,2.294,1000.0,CPD_416,CC(C)N1CCC(NC(=O)c2cc3cc(C(=O)O)ccc3n2CC(=O)Nc2ccc(Cl)cn2)CC1,O=C(O)[*:1],8.09,0.362,8.8,0.32,-1.93,-2.06,0.32,2.822853166567471,0.10413774516842789
CC(C)N1CCC(NC(=O)c2cc3cc([*:1])ccc3n2Cc2cc(-c3ccc(Cl)s3)on2)CC1,CPD_361,CC(C)N1CCC(NC(=O)c2cc3cc(C(=O)OCC4COC(=O)O4)ccc3n2Cc2cc(-c3ccc(Cl)s3)on2)CC1,O=C1OCC(COC(=O)[*:1])O1,7.86,1.042,660.0,CPD_364,CC(C)N1CCC(NC(=O)c2cc3cc(C(=O)OCCN4CCNC4=O)ccc3n2Cc2cc(-c3ccc(Cl)s3)on2)CC1,O=C1NCCN1CCOC(=O)[*:1],8.16,1.632,44.0,0.31,0.59,-1.18,0.31,1.3192801067248758,0.19754280875131797
CC(C)N1CCC(NC(=O)c2cc3cc([*:1])ccc3n2Cc2cc(-c3ccc(Cl)s3)on2)CC1,CPD_99,CC(C)OC(=O)c1ccc2c(c1)cc(C(=O)NC1CCN(C(C)C)CC1)n2Cc1cc(-c2ccc(Cl)s2)on1,CC(C)OC(=O)[*:1],7.47,2.832,69.0,CPD_259,CCOC(=O)COc1ccc2c(c1)cc(C(=O)NC1CCN(C(C)C)CC1)n2Cc1cc(-c2ccc(Cl)s2)on1,CCOC(=O)CO[*:1],7.79,1.709,270.0,0.31,-1.12,0.59,0.31,1.2658988901172163,0.2044991272313877
CC(C)N1CCC(NC(=O)c2nc3cc([*:1])ccc3n2CC(=O)Nc2ccc(Cl)cn2)CC1,CPD_397,CCOC(=O)OC(C)OC(=O)c1ccc2c(c1)nc(C(=O)NC1CCN(C(C)C)CC1)n2CC(=O)Nc1ccc(Cl)cn1,CCOC(=O)OC(C)OC(=O)[*:1],7.72,3.257,33.0,CPD_785,CC(C)N1CCC(NC(=O)c2nc3cc(OCCO)ccc3n2CC(=O)Nc2ccc(Cl)cn2)CC1,OCCO[*:1],8.03,1.28,760.0,0.31,-1.98,1.36,0.31,2.4020824298928627,0.11688927783912177
Clc1ccc(-c2cc(Cn3c([*:1])cc4ccccc43)no2)s1,CPD_177,CC(C)N1CC(NC(=O)c2cc3ccccc3n2Cc2cc(-c3ccc(Cl)s3)on2)C1,CC(C)N1CC(NC(=O)[*:1])C1,6.65,2.16,190.0,CPD_208,O=C(NC1CN(c2cc[n+]([O-])cc2)C1)c1cc2ccccc2n1Cc1cc(-c2ccc(Cl)s2)on1,O=C(NC1CN(c2cc[n+]([O-])cc2)C1)[*:1],6.96,1.058,17.0,0.31,-1.1,-1.05,0.31,1.5206906325745548,0.1750729315991609
Clc1ccc(-c2cc(Cn3c([*:1])cc4ccccc43)no2)s1,CPD_24,O=C(NC1CCN(c2ccnc(Cl)n2)CC1)c1cc2ccccc2n1Cc1cc(-c2ccc(Cl)s2)on1,O=C(NC1CCN(c2ccnc(Cl)n2)CC1)[*:1],6.7,3.331,2.1,CPD_31,O=C(NC1CCN(c2ccncn2)CC1)c1cc2ccccc2n1Cc1cc(-c2ccc(Cl)s2)on1,O=C(NC1CCN(c2ccncn2)CC1)[*:1],7.01,3.217,2.8,0.31,-0.11,0.12,0.31,0.16278820596099705,0.750990448669192
CC(C)N1CCC(NC(=O)c2nc3cc([*:1])ccc3n2CC(=O)Nc2ccc(Cl)cn2)CC1,CPD_319,COC(=O)c1ccc2c(c1)nc(C(=O)NC1CCN(C(C)C)CC1)n2CC(=O)Nc1ccc(Cl)cn1,COC(=O)[*:1],7.72,2.303,160.0,CPD_785,CC(C)N1CCC(NC(=O)c2nc3cc(OCCO)ccc3n2CC(=O)Nc2ccc(Cl)cn2)CC1,OCCO[*:1],8.03,1.28,760.0,0.31,-1.02,0.68,0.31,1.2258874336577563,0.21004311909595533
CC(C)N1CCC(NC(=O)c2cc3cc([*:1])ccc3n2CC(=O)Nc2ccc(Cl)cn2)CC1,CPD_416,CC(C)N1CCC(NC(=O)c2cc3cc(C(=O)O)ccc3n2CC(=O)Nc2ccc(Cl)cn2)CC1,O=C(O)[*:1],8.09,0.362,8.8,CPD_743,COCCOc1ccc2c(c1)cc(C(=O)NC1CCN(C(C)C)CC1)n2CC(=O)Nc1ccc(Cl)cn1,COCCO[*:1],8.39,0.599,20000.0,0.31,0.24,3.36,0.31,3.3685605234283678,0.08566942517415563
CC(C)N1CCC(NC(=O)c2nc3c(C(=O)N(C)CCO)cccc3n2C[*:1])CC1,CPD_346,CC(C)N1CCC(NC(=O)c2nc3c(C(=O)N(C)CCO)cccc3n2Cc2cc(-c3ccc(Cl)s3)on2)CC1,Clc1ccc(-c2cc([*:1])no2)s1,7.58,0.725,300.0,CPD_638,CC(C)N1CCC(NC(=O)c2nc3c(C(=O)N(C)CCO)cccc3n2CC(=O)Nc2ccc(Cl)cn2)CC1,O=C(Nc1ccc(Cl)cn1)[*:1],7.89,-0.092,2900.0,0.31,-0.82,0.99,0.31,1.285496013218244,0.20188915980984634
CC(C)N1CCC(NC(=O)c2cc3cc([*:1])ccc3n2Cc2cc(-c3ccc(Cl)s3)on2)CC1,CPD_179,CC(C)OC(=O)COc1ccc2c(c1)cc(C(=O)NC1CCN(C(C)C)CC1)n2Cc1cc(-c2ccc(Cl)s2)on1,CC(C)OC(=O)CO[*:1],7.48,2.057,140.0,CPD_366,CC(C)N1CCC(NC(=O)c2cc3cc(C(=O)OCCN4CCOCC4)ccc3n2Cc2cc(-c3ccc(Cl)s3)on2)CC1,O=C(OCCN1CCOCC1)[*:1],7.79,1.706,740.0,0.31,-0.35,0.72,0.31,0.8005623023850174,0.29508007216347754
Clc1ccc(-c2cc(Cn3c([*:1])cc4ccccc43)no2)s1,CPD_58,CCN1CC[C@@H](NC(=O)c2cc3ccccc3n2Cc2cc(-c3ccc(Cl)s3)on2)C1,CCN1CC[C@@H](NC(=O)[*:1])C1,7.0,1.624,680.0,CPD_60,CC(C)N1CC[C@@H](NC(=O)c2cc3ccccc3n2Cc2cc(-c3ccc(Cl)s3)on2)C1,CC(C)N1CC[C@@H](NC(=O)[*:1])C1,7.32,1.909,390.0,0.31,0.28,-0.24,0.31,0.3687817782917155,0.500984371026283
CC(C)N1CCC(NC(=O)c2nc3c([*:1])cccc3n2CC(=O)Nc2ccc(Cl)cn2)CC1,CPD_516,CC(C)N1CCC(NC(=O)c2nc3c(C(=O)OCC4CC4)cccc3n2CC(=O)Nc2ccc(Cl)cn2)CC1,O=C(OCC1CC1)[*:1],7.83,3.211,33.0,CPD_529,CC(C)N1CCC(NC(=O)c2nc3c(CO)cccc3n2CC(=O)Nc2ccc(Cl)cn2)CC1,OC[*:1],8.14,1.111,1100.0,0.31,-2.1,1.52,0.31,2.5923734298900687,0.1090637833650132
CC(C)N1CCC(NC(=O)c2cc3c([*:1])cccc3n2Cc2cc(-c3ccc(Cl)s3)on2)CC1,CPD_133,CC(C)N1CCC(NC(=O)c2cc3c(Cl)cccc3n2Cc2cc(-c3ccc(Cl)s3)on2)CC1,Cl[*:1],8.16,2.601,74.0,CPD_231,COC(=O)OC(C)OC(=O)c1cccc2c1cc(C(=O)NC1CCN(C(C)C)CC1)n2Cc1cc(-c2ccc(Cl)s2)on1,COC(=O)OC(C)OC(=O)[*:1],8.46,2.396,110.0,0.31,-0.21,0.17,0.31,0.2701851217221259,0.5959416889389558
CC(C)N1CCC(NC(=O)c2cc3c([*:1])cccc3n2Cc2cc(-c3ccc(Cl)s3)on2)CC1,CPD_174,CC(C)N1CCC(NC(=O)c2cc3c(C(=O)O)cccc3n2Cc2cc(-c3ccc(Cl)s3)on2)CC1,O=C(O)[*:1],8.25,1.328,5.5,CPD_182,CC(C)N1CCC(NC(=O)c2cc3c(-c4nnc(O)o4)cccc3n2Cc2cc(-c3ccc(Cl)s3)on2)CC1,Oc1nnc([*:1])o1,8.57,0.305,310.0,0.31,-1.02,1.75,0.31,2.0255616505058542,0.1362301038651655
CC(C)N1CCC(NC(=O)c2cc3cc([*:1])ccc3n2CC(=O)Nc2ccc(Cl)cn2)CC1,CPD_315,CCOC(=O)OC(C)OC(=O)c1ccc2c(c1)cc(C(=O)NC1CCN(C(C)C)CC1)n2CC(=O)Nc1ccc(Cl)cn1,CCOC(=O)OC(C)OC(=O)[*:1],7.83,1.946,1900.0,CPD_781,CC(C)N1CCC(NC(=O)c2cc3cc(OCCO)ccc3n2CC(=O)Nc2ccc(Cl)cn2)CC1,OCCO[*:1],8.14,-0.041,55000.0,0.31,-1.99,1.46,0.31,2.468136949198727,0.11404870534260024
Clc1ccc(-c2cc(Cn3c([*:1])cc4ccccc43)no2)s1,CPD_24,O=C(NC1CCN(c2ccnc(Cl)n2)CC1)c1cc2ccccc2n1Cc1cc(-c2ccc(Cl)s2)on1,O=C(NC1CCN(c2ccnc(Cl)n2)CC1)[*:1],6.7,3.331,2.1,CPD_58,CCN1CC[C@@H](NC(=O)c2cc3ccccc3n2Cc2cc(-c3ccc(Cl)s3)on2)C1,CCN1CC[C@@H](NC(=O)[*:1])C1,7.0,1.624,680.0,0.3,-1.71,2.51,0.3,3.0371368095625852,0.09126483544197864
CC(C)N1CCC(NC(=O)c2cc3cc(C(=O)O[*:1])ccc3n2Cc2cc(-c3ccc(Cl)s3)on2)CC1,CPD_362,CC(C)N1CCC(NC(=O)c2cc3cc(C(=O)OC4CCOC4=O)ccc3n2Cc2cc(-c3ccc(Cl)s3)on2)CC1,O=C1OCCC1[*:1],7.73,0.55,170.0,CPD_363,CC(C)N1CCC(NC(=O)c2cc3cc(C(=O)OCCN4CCCC4=O)ccc3n2Cc2cc(-c3ccc(Cl)s3)on2)CC1,O=C1CCCN1CC[*:1],8.03,1.653,110.0,0.3,1.1,-0.19,0.3,1.116288493177279,0.21957295366102034
CC(C)N1CCC(NC(=O)c2cc3cc([*:1])ccc3n2Cc2cc(-c3ccc(Cl)s3)on2)CC1,CPD_252,CC(C)N1CCC(NC(=O)c2cc3cc(C(=O)NCCO)ccc3n2Cc2cc(-c3ccc(Cl)s3)on2)CC1,O=C(NCCO)[*:1],7.49,0.126,4400.0,CPD_366,CC(C)N1CCC(NC(=O)c2cc3cc(C(=O)OCCN4CCOCC4)ccc3n2Cc2cc(-c3ccc(Cl)s3)on2)CC1,O=C(OCCN1CCOCC1)[*:1],7.79,1.706,740.0,0.3,1.58,-0.77,0.3,1.7576404638036758,0.14942914600935067
CC(C)N1CCC(NC(=O)c2cc3cc(OCC(=O)O[*:1])ccc3n2Cc2cc(-c3ccc(Cl)s3)on2)CC1,CPD_179,CC(C)OC(=O)COc1ccc2c(c1)cc(C(=O)NC1CCN(C(C)C)CC1)n2Cc1cc(-c2ccc(Cl)s2)on1,CC(C)[*:1],7.48,2.057,140.0,CPD_259,CCOC(=O)COc1ccc2c(c1)cc(C(=O)NC1CCN(C(C)C)CC1)n2Cc1cc(-c2ccc(Cl)s2)on1,CC[*:1],7.79,1.709,270.0,0.3,-0.35,0.29,0.3,0.45453272709454046,0.42581414384706545
O=C(N[*:1])c1cc2ccccc2n1Cc1cc(-c2ccc(Cl)s2)on1,CPD_31,O=C(NC1CCN(c2ccncn2)CC1)c1cc2ccccc2n1Cc1cc(-c2ccc(Cl)s2)on1,c1cc(N2CCC([*:1])CC2)ncn1,7.01,3.217,2.8,CPD_60,CC(C)N1CC[C@@H](NC(=O)c2cc3ccccc3n2Cc2cc(-c3ccc(Cl)s3)on2)C1,CC(C)N1CC[C@@H]([*:1])C1,7.32,1.909,390.0,0.3,-1.31,2.14,0.3,2.509123352886422,0.10873018768304026
Clc1ccc(-c2cc(Cn3c([*:1])cc4ccccc43)no2)s1,CPD_73,CCC(CC)N1CCC(NC(=O)c2cc3ccccc3n2Cc2cc(-c3ccc(Cl)s3)on2)CC1,CCC(CC)N1CCC(NC(=O)[*:1])CC1,6.66,3.315,49.0,CPD_208,O=C(NC1CN(c2cc[n+]([O-])cc2)C1)c1cc2ccccc2n1Cc1cc(-c2ccc(Cl)s2)on1,O=C(NC1CN(c2cc[n+]([O-])cc2)C1)[*:1],6.96,1.058,17.0,0.3,-2.26,-0.46,0.3,2.30633909042014,0.11735532313543517
CC(C)N1CCC(NC(=O)c2nc3c(OCCO[*:1])cccc3n2CC(=O)Nc2ccc(Cl)cn2)CC1,CPD_597,COCCOc1cccc2c1nc(C(=O)NC1CCN(C(C)C)CC1)n2CC(=O)Nc1ccc(Cl)cn1,C[*:1],8.16,1.933,370.0,CPD_694,CCOCCOc1cccc2c1nc(C(=O)NC1CCN(C(C)C)CC1)n2CC(=O)Nc1ccc(Cl)cn1,CC[*:1],8.46,2.454,200.0,0.3,0.52,-0.27,0.3,0.5859180830116101,0.3588868408243697
CC(C)N1CCC(NC(=O)c2cc3cc([*:1])ccc3n2CC(=O)Nc2ccc(Cl)cn2)CC1,CPD_541,CC(C)N1CCC(NC(=O)c2cc3cc(C(=O)N4CCOCC4)ccc3n2CC(=O)Nc2ccc(Cl)cn2)CC1,O=C(N1CCOCC1)[*:1],7.84,-1.329,79000.0,CPD_781,CC(C)N1CCC(NC(=O)c2cc3cc(OCCO)ccc3n2CC(=O)Nc2ccc(Cl)cn2)CC1,OCCO[*:1],8.14,-0.041,55000.0,0.3,1.29,-0.16,0.3,1.299884610263542,0.1935627968774966
Clc1ccc(-c2cc(Cn3c([*:1])nc4ccccc43)no2)s1,CPD_984,O=C(c1nc2ccccc2n1Cc1cc(-c2ccc(Cl)s2)on1)N1CCC(N2CCCC2=O)CC1,O=C1CCCN1C1CCN(C(=O)[*:1])CC1,5.21,3.149,1.2,CPD_990,O=C(NC1CCN(c2ccccc2)CC1)c1nc2ccccc2n1Cc1cc(-c2ccc(Cl)s2)on1,O=C(NC1CCN(c2ccccc2)CC1)[*:1],5.51,5.578,0.1,0.3,2.43,-1.08,0.3,2.6591916064849483,0.10312143047960913
CC(C)N1CCC(NC(=O)c2cc3cc([*:1])ccc3n2Cc2cc(-c3ccc(Cl)s3)on2)CC1,CPD_252,CC(C)N1CCC(NC(=O)c2cc3cc(C(=O)NCCO)ccc3n2Cc2cc(-c3ccc(Cl)s3)on2)CC1,O=C(NCCO)[*:1],7.49,0.126,4400.0,CPD_259,CCOC(=O)COc1ccc2c(c1)cc(C(=O)NC1CCN(C(C)C)CC1)n2Cc1cc(-c2ccc(Cl)s2)on1,CCOC(=O)CO[*:1],7.79,1.709,270.0,0.3,1.58,-1.21,0.3,1.9901004999748129,0.13392256285080653
CC(C)N1CCC(NC(=O)c2cc3c(C(=O)OC(C)[*:1])cccc3n2Cc2cc(-c3ccc(Cl)s3)on2)CC1,CPD_175,CCOC(=O)OC(C)OC(=O)c1cccc2c1cc(C(=O)NC1CCN(C(C)C)CC1)n2Cc1cc(-c2ccc(Cl)s2)on1,CCOC(=O)O[*:1],8.17,2.927,56.0,CPD_231,COC(=O)OC(C)OC(=O)c1cccc2c1cc(C(=O)NC1CCN(C(C)C)CC1)n2Cc1cc(-c2ccc(Cl)s2)on1,COC(=O)O[*:1],8.46,2.396,110.0,0.29,-0.53,0.29,0.29,0.6041522986797286,0.33951790617230176
O=C(N[*:1])c1cc2ccccc2n1Cc1cc(-c2ccc(Cl)s2)on1,CPD_24,O=C(NC1CCN(c2ccnc(Cl)n2)CC1)c1cc2ccccc2n1Cc1cc(-c2ccc(Cl)s2)on1,Clc1nccc(N2CCC([*:1])CC2)n1,6.7,3.331,2.1,CPD_63,CC(C)N1CC[C@H](NC(=O)c2cc3ccccc3n2Cc2cc(-c3ccc(Cl)s3)on2)C1,CC(C)N1CC[C@H]([*:1])C1,6.99,1.909,390.0,0.29,-1.42,2.27,0.29,2.6775548547135313,0.09905877580161593
CC(C)N1CCC(NC(=O)c2nc3c(C(=O)O)cccc3n2C[*:1])CC1,CPD_322,CC(C)N1CCC(NC(=O)c2nc3c(C(=O)O)cccc3n2CC(=O)Nc2ccc(Cl)cn2)CC1,O=C(Nc1ccc(Cl)cn1)[*:1],7.95,1.375,1.9,CPD_754,CC(C)N1CCC(NC(=O)c2nc3c(C(=O)O)cccc3n2Cc2cc3ccc(Cl)cc3s2)CC1,Clc1ccc2cc([*:1])sc2c1,8.25,4.311,0.2,0.29,2.94,-0.98,0.29,3.0990321069650117,0.08659218267776066
O=C(Cn1c(C(=O)Nc2ccc([*:1])cc2)nc2ccccc21)Nc1ccc(Cl)cn1,CPD_531,O=C(Cn1c(C(=O)Nc2ccc(-n3ccc(=O)[nH]c3=O)cc2)nc2ccccc21)Nc1ccc(Cl)cn1,O=c1ccn([*:1])c(=O)[nH]1,7.54,2.869,2.6,CPD_598,O=C(Cn1c(C(=O)Nc2ccc(-n3ccncc3=O)cc2)nc2ccccc21)Nc1ccc(Cl)cn1,O=c1cnccn1[*:1],7.83,3.118,2.9,0.29,0.25,0.05,0.29,0.25495097567963926,0.5743131788381519
CC(C)N1CCC(NC(=O)c2nc3cc([*:1])ccc3n2CC(=O)Nc2ccc(Cl)cn2)CC1,CPD_389,CC(OC(=O)OC1CCCCC1)OC(=O)c1ccc2c(c1)nc(C(=O)NC1CCN(C(C)C)CC1)n2CC(=O)Nc1ccc(Cl)cn1,CC(OC(=O)OC1CCCCC1)OC(=O)[*:1],7.45,4.785,4.3,CPD_944,CC(C)N1CCC(NC(=O)c2nc3cc(OC(C)(C)CO)ccc3n2CC(=O)Nc2ccc(Cl)cn2)CC1,CC(C)(CO)O[*:1],7.73,1.966,380.0,0.29,-2.82,1.95,0.29,3.4285419641591086,0.07883558290908124
O=C(Cn1c([*:1])nc2ccccc21)Nc1ccc(Cl)cn1,CPD_427,CCN1CCN(c2ccc(NC(=O)c3nc4ccccc4n3CC(=O)Nc3ccc(Cl)cn3)cc2)C(=O)C1=O,CCN1CCN(c2ccc(NC(=O)[*:1])cc2)C(=O)C1=O,4.97,2.222,7.3,CPD_989,O=C(Cn1c(C(=O)N2CCN(C(=O)N3CCCC3)CC2)nc2ccccc21)Nc1ccc(Cl)cn1,O=C(N1CCCC1)N1CCN(C(=O)[*:1])CC1,5.26,2.656,7.4,0.29,0.43,0.01,0.29,0.4301162633521313,0.42639768467035166
CC(C)N1CCC(NC(=O)c2cc3c(C(=O)O[*:1])cccc3n2Cc2cc(-c3ccc(Cl)s3)on2)CC1,CPD_155,CC(C)N1CCC(NC(=O)c2cc3c(C(=O)OCOC(=O)C(C)(C)C)cccc3n2Cc2cc(-c3ccc(Cl)s3)on2)CC1,CC(C)(C)C(=O)OC[*:1],7.88,3.166,45.0,CPD_175,CCOC(=O)OC(C)OC(=O)c1cccc2c1cc(C(=O)NC1CCN(C(C)C)CC1)n2Cc1cc(-c2ccc(Cl)s2)on1,CCOC(=O)OC(C)[*:1],8.17,2.927,56.0,0.29,-0.24,0.09,0.29,0.2563201123595259,0.5727601825820379
CC(C)N1CCC(NC(=O)c2cc3cc([*:1])ccc3n2CC(=O)Nc2ccc(Cl)cn2)CC1,CPD_374,CC(C)OC(=O)OC(C)OC(=O)c1ccc2c(c1)cc(C(=O)NC1CCN(C(C)C)CC1)n2CC(=O)Nc1ccc(Cl)cn1,CC(C)OC(=O)OC(C)OC(=O)[*:1],7.77,2.294,1000.0,CPD_408,CC(C)N1CCC(NC(=O)c2cc3cc(C(=O)N4CC(O)C4)ccc3n2CC(=O)Nc2ccc(Cl)cn2)CC1,O=C(N1CC(O)C1)[*:1],8.06,-2.004,210000.0,0.29,-4.3,2.32,0.29,4.885939009033985,0.05646484498548317
CC(C)N1CCC(NC(=O)c2cc3cc([*:1])ccc3n2CC(=O)Nc2ccc(Cl)cn2)CC1,CPD_324,CC(C)N1CCC(NC(=O)c2cc3cc(C(=O)NCCO)ccc3n2CC(=O)Nc2ccc(Cl)cn2)CC1,O=C(NCCO)[*:1],8.11,-0.841,140000.0,CPD_743,COCCOc1ccc2c(c1)cc(C(=O)NC1CCN(C(C)C)CC1)n2CC(=O)Nc1ccc(Cl)cn1,COCCO[*:1],8.39,0.599,20000.0,0.29,1.44,-0.85,0.29,1.672154299100415,0.15087238320863341
CC(C)N1CCC(NC(=O)c2nc3c([*:1])cccc3n2CC(=O)Nc2ccc(Cl)cn2)CC1,CPD_529,CC(C)N1CCC(NC(=O)c2nc3c(CO)cccc3n2CC(=O)Nc2ccc(Cl)cn2)CC1,OC[*:1],8.14,1.111,1100.0,CPD_690,CC(C)N1CCC(NC(=O)c2nc3c(OCCO)cccc3n2CC(=O)Nc2ccc(Cl)cn2)CC1,OCCO[*:1],8.43,1.283,760.0,0.29,0.17,-0.16,0.29,0.23345235059857505,0.5998522908016547
CC(C)N1CCC(NC(=O)c2cc3cc([*:1])ccc3n2Cc2cc(-c3ccc(Cl)s3)on2)CC1,CPD_368,CC(C)N1CCC(NC(=O)c2cc3cc(C(=O)NCCN4CCNC4=O)ccc3n2Cc2cc(-c3ccc(Cl)s3)on2)CC1,O=C1NCCN1CCNC(=O)[*:1],7.32,0.289,190.0,CPD_503,CC(C)ONC(=O)c1ccc2c(c1)cc(C(=O)NC1CCN(C(C)C)CC1)n2Cc1cc(-c2ccc(Cl)s2)on1,CC(C)ONC(=O)[*:1],7.61,2.516,57.0,0.29,2.23,-0.52,0.29,2.2898253208487325,0.11418108073002863
CC(OC(=O)O[*:1])OC(=O)c1ccc2c(c1)cc(C(=O)NC1CCN(C(C)C)CC1)n2CC(=O)Nc1ccc(Cl)cn1,CPD_332,CC(OC(=O)OC1CCCCC1)OC(=O)c1ccc2c(c1)cc(C(=O)NC1CCN(C(C)C)CC1)n2CC(=O)Nc1ccc(Cl)cn1,C1CCC([*:1])CC1,7.48,3.475,140.0,CPD_374,CC(C)OC(=O)OC(C)OC(=O)c1ccc2c(c1)cc(C(=O)NC1CCN(C(C)C)CC1)n2CC(=O)Nc1ccc(Cl)cn1,CC(C)[*:1],7.77,2.294,1000.0,0.29,-1.18,0.85,0.29,1.454269576110289,0.1701608736464548
CC(C)N1CCC(NC(=O)c2nc3c([*:1])cccc3n2CC(=O)Nc2ccc(Cl)cn2)CC1,CPD_350,CC(OC(=O)OC1CCCCC1)OC(=O)c1cccc2c1nc(C(=O)NC1CCN(C(C)C)CC1)n2CC(=O)Nc1ccc(Cl)cn1,CC(OC(=O)OC1CCCCC1)OC(=O)[*:1],7.7,4.799,4.2,CPD_356,CC(C)N1CCC(NC(=O)c2nc3c(C(=O)N4CC(O)C4)cccc3n2CC(=O)Nc2ccc(Cl)cn2)CC1,O=C(N1CC(O)C1)[*:1],7.99,-0.688,3200.0,0.29,-5.49,2.88,0.29,6.199556435746028,0.044964332491565416
CC(C)N1CCC(NC(=O)c2nc3ccccc3n2[*:1])CC1,CPD_152,CC(C)N1CCC(NC(=O)c2nc3ccccc3n2CC(=O)Nc2ccc(Cl)cn2)CC1,O=C(C[*:1])Nc1ccc(Cl)cn1,8.86,2.307,280.0,CPD_164,CC(C)N1CCC(NC(=O)c2nc3ccccc3n2Cc2cc(-c3ccc(Cl)s3)on2)CC1,Clc1ccc(-c2cc(C[*:1])no2)s1,9.15,3.124,26.0,0.29,0.82,-1.03,0.29,1.3165485179058156,0.1851203436633269
COc1cccc(Cn2c(C(=O)NC3CCN(C(C)C)CC3)cc3c([*:1])cccc32)c1,CPD_523,COc1cccc(Cn2c(C(=O)NC3CCN(C(C)C)CC3)cc3c(C(=O)N4CC(O)C4)cccc32)c1,O=C(N1CC(O)C1)[*:1],6.92,-1.784,250000.0,CPD_923,COc1cccc(Cn2c(C(=O)NC3CCN(C(C)C)CC3)cc3c(OCCCO)cccc32)c1,OCCCO[*:1],7.2,0.96,26000.0,0.28,2.74,-0.98,0.28,2.9099828178186895,0.08860807673418988
CC(C)N1CCC(NC(=O)c2cc3cc([*:1])ccc3n2Cc2cc(-c3ccc(Cl)s3)on2)CC1,CPD_171,CCOC(=O)c1ccc2c(c1)cc(C(=O)NC1CCN(C(C)C)CC1)n2Cc1cc(-c2ccc(Cl)s2)on1,CCOC(=O)[*:1],7.96,2.492,130.0,CPD_404,CC(C)N1CCC(NC(=O)c2cc3cc(C(=O)OCCO)ccc3n2Cc2cc(-c3ccc(Cl)s3)on2)CC1,O=C(OCCO)[*:1],8.24,0.885,1400.0,0.28,-1.61,1.03,0.28,1.91128229207514,0.12955272017296732
CC(C)N1CCC(NC(=O)c2nc3c([*:1])cccc3n2CC(=O)Nc2ccc(Cl)cn2)CC1,CPD_353,CC(C)N1CCC(NC(=O)c2nc3c(C(=O)NCCO)cccc3n2CC(=O)Nc2ccc(Cl)cn2)CC1,O=C(NCCO)[*:1],8.06,0.477,1200.0,CPD_735,CCOCCOCCOc1cccc2c1nc(C(=O)NC1CCN(C(C)C)CC1)n2CC(=O)Nc1ccc(Cl)cn1,CCOCCOCCO[*:1],8.33,2.096,330.0,0.28,1.62,-0.56,0.28,1.7140595088852664,0.1425618718441574
O=C(NCC1CN([*:1])C1)c1cc2ccccc2n1Cc1cc(-c2ccc(Cl)s2)on1,CPD_204,CC(C)N1CC(CNC(=O)c2cc3ccccc3n2Cc2cc(-c3ccc(Cl)s3)on2)C1,CC(C)[*:1],6.08,1.854,360.0,CPD_211,O=C(NCC1CN(c2ccncc2)C1)c1cc2ccccc2n1Cc1cc(-c2ccc(Cl)s2)on1,c1cc([*:1])ccn1,6.35,1.589,190.0,0.28,-0.27,-0.28,0.28,0.38897300677553454,0.43820317451745106
CC(C)N1CCC(NC(=O)c2cc3cc(C(=O)O[*:1])ccc3n2Cc2cc(-c3ccc(Cl)s3)on2)CC1,CPD_194,Cc1oc(=O)oc1COC(=O)c1ccc2c(c1)cc(C(=O)NC1CCN(C(C)C)CC1)n2Cc1cc(-c2ccc(Cl)s2)on1,Cc1oc(=O)oc1C[*:1],7.96,3.174,10.0,CPD_404,CC(C)N1CCC(NC(=O)c2cc3cc(C(=O)OCCO)ccc3n2Cc2cc(-c3ccc(Cl)s3)on2)CC1,OCC[*:1],8.24,0.885,1400.0,0.28,-2.29,2.15,0.28,3.1411144519103407,0.08256872599574622
CC(C)N1CCC(NC(=O)c2cc3cc([*:1])ccc3n2Cc2cc(-c3ccc(Cl)s3)on2)CC1,CPD_162,CC(OC(=O)c1ccc2c(c1)cc(C(=O)NC1CCN(C(C)C)CC1)n2Cc1cc(-c2ccc(Cl)s2)on1)OC(=O)C(C)(C)C,CC(OC(=O)C(C)(C)C)OC(=O)[*:1],7.04,3.499,26.0,CPD_368,CC(C)N1CCC(NC(=O)c2cc3cc(C(=O)NCCN4CCNC4=O)ccc3n2Cc2cc(-c3ccc(Cl)s3)on2)CC1,O=C1NCCN1CCNC(=O)[*:1],7.32,0.289,190.0,0.28,-3.21,0.86,0.28,3.3232062830946862,0.07836099508856156
CC(C)N1CCC(NC(=O)c2cc3cc(C(=O)OC[*:1])ccc3n2Cc2cc(-c3ccc(Cl)s3)on2)CC1,CPD_117,CC(C)N1CCC(NC(=O)c2cc3cc(C(=O)OCOC(=O)C(C)(C)C)ccc3n2Cc2cc(-c3ccc(Cl)s3)on2)CC1,CC(C)(C)C(=O)O[*:1],7.45,3.152,47.0,CPD_371,CC(C)N1CCC(NC(=O)c2cc3cc(C(=O)OCC4CCOC4)ccc3n2Cc2cc(-c3ccc(Cl)s3)on2)CC1,C1CC([*:1])CO1,7.73,1.959,78.0,0.28,-1.19,0.22,0.28,1.2101652779682617,0.1917591140022206
CC(C)N1CCC(NC(=O)c2nc3ccc([*:1])cc3n2CC(=O)Nc2ccc(Cl)cn2)CC1,CPD_387,CC(OC(=O)OC1CCCCC1)OC(=O)c1ccc2nc(C(=O)NC3CCN(C(C)C)CC3)n(CC(=O)Nc3ccc(Cl)cn3)c2c1,CC(OC(=O)OC1CCCCC1)OC(=O)[*:1],6.06,4.788,4.3,CPD_943,CC(C)N1CCC(NC(=O)c2nc3ccc(OC(C)(C)CO)cc3n2CC(=O)Nc2ccc(Cl)cn2)CC1,CC(C)(CO)O[*:1],6.34,1.969,380.0,0.28,-2.82,1.95,0.28,3.4285419641591086,0.07611711453290604
CC(C)N1CCC(NC(=O)c2cc3cc(OCC[*:1])ncc3n2CC(=O)Nc2ccc(Cl)cn2)CC1,CPD_824,CC(C)N1CCC(NC(=O)c2cc3cc(OCCOCCO)ncc3n2CC(=O)Nc2ccc(Cl)cn2)CC1,OCCO[*:1],7.49,-1.089,570000.0,CPD_878,CC(C)N1CCC(NC(=O)c2cc3cc(OCCCO)ncc3n2CC(=O)Nc2ccc(Cl)cn2)CC1,OC[*:1],7.77,-0.264,180000.0,0.28,0.82,-0.5,0.28,0.9604165762834375,0.2313253184781516
CC(C)N1CCC(NC(=O)c2nc3cc([*:1])ccc3n2CC(=O)Nc2ccc(Cl)cn2)CC1,CPD_341,CC(C)N1CCC(NC(=O)c2nc3cc(C(=O)O)ccc3n2CC(=O)Nc2ccc(Cl)cn2)CC1,O=C(O)[*:1],7.65,1.376,1.9,CPD_926,COCCOc1ccc2c(c1)nc(C(=O)NC1CCN(C(C)C)CC1)n2CC(=O)Nc1ccc(Cl)cn1,COCCO[*:1],7.93,1.91,390.0,0.28,0.53,2.31,0.28,2.3700210969525144,0.10686936846641536
CC(C)N1CCC(NC(=O)c2cc3cc(C(=O)O[*:1])ccc3n2Cc2cc(-c3ccc(Cl)s3)on2)CC1,CPD_117,CC(C)N1CCC(NC(=O)c2cc3cc(C(=O)OCOC(=O)C(C)(C)C)ccc3n2Cc2cc(-c3ccc(Cl)s3)on2)CC1,CC(C)(C)C(=O)OC[*:1],7.45,3.152,47.0,CPD_362,CC(C)N1CCC(NC(=O)c2cc3cc(C(=O)OC4CCOC4=O)ccc3n2Cc2cc(-c3ccc(Cl)s3)on2)CC1,O=C1OCCC1[*:1],7.73,0.55,170.0,0.28,-2.6,0.56,0.28,2.6596240335806867,0.09623236430839557
CC(C)N1CCC(NC(=O)c2nc3ccc([*:1])cc3n2CC(=O)Nc2ccc(Cl)cn2)CC1,CPD_376,CC(C)N1CCC(NC(=O)c2nc3ccc(C(=O)N4CC(O)C4)cc3n2CC(=O)Nc2ccc(Cl)cn2)CC1,O=C(N1CC(O)C1)[*:1],5.89,-0.693,3300.0,CPD_399,CCOC(=O)OC(C)OC(=O)c1ccc2nc(C(=O)NC3CCN(C(C)C)CC3)n(CC(=O)Nc3ccc(Cl)cn3)c2c1,CCOC(=O)OC(C)OC(=O)[*:1],6.16,3.259,33.0,0.28,3.95,-2.0,0.28,4.427471061452576,0.05986140722654664
O=C(Cn1c(C(=O)NC2CCN(C3CC3)CC2)cc2cc([*:1])ccc21)Nc1ccc(Cl)cn1,CPD_620,O=C(Cn1c(C(=O)NC2CCN(C3CC3)CC2)cc2cc(C(=O)O)ccc21)Nc1ccc(Cl)cn1,O=C(O)[*:1],6.81,-0.152,19.0,CPD_809,O=C(Cn1c(C(=O)NC2CCN(C3CC3)CC2)cc2cc(OCCO)ccc21)Nc1ccc(Cl)cn1,OCCO[*:1],7.08,-0.148,12000.0,0.28,0.0,2.8,0.28,2.8,0.0918032786885246
CC(C)N1CCC(NC(=O)c2nc3c(O[*:1])cccc3n2CC(=O)Nc2ccc(Cl)cn2)CC1,CPD_597,COCCOc1cccc2c1nc(C(=O)NC1CCN(C(C)C)CC1)n2CC(=O)Nc1ccc(Cl)cn1,COCC[*:1],8.16,1.933,370.0,CPD_690,CC(C)N1CCC(NC(=O)c2nc3c(OCCO)cccc3n2CC(=O)Nc2ccc(Cl)cn2)CC1,OCC[*:1],8.43,1.283,760.0,0.27,-0.65,0.31,0.27,0.7201388754955533,0.2783106695544823
CC(C)N1CCC(NC(=O)c2cc3cc([*:1])ccc3n2CC(=O)Nc2ccc(Cl)cn2)CC1,CPD_345,CC(C)N1CCC(NC(=O)c2cc3cc(C(=O)N(C)CCO)ccc3n2CC(=O)Nc2ccc(Cl)cn2)CC1,CN(CCO)C(=O)[*:1],7.5,-1.408,1040000.0,CPD_374,CC(C)OC(=O)OC(C)OC(=O)c1ccc2c(c1)cc(C(=O)NC1CCN(C(C)C)CC1)n2CC(=O)Nc1ccc(Cl)cn1,CC(C)OC(=O)OC(C)OC(=O)[*:1],7.77,2.294,1000.0,0.27,3.7,-3.02,0.27,4.776023450528693,0.05372040195546609
COc1cccc(Cn2c(C(=O)N[*:1])nc3c(C(=O)O)cccc32)c1,CPD_460,COc1cccc(Cn2c(C(=O)Nc3ccc(N4CCOCC4=O)cc3)nc3c(C(=O)O)cccc32)c1,O=C1COCCN1c1ccc([*:1])cc1,5.98,-0.465,11000.0,CPD_467,COc1cccc(Cn2c(C(=O)NC3CCN(C(C)C)CC3)nc3c(C(=O)O)cccc32)c1,CC(C)N1CCC([*:1])CC1,6.25,1.47,4.5,0.27,1.94,-3.39,0.27,3.905854579986306,0.06496858703869511
CC(C)N1CCC(NC(=O)c2nc3cc(C(=O)O[*:1])ccc3n2CC(=O)Nc2ccc(Cl)cn2)CC1,CPD_389,CC(OC(=O)OC1CCCCC1)OC(=O)c1ccc2c(c1)nc(C(=O)NC1CCN(C(C)C)CC1)n2CC(=O)Nc1ccc(Cl)cn1,CC(OC(=O)OC1CCCCC1)[*:1],7.45,4.785,4.3,CPD_397,CCOC(=O)OC(C)OC(=O)c1ccc2c(c1)nc(C(=O)NC1CCN(C(C)C)CC1)n2CC(=O)Nc1ccc(Cl)cn1,CCOC(=O)OC(C)[*:1],7.72,3.257,33.0,0.27,-1.53,0.89,0.27,1.7700282483621554,0.13366149716911965
CC(C)N1CCC(NC(=O)c2cc3cc([*:1])ccc3n2CC(=O)Nc2ccc(Cl)cn2)CC1,CPD_315,CCOC(=O)OC(C)OC(=O)c1ccc2c(c1)cc(C(=O)NC1CCN(C(C)C)CC1)n2CC(=O)Nc1ccc(Cl)cn1,CCOC(=O)OC(C)OC(=O)[*:1],7.83,1.946,1900.0,CPD_324,CC(C)N1CCC(NC(=O)c2cc3cc(C(=O)NCCO)ccc3n2CC(=O)Nc2ccc(Cl)cn2)CC1,O=C(NCCO)[*:1],8.11,-0.841,140000.0,0.27,-2.79,1.87,0.27,3.3587199942835366,0.07481877242559655
COc1cccc(Cn2c(C(=O)NC3CCN(C(C)C)CC3)cc3c([*:1])cccc32)c1,CPD_523,COc1cccc(Cn2c(C(=O)NC3CCN(C(C)C)CC3)cc3c(C(=O)N4CC(O)C4)cccc32)c1,O=C(N1CC(O)C1)[*:1],6.92,-1.784,250000.0,CPD_542,COc1cccc(Cn2c(C(=O)NC3CCN(C(C)C)CC3)cc3c(C(=O)OCCO)cccc32)c1,O=C(OCCO)[*:1],7.19,0.143,53000.0,0.27,1.93,-0.67,0.27,2.0429880077964238,0.11775028874201211
CC(C)N1CCC(NC(=O)c2cc3cc([*:1])ccc3n2CC(=O)Nc2ccc(Cl)cn2)CC1,CPD_268,COC(=O)c1ccc2c(c1)cc(C(=O)NC1CCN(C(C)C)CC1)n2CC(=O)Nc1ccc(Cl)cn1,COC(=O)[*:1],8.12,0.993,8500.0,CPD_743,COCCOc1ccc2c(c1)cc(C(=O)NC1CCN(C(C)C)CC1)n2CC(=O)Nc1ccc(Cl)cn1,COCCO[*:1],8.39,0.599,20000.0,0.27,-0.39,0.37,0.27,0.5375872022286245,0.34281918146458545
O=C(Nc1ccc([*:1])cc1)c1nc2ccccc2n1Cc1cc(-c2ccc(Cl)s2)on1,CPD_457,O=C(Nc1ccc(-n2ccc(=O)cc2)cc1)c1nc2ccccc2n1Cc1cc(-c2ccc(Cl)s2)on1,O=c1ccn([*:1])cc1,7.92,3.915,0.4,CPD_519,O=C(Nc1ccc(-n2ccc(=O)[nH]c2=O)cc1)c1nc2ccccc2n1Cc1cc(-c2ccc(Cl)s2)on1,O=c1ccn([*:1])c(=O)[nH]1,8.2,3.685,0.2,0.27,-0.23,-0.3,0.27,0.378021163428716,0.429921817484494
CC(C)N1CCC(NC(=O)c2nc3c([*:1])cccc3n2CC(=O)Nc2ccc(Cl)cn2)CC1,CPD_350,CC(OC(=O)OC1CCCCC1)OC(=O)c1cccc2c1nc(C(=O)NC1CCN(C(C)C)CC1)n2CC(=O)Nc1ccc(Cl)cn1,CC(OC(=O)OC1CCCCC1)OC(=O)[*:1],7.7,4.799,4.2,CPD_546,CC(C)N1CCC(NC(=O)c2nc3c(C(=O)N4CCCOCC4)cccc3n2CC(=O)Nc2ccc(Cl)cn2)CC1,O=C(N1CCCOCC1)[*:1],7.97,0.371,1100.0,0.27,-4.43,2.42,0.27,5.047900553695565,0.05096358402040234
CC(C)N1CCC(NC(=O)c2nc3c([*:1])cccc3n2CC(=O)Nc2ccc(Cl)cn2)CC1,CPD_528,COCCOC(=O)c1cccc2c1nc(C(=O)NC1CCN(C(C)C)CC1)n2CC(=O)Nc1ccc(Cl)cn1,COCCOC(=O)[*:1],7.81,1.899,260.0,CPD_614,CC(C)N1CCC(NC(=O)c2nc3c(C(=O)N4CCC(F)(F)CC4)cccc3n2CC(=O)Nc2ccc(Cl)cn2)CC1,O=C(N1CCC(F)(F)CC1)[*:1],8.08,0.968,260.0,0.27,-0.93,0.0,0.27,0.93,0.22881355932203387
CC(C)N1CCC(NC(=O)c2cc3cc([*:1])ccc3n2Cc2cc(-c3ccc(Cl)s3)on2)CC1,CPD_365,CC(C)N1CCC(NC(=O)c2cc3cc(C(=O)OC4CCOC4)ccc3n2Cc2cc(-c3ccc(Cl)s3)on2)CC1,O=C(OC1CCOC1)[*:1],7.58,1.734,120.0,CPD_877,CC(C)N1CCC(NC(=O)c2cc3cc(OC(C)(C)C(=O)O)ccc3n2Cc2cc(-c3ccc(Cl)s3)on2)CC1,CC(C)(O[*:1])C(=O)O,7.85,1.472,1.6,0.27,-0.26,-1.88,0.27,1.897893569197177,0.12570455253093313
Clc1ccc(-c2cc(Cn3c([*:1])cc4ccccc43)no2)s1,CPD_24,O=C(NC1CCN(c2ccnc(Cl)n2)CC1)c1cc2ccccc2n1Cc1cc(-c2ccc(Cl)s2)on1,O=C(NC1CCN(c2ccnc(Cl)n2)CC1)[*:1],6.7,3.331,2.1,CPD_208,O=C(NC1CN(c2cc[n+]([O-])cc2)C1)c1cc2ccccc2n1Cc1cc(-c2ccc(Cl)s2)on1,O=C(NC1CN(c2cc[n+]([O-])cc2)C1)[*:1],6.96,1.058,17.0,0.26,-2.27,0.91,0.26,2.445608308785362,0.09645318244220567
CC(C)N1CCC(NC(=O)c2cc3cc([*:1])ccc3n2Cc2cc(-c3ccc(Cl)s3)on2)CC1,CPD_99,CC(C)OC(=O)c1ccc2c(c1)cc(C(=O)NC1CCN(C(C)C)CC1)n2Cc1cc(-c2ccc(Cl)s2)on1,CC(C)OC(=O)[*:1],7.47,2.832,69.0,CPD_371,CC(C)N1CCC(NC(=O)c2cc3cc(C(=O)OCC4CCOC4)ccc3n2Cc2cc(-c3ccc(Cl)s3)on2)CC1,O=C(OCC1CCOC1)[*:1],7.73,1.959,78.0,0.26,-0.87,0.05,0.26,0.8714355971613736,0.23184568124832428
CC(C)N1CCC(NC(=O)c2nc3c([*:1])cccc3n2CC(=O)Nc2ccc(Cl)cn2)CC1,CPD_614,CC(C)N1CCC(NC(=O)c2nc3c(C(=O)N4CCC(F)(F)CC4)cccc3n2CC(=O)Nc2ccc(Cl)cn2)CC1,O=C(N1CCC(F)(F)CC1)[*:1],8.08,0.968,260.0,CPD_735,CCOCCOCCOc1cccc2c1nc(C(=O)NC1CCN(C(C)C)CC1)n2CC(=O)Nc1ccc(Cl)cn1,CCOCCOCCO[*:1],8.33,2.096,330.0,0.26,1.13,0.1,0.26,1.134416149391395,0.18780480140620937
CC(C)N1CCC(NC(=O)c2nc3c([*:1])cccc3n2Cc2cc(-c3ccc(Cl)s3)on2)CC1,CPD_316,CCOC(=O)OC(C)OC(=O)c1cccc2c1nc(C(=O)NC1CCN(C(C)C)CC1)n2Cc1cc(-c2ccc(Cl)s2)on1,CCOC(=O)OC(C)OC(=O)[*:1],8.18,4.088,3.5,CPD_333,CC(C)N1CCC(NC(=O)c2nc3c(C(=O)O)cccc3n2Cc2cc(-c3ccc(Cl)s3)on2)CC1,O=C(O)[*:1],8.44,2.191,0.6,0.26,-1.9,-0.77,0.26,2.0500975586542216,0.11303868352093945
CC(C)N1CCC(NC(=O)c2cc3cc(C(=O)O[*:1])ccc3n2Cc2cc(-c3ccc(Cl)s3)on2)CC1,CPD_99,CC(C)OC(=O)c1ccc2c(c1)cc(C(=O)NC1CCN(C(C)C)CC1)n2Cc1cc(-c2ccc(Cl)s2)on1,CC(C)[*:1],7.47,2.832,69.0,CPD_362,CC(C)N1CCC(NC(=O)c2cc3cc(C(=O)OC4CCOC4=O)ccc3n2Cc2cc(-c3ccc(Cl)s3)on2)CC1,O=C1OCCC1[*:1],7.73,0.55,170.0,0.26,-2.28,0.39,0.26,2.3131147831441483,0.10143907783991651
CC(C)N1CCC(NC(=O)c2cc3cc([*:1])ncc3n2CC(=O)Nc2ccc(Cl)cn2)CC1,CPD_782,COCCOCCOc1cc2cc(C(=O)NC3CCN(C(C)C)CC3)n(CC(=O)Nc3ccc(Cl)cn3)c2cn1,COCCOCCO[*:1],7.23,-0.733,270000.0,CPD_824,CC(C)N1CCC(NC(=O)c2cc3cc(OCCOCCO)ncc3n2CC(=O)Nc2ccc(Cl)cn2)CC1,OCCOCCO[*:1],7.49,-1.089,570000.0,0.26,-0.36,0.32,0.26,0.4816637831516918,0.3553544756309137
CC(C)N1CCC(NC(=O)c2cc3ccccc3n2[*:1])CC1,CPD_8,CC(C)N1CCC(NC(=O)c2cc3ccccc3n2Cc2cnc(-c3ccc(Cl)s3)s2)CC1,Clc1ccc(-c2ncc(C[*:1])s2)s1,7.16,2.78,44.0,CPD_861,C#Cc1ccc(NC(=O)Cn2c(C(=O)NC3CCN(C(C)C)CC3)cc3ccccc32)cc1,C#Cc1ccc(NC(=O)C[*:1])cc1,7.42,0.573,1600.0,0.26,-2.21,1.56,0.26,2.7051247660690256,0.08798274881160363
CC(C)N1CCC(NC(=O)c2cc3c([*:1])cccc3n2Cc2cc(-c3ccc(Cl)s3)on2)CC1,CPD_174,CC(C)N1CCC(NC(=O)c2cc3c(C(=O)O)cccc3n2Cc2cc(-c3ccc(Cl)s3)on2)CC1,O=C(O)[*:1],8.25,1.328,5.5,CPD_230,CC(=O)OC(C)OC(=O)c1cccc2c1cc(C(=O)NC1CCN(C(C)C)CC1)n2Cc1cc(-c2ccc(Cl)s2)on1,CC(=O)OC(C)OC(=O)[*:1],8.51,2.282,120.0,0.26,0.95,1.34,0.26,1.642589419179364,0.13737792115140182
O=C(Cn1c(C(=O)NC2CCN(C3CC3)CC2)cc2cc(OCC[*:1])ccc21)Nc1ccc(Cl)cn1,CPD_809,O=C(Cn1c(C(=O)NC2CCN(C3CC3)CC2)cc2cc(OCCO)ccc21)Nc1ccc(Cl)cn1,O[*:1],7.08,-0.148,12000.0,CPD_903,O=C(Cn1c(C(=O)NC2CCN(C3CC3)CC2)cc2cc(OCCOCCO)ccc21)Nc1ccc(Cl)cn1,OCCO[*:1],7.34,-0.224,16000.0,0.26,-0.08,0.12,0.26,0.14422205101855956,0.6595267802200123
CC(C)N1CCC(NC(=O)c2cc3cc([*:1])ccc3n2Cc2cc(-c3ccc(Cl)s3)on2)CC1,CPD_342,CC(C)N1CCC(NC(=O)c2cc3cc(C(=O)N(C)CCO)ccc3n2Cc2cc(-c3ccc(Cl)s3)on2)CC1,CN(CCO)C(=O)[*:1],6.73,-0.441,32000.0,CPD_373,CC(C)N1CCC(NC(=O)c2cc3cc(C(=O)N4CCCC4CO)ccc3n2Cc2cc(-c3ccc(Cl)s3)on2)CC1,O=C(N1CCCC1CO)[*:1],6.98,-0.415,2900.0,0.25,0.03,-1.04,0.25,1.0404326023342405,0.19373348096427467
CC(C)N1CCC(NC(=O)c2cc3cc([*:1])ccc3n2Cc2cc(-c3ccc(Cl)s3)on2)CC1,CPD_112,COC(=O)c1ccc2c(c1)cc(C(=O)NC1CCN(C(C)C)CC1)n2Cc1cc(-c2ccc(Cl)s2)on1,COC(=O)[*:1],8.29,1.96,260.0,CPD_143,CC(C)N1CCC(NC(=O)c2cc3cc(CO)ccc3n2Cc2cc(-c3ccc(Cl)s3)on2)CC1,OC[*:1],8.54,0.77,2500.0,0.25,-1.19,0.98,0.25,1.5415900881881668,0.13954084790278382
CC(C)N1CCC(NC(=O)c2cc3cc([*:1])ccc3n2CC(=O)Nc2ccc(Cl)cn2)CC1,CPD_315,CCOC(=O)OC(C)OC(=O)c1ccc2c(c1)cc(C(=O)NC1CCN(C(C)C)CC1)n2CC(=O)Nc1ccc(Cl)cn1,CCOC(=O)OC(C)OC(=O)[*:1],7.83,1.946,1900.0,CPD_416,CC(C)N1CCC(NC(=O)c2cc3cc(C(=O)O)ccc3n2CC(=O)Nc2ccc(Cl)cn2)CC1,O=C(O)[*:1],8.09,0.362,8.8,0.25,-1.58,-2.33,0.25,2.8151909349101,0.08156098765421031
CC(C)N1CCC(NC(=O)c2cc3cc([*:1])ccc3n2Cc2cc(-c3ccc(Cl)s3)on2)CC1,CPD_259,CCOC(=O)COc1ccc2c(c1)cc(C(=O)NC1CCN(C(C)C)CC1)n2Cc1cc(-c2ccc(Cl)s2)on1,CCOC(=O)CO[*:1],7.79,1.709,270.0,CPD_363,CC(C)N1CCC(NC(=O)c2cc3cc(C(=O)OCCN4CCCC4=O)ccc3n2Cc2cc(-c3ccc(Cl)s3)on2)CC1,O=C1CCCN1CCOC(=O)[*:1],8.03,1.653,110.0,0.25,-0.06,-0.39,0.25,0.39458839313897714,0.3878444021968272
CC(C)N1CCC(NC(=O)c2cc3cc([*:1])ccc3n2Cc2cc(-c3ccc(Cl)s3)on2)CC1,CPD_179,CC(C)OC(=O)COc1ccc2c(c1)cc(C(=O)NC1CCN(C(C)C)CC1)n2Cc1cc(-c2ccc(Cl)s2)on1,CC(C)OC(=O)CO[*:1],7.48,2.057,140.0,CPD_362,CC(C)N1CCC(NC(=O)c2cc3cc(C(=O)OC4CCOC4=O)ccc3n2Cc2cc(-c3ccc(Cl)s3)on2)CC1,O=C1OCCC1OC(=O)[*:1],7.73,0.55,170.0,0.25,-1.51,0.08,0.25,1.5121177202850313,0.14187474373707634
CC(C)N1CCC(NC(=O)c2nc3c([*:1])cccc3n2CC(=O)Nc2ccc(Cl)cn2)CC1,CPD_350,CC(OC(=O)OC1CCCCC1)OC(=O)c1cccc2c1nc(C(=O)NC1CCN(C(C)C)CC1)n2CC(=O)Nc1ccc(Cl)cn1,CC(OC(=O)OC1CCCCC1)OC(=O)[*:1],7.7,4.799,4.2,CPD_401,CCOC(=O)OC(C)OC(=O)c1cccc2c1nc(C(=O)NC1CCN(C(C)C)CC1)n2CC(=O)Nc1ccc(Cl)cn1,CCOC(=O)OC(C)OC(=O)[*:1],7.96,3.271,32.0,0.25,-1.53,0.88,0.25,1.7650212463310462,0.12406817072286477
CC(C)N1CCC(NC(=O)c2cc3cc([*:1])ccc3n2Cc2cc(-c3ccc(Cl)s3)on2)CC1,CPD_179,CC(C)OC(=O)COc1ccc2c(c1)cc(C(=O)NC1CCN(C(C)C)CC1)n2Cc1cc(-c2ccc(Cl)s2)on1,CC(C)OC(=O)CO[*:1],7.48,2.057,140.0,CPD_371,CC(C)N1CCC(NC(=O)c2cc3cc(C(=O)OCC4CCOC4)ccc3n2Cc2cc(-c3ccc(Cl)s3)on2)CC1,O=C(OCC1CCOC1)[*:1],7.73,1.959,78.0,0.25,-0.1,-0.25,0.25,0.26925824035672524,0.48145600891813006
O=C(Cn1c([*:1])nc2ccccc21)Nc1ccc(Cl)cn1,CPD_977,CNC(=O)CN1CCN(C(=O)c2nc3ccccc3n2CC(=O)Nc2ccc(Cl)cn2)CC1,CNC(=O)CN1CCN(C(=O)[*:1])CC1,4.62,2.07,26.0,CPD_982,NC(=O)N1CCN(C(=O)c2nc3ccccc3n2CC(=O)Nc2ccc(Cl)cn2)CC1,NC(=O)N1CCN(C(=O)[*:1])CC1,4.87,0.511,160.0,0.25,-1.56,0.79,0.25,1.7486280336309379,0.1250858067600609
CC(C)N1CCC(NC(=O)c2nc3cc([*:1])ccc3n2CC(=O)Nc2ccc(Cl)cn2)CC1,CPD_389,CC(OC(=O)OC1CCCCC1)OC(=O)c1ccc2c(c1)nc(C(=O)NC1CCN(C(C)C)CC1)n2CC(=O)Nc1ccc(Cl)cn1,CC(OC(=O)OC1CCCCC1)OC(=O)[*:1],7.45,4.785,4.3,CPD_836,CC(C)N1CCC(NC(=O)c2nc3cc(OCCN4CCOCC4)ccc3n2CC(=O)Nc2ccc(Cl)cn2)CC1,C1CN(CCO[*:1])CCO1,7.7,1.561,370.0,0.25,-3.22,1.93,0.25,3.754104420497651,0.06243593416800272
CC(C)N1CCC(NC(=O)c2nc3c([*:1])cccc3n2CC(=O)Nc2ccc(Cl)cn2)CC1,CPD_516,CC(C)N1CCC(NC(=O)c2nc3c(C(=O)OCC4CC4)cccc3n2CC(=O)Nc2ccc(Cl)cn2)CC1,O=C(OCC1CC1)[*:1],7.83,3.211,33.0,CPD_614,CC(C)N1CCC(NC(=O)c2nc3c(C(=O)N4CCC(F)(F)CC4)cccc3n2CC(=O)Nc2ccc(Cl)cn2)CC1,O=C(N1CCC(F)(F)CC1)[*:1],8.08,0.968,260.0,0.25,-2.24,0.9,0.25,2.4140422531513406,0.09384235542971242
Clc1ccc(-c2cc(Cn3c([*:1])cc4ccccc43)no2)s1,CPD_19,CC(=O)N1CCC(NC(=O)c2cc3ccccc3n2Cc2cc(-c3ccc(Cl)s3)on2)CC1,CC(=O)N1CCC(NC(=O)[*:1])CC1,6.12,3.157,3.8,CPD_211,O=C(NCC1CN(c2ccncc2)C1)c1cc2ccccc2n1Cc1cc(-c2ccc(Cl)s2)on1,O=C(NCC1CN(c2ccncc2)C1)[*:1],6.35,1.589,190.0,0.24,-1.57,1.7,0.24,2.314065686189569,0.0936013462106977
Clc1ccc(-c2cc(Cn3c([*:1])cc4ccccc43)no2)s1,CPD_57,CCN1CC[C@H](NC(=O)c2cc3ccccc3n2Cc2cc(-c3ccc(Cl)s3)on2)C1,CCN1CC[C@H](NC(=O)[*:1])C1,6.76,1.624,680.0,CPD_58,CCN1CC[C@@H](NC(=O)c2cc3ccccc3n2Cc2cc(-c3ccc(Cl)s3)on2)C1,CCN1CC[C@@H](NC(=O)[*:1])C1,7.0,1.624,680.0,0.24,0.0,0.0,0.24,0.0,0.96
CC(C)N1CCC(NC(=O)c2cc3cc([*:1])ccc3n2Cc2cc(-c3ccc(Cl)s3)on2)CC1,CPD_503,CC(C)ONC(=O)c1ccc2c(c1)cc(C(=O)NC1CCN(C(C)C)CC1)n2Cc1cc(-c2ccc(Cl)s2)on1,CC(C)ONC(=O)[*:1],7.61,2.516,57.0,CPD_877,CC(C)N1CCC(NC(=O)c2cc3cc(OC(C)(C)C(=O)O)ccc3n2Cc2cc(-c3ccc(Cl)s3)on2)CC1,CC(C)(O[*:1])C(=O)O,7.85,1.472,1.6,0.24,-1.04,-1.55,0.24,1.8665744024817228,0.11339076940484377
Clc1ccc(-c2cc(Cn3c([*:1])cc4ccccc43)no2)s1,CPD_18,COC(=O)N1CCC(NC(=O)c2cc3ccccc3n2Cc2cc(-c3ccc(Cl)s3)on2)CC1,COC(=O)N1CCC(NC(=O)[*:1])CC1,5.75,3.257,1.6,CPD_25,O=C(NC1CCN(CC(F)(F)F)CC1)c1cc2ccccc2n1Cc1cc(-c2ccc(Cl)s2)on1,O=C(NC1CCN(CC(F)(F)F)CC1)[*:1],5.99,4.567,1.3,0.24,1.31,-0.09,0.24,1.3130879635424277,0.15354222257337824
CC(C)N1CCC(NC(=O)c2cc3cc([*:1])ccc3n2Cc2cc(-c3ccc(Cl)s3)on2)CC1,CPD_252,CC(C)N1CCC(NC(=O)c2cc3cc(C(=O)NCCO)ccc3n2Cc2cc(-c3ccc(Cl)s3)on2)CC1,O=C(NCCO)[*:1],7.49,0.126,4400.0,CPD_371,CC(C)N1CCC(NC(=O)c2cc3cc(C(=O)OCC4CCOC4)ccc3n2Cc2cc(-c3ccc(Cl)s3)on2)CC1,O=C(OCC1CCOC1)[*:1],7.73,1.959,78.0,0.24,1.83,-1.75,0.24,2.5320742485164214,0.08626656895587284
CC(C)N1CCC(NC(=O)c2cc3cc([*:1])ccc3n2CC(=O)Nc2ccc(Cl)cn2)CC1,CPD_324,CC(C)N1CCC(NC(=O)c2cc3cc(C(=O)NCCO)ccc3n2CC(=O)Nc2ccc(Cl)cn2)CC1,O=C(NCCO)[*:1],8.11,-0.841,140000.0,CPD_359,CC(C)N1CCC(NC(=O)c2cc3cc(C(=O)OCC(=O)O)ccc3n2CC(=O)Nc2ccc(Cl)cn2)CC1,O=C(O)COC(=O)[*:1],8.35,0.3,9.7,0.24,1.14,-4.16,0.24,4.313374549004527,0.05259265866141857
COCCOc1cccc2c1nc(C(=O)NC1CCN(C(C)C)CC1)n2CC(=O)Nc1ccc([*:1])cn1,CPD_597,COCCOc1cccc2c1nc(C(=O)NC1CCN(C(C)C)CC1)n2CC(=O)Nc1ccc(Cl)cn1,Cl[*:1],8.16,1.933,370.0,CPD_819,COCCOc1cccc2c1nc(C(=O)NC1CCN(C(C)C)CC1)n2CC(=O)Nc1ccc(Br)cn1,Br[*:1],8.4,2.179,390.0,0.24,0.25,0.02,0.24,0.25079872407968906,0.47923444781342983
CC(C)N1CCC(NC(=O)c2cc3cc([*:1])ccc3n2Cc2cc(-c3ccc(Cl)s3)on2)CC1,CPD_252,CC(C)N1CCC(NC(=O)c2cc3cc(C(=O)NCCO)ccc3n2Cc2cc(-c3ccc(Cl)s3)on2)CC1,O=C(NCCO)[*:1],7.49,0.126,4400.0,CPD_362,CC(C)N1CCC(NC(=O)c2cc3cc(C(=O)OC4CCOC4=O)ccc3n2Cc2cc(-c3ccc(Cl)s3)on2)CC1,O=C1OCCC1OC(=O)[*:1],7.73,0.55,170.0,0.24,0.42,-1.41,0.24,1.4712239802287073,0.13943565901754984
CC(C)N1CCC(NC(=O)c2cc3cc([*:1])ccc3n2CC(=O)Nc2ccc(Cl)cn2)CC1,CPD_170,CC(C)N1CCC(NC(=O)c2cc3cc(S(C)(=O)=O)ccc3n2CC(=O)Nc2ccc(Cl)cn2)CC1,CS(=O)(=O)[*:1],7.72,-0.686,15000.0,CPD_674,CC(C)N1CCC(NC(=O)c2cc3cc(C(=O)N4CCC(F)(F)CC4)ccc3n2CC(=O)Nc2ccc(Cl)cn2)CC1,O=C(N1CCC(F)(F)CC1)[*:1],7.96,-0.344,18000.0,0.24,0.34,0.08,0.24,0.3492849839314596,0.4004772461100892
CC(C)N1CCC(NC(=O)c2cc3cc([*:1])ccc3n2Cc2cc(-c3ccc(Cl)s3)on2)CC1,CPD_335,CC(C)N1CCC(NC(=O)c2cc3cc(C(=O)N(CCO)CCO)ccc3n2Cc2cc(-c3ccc(Cl)s3)on2)CC1,O=C(N(CCO)CCO)[*:1],6.64,-1.074,41000.0,CPD_673,CC(C)N1CCC(NC(=O)c2cc3cc(C(=O)N4CCC(F)(F)CC4)ccc3n2Cc2cc(-c3ccc(Cl)s3)on2)CC1,O=C(N1CCC(F)(F)CC1)[*:1],6.88,0.623,560.0,0.24,1.7,-1.86,0.24,2.519841264841895,0.08664756462630699
CC(C)N1CCC(NC(=O)c2cc3cc([*:1])ccc3n2Cc2cc(-c3ccc(Cl)s3)on2)CC1,CPD_38,CC(C)N1CCC(NC(=O)c2cc3cc(Br)ccc3n2Cc2cc(-c3ccc(Cl)s3)on2)CC1,Br[*:1],8.06,2.851,68.0,CPD_181,CC(C)N1CCC(NC(=O)c2cc3cc(OCC(=O)O)ccc3n2Cc2cc(-c3ccc(Cl)s3)on2)CC1,O=C(O)CO[*:1],8.3,0.774,4.7,0.24,-2.08,-1.16,0.24,2.3815961034566713,0.0911994054424817
COc1cccc(Cn2c(C(=O)NC3CCN(C(C)C)CC3)nc3c([*:1])cccc32)c1,CPD_467,COc1cccc(Cn2c(C(=O)NC3CCN(C(C)C)CC3)nc3c(C(=O)O)cccc32)c1,O=C(O)[*:1],6.25,1.47,4.5,CPD_525,COc1cccc(Cn2c(C(=O)NC3CCN(C(C)C)CC3)nc3c(C(=O)N4CC(O)C4)cccc32)c1,O=C(N1CC(O)C1)[*:1],6.49,-0.616,5500.0,0.24,-2.09,3.09,0.24,3.7304423330216485,0.060294806436200846
O=C(Cn1c(C(=O)N[*:1])nc2ccccc21)Nc1ccc(Cl)cn1,CPD_423,O=C(Cn1c(C(=O)Nc2ccc(-n3ccc(=O)cc3)cc2)nc2ccccc21)Nc1ccc(Cl)cn1,O=c1ccn(-c2ccc([*:1])cc2)cc1,7.3,3.099,3.9,CPD_531,O=C(Cn1c(C(=O)Nc2ccc(-n3ccc(=O)[nH]c3=O)cc2)nc2ccccc21)Nc1ccc(Cl)cn1,O=c1ccn(-c2ccc([*:1])cc2)c(=O)[nH]1,7.54,2.869,2.6,0.24,-0.23,-0.18,0.24,0.2920616373302047,0.44275407716004905
CC(C)N1CCC(NC(=O)c2cc3c([*:1])cccc3n2Cc2cc(-c3ccc(Cl)s3)on2)CC1,CPD_161,CC(OC(=O)c1cccc2c1cc(C(=O)NC1CCN(C(C)C)CC1)n2Cc1cc(-c2ccc(Cl)s2)on1)OC(=O)C(C)(C)C,CC(OC(=O)C(C)(C)C)OC(=O)[*:1],7.78,3.512,26.0,CPD_184,CCOC(=O)COc1cccc2c1cc(C(=O)NC1CCN(C(C)C)CC1)n2Cc1cc(-c2ccc(Cl)s2)on1,CCOC(=O)CO[*:1],8.01,1.723,260.0,0.24,-1.79,1.0,0.24,2.050390206765532,0.10433012594739413
O=C(Nc1ccc(N2CCOC2=O)cc1)c1nc2ccccc2n1C[*:1],CPD_521,O=C(Cn1c(C(=O)Nc2ccc(N3CCOC3=O)cc2)nc2ccccc21)Nc1ccc(Cl)cn1,O=C(Nc1ccc(Cl)cn1)[*:1],6.1,4.136,1.0,CPD_533,O=C(Nc1ccc(N2CCOC2=O)cc1)c1nc2ccccc2n1Cc1cc(-c2ccc(Cl)s2)on1,Clc1ccc(-c2cc([*:1])no2)s1,6.33,4.952,0.1,0.24,0.82,-1.0,0.24,1.2932130528261767,0.15551967990451732
CC(C)N1CCC(NC(=O)c2nc3c(OCCO)cccc3n2C[*:1])CC1,CPD_690,CC(C)N1CCC(NC(=O)c2nc3c(OCCO)cccc3n2CC(=O)Nc2ccc(Cl)cn2)CC1,O=C(Nc1ccc(Cl)cn1)[*:1],8.43,1.283,760.0,CPD_737,CC(C)N1CCC(NC(=O)c2nc3c(OCCO)cccc3n2Cc2cc3ccc(Cl)cc3s2)CC1,Clc1ccc2cc([*:1])sc2c1,8.65,4.197,8.2,0.23,2.91,-1.97,0.23,3.51411439768258,0.06110335013771158
CC(C)N1CCC(NC(=O)c2nc3c([*:1])c(F)ccc3n2CC(=O)Nc2ccc(Cl)cn2)CC1,CPD_759,CC(C)N1CCC(NC(=O)c2nc3c(C(=O)N4CCOCC4)c(F)ccc3n2CC(=O)Nc2ccc(Cl)cn2)CC1,O=C(N1CCOCC1)[*:1],7.55,-0.345,2600.0,CPD_760,CC(C)N1CCC(NC(=O)c2nc3c(C(=O)N4CCCOCC4)c(F)ccc3n2CC(=O)Nc2ccc(Cl)cn2)CC1,O=C(N1CCCOCC1)[*:1],7.78,0.042,1800.0,0.23,0.39,-0.16,0.23,0.42154477816715985,0.3424939147434615
Clc1ccc(-c2cc(Cn3c([*:1])cc4ccccc43)no2)s1,CPD_57,CCN1CC[C@H](NC(=O)c2cc3ccccc3n2Cc2cc(-c3ccc(Cl)s3)on2)C1,CCN1CC[C@H](NC(=O)[*:1])C1,6.76,1.624,680.0,CPD_63,CC(C)N1CC[C@H](NC(=O)c2cc3ccccc3n2Cc2cc(-c3ccc(Cl)s3)on2)C1,CC(C)N1CC[C@H](NC(=O)[*:1])C1,6.99,1.909,390.0,0.23,0.28,-0.24,0.23,0.3687817782917155,0.37169808172917773
CC(C)N1CCC(NC(=O)c2cc3cc([*:1])ccc3n2Cc2cc(-c3ccc(Cl)s3)on2)CC1,CPD_167,CCOC(=O)OC(C)OC(=O)c1ccc2c(c1)cc(C(=O)NC1CCN(C(C)C)CC1)n2Cc1cc(-c2ccc(Cl)s2)on1,CCOC(=O)OC(C)OC(=O)[*:1],7.38,2.914,58.0,CPD_503,CC(C)ONC(=O)c1ccc2c(c1)cc(C(=O)NC1CCN(C(C)C)CC1)n2Cc1cc(-c2ccc(Cl)s2)on1,CC(C)ONC(=O)[*:1],7.61,2.516,57.0,0.23,-0.4,-0.01,0.23,0.4001249804748512,0.35377813021737453
CC(C)N1CCC(NC(=O)c2nc3cc(OC[*:1])ccc3n2CC(=O)Nc2ccc(Cl)cn2)CC1,CPD_836,CC(C)N1CCC(NC(=O)c2nc3cc(OCCN4CCOCC4)ccc3n2CC(=O)Nc2ccc(Cl)cn2)CC1,C1CN(C[*:1])CCO1,7.7,1.561,370.0,CPD_926,COCCOc1ccc2c(c1)nc(C(=O)NC1CCN(C(C)C)CC1)n2CC(=O)Nc1ccc(Cl)cn1,COC[*:1],7.93,1.91,390.0,0.23,0.35,0.02,0.23,0.35057096285916206,0.38296889830475633
Clc1ccc(-c2cc(Cn3c([*:1])nc4ccccc43)no2)s1,CPD_425,CN1[C@@H]2CC[C@H]1C[C@@H](NC(=O)c1nc3ccccc3n1Cc1cc(-c3ccc(Cl)s3)on1)C2,CN1[C@@H]2CC[C@H]1C[C@@H](NC(=O)[*:1])C2,7.69,2.187,69.0,CPD_457,O=C(Nc1ccc(-n2ccc(=O)cc2)cc1)c1nc2ccccc2n1Cc1cc(-c2ccc(Cl)s2)on1,O=C(Nc1ccc(-n2ccc(=O)cc2)cc1)[*:1],7.92,3.915,0.4,0.23,1.73,-2.24,0.23,2.830282671395209,0.07466847186976573
Clc1ccc(-c2cc(Cn3c([*:1])nc4ccccc43)no2)s1,CPD_979,CCN(CC)C(=O)N1CCN(C(=O)c2nc3ccccc3n2Cc2cc(-c3ccc(Cl)s3)on2)CC1,CCN(CC)C(=O)N1CCN(C(=O)[*:1])CC1,5.92,4.096,0.6,CPD_980,O=C(c1nc2ccccc2n1Cc1cc(-c2ccc(Cl)s2)on1)N1CCN(C(=O)N2CCCC2)CC1,O=C(N1CCCC1)N1CCN(C(=O)[*:1])CC1,6.15,3.472,0.9,0.23,-0.62,0.18,0.23,0.6456004956627589,0.2568109342433942
CC(C)N1CCC(NC(=O)c2nc3c([*:1])cccc3n2CC(=O)Nc2ccc(Cl)cn2)CC1,CPD_307,COC(=O)c1cccc2c1nc(C(=O)NC1CCN(C(C)C)CC1)n2CC(=O)Nc1ccc(Cl)cn1,COC(=O)[*:1],7.93,2.316,160.0,CPD_597,COCCOc1cccc2c1nc(C(=O)NC1CCN(C(C)C)CC1)n2CC(=O)Nc1ccc(Cl)cn1,COCCO[*:1],8.16,1.933,370.0,0.23,-0.38,0.36,0.23,0.523450093132096,0.29736889560464347
CC(C)N1CCC(NC(=O)c2nc3cc([*:1])ccc3n2CC(=O)Nc2ccc(Cl)cn2)CC1,CPD_381,CC(C)N1CCC(NC(=O)c2nc3cc(C(=O)N4CC(O)C4)ccc3n2CC(=O)Nc2ccc(Cl)cn2)CC1,O=C(N1CC(O)C1)[*:1],7.5,-0.694,3300.0,CPD_944,CC(C)N1CCC(NC(=O)c2nc3cc(OC(C)(C)CO)ccc3n2CC(=O)Nc2ccc(Cl)cn2)CC1,CC(C)(CO)O[*:1],7.73,1.966,380.0,0.23,2.66,-0.94,0.23,2.821205416129779,0.07488916201829235
CC(C)N1CCC(NC(=O)c2cc3cc([*:1])ccc3n2CC(=O)Nc2ccc(Cl)cn2)CC1,CPD_268,COC(=O)c1ccc2c(c1)cc(C(=O)NC1CCN(C(C)C)CC1)n2CC(=O)Nc1ccc(Cl)cn1,COC(=O)[*:1],8.12,0.993,8500.0,CPD_359,CC(C)N1CCC(NC(=O)c2cc3cc(C(=O)OCC(=O)O)ccc3n2CC(=O)Nc2ccc(Cl)cn2)CC1,O=C(O)COC(=O)[*:1],8.35,0.3,9.7,0.23,-0.69,-2.94,0.23,3.019884103736433,0.07033888440791632
CC(C)N1CCC(NC(=O)c2nc3cc(O[*:1])ccc3n2CC(=O)Nc2ccc(Cl)cn2)CC1,CPD_925,CC(C)N1CCC(NC(=O)c2nc3cc(OCCCO)ccc3n2CC(=O)Nc2ccc(Cl)cn2)CC1,OCCC[*:1],7.87,2.044,310.0,CPD_942,CCOCC(O)COc1ccc2c(c1)nc(C(=O)NC1CCN(C(C)C)CC1)n2CC(=O)Nc1ccc(Cl)cn1,CCOCC(O)C[*:1],8.1,1.877,390.0,0.23,-0.17,0.1,0.23,0.1972308292331602,0.5142758167954726
Cc1ccc(C)c2c1cc(C(=O)N(C[*:1])C1CCN(C(C)C)CC1)n2Cc1cc(-c2ccc(Cl)s2)on1,CPD_123,CCOC(=O)CN(C(=O)c1cc2c(C)ccc(C)c2n1Cc1cc(-c2ccc(Cl)s2)on1)C1CCN(C(C)C)CC1,CCOC(=O)[*:1],7.68,3.659,170.0,CPD_142,Cc1ccc(C)c2c1cc(C(=O)N(CC(=O)O)C1CCN(C(C)C)CC1)n2Cc1cc(-c2ccc(Cl)s2)on1,O=C(O)[*:1],7.91,2.26,1.3,0.23,-1.4,-2.12,0.23,2.540551121312067,0.08242099499394161
COCCOc1cccc2nc(C(=O)NC3CCN(C(C)C)CC3)n(C[*:1])c12,CPD_792,COCCOc1cccc2nc(C(=O)NC3CCN(C(C)C)CC3)n(CC(=O)Nc3ccc(Cl)cn3)c12,O=C(Nc1ccc(Cl)cn1)[*:1],7.69,1.914,390.0,CPD_818,COCCOc1cccc2nc(C(=O)NC3CCN(C(C)C)CC3)n(CC(=O)Nc3ccc(Br)cn3)c12,O=C(Nc1ccc(Br)cn1)[*:1],7.92,2.17,390.0,0.23,0.26,0.0,0.23,0.26,0.45098039215686275
CC(C)N1CCC(NC(=O)c2cc3cc([*:1])ccc3n2Cc2cc(-c3ccc(Cl)s3)on2)CC1,CPD_158,CC(C)N1CCC(NC(=O)c2cc3cc(-c4noc(O)n4)ccc3n2Cc2cc(-c3ccc(Cl)s3)on2)CC1,Oc1nc([*:1])no1,8.24,0.316,300.0,CPD_262,CC(C)N1CCC(NC(=O)c2cc3cc(-c4n[nH]c(=O)o4)ccc3n2Cc2cc(-c3ccc(Cl)s3)on2)CC1,O=c1[nH]nc([*:1])o1,8.48,0.297,310.0,0.23,-0.02,0.01,0.23,0.022360679774997897,0.8444684459959756
CC(C)N1CCC(NC(=O)c2cc3cc([*:1])ccc3n2Cc2cc(-c3ccc(Cl)s3)on2)CC1,CPD_38,CC(C)N1CCC(NC(=O)c2cc3cc(Br)ccc3n2Cc2cc(-c3ccc(Cl)s3)on2)CC1,Br[*:1],8.06,2.851,68.0,CPD_112,COC(=O)c1ccc2c(c1)cc(C(=O)NC1CCN(C(C)C)CC1)n2Cc1cc(-c2ccc(Cl)s2)on1,COC(=O)[*:1],8.29,1.96,260.0,0.23,-0.89,0.58,0.23,1.0623088063270492,0.1752636261306016
CC(C)N1CCC(NC(=O)c2cc3cc([*:1])ccc3n2Cc2cc(-c3ccc(Cl)s3)on2)CC1,CPD_85,CC(C)N1CCC(NC(=O)c2cc3cc(C(=O)O)ccc3n2Cc2cc(-c3ccc(Cl)s3)on2)CC1,O=C(O)[*:1],8.07,1.328,5.5,CPD_181,CC(C)N1CCC(NC(=O)c2cc3cc(OCC(=O)O)ccc3n2Cc2cc(-c3ccc(Cl)s3)on2)CC1,O=C(O)CO[*:1],8.3,0.774,4.7,0.23,-0.55,-0.07,0.23,0.5544366510251645,0.28591437213469917
CC(C)N1CCC(NC(=O)c2cc3ccccc3n2CC(=O)Nc2ccc([*:1])cc2)CC1,CPD_857,CC(C)N1CCC(NC(=O)c2cc3ccccc3n2CC(=O)Nc2ccc(F)cc2)CC1,F[*:1],7.2,0.778,6500.0,CPD_861,C#Cc1ccc(NC(=O)Cn2c(C(=O)NC3CCN(C(C)C)CC3)cc3ccccc32)cc1,C#C[*:1],7.42,0.573,1600.0,0.22,-0.21,-0.61,0.22,0.6451356446515725,0.24577280696450649
CC(C)N1CCC(NC(=O)c2cc3cc(C(=O)O[*:1])ccc3n2CC(=O)Nc2ccc(Cl)cn2)CC1,CPD_315,CCOC(=O)OC(C)OC(=O)c1ccc2c(c1)cc(C(=O)NC1CCN(C(C)C)CC1)n2CC(=O)Nc1ccc(Cl)cn1,CCOC(=O)OC(C)[*:1],7.83,1.946,1900.0,CPD_370,COCCOC(=O)OC(C)OC(=O)c1ccc2c(c1)cc(C(=O)NC1CCN(C(C)C)CC1)n2CC(=O)Nc1ccc(Cl)cn1,COCCOC(=O)OC(C)[*:1],8.05,1.425,5200.0,0.22,-0.52,0.44,0.22,0.6811754546370561,0.23626052308879783
CC(C)N1CCC(NC(=O)c2nc3c(OCCO)cccc3n2[*:1])CC1,CPD_690,CC(C)N1CCC(NC(=O)c2nc3c(OCCO)cccc3n2CC(=O)Nc2ccc(Cl)cn2)CC1,O=C(C[*:1])Nc1ccc(Cl)cn1,8.43,1.283,760.0,CPD_773,CC(C)N1CCC(NC(=O)c2nc3c(OCCO)cccc3n2Cc2nnc(-c3ccc(Cl)s3)s2)CC1,Clc1ccc(-c2nnc(C[*:1])s2)s1,8.65,2.624,18.0,0.22,1.34,-1.63,0.22,2.1100947846009195,0.09321659512806428
CC(C)N1CCC(NC(=O)c2cc3cc(OCCO[*:1])ncc3n2CC(=O)Nc2ccc(Cl)cn2)CC1,CPD_782,COCCOCCOc1cc2cc(C(=O)NC3CCN(C(C)C)CC3)n(CC(=O)Nc3ccc(Cl)cn3)c2cn1,COCC[*:1],7.23,-0.733,270000.0,CPD_927,COCCOc1cc2cc(C(=O)NC3CCN(C(C)C)CC3)n(CC(=O)Nc3ccc(Cl)cn3)c2cn1,C[*:1],7.45,-0.378,150000.0,0.22,0.35,-0.26,0.22,0.4360045871318328,0.32069756402040145
Clc1ccc(-c2cc(Cn3c([*:1])nc4ccccc43)no2)s1,CPD_978,O=C(c1nc2ccccc2n1Cc1cc(-c2ccc(Cl)s2)on1)N1CCN(Cc2ccncc2)CC1,O=C(N1CCN(Cc2ccncc2)CC1)[*:1],5.93,3.205,2.8,CPD_980,O=C(c1nc2ccccc2n1Cc1cc(-c2ccc(Cl)s2)on1)N1CCN(C(=O)N2CCCC2)CC1,O=C(N1CCCC1)N1CCN(C(=O)[*:1])CC1,6.15,3.472,0.9,0.22,0.27,-0.49,0.22,0.5594640292279746,0.27178477616828106
CC(C)N1CCC(NC(=O)c2nc3c([*:1])c(F)ccc3n2CC(=O)Nc2ccc(Cl)cn2)CC1,CPD_752,CC(C)N1CCC(NC(=O)c2nc3c(C(=O)O)c(F)ccc3n2CC(=O)Nc2ccc(Cl)cn2)CC1,O=C(O)[*:1],7.57,1.337,2.0,CPD_760,CC(C)N1CCC(NC(=O)c2nc3c(C(=O)N4CCCOCC4)c(F)ccc3n2CC(=O)Nc2ccc(Cl)cn2)CC1,O=C(N1CCCOCC1)[*:1],7.78,0.042,1800.0,0.22,-1.29,2.95,0.22,3.2197204847626137,0.06340568381981687
O=C(Cn1c([*:1])nc2ccccc21)Nc1ccc(Cl)cn1,CPD_427,CCN1CCN(c2ccc(NC(=O)c3nc4ccccc4n3CC(=O)Nc3ccc(Cl)cn3)cc2)C(=O)C1=O,CCN1CCN(c2ccc(NC(=O)[*:1])cc2)C(=O)C1=O,4.97,2.222,7.3,CPD_985,O=C(Cn1c(C(=O)N2CCN(CC(=O)N3CCCC3)CC2)nc2ccccc21)Nc1ccc(Cl)cn1,O=C(CN1CCN(C(=O)[*:1])CC1)N1CCCC1,5.2,2.775,6.7,0.22,0.55,-0.04,0.22,0.5514526271584895,0.27450156446551194
CC(C)N1CCC(NC(=O)c2cc3cc([*:1])ccc3n2Cc2cc(-c3ccc(Cl)s3)on2)CC1,CPD_85,CC(C)N1CCC(NC(=O)c2cc3cc(C(=O)O)ccc3n2Cc2cc(-c3ccc(Cl)s3)on2)CC1,O=C(O)[*:1],8.07,1.328,5.5,CPD_112,COC(=O)c1ccc2c(c1)cc(C(=O)NC1CCN(C(C)C)CC1)n2Cc1cc(-c2ccc(Cl)s2)on1,COC(=O)[*:1],8.29,1.96,260.0,0.22,0.63,1.67,0.22,1.7848809484108457,0.10811443301968625
CC(C)N1CCC(NC(=O)c2cc3cc([*:1])ccc3n2CC(=O)Nc2ccc(Cl)cn2)CC1,CPD_315,CCOC(=O)OC(C)OC(=O)c1ccc2c(c1)cc(C(=O)NC1CCN(C(C)C)CC1)n2CC(=O)Nc1ccc(Cl)cn1,CCOC(=O)OC(C)OC(=O)[*:1],7.83,1.946,1900.0,CPD_408,CC(C)N1CCC(NC(=O)c2cc3cc(C(=O)N4CC(O)C4)ccc3n2CC(=O)Nc2ccc(Cl)cn2)CC1,O=C(N1CC(O)C1)[*:1],8.06,-2.004,210000.0,0.22,-3.95,2.04,0.22,4.445683299561497,0.0468515412912418
CC(C)N1CCC(NC(=O)c2cc3cc([*:1])ccc3n2Cc2cc(-c3ccc(Cl)s3)on2)CC1,CPD_213,CC(OC(=O)OC1CCCCC1)OC(=O)c1ccc2c(c1)cc(C(=O)NC1CCN(C(C)C)CC1)n2Cc1cc(-c2ccc(Cl)s2)on1,CC(OC(=O)OC1CCCCC1)OC(=O)[*:1],6.77,4.442,4.4,CPD_373,CC(C)N1CCC(NC(=O)c2cc3cc(C(=O)N4CCCC4CO)ccc3n2Cc2cc(-c3ccc(Cl)s3)on2)CC1,O=C(N1CCCC1CO)[*:1],6.98,-0.415,2900.0,0.22,-4.86,2.82,0.22,5.618896688852715,0.03748575101311024
O=C(N[*:1])c1cc2ccccc2n1Cc1cc(-c2ccc(Cl)s2)on1,CPD_18,COC(=O)N1CCC(NC(=O)c2cc3ccccc3n2Cc2cc(-c3ccc(Cl)s3)on2)CC1,COC(=O)N1CCC([*:1])CC1,5.75,3.257,1.6,CPD_22,NC(=O)N1CCC(NC(=O)c2cc3ccccc3n2Cc2cc(-c3ccc(Cl)s3)on2)CC1,NC(=O)N1CCC([*:1])CC1,5.97,1.914,8.7,0.22,-1.34,0.74,0.22,1.5307514494521965,0.1235433502343505
CC(C)N1CCC(NC(=O)c2nc3cc([*:1])ccc3n2CC(=O)Nc2ccc(Cl)cn2)CC1,CPD_381,CC(C)N1CCC(NC(=O)c2nc3cc(C(=O)N4CC(O)C4)ccc3n2CC(=O)Nc2ccc(Cl)cn2)CC1,O=C(N1CC(O)C1)[*:1],7.5,-0.694,3300.0,CPD_397,CCOC(=O)OC(C)OC(=O)c1ccc2c(c1)nc(C(=O)NC1CCN(C(C)C)CC1)n2CC(=O)Nc1ccc(Cl)cn1,CCOC(=O)OC(C)OC(=O)[*:1],7.72,3.257,33.0,0.22,3.95,-2.0,0.22,4.427471061452576,0.047033962820858075
CC(C)N1CCC(NC(=O)c2nc3cc([*:1])ccc3n2CC(=O)Nc2ccc(Cl)cn2)CC1,CPD_341,CC(C)N1CCC(NC(=O)c2nc3cc(C(=O)O)ccc3n2CC(=O)Nc2ccc(Cl)cn2)CC1,O=C(O)[*:1],7.65,1.376,1.9,CPD_925,CC(C)N1CCC(NC(=O)c2nc3cc(OCCCO)ccc3n2CC(=O)Nc2ccc(Cl)cn2)CC1,OCCCO[*:1],7.87,2.044,310.0,0.22,0.67,2.21,0.22,2.309328906847182,0.08596003405870031
CC(C)N1CCC(NC(=O)c2nc3ccc([*:1])cc3n2CC(=O)Nc2ccc(Cl)cn2)CC1,CPD_317,COC(=O)c1ccc2nc(C(=O)NC3CCN(C(C)C)CC3)n(CC(=O)Nc3ccc(Cl)cn3)c2c1,COC(=O)[*:1],6.43,2.305,160.0,CPD_450,CC(C)N1CCC(NC(=O)c2nc3ccc(S(=O)(=O)CCO)cc3n2CC(=O)Nc2ccc(Cl)cn2)CC1,O=S(=O)(CCO)[*:1],6.65,0.285,880.0,0.22,-2.02,0.74,0.22,2.151278689523977,0.09161785383753696
CC(C)N1CCC(NC(=O)c2nc3c([*:1])cccc3n2CC(=O)Nc2ccc(Cl)cn2)CC1,CPD_600,COCCOCc1cccc2c1nc(C(=O)NC1CCN(C(C)C)CC1)n2CC(=O)Nc1ccc(Cl)cn1,COCCOC[*:1],7.87,1.696,550.0,CPD_614,CC(C)N1CCC(NC(=O)c2nc3c(C(=O)N4CCC(F)(F)CC4)cccc3n2CC(=O)Nc2ccc(Cl)cn2)CC1,O=C(N1CCC(F)(F)CC1)[*:1],8.08,0.968,260.0,0.21,-0.73,-0.33,0.21,0.8011242100947892,0.19978609376817838
COc1cccc(Cn2c(C(=O)NC3CCN(C(C)C)CC3)cc3c(OC[*:1])cccc32)c1,CPD_915,COCCCOc1cccc2c1cc(C(=O)NC1CCN(C(C)C)CC1)n2Cc1cccc(OC)c1,COCC[*:1],6.99,1.192,13000.0,CPD_923,COc1cccc(Cn2c(C(=O)NC3CCN(C(C)C)CC3)cc3c(OCCCO)cccc32)c1,OCC[*:1],7.2,0.96,26000.0,0.21,-0.23,0.3,0.21,0.378021163428716,0.33438363582127306
CC(C)N1CCC(NC(=O)c2cc3cc(C(=O)OC[*:1])ccc3n2Cc2cc(-c3ccc(Cl)s3)on2)CC1,CPD_171,CCOC(=O)c1ccc2c(c1)cc(C(=O)NC1CCN(C(C)C)CC1)n2Cc1cc(-c2ccc(Cl)s2)on1,C[*:1],7.96,2.492,130.0,CPD_364,CC(C)N1CCC(NC(=O)c2cc3cc(C(=O)OCCN4CCNC4=O)ccc3n2Cc2cc(-c3ccc(Cl)s3)on2)CC1,O=C1NCCN1C[*:1],8.16,1.632,44.0,0.21,-0.86,-0.47,0.21,0.9800510190801293,0.17072462584279194
CC(C)N1CCC(NC(=O)c2cc3cc(C(=O)OC[*:1])ccc3n2Cc2cc(-c3ccc(Cl)s3)on2)CC1,CPD_194,Cc1oc(=O)oc1COC(=O)c1ccc2c(c1)cc(C(=O)NC1CCN(C(C)C)CC1)n2Cc1cc(-c2ccc(Cl)s2)on1,Cc1oc(=O)oc1[*:1],7.96,3.174,10.0,CPD_364,CC(C)N1CCC(NC(=O)c2cc3cc(C(=O)OCCN4CCNC4=O)ccc3n2Cc2cc(-c3ccc(Cl)s3)on2)CC1,O=C1NCCN1C[*:1],8.16,1.632,44.0,0.21,-1.54,0.64,0.21,1.6676930173146376,0.10950657801010552
CC(C)N1CCC(NC(=O)c2cc3cc([*:1])ccc3n2CC(=O)Nc2ccc(Cl)cn2)CC1,CPD_359,CC(C)N1CCC(NC(=O)c2cc3cc(C(=O)OCC(=O)O)ccc3n2CC(=O)Nc2ccc(Cl)cn2)CC1,O=C(O)COC(=O)[*:1],8.35,0.3,9.7,CPD_865,CC(C)N1CCC(NC(=O)c2cc3cc(OCCOCCO)ccc3n2CC(=O)Nc2ccc(Cl)cn2)CC1,OCCOCCO[*:1],8.55,-0.117,77000.0,0.21,-0.42,3.9,0.21,3.9225501908834763,0.05032893324059346
Clc1ccc(-c2cc(Cn3c([*:1])nc4ccccc43)no2)s1,CPD_557,O=C(Nc1ccc(N2CCS(=O)(=O)CC2)cc1)c1nc2ccccc2n1Cc1cc(-c2ccc(Cl)s2)on1,O=C(Nc1ccc(N2CCS(=O)(=O)CC2)cc1)[*:1],5.0,3.236,0.4,CPD_984,O=C(c1nc2ccccc2n1Cc1cc(-c2ccc(Cl)s2)on1)N1CCC(N2CCCC2=O)CC1,O=C1CCCN1C1CCN(C(=O)[*:1])CC1,5.21,3.149,1.2,0.21,-0.09,0.48,0.21,0.4883646178829912,0.2844123281558417
CC(C)N1CCC(NC(=O)c2cc3cc([*:1])ccc3n2Cc2cc(-c3ccc(Cl)s3)on2)CC1,CPD_158,CC(C)N1CCC(NC(=O)c2cc3cc(-c4noc(O)n4)ccc3n2Cc2cc(-c3ccc(Cl)s3)on2)CC1,Oc1nc([*:1])no1,8.24,0.316,300.0,CPD_338,CC(C)N1CCC(NC(=O)c2cc3cc(NS(C)(=O)=O)ccc3n2Cc2cc(-c3ccc(Cl)s3)on2)CC1,CS(=O)(=O)N[*:1],8.46,0.697,170.0,0.21,0.38,-0.25,0.21,0.45486261662176636,0.29793039813414773
CC(C)N1CCC(NC(=O)c2nc3c([*:1])cccc3n2Cc2cc(-c3ccc(Cl)s3)on2)CC1,CPD_305,COC(=O)c1cccc2c1nc(C(=O)NC1CCN(C(C)C)CC1)n2Cc1cc(-c2ccc(Cl)s2)on1,COC(=O)[*:1],8.42,3.133,16.0,CPD_391,CC(C)N1CCC(NC(=O)c2nc3c(C(=O)OCCO)cccc3n2Cc2cc(-c3ccc(Cl)s3)on2)CC1,O=C(OCCO)[*:1],8.62,2.057,54.0,0.21,-1.08,0.53,0.21,1.2030378215168467,0.1445247996234386
O=C(O)c1ccc2c(c1)cc(C(=O)NC1CCN(C3CC3)CC1)n2C[*:1],CPD_620,O=C(Cn1c(C(=O)NC2CCN(C3CC3)CC2)cc2cc(C(=O)O)ccc21)Nc1ccc(Cl)cn1,O=C(Nc1ccc(Cl)cn1)[*:1],6.81,-0.152,19.0,CPD_695,O=C(O)c1ccc2c(c1)cc(C(=O)NC1CCN(C3CC3)CC1)n2Cc1cc(-c2ccc(Cl)s2)on1,Clc1ccc(-c2cc([*:1])no2)s1,7.01,0.814,12.0,0.21,0.97,-0.2,0.21,0.9904039579888602,0.16929968551574548
CC(C)N1CCC(NC(=O)c2nc3c([*:1])cccc3n2CC(=O)Nc2ccc(Cl)cn2)CC1,CPD_307,COC(=O)c1cccc2c1nc(C(=O)NC1CCN(C(C)C)CC1)n2CC(=O)Nc1ccc(Cl)cn1,COC(=O)[*:1],7.93,2.316,160.0,CPD_529,CC(C)N1CCC(NC(=O)c2nc3c(CO)cccc3n2CC(=O)Nc2ccc(Cl)cn2)CC1,OC[*:1],8.14,1.111,1100.0,0.21,-1.2,0.84,0.21,1.4647866738880444,0.12246421271973948
CC(C)N1CCC(NC(=O)c2nc3cc([*:1])ccc3n2CC(=O)Nc2ccc(Cl)cn2)CC1,CPD_397,CCOC(=O)OC(C)OC(=O)c1ccc2c(c1)nc(C(=O)NC1CCN(C(C)C)CC1)n2CC(=O)Nc1ccc(Cl)cn1,CCOC(=O)OC(C)OC(=O)[*:1],7.72,3.257,33.0,CPD_926,COCCOc1ccc2c(c1)nc(C(=O)NC1CCN(C(C)C)CC1)n2CC(=O)Nc1ccc(Cl)cn1,COCCO[*:1],7.93,1.91,390.0,0.21,-1.35,1.07,0.21,1.7226142922894843,0.10645770986291839
CC(C)N1CCC(NC(=O)c2nc3cc([*:1])ccc3n2CC(=O)Nc2ccc(Cl)cn2)CC1,CPD_319,COC(=O)c1ccc2c(c1)nc(C(=O)NC1CCN(C(C)C)CC1)n2CC(=O)Nc1ccc(Cl)cn1,COC(=O)[*:1],7.72,2.303,160.0,CPD_926,COCCOc1ccc2c(c1)nc(C(=O)NC1CCN(C(C)C)CC1)n2CC(=O)Nc1ccc(Cl)cn1,COCCO[*:1],7.93,1.91,390.0,0.21,-0.39,0.39,0.21,0.5515432893255071,0.2619945831955171
CC(C)N1CCC(NC(=O)c2cc3c([*:1])cccc3n2Cc2cc(-c3ccc(Cl)s3)on2)CC1,CPD_174,CC(C)N1CCC(NC(=O)c2cc3c(C(=O)O)cccc3n2Cc2cc(-c3ccc(Cl)s3)on2)CC1,O=C(O)[*:1],8.25,1.328,5.5,CPD_231,COC(=O)OC(C)OC(=O)c1cccc2c1cc(C(=O)NC1CCN(C(C)C)CC1)n2Cc1cc(-c2ccc(Cl)s2)on1,COC(=O)OC(C)OC(=O)[*:1],8.46,2.396,110.0,0.21,1.07,1.3,0.21,1.6837161280928565,0.10859918731045297
Clc1ccc(-c2cc(Cn3c([*:1])nc4ccccc43)no2)s1,CPD_458,O=C(Nc1ccc(-n2ncccc2=O)cc1)c1nc2ccccc2n1Cc1cc(-c2ccc(Cl)s2)on1,O=C(Nc1ccc(-n2ncccc2=O)cc1)[*:1],5.0,4.288,0.2,CPD_984,O=C(c1nc2ccccc2n1Cc1cc(-c2ccc(Cl)s2)on1)N1CCC(N2CCCC2=O)CC1,O=C1CCCN1C1CCN(C(=O)[*:1])CC1,5.21,3.149,1.2,0.21,-1.14,0.78,0.21,1.3813037319865606,0.12873139188142926
Clc1ccc(-c2cc(Cn3c([*:1])nc4ccccc43)no2)s1,CPD_421,Cc1ccc(=O)n(-c2ccc(NC(=O)c3nc4ccccc4n3Cc3cc(-c4ccc(Cl)s4)on3)cc2)n1,Cc1ccc(=O)n(-c2ccc(NC(=O)[*:1])cc2)n1,5.0,3.824,0.3,CPD_984,O=C(c1nc2ccccc2n1Cc1cc(-c2ccc(Cl)s2)on1)N1CCC(N2CCCC2=O)CC1,O=C1CCCN1C1CCN(C(=O)[*:1])CC1,5.21,3.149,1.2,0.21,-0.67,0.6,0.21,0.899388681271896,0.1827058186858228
CC(C)N1CCC(NC(=O)c2cc3cc([*:1])ccc3n2Cc2cc(-c3ccc(Cl)s3)on2)CC1,CPD_365,CC(C)N1CCC(NC(=O)c2cc3cc(C(=O)OC4CCOC4)ccc3n2Cc2cc(-c3ccc(Cl)s3)on2)CC1,O=C(OC1CCOC1)[*:1],7.58,1.734,120.0,CPD_366,CC(C)N1CCC(NC(=O)c2cc3cc(C(=O)OCCN4CCOCC4)ccc3n2Cc2cc(-c3ccc(Cl)s3)on2)CC1,O=C(OCCN1CCOCC1)[*:1],7.79,1.706,740.0,0.21,-0.03,0.79,0.21,0.7905694150420949,0.20181258161571536
O=C(O)c1ccc2c(c1)nc(C(=O)NC1CCN(C3CC3)CC1)n2[*:1],CPD_685,O=C(O)c1ccc2c(c1)nc(C(=O)NC1CCN(C3CC3)CC1)n2Cc1nnc(-c2ccc(Cl)s2)s1,Clc1ccc(-c2nnc(C[*:1])s2)s1,7.47,2.173,0.6,CPD_879,O=C(O)c1ccc2c(c1)nc(C(=O)NC1CCN(C3CC3)CC1)n2Cc1cc(-c2ccc(Cl)s2)on1,Clc1ccc(-c2cc(C[*:1])no2)s1,7.68,1.673,1.2,0.21,-0.5,0.3,0.21,0.58309518948453,0.2520720352855903
CC(C)N1CCC(NC(=O)c2cc3ccccc3n2CC(=O)N[*:1])CC1,CPD_856,CC(C)N1CCC(NC(=O)c2cc3ccccc3n2CC(=O)Nc2ccc(I)cc2)CC1,Ic1ccc([*:1])cc1,7.64,2.023,2600.0,CPD_858,CC(C)N1CCC(NC(=O)c2cc3ccccc3n2CC(=O)Nc2ccc(Cl)c(F)c2)CC1,Fc1cc([*:1])ccc1Cl,7.84,2.002,750.0,0.2,-0.02,-0.54,0.2,0.5403702434442519,0.2530459637858404
CC(C)N1CCC(NC(=O)c2nc3c(C(=O)N[*:1])cccc3n2Cc2cc(-c3ccc(Cl)s3)on2)CC1,CPD_323,CC(C)N1CCC(NC(=O)c2nc3c(C(=O)NCCO)cccc3n2Cc2cc(-c3ccc(Cl)s3)on2)CC1,OCC[*:1],9.16,1.295,130.0,CPD_434,CC(C)N1CCC(NC(=O)c2nc3c(C(=O)NCC(O)CCl)cccc3n2Cc2cc(-c3ccc(Cl)s3)on2)CC1,OC(CCl)C[*:1],9.36,1.992,49.0,0.2,0.7,-0.42,0.2,0.816333265278342,0.18755862403654316
CC(C)N1CCC(NC(=O)c2nc3c([*:1])cccc3n2CC(=O)Nc2ccc(Cl)cn2)CC1,CPD_322,CC(C)N1CCC(NC(=O)c2nc3c(C(=O)O)cccc3n2CC(=O)Nc2ccc(Cl)cn2)CC1,O=C(O)[*:1],7.95,1.375,1.9,CPD_597,COCCOc1cccc2c1nc(C(=O)NC1CCN(C(C)C)CC1)n2CC(=O)Nc1ccc(Cl)cn1,COCCO[*:1],8.16,1.933,370.0,0.2,0.56,2.29,0.2,2.3574774654278245,0.07670248454752601
CC(C)N1CCC(NC(=O)c2cc3cc([*:1])ccc3n2CC(=O)Nc2ccc(Cl)cn2)CC1,CPD_393,CC(C)N1CCC(NC(=O)c2cc3cc(C(=O)N4CCCOCC4)ccc3n2CC(=O)Nc2ccc(Cl)cn2)CC1,O=C(N1CCCOCC1)[*:1],7.64,-0.942,58000.0,CPD_541,CC(C)N1CCC(NC(=O)c2cc3cc(C(=O)N4CCOCC4)ccc3n2CC(=O)Nc2ccc(Cl)cn2)CC1,O=C(N1CCOCC1)[*:1],7.84,-1.329,79000.0,0.2,-0.39,0.13,0.2,0.41109609582188933,0.3025278794777264
Clc1ccc(-c2cc(Cn3c([*:1])cc4ccccc43)no2)s1,CPD_17,CCCN1CCC(NC(=O)c2cc3ccccc3n2Cc2cc(-c3ccc(Cl)s3)on2)CC1,CCCN1CCC(NC(=O)[*:1])CC1,7.2,2.84,77.0,CPD_26,CN1CCC(NC(=O)c2cc3ccccc3n2Cc2cc(-c3ccc(Cl)s3)on2)CC1,CN1CCC(NC(=O)[*:1])CC1,7.4,2.01,210.0,0.2,-0.83,0.44,0.2,0.9394147114027968,0.16814992961043823
CC(C)N1CCC(NC(=O)c2cc3cc(C(=O)OCC[*:1])ccc3n2Cc2cc(-c3ccc(Cl)s3)on2)CC1,CPD_363,CC(C)N1CCC(NC(=O)c2cc3cc(C(=O)OCCN4CCCC4=O)ccc3n2Cc2cc(-c3ccc(Cl)s3)on2)CC1,O=C1CCCN1[*:1],8.03,1.653,110.0,CPD_404,CC(C)N1CCC(NC(=O)c2cc3cc(C(=O)OCCO)ccc3n2Cc2cc(-c3ccc(Cl)s3)on2)CC1,O[*:1],8.24,0.885,1400.0,0.2,-0.77,1.1,0.2,1.3427211177307075,0.12557126151812312
CC(C)N1CCC(NC(=O)c2nc3cc([*:1])ccc3n2CC(=O)Nc2ccc(Cl)cn2)CC1,CPD_381,CC(C)N1CCC(NC(=O)c2nc3cc(C(=O)N4CC(O)C4)ccc3n2CC(=O)Nc2ccc(Cl)cn2)CC1,O=C(N1CC(O)C1)[*:1],7.5,-0.694,3300.0,CPD_836,CC(C)N1CCC(NC(=O)c2nc3cc(OCCN4CCOCC4)ccc3n2CC(=O)Nc2ccc(Cl)cn2)CC1,C1CN(CCO[*:1])CCO1,7.7,1.561,370.0,0.2,2.25,-0.95,0.2,2.4423349483639627,0.07428496224867302
O=C(Cn1c(C(=O)N[*:1])nc2ccccc21)Nc1ccc(Cl)cn1,CPD_521,O=C(Cn1c(C(=O)Nc2ccc(N3CCOC3=O)cc2)nc2ccccc21)Nc1ccc(Cl)cn1,O=C1OCCN1c1ccc([*:1])cc1,6.1,4.136,1.0,CPD_601,O=C(Cn1c(C(=O)Nc2ccc(N3CCNCC3=O)cc2)nc2ccccc21)Nc1ccc(Cl)cn1,O=C1CNCCN1c1ccc([*:1])cc1,6.3,2.591,8.7,0.2,-1.54,0.94,0.2,1.8042172818150257,0.09736068417421152
CC(C)N1CCC(NC(=O)c2cc3cc([*:1])ccc3n2Cc2cc(-c3ccc(Cl)s3)on2)CC1,CPD_167,CCOC(=O)OC(C)OC(=O)c1ccc2c(c1)cc(C(=O)NC1CCN(C(C)C)CC1)n2Cc1cc(-c2ccc(Cl)s2)on1,CCOC(=O)OC(C)OC(=O)[*:1],7.38,2.914,58.0,CPD_365,CC(C)N1CCC(NC(=O)c2cc3cc(C(=O)OC4CCOC4)ccc3n2Cc2cc(-c3ccc(Cl)s3)on2)CC1,O=C(OC1CCOC1)[*:1],7.58,1.734,120.0,0.2,-1.18,0.32,0.2,1.222620137246234,0.1358123489836255
CC(C)N1CCC(NC(=O)c2nc3c([*:1])cccc3n2CC(=O)Nc2ccc(Cl)cn2)CC1,CPD_401,CCOC(=O)OC(C)OC(=O)c1cccc2c1nc(C(=O)NC1CCN(C(C)C)CC1)n2CC(=O)Nc1ccc(Cl)cn1,CCOC(=O)OC(C)OC(=O)[*:1],7.96,3.271,32.0,CPD_597,COCCOc1cccc2c1nc(C(=O)NC1CCN(C(C)C)CC1)n2CC(=O)Nc1ccc(Cl)cn1,COCCO[*:1],8.16,1.933,370.0,0.2,-1.34,1.06,0.2,1.7085666507338835,0.10211549345285703
Clc1ccc(-c2cc(Cn3c([*:1])cc4ccccc43)no2)s1,CPD_57,CCN1CC[C@H](NC(=O)c2cc3ccccc3n2Cc2cc(-c3ccc(Cl)s3)on2)C1,CCN1CC[C@H](NC(=O)[*:1])C1,6.76,1.624,680.0,CPD_208,O=C(NC1CN(c2cc[n+]([O-])cc2)C1)c1cc2ccccc2n1Cc1cc(-c2ccc(Cl)s2)on1,O=C(NC1CN(c2cc[n+]([O-])cc2)C1)[*:1],6.96,1.058,17.0,0.2,-0.57,-1.6,0.2,1.6984993376507393,0.10264309365438912
CC(C)N1CCC(NC(=O)c2cc3cc([*:1])ccc3n2CC(=O)Nc2ccc(Cl)cn2)CC1,CPD_374,CC(C)OC(=O)OC(C)OC(=O)c1ccc2c(c1)cc(C(=O)NC1CCN(C(C)C)CC1)n2CC(=O)Nc1ccc(Cl)cn1,CC(C)OC(=O)OC(C)OC(=O)[*:1],7.77,2.294,1000.0,CPD_674,CC(C)N1CCC(NC(=O)c2cc3cc(C(=O)N4CCC(F)(F)CC4)ccc3n2CC(=O)Nc2ccc(Cl)cn2)CC1,O=C(N1CCC(F)(F)CC1)[*:1],7.96,-0.344,18000.0,0.2,-2.64,1.26,0.2,2.9252692183797375,0.06298678513378313
CC(C)N1CCC(NC(=O)c2cc3c([*:1])cccc3n2Cc2cc(-c3ccc(Cl)s3)on2)CC1,CPD_182,CC(C)N1CCC(NC(=O)c2cc3c(-c4nnc(O)o4)cccc3n2Cc2cc(-c3ccc(Cl)s3)on2)CC1,Oc1nnc([*:1])o1,8.57,0.305,310.0,CPD_186,Cc1oc(=O)oc1COC(=O)c1cccc2c1cc(C(=O)NC1CCN(C(C)C)CC1)n2Cc1cc(-c2ccc(Cl)s2)on1,Cc1oc(=O)oc1COC(=O)[*:1],8.75,3.186,9.7,0.19,2.88,-1.5,0.19,3.247214190656354,0.054328957176151965
CC(C)N1CCC(NC(=O)c2cc3c([*:1])cccc3n2Cc2cc(-c3ccc(Cl)s3)on2)CC1,CPD_132,CC(C)N1CCC(NC(=O)c2cc3c(C(F)(F)F)cccc3n2Cc2cc(-c3ccc(Cl)s3)on2)CC1,FC(F)(F)[*:1],7.82,2.572,90.0,CPD_184,CCOC(=O)COc1cccc2c1cc(C(=O)NC1CCN(C(C)C)CC1)n2Cc1cc(-c2ccc(Cl)s2)on1,CCOC(=O)CO[*:1],8.01,1.723,260.0,0.19,-0.85,0.46,0.19,0.9664884893261791,0.15618725673700556
CC(OC(=O)OC1CCCCC1)OC(=O)c1cccc2c1nc(C(=O)NC1CCN(C(C)C)CC1)n2C[*:1],CPD_337,CC(OC(=O)OC1CCCCC1)OC(=O)c1cccc2c1nc(C(=O)NC1CCN(C(C)C)CC1)n2Cc1cc(-c2ccc(Cl)s2)on1,Clc1ccc(-c2cc([*:1])no2)s1,7.51,5.617,0.5,CPD_350,CC(OC(=O)OC1CCCCC1)OC(=O)c1cccc2c1nc(C(=O)NC1CCN(C(C)C)CC1)n2CC(=O)Nc1ccc(Cl)cn1,O=C(Nc1ccc(Cl)cn1)[*:1],7.7,4.799,4.2,0.19,-0.82,0.92,0.19,1.2323960402403116,0.12817087663644802
CC(C)N1CCC(NC(=O)c2cc3cc([*:1])ccc3n2Cc2cc(-c3ccc(Cl)s3)on2)CC1,CPD_162,CC(OC(=O)c1ccc2c(c1)cc(C(=O)NC1CCN(C(C)C)CC1)n2Cc1cc(-c2ccc(Cl)s2)on1)OC(=O)C(C)(C)C,CC(OC(=O)C(C)(C)C)OC(=O)[*:1],7.04,3.499,26.0,CPD_344,CC(C)N1CCC(NC(=O)c2cc3cc(C(=O)N4CC(O)C4)ccc3n2Cc2cc(-c3ccc(Cl)s3)on2)CC1,O=C(N1CC(O)C1)[*:1],7.23,-1.036,6400.0,0.19,-4.54,2.39,0.19,5.130662725223711,0.035311635332448826
Clc1ccc(-c2cc(Cn3c([*:1])nc4ccccc43)no2)s1,CPD_438,CCN1CCN(c2ccc(NC(=O)c3nc4ccccc4n3Cc3cc(-c4ccc(Cl)s4)on3)cc2)C(=O)C1=O,CCN1CCN(c2ccc(NC(=O)[*:1])cc2)C(=O)C1=O,5.96,3.038,0.7,CPD_980,O=C(c1nc2ccccc2n1Cc1cc(-c2ccc(Cl)s2)on1)N1CCN(C(=O)N2CCCC2)CC1,O=C(N1CCCC1)N1CCN(C(=O)[*:1])CC1,6.15,3.472,0.9,0.19,0.43,0.11,0.19,0.4438468204234429,0.2738356571037484
CC(C)N1CCC(NC(=O)c2cc3cc([*:1])ccc3n2Cc2cc(-c3ccc(Cl)s3)on2)CC1,CPD_112,COC(=O)c1ccc2c(c1)cc(C(=O)NC1CCN(C(C)C)CC1)n2Cc1cc(-c2ccc(Cl)s2)on1,COC(=O)[*:1],8.29,1.96,260.0,CPD_262,CC(C)N1CCC(NC(=O)c2cc3cc(-c4n[nH]c(=O)o4)ccc3n2Cc2cc(-c3ccc(Cl)s3)on2)CC1,O=c1[nH]nc([*:1])o1,8.48,0.297,310.0,0.19,-1.66,0.08,0.19,1.6619265928433782,0.09937620027421444
CC(C)N1CCC(NC(=O)c2nc3c([*:1])cccc3n2CC(=O)Nc2ccc(Cl)cn2)CC1,CPD_350,CC(OC(=O)OC1CCCCC1)OC(=O)c1cccc2c1nc(C(=O)NC1CCN(C(C)C)CC1)n2CC(=O)Nc1ccc(Cl)cn1,CC(OC(=O)OC1CCCCC1)OC(=O)[*:1],7.7,4.799,4.2,CPD_638,CC(C)N1CCC(NC(=O)c2nc3c(C(=O)N(C)CCO)cccc3n2CC(=O)Nc2ccc(Cl)cn2)CC1,CN(CCO)C(=O)[*:1],7.89,-0.092,2900.0,0.19,-4.89,2.84,0.19,5.654882845824482,0.03217676031190943
CC(C)N1CCC(NC(=O)c2nc3c([*:1])cccc3n2CC(=O)Nc2ccc(Cl)cn2)CC1,CPD_546,CC(C)N1CCC(NC(=O)c2nc3c(C(=O)N4CCCOCC4)cccc3n2CC(=O)Nc2ccc(Cl)cn2)CC1,O=C(N1CCCOCC1)[*:1],7.97,0.371,1100.0,CPD_597,COCCOc1cccc2c1nc(C(=O)NC1CCN(C(C)C)CC1)n2CC(=O)Nc1ccc(Cl)cn1,COCCO[*:1],8.16,1.933,370.0,0.19,1.56,-0.47,0.19,1.6292636373527767,0.10110343020718655
CC(C)N1CCC(NC(=O)c2cc3c([*:1])cccc3n2Cc2cc(-c3ccc(Cl)s3)on2)CC1,CPD_39,CC(C)N1CCC(NC(=O)c2cc3c(Br)cccc3n2Cc2cc(-c3ccc(Cl)s3)on2)CC1,Br[*:1],7.82,2.781,71.0,CPD_184,CCOC(=O)COc1cccc2c1cc(C(=O)NC1CCN(C(C)C)CC1)n2Cc1cc(-c2ccc(Cl)s2)on1,CCOC(=O)CO[*:1],8.01,1.723,260.0,0.19,-1.06,0.56,0.19,1.1988327656516569,0.1311400490825742
CC(C)N1CCC(NC(=O)c2nc3c([*:1])cccc3n2CC(=O)Nc2ccc(Cl)cn2)CC1,CPD_322,CC(C)N1CCC(NC(=O)c2nc3c(C(=O)O)cccc3n2CC(=O)Nc2ccc(Cl)cn2)CC1,O=C(O)[*:1],7.95,1.375,1.9,CPD_529,CC(C)N1CCC(NC(=O)c2nc3c(CO)cccc3n2CC(=O)Nc2ccc(Cl)cn2)CC1,OC[*:1],8.14,1.111,1100.0,0.19,-0.26,2.76,0.19,2.7722193275424654,0.06286770727341605
CC(C)N1CCC(NC(=O)c2nc3c([*:1])cccc3n2CC(=O)Nc2ccc(Cl)cn2)CC1,CPD_401,CCOC(=O)OC(C)OC(=O)c1cccc2c1nc(C(=O)NC1CCN(C(C)C)CC1)n2CC(=O)Nc1ccc(Cl)cn1,CCOC(=O)OC(C)OC(=O)[*:1],7.96,3.271,32.0,CPD_529,CC(C)N1CCC(NC(=O)c2nc3c(CO)cccc3n2CC(=O)Nc2ccc(Cl)cn2)CC1,OC[*:1],8.14,1.111,1100.0,0.19,-2.16,1.54,0.19,2.652772134956186,0.06545467269440625
COc1cccc(Cn2c(C(=O)NC3CCN(C(C)C)CC3)cc3c([*:1])cccc32)c1,CPD_524,COc1cccc(Cn2c(C(=O)NC3CCN(C(C)C)CC3)cc3c(C(=O)N(C)CCO)cccc32)c1,CN(CCO)C(=O)[*:1],6.8,-1.188,1270000.0,CPD_915,COCCCOc1cccc2c1cc(C(=O)NC1CCN(C(C)C)CC1)n2Cc1cccc(OC)c1,COCCCO[*:1],6.99,1.192,13000.0,0.19,2.38,-1.99,0.19,3.102337828154761,0.056676865441268
CC(C)N1CCC(NC(=O)c2nc3c(C(=O)N4CC(O)C4)c([*:1])ccc3n2Cc2cc(-c3ccc(Cl)s3)on2)CC1,CPD_693,CC(C)N1CCC(NC(=O)c2nc3c(C(=O)N4CC(O)C4)c(OCC(F)(F)F)ccc3n2Cc2cc(-c3ccc(Cl)s3)on2)CC1,FC(F)(F)CO[*:1],7.73,1.413,22.0,CPD_702,CC(C)N1CCC(NC(=O)c2nc3c(C(=O)N4CC(O)C4)c(F)ccc3n2Cc2cc(-c3ccc(Cl)s3)on2)CC1,F[*:1],7.92,-0.19,510.0,0.19,-1.6,1.37,0.19,2.1063950246807934,0.08063164198275209
CC(C)N1CCC(NC(=O)c2nc3c([*:1])cccc3n2CC(=O)Nc2ccc(Cl)cn2)CC1,CPD_529,CC(C)N1CCC(NC(=O)c2nc3c(CO)cccc3n2CC(=O)Nc2ccc(Cl)cn2)CC1,OC[*:1],8.14,1.111,1100.0,CPD_735,CCOCCOCCOc1cccc2c1nc(C(=O)NC1CCN(C(C)C)CC1)n2CC(=O)Nc1ccc(Cl)cn1,CCOCCOCCO[*:1],8.33,2.096,330.0,0.19,0.99,-0.52,0.19,1.1182575731914361,0.13886274318718253
CC(C)N1CCC(NC(=O)c2cc3cc(OC[*:1])ncc3n2Cc2cc3ccc(Cl)cc3s2)CC1,CPD_705,COCCOc1cc2cc(C(=O)NC3CCN(C(C)C)CC3)n(Cc3cc4ccc(Cl)cc4s3)c2cn1,COC[*:1],6.03,2.646,3600.0,CPD_706,CC(C)N1CCC(NC(=O)c2cc3cc(OCCO)ncc3n2Cc2cc3ccc(Cl)cc3s2)CC1,OC[*:1],6.21,2.028,9500.0,0.18,-0.62,0.42,0.18,0.7488658090739622,0.18020438617963716
CC(C)N1CCC(NC(=O)c2nc3c(OCCO[*:1])cccc3n2CC(=O)Nc2ccc(Cl)cn2)CC1,CPD_597,COCCOc1cccc2c1nc(C(=O)NC1CCN(C(C)C)CC1)n2CC(=O)Nc1ccc(Cl)cn1,C[*:1],8.16,1.933,370.0,CPD_735,CCOCCOCCOc1cccc2c1nc(C(=O)NC1CCN(C(C)C)CC1)n2CC(=O)Nc1ccc(Cl)cn1,CCOCC[*:1],8.33,2.096,330.0,0.18,0.16,-0.05,0.18,0.1676305461424021,0.4310029562316169
CC(C)N1CCC(NC(=O)c2cc3cc([*:1])ccc3n2Cc2cc(-c3ccc(Cl)s3)on2)CC1,CPD_38,CC(C)N1CCC(NC(=O)c2cc3cc(Br)ccc3n2Cc2cc(-c3ccc(Cl)s3)on2)CC1,Br[*:1],8.06,2.851,68.0,CPD_158,CC(C)N1CCC(NC(=O)c2cc3cc(-c4noc(O)n4)ccc3n2Cc2cc(-c3ccc(Cl)s3)on2)CC1,Oc1nc([*:1])no1,8.24,0.316,300.0,0.18,-2.54,0.64,0.18,2.6193892417890092,0.06273111970259337
CC(C)N1CCC(NC(=O)c2nc3cc(OCC[*:1])ccc3n2CC(=O)Nc2ccc(Cl)cn2)CC1,CPD_836,CC(C)N1CCC(NC(=O)c2nc3cc(OCCN4CCOCC4)ccc3n2CC(=O)Nc2ccc(Cl)cn2)CC1,C1CN([*:1])CCO1,7.7,1.561,370.0,CPD_925,CC(C)N1CCC(NC(=O)c2nc3cc(OCCCO)ccc3n2CC(=O)Nc2ccc(Cl)cn2)CC1,OC[*:1],7.87,2.044,310.0,0.18,0.48,-0.08,0.18,0.4866210024238576,0.24435903864770145
Clc1ccc(-c2cc(Cn3c([*:1])nc4ccccc43)no2)s1,CPD_557,O=C(Nc1ccc(N2CCS(=O)(=O)CC2)cc1)c1nc2ccccc2n1Cc1cc(-c2ccc(Cl)s2)on1,O=C(Nc1ccc(N2CCS(=O)(=O)CC2)cc1)[*:1],5.0,3.236,0.4,CPD_976,O=C(CN1CCN(C(=O)c2nc3ccccc3n2Cc2cc(-c3ccc(Cl)s3)on2)CC1)N1CCCC1,O=C(CN1CCN(C(=O)[*:1])CC1)N1CCCC1,5.18,3.591,0.7,0.18,0.35,0.24,0.18,0.4243819034784589,0.2669110767527432
CC(C)N1CCC(NC(=O)c2cc3cc([*:1])ccc3n2CC(=O)Nc2ccc(Cl)cn2)CC1,CPD_674,CC(C)N1CCC(NC(=O)c2cc3cc(C(=O)N4CCC(F)(F)CC4)ccc3n2CC(=O)Nc2ccc(Cl)cn2)CC1,O=C(N1CCC(F)(F)CC1)[*:1],7.96,-0.344,18000.0,CPD_781,CC(C)N1CCC(NC(=O)c2cc3cc(OCCO)ccc3n2CC(=O)Nc2ccc(Cl)cn2)CC1,OCCO[*:1],8.14,-0.041,55000.0,0.18,0.3,0.49,0.18,0.5745432968889289,0.21830266606878632
Clc1ccc(-c2cc(Cn3c([*:1])nc4ccccc43)no2)s1,CPD_458,O=C(Nc1ccc(-n2ncccc2=O)cc1)c1nc2ccccc2n1Cc1cc(-c2ccc(Cl)s2)on1,O=C(Nc1ccc(-n2ncccc2=O)cc1)[*:1],5.0,4.288,0.2,CPD_976,O=C(CN1CCN(C(=O)c2nc3ccccc3n2Cc2cc(-c3ccc(Cl)s3)on2)CC1)N1CCCC1,O=C(CN1CCN(C(=O)[*:1])CC1)N1CCCC1,5.18,3.591,0.7,0.18,-0.7,0.54,0.18,0.8840814442120137,0.1587187595023814
CC(C)N1CCC(NC(=O)c2cc3cc([*:1])ccc3n2Cc2cc(-c3ccc(Cl)s3)on2)CC1,CPD_38,CC(C)N1CCC(NC(=O)c2cc3cc(Br)ccc3n2Cc2cc(-c3ccc(Cl)s3)on2)CC1,Br[*:1],8.06,2.851,68.0,CPD_404,CC(C)N1CCC(NC(=O)c2cc3cc(C(=O)OCCO)ccc3n2Cc2cc(-c3ccc(Cl)s3)on2)CC1,O=C(OCCO)[*:1],8.24,0.885,1400.0,0.18,-1.97,1.31,0.18,2.365797962633327,0.06881265394778187
CC(C)N1CCC(NC(=O)c2cc3cc(C(=O)O[*:1])ccc3n2Cc2cc(-c3ccc(Cl)s3)on2)CC1,CPD_361,CC(C)N1CCC(NC(=O)c2cc3cc(C(=O)OCC4COC(=O)O4)ccc3n2Cc2cc(-c3ccc(Cl)s3)on2)CC1,O=C1OCC(C[*:1])O1,7.86,1.042,660.0,CPD_363,CC(C)N1CCC(NC(=O)c2cc3cc(C(=O)OCCN4CCCC4=O)ccc3n2Cc2cc(-c3ccc(Cl)s3)on2)CC1,O=C1CCCN1CC[*:1],8.03,1.653,110.0,0.18,0.61,-0.78,0.18,0.9902019995940222,0.14513764697922005
CC(C)N1CCC(NC(=O)c2cc3cc([*:1])ccc3n2Cc2cc(-c3ccc(Cl)s3)on2)CC1,CPD_181,CC(C)N1CCC(NC(=O)c2cc3cc(OCC(=O)O)ccc3n2Cc2cc(-c3ccc(Cl)s3)on2)CC1,O=C(O)CO[*:1],8.3,0.774,4.7,CPD_262,CC(C)N1CCC(NC(=O)c2cc3cc(-c4n[nH]c(=O)o4)ccc3n2Cc2cc(-c3ccc(Cl)s3)on2)CC1,O=c1[nH]nc([*:1])o1,8.48,0.297,310.0,0.18,-0.48,1.82,0.18,1.8822327167489148,0.08441855271522704
Clc1ccc(-c2cc(Cn3c([*:1])nc4ccccc43)no2)s1,CPD_421,Cc1ccc(=O)n(-c2ccc(NC(=O)c3nc4ccccc4n3Cc3cc(-c4ccc(Cl)s4)on3)cc2)n1,Cc1ccc(=O)n(-c2ccc(NC(=O)[*:1])cc2)n1,5.0,3.824,0.3,CPD_976,O=C(CN1CCN(C(=O)c2nc3ccccc3n2Cc2cc(-c3ccc(Cl)s3)on2)CC1)N1CCCC1,O=C(CN1CCN(C(=O)[*:1])CC1)N1CCCC1,5.18,3.591,0.7,0.18,-0.23,0.37,0.18,0.4356604182158393,0.2625206227718073
CC(C)N1CCC(NC(=O)c2nc3c([*:1])cccc3n2CC(=O)Nc2ccc(Cl)cn2)CC1,CPD_609,CC(C)N1CCC(NC(=O)c2nc3c(C(=O)N4CCOCC4)cccc3n2CC(=O)Nc2ccc(Cl)cn2)CC1,O=C(N1CCOCC1)[*:1],7.71,-0.016,1600.0,CPD_638,CC(C)N1CCC(NC(=O)c2nc3c(C(=O)N(C)CCO)cccc3n2CC(=O)Nc2ccc(Cl)cn2)CC1,CN(CCO)C(=O)[*:1],7.89,-0.092,2900.0,0.18,-0.08,0.26,0.18,0.2720294101747089,0.34480815925631264
CC(C)N1CCC(NC(=O)c2nc3cc(OC[*:1])ccc3n2CC(=O)Nc2ccc(Cl)cn2)CC1,CPD_926,COCCOc1ccc2c(c1)nc(C(=O)NC1CCN(C(C)C)CC1)n2CC(=O)Nc1ccc(Cl)cn1,COC[*:1],7.93,1.91,390.0,CPD_942,CCOCC(O)COc1ccc2c(c1)nc(C(=O)NC1CCN(C(C)C)CC1)n2CC(=O)Nc1ccc(Cl)cn1,CCOCC(O)[*:1],8.1,1.877,390.0,0.18,-0.03,0.0,0.18,0.03,0.6428571428571428
CC(C)N1CCC(NC(=O)c2nc3ccc([*:1])cc3n2CC(=O)Nc2ccc(Cl)cn2)CC1,CPD_399,CCOC(=O)OC(C)OC(=O)c1ccc2nc(C(=O)NC3CCN(C(C)C)CC3)n(CC(=O)Nc3ccc(Cl)cn3)c2c1,CCOC(=O)OC(C)OC(=O)[*:1],6.16,3.259,33.0,CPD_943,CC(C)N1CCC(NC(=O)c2nc3ccc(OC(C)(C)CO)cc3n2CC(=O)Nc2ccc(Cl)cn2)CC1,CC(C)(CO)O[*:1],6.34,1.969,380.0,0.18,-1.29,1.06,0.18,1.6696406799069075,0.09376754821049586
CC(C)N1CCC(NC(=O)c2nc3c([*:1])cccc3n2Cc2cc(-c3ccc(Cl)s3)on2)CC1,CPD_333,CC(C)N1CCC(NC(=O)c2nc3c(C(=O)O)cccc3n2Cc2cc(-c3ccc(Cl)s3)on2)CC1,O=C(O)[*:1],8.44,2.191,0.6,CPD_391,CC(C)N1CCC(NC(=O)c2nc3c(C(=O)OCCO)cccc3n2Cc2cc(-c3ccc(Cl)s3)on2)CC1,O=C(OCCO)[*:1],8.62,2.057,54.0,0.18,-0.13,1.95,0.18,1.954328529188478,0.08165751956504726
CC(C)N1CCC(NC(=O)c2nc3cc([*:1])ccc3n2Cc2cc(-c3ccc(Cl)s3)on2)CC1,CPD_349,CC(C)N1CCC(NC(=O)c2nc3cc(C(=O)N4CC(O)C4)ccc3n2Cc2cc(-c3ccc(Cl)s3)on2)CC1,O=C(N1CC(O)C1)[*:1],7.73,0.123,330.0,CPD_355,CCOC(=O)OC(C)OC(=O)c1ccc2c(c1)nc(C(=O)NC1CCN(C(C)C)CC1)n2Cc1cc(-c2ccc(Cl)s2)on1,CCOC(=O)OC(C)OC(=O)[*:1],7.91,4.074,3.6,0.18,3.95,-1.96,0.18,4.409546461939141,0.03863036917225851
CC(C)N1CCC(NC(=O)c2nc3c([*:1])cccc3n2Cc2cc(-c3ccc(Cl)s3)on2)CC1,CPD_337,CC(OC(=O)OC1CCCCC1)OC(=O)c1cccc2c1nc(C(=O)NC1CCN(C(C)C)CC1)n2Cc1cc(-c2ccc(Cl)s2)on1,CC(OC(=O)OC1CCCCC1)OC(=O)[*:1],7.51,5.617,0.5,CPD_595,CC(C)N1CCC(NC(=O)c2nc3c(C(=O)N4CCC(O)CC4)cccc3n2Cc2cc(-c3ccc(Cl)s3)on2)CC1,O=C(N1CCC(O)CC1)[*:1],7.68,0.896,160.0,0.17,-4.72,2.51,0.17,5.345886268898731,0.030379459451282946
CC(C)N1CCC(NC(=O)c2cc3ccccc3n2CC(=O)N[*:1])CC1,CPD_853,Cc1ccc(NC(=O)Cn2c(C(=O)NC3CCN(C(C)C)CC3)cc3ccccc32)cc1,Cc1ccc([*:1])cc1,7.25,0.85,14000.0,CPD_861,C#Cc1ccc(NC(=O)Cn2c(C(=O)NC3CCN(C(C)C)CC3)cc3ccccc32)cc1,C#Cc1ccc([*:1])cc1,7.42,0.573,1600.0,0.17,-0.28,-0.94,0.17,0.9808159868191383,0.13811975292857534
CC(C)N1CCC(NC(=O)c2nc3ccnc([*:1])c3n2Cc2cc(-c3ccc(Cl)s3)on2)CC1,CPD_788,CC(C)N1CCC(NC(=O)c2nc3ccnc(OCCO)c3n2Cc2cc(-c3ccc(Cl)s3)on2)CC1,OCCO[*:1],8.01,1.352,260.0,CPD_882,CC(C)N1CCC(NC(=O)c2nc3ccnc(O)c3n2Cc2cc(-c3ccc(Cl)s3)on2)CC1,O[*:1],8.18,1.471,100.0,0.17,0.12,-0.41,0.17,0.4272001872658765,0.25103359862665847
CC(C)N1CCC(NC(=O)c2cc3nc([*:1])ccc3n2Cc2cc(-c3ccc(Cl)s3)on2)CC1,CPD_321,CC(C)N1CCC(NC(=O)c2cc3nc(C(=O)O)ccc3n2Cc2cc(-c3ccc(Cl)s3)on2)CC1,O=C(O)[*:1],7.98,0.334,9.6,CPD_411,COC(=O)c1ccc2c(cc(C(=O)NC3CCN(C(C)C)CC3)n2Cc2cc(-c3ccc(Cl)s3)on2)n1,COC(=O)[*:1],8.16,1.113,860.0,0.17,0.78,1.95,0.17,2.1002142747824566,0.0723338300784237
Clc1ccc(-c2cc(Cn3c([*:1])nc4ccccc43)no2)s1,CPD_559,O=C1CCN(c2ccc(NC(=O)c3nc4ccccc4n3Cc3cc(-c4ccc(Cl)s4)on3)cc2)CC1,O=C1CCN(c2ccc(NC(=O)[*:1])cc2)CC1,6.68,4.038,0.4,CPD_605,O=C(Nc1ccc(N2CCNCC2=O)cc1)c1nc2ccccc2n1Cc1cc(-c2ccc(Cl)s2)on1,O=C1CNCCN1c1ccc(NC(=O)[*:1])cc1,6.85,3.407,0.8,0.17,-0.63,0.3,0.17,0.6977822009767805,0.17936610312453505
CC(C)N1CCC(NC(=O)c2nc3ccc([*:1])cc3n2CC(=O)Nc2ccc(Cl)cn2)CC1,CPD_376,CC(C)N1CCC(NC(=O)c2nc3ccc(C(=O)N4CC(O)C4)cc3n2CC(=O)Nc2ccc(Cl)cn2)CC1,O=C(N1CC(O)C1)[*:1],5.89,-0.693,3300.0,CPD_387,CC(OC(=O)OC1CCCCC1)OC(=O)c1ccc2nc(C(=O)NC3CCN(C(C)C)CC3)n(CC(=O)Nc3ccc(Cl)cn3)c2c1,CC(OC(=O)OC1CCCCC1)OC(=O)[*:1],6.06,4.788,4.3,0.17,5.48,-2.89,0.17,6.1953611678416305,0.02637555841683395
CC(C)N1CCC(NC(=O)c2nc3c([*:1])cccc3n2CC(=O)Nc2ccc(Cl)cn2)CC1,CPD_356,CC(C)N1CCC(NC(=O)c2nc3c(C(=O)N4CC(O)C4)cccc3n2CC(=O)Nc2ccc(Cl)cn2)CC1,O=C(N1CC(O)C1)[*:1],7.99,-0.688,3200.0,CPD_597,COCCOc1cccc2c1nc(C(=O)NC1CCN(C(C)C)CC1)n2CC(=O)Nc1ccc(Cl)cn1,COCCO[*:1],8.16,1.933,370.0,0.17,2.62,-0.94,0.17,2.783522947633089,0.05604045294354631
CC(C)N1CCC(NC(=O)c2nc3ccc([*:1])cc3n2CC(=O)Nc2ccc(Cl)cn2)CC1,CPD_387,CC(OC(=O)OC1CCCCC1)OC(=O)c1ccc2nc(C(=O)NC3CCN(C(C)C)CC3)n(CC(=O)Nc3ccc(Cl)cn3)c2c1,CC(OC(=O)OC1CCCCC1)OC(=O)[*:1],6.06,4.788,4.3,CPD_398,CC(C)N1CCC(NC(=O)c2nc3ccc(C(=O)NCCO)cc3n2CC(=O)Nc2ccc(Cl)cn2)CC1,O=C(NCCO)[*:1],6.23,0.47,1300.0,0.17,-4.32,2.48,0.17,4.981244824338591,0.032497045293897873
CC(C)N1CCC(NC(=O)c2nc3ccc([*:1])cc3n2CC(=O)Nc2ccc(Cl)cn2)CC1,CPD_387,CC(OC(=O)OC1CCCCC1)OC(=O)c1ccc2nc(C(=O)NC3CCN(C(C)C)CC3)n(CC(=O)Nc3ccc(Cl)cn3)c2c1,CC(OC(=O)OC1CCCCC1)OC(=O)[*:1],6.06,4.788,4.3,CPD_837,CC(C)N1CCC(NC(=O)c2nc3ccc(OCCN4CCOCC4)cc3n2CC(=O)Nc2ccc(Cl)cn2)CC1,C1CN(CCO[*:1])CCO1,6.23,1.562,360.0,0.17,-3.23,1.92,0.17,3.7575657013550674,0.04241976617938375
CC(C)N1CCC(NC(=O)c2cc3cc([*:1])ccc3n2Cc2cc(-c3ccc(Cl)s3)on2)CC1,CPD_85,CC(C)N1CCC(NC(=O)c2cc3cc(C(=O)O)ccc3n2Cc2cc(-c3ccc(Cl)s3)on2)CC1,O=C(O)[*:1],8.07,1.328,5.5,CPD_404,CC(C)N1CCC(NC(=O)c2cc3cc(C(=O)OCCO)ccc3n2Cc2cc(-c3ccc(Cl)s3)on2)CC1,O=C(OCCO)[*:1],8.24,0.885,1400.0,0.17,-0.44,2.41,0.17,2.449836729253605,0.06296677060430914
CC(C)N1CCC(NC(=O)c2cc3cc([*:1])ccc3n2Cc2cc(-c3ccc(Cl)s3)on2)CC1,CPD_85,CC(C)N1CCC(NC(=O)c2cc3cc(C(=O)O)ccc3n2Cc2cc(-c3ccc(Cl)s3)on2)CC1,O=C(O)[*:1],8.07,1.328,5.5,CPD_158,CC(C)N1CCC(NC(=O)c2cc3cc(-c4noc(O)n4)ccc3n2Cc2cc(-c3ccc(Cl)s3)on2)CC1,Oc1nc([*:1])no1,8.24,0.316,300.0,0.17,-1.01,1.74,0.17,2.0118896590022026,0.07515839657492084
CC(C)N1CCC(NC(=O)c2cc3cc([*:1])ccc3n2Cc2cc(-c3ccc(Cl)s3)on2)CC1,CPD_112,COC(=O)c1ccc2c(c1)cc(C(=O)NC1CCN(C(C)C)CC1)n2Cc1cc(-c2ccc(Cl)s2)on1,COC(=O)[*:1],8.29,1.96,260.0,CPD_338,CC(C)N1CCC(NC(=O)c2cc3cc(NS(C)(=O)=O)ccc3n2Cc2cc(-c3ccc(Cl)s3)on2)CC1,CS(=O)(=O)N[*:1],8.46,0.697,170.0,0.17,-1.26,-0.18,0.17,1.2727922061357855,0.1116370305252543
CC(C)N1CCC(NC(=O)c2nc3ccc([*:1])cc3n2Cc2cc(-c3ccc(Cl)s3)on2)CC1,CPD_289,COC(=O)c1ccc2nc(C(=O)NC3CCN(C(C)C)CC3)n(Cc3cc(-c4ccc(Cl)s4)on3)c2c1,COC(=O)[*:1],6.76,3.123,16.0,CPD_390,CC(C)N1CCC(NC(=O)c2nc3ccc(C(=O)OCCO)cc3n2Cc2cc(-c3ccc(Cl)s3)on2)CC1,O=C(OCCO)[*:1],6.92,2.047,55.0,0.16,-1.08,0.54,0.16,1.2074767078498865,0.10977876980005864
O=C(Cn1c(C(=O)NC2CCN(C3CC3)CC2)cc2cc([*:1])ccc21)Nc1ccc(Cl)cn1,CPD_620,O=C(Cn1c(C(=O)NC2CCN(C3CC3)CC2)cc2cc(C(=O)O)ccc21)Nc1ccc(Cl)cn1,O=C(O)[*:1],6.81,-0.152,19.0,CPD_873,CC(C)(Oc1ccc2c(c1)cc(C(=O)NC1CCN(C3CC3)CC1)n2CC(=O)Nc1ccc(Cl)cn1)C(=O)O,CC(C)(O[*:1])C(=O)O,6.97,-0.006,16.0,0.16,0.15,-0.07,0.16,0.16552945357246848,0.3850509238861835
CC(C)N1CCC(NC(=O)c2nc3c(C(=O)O[*:1])cccc3n2Cc2cc(-c3ccc(Cl)s3)on2)CC1,CPD_305,COC(=O)c1cccc2c1nc(C(=O)NC1CCN(C(C)C)CC1)n2Cc1cc(-c2ccc(Cl)s2)on1,C[*:1],8.42,3.133,16.0,CPD_392,CC(C)N1CCC(NC(=O)c2nc3c(C(=O)OCC(=O)O)cccc3n2Cc2cc(-c3ccc(Cl)s3)on2)CC1,O=C(O)C[*:1],8.57,2.129,0.6,0.16,-1.0,-1.43,0.16,1.744964183013508,0.08020194114879337
COc1cccc(Cn2c(C(=O)NC3CCN(C(C)C)CC3)cc3c([*:1])cccc32)c1,CPD_680,COc1cccc(Cn2c(C(=O)NC3CCN(C(C)C)CC3)cc3c(C(=O)N4CCC(F)(F)CC4)cccc32)c1,O=C(N1CCC(F)(F)CC1)[*:1],6.83,-0.127,22000.0,CPD_915,COCCCOc1cccc2c1cc(C(=O)NC1CCN(C(C)C)CC1)n2Cc1cccc(OC)c1,COCCCO[*:1],6.99,1.192,13000.0,0.16,1.32,-0.23,0.16,1.3398880550254937,0.10063601616117207
O=C(NC1CCN([*:1])CC1)c1cc2ccccc2n1Cc1cc(-c2ccc(Cl)s2)on1,CPD_16,CC(C)CN1CCC(NC(=O)c2cc3ccccc3n2Cc2cc(-c3ccc(Cl)s3)on2)CC1,CC(C)C[*:1],6.85,3.104,48.0,CPD_31,O=C(NC1CCN(c2ccncn2)CC1)c1cc2ccccc2n1Cc1cc(-c2ccc(Cl)s2)on1,c1cc([*:1])ncn1,7.01,3.217,2.8,0.16,0.11,-1.23,0.16,1.2349089035228469,0.10775071765036275
CC(C)N1CCC(NC(=O)c2cc3cc(O[*:1])ccc3n2CC(=O)Nc2ccc(Cl)cn2)CC1,CPD_743,COCCOc1ccc2c(c1)cc(C(=O)NC1CCN(C(C)C)CC1)n2CC(=O)Nc1ccc(Cl)cn1,COCC[*:1],8.39,0.599,20000.0,CPD_865,CC(C)N1CCC(NC(=O)c2cc3cc(OCCOCCO)ccc3n2CC(=O)Nc2ccc(Cl)cn2)CC1,OCCOCC[*:1],8.55,-0.117,77000.0,0.16,-0.72,0.59,0.16,0.930859817588019,0.13549449106229233
CC(C)N1CCC(NC(=O)c2nc3c([*:1])cccc3n2CC(=O)Nc2ccc(Cl)cn2)CC1,CPD_528,COCCOC(=O)c1cccc2c1nc(C(=O)NC1CCN(C(C)C)CC1)n2CC(=O)Nc1ccc(Cl)cn1,COCCOC(=O)[*:1],7.81,1.899,260.0,CPD_546,CC(C)N1CCC(NC(=O)c2nc3c(C(=O)N4CCCOCC4)cccc3n2CC(=O)Nc2ccc(Cl)cn2)CC1,O=C(N1CCCOCC1)[*:1],7.97,0.371,1100.0,0.16,-1.53,0.63,0.16,1.6546298679765212,0.08400582322589743
CC(C)N1CCC(NC(=O)c2nc3c([*:1])cccc3n2CC(=O)Nc2ccc(Cl)cn2)CC1,CPD_350,CC(OC(=O)OC1CCCCC1)OC(=O)c1cccc2c1nc(C(=O)NC1CCN(C(C)C)CC1)n2CC(=O)Nc1ccc(Cl)cn1,CC(OC(=O)OC1CCCCC1)OC(=O)[*:1],7.7,4.799,4.2,CPD_600,COCCOCc1cccc2c1nc(C(=O)NC1CCN(C(C)C)CC1)n2CC(=O)Nc1ccc(Cl)cn1,COCCOC[*:1],7.87,1.696,550.0,0.16,-3.1,2.12,0.16,3.7555825114088495,0.039944252688412236
CC(C)N1CCC(NC(=O)c2cc3cc([*:1])ccc3n2Cc2cc(-c3ccc(Cl)s3)on2)CC1,CPD_117,CC(C)N1CCC(NC(=O)c2cc3cc(C(=O)OCOC(=O)C(C)(C)C)ccc3n2Cc2cc(-c3ccc(Cl)s3)on2)CC1,CC(C)(C)C(=O)OCOC(=O)[*:1],7.45,3.152,47.0,CPD_503,CC(C)ONC(=O)c1ccc2c(c1)cc(C(=O)NC1CCN(C(C)C)CC1)n2Cc1cc(-c2ccc(Cl)s2)on1,CC(C)ONC(=O)[*:1],7.61,2.516,57.0,0.16,-0.64,0.08,0.16,0.644980619863884,0.17877482087191354
CC(C)N1CCC(NC(=O)c2cc3cc([*:1])ccc3n2Cc2cc(-c3ccc(Cl)s3)on2)CC1,CPD_181,CC(C)N1CCC(NC(=O)c2cc3cc(OCC(=O)O)ccc3n2Cc2cc(-c3ccc(Cl)s3)on2)CC1,O=C(O)CO[*:1],8.3,0.774,4.7,CPD_338,CC(C)N1CCC(NC(=O)c2cc3cc(NS(C)(=O)=O)ccc3n2Cc2cc(-c3ccc(Cl)s3)on2)CC1,CS(=O)(=O)N[*:1],8.46,0.697,170.0,0.16,-0.08,1.56,0.16,1.562049935181331,0.08829778743596758
COCCOc1cccc2c1nc([*:1])n2CC(=O)Nc1ccc(Cl)cn1,CPD_597,COCCOc1cccc2c1nc(C(=O)NC1CCN(C(C)C)CC1)n2CC(=O)Nc1ccc(Cl)cn1,CC(C)N1CCC(NC(=O)[*:1])CC1,8.16,1.933,370.0,CPD_823,COCCOc1cccc2c1nc(C(=O)N(C)C1CCN(C(C)C)CC1)n2CC(=O)Nc1ccc(Cl)cn1,CC(C)N1CCC(N(C)C(=O)[*:1])CC1,8.32,1.877,440.0,0.16,-0.06,0.08,0.16,0.1,0.4571428571428572
Cc1cc(C(=O)O)cc2cc(C(=O)NC3CCN(C4CC4)CC3)n(CC(=O)N[*:1])c12,CPD_744,Cc1cc(C(=O)O)cc2cc(C(=O)NC3CCN(C4CC4)CC3)n(CC(=O)Nc3ccc(Cl)cn3)c12,Clc1ccc([*:1])nc1,8.0,0.308,9.7,CPD_802,Cc1cc(C(=O)O)cc2cc(C(=O)NC3CCN(C4CC4)CC3)n(CC(=O)Nc3ccc(Br)cn3)c12,Brc1ccc([*:1])nc1,8.15,0.553,6.7,0.15,0.25,-0.16,0.15,0.2968164415931166,0.2743150874596676
CC(C)N1CCC(NC(=O)c2cc3ccccc3n2C[*:1])CC1,CPD_33,CC(C)N1CCC(NC(=O)c2cc3ccccc3n2Cc2csc(-c3ccc(Cl)cc3)n2)CC1,Clc1ccc(-c2nc([*:1])cs2)cc1,5.57,3.106,54.0,CPD_854,COc1ccc(NC(=O)Cn2c(C(=O)NC3CCN(C(C)C)CC3)cc3ccccc32)cc1,COc1ccc(NC(=O)[*:1])cc1,5.72,0.402,22000.0,0.15,-2.7,2.61,0.15,3.7552762881045116,0.03745059996122944
CC(C)N1CCC(NC(=O)c2nc3cc([*:1])ccc3n2CC(=O)Nc2ccc(Cl)cn2)CC1,CPD_397,CCOC(=O)OC(C)OC(=O)c1ccc2c(c1)nc(C(=O)NC1CCN(C(C)C)CC1)n2CC(=O)Nc1ccc(Cl)cn1,CCOC(=O)OC(C)OC(=O)[*:1],7.72,3.257,33.0,CPD_925,CC(C)N1CCC(NC(=O)c2nc3cc(OCCCO)ccc3n2CC(=O)Nc2ccc(Cl)cn2)CC1,OCCCO[*:1],7.87,2.044,310.0,0.15,-1.21,0.97,0.15,1.5508062419270823,0.08329602402948232
CC(C)N1CCC(NC(=O)c2cc3cc([*:1])ccc3n2Cc2cc(-c3ccc(Cl)s3)on2)CC1,CPD_335,CC(C)N1CCC(NC(=O)c2cc3cc(C(=O)N(CCO)CCO)ccc3n2Cc2cc(-c3ccc(Cl)s3)on2)CC1,O=C(N(CCO)CCO)[*:1],6.64,-1.074,41000.0,CPD_604,CC(C)N1CCC(NC(=O)c2cc3cc(C(=O)N4CCC(O)CC4)ccc3n2Cc2cc(-c3ccc(Cl)s3)on2)CC1,O=C(N1CCC(O)CC1)[*:1],6.79,-0.266,3400.0,0.15,0.81,-1.08,0.15,1.35,0.09374999999999999
CC(C)N1CCC(NC(=O)c2nc3ccc(C(=O)O)cc3n2[*:1])CC1,CPD_340,CC(C)N1CCC(NC(=O)c2nc3ccc(C(=O)O)cc3n2CC(=O)Nc2ccc(Cl)cn2)CC1,O=C(C[*:1])Nc1ccc(Cl)cn1,7.63,1.376,1.9,CPD_352,CC(C)N1CCC(NC(=O)c2nc3ccc(C(=O)O)cc3n2Cc2cc(-c3ccc(Cl)s3)on2)CC1,Clc1ccc(-c2cc(C[*:1])no2)s1,7.78,2.192,0.6,0.15,0.82,-0.5,0.15,0.9604165762834375,0.12392427775615263
O=C(N[*:1])c1cc2ccccc2n1Cc1cc(-c2ccc(Cl)s2)on1,CPD_16,CC(C)CN1CCC(NC(=O)c2cc3ccccc3n2Cc2cc(-c3ccc(Cl)s3)on2)CC1,CC(C)CN1CCC([*:1])CC1,6.85,3.104,48.0,CPD_58,CCN1CC[C@@H](NC(=O)c2cc3ccccc3n2Cc2cc(-c3ccc(Cl)s3)on2)C1,CCN1CC[C@@H]([*:1])C1,7.0,1.624,680.0,0.15,-1.48,1.15,0.15,1.8742731924668825,0.07061238664213784
CC(C)N1CCC(NC(=O)c2cc3cc([*:1])ccc3n2Cc2cc(-c3ccc(Cl)s3)on2)CC1,CPD_365,CC(C)N1CCC(NC(=O)c2cc3cc(C(=O)OC4CCOC4)ccc3n2Cc2cc(-c3ccc(Cl)s3)on2)CC1,O=C(OC1CCOC1)[*:1],7.58,1.734,120.0,CPD_371,CC(C)N1CCC(NC(=O)c2cc3cc(C(=O)OCC4CCOC4)ccc3n2Cc2cc(-c3ccc(Cl)s3)on2)CC1,O=C(OCC1CCOC1)[*:1],7.73,1.959,78.0,0.15,0.23,-0.19,0.15,0.29832867780352595,0.2735585536048639
CC(C)N1CCC(NC(=O)c2cc3cc([*:1])ccc3n2CC(=O)Nc2ccc(Cl)cn2)CC1,CPD_332,CC(OC(=O)OC1CCCCC1)OC(=O)c1ccc2c(c1)cc(C(=O)NC1CCN(C(C)C)CC1)n2CC(=O)Nc1ccc(Cl)cn1,CC(OC(=O)OC1CCCCC1)OC(=O)[*:1],7.48,3.475,140.0,CPD_393,CC(C)N1CCC(NC(=O)c2cc3cc(C(=O)N4CCCOCC4)ccc3n2CC(=O)Nc2ccc(Cl)cn2)CC1,O=C(N1CCCOCC1)[*:1],7.64,-0.942,58000.0,0.15,-4.42,2.62,0.15,5.138170880770705,0.027838760744452212
CC(C)N1CCC(NC(=O)c2nc3cc([*:1])ccc3n2CC(=O)Nc2ccc(Cl)cn2)CC1,CPD_319,COC(=O)c1ccc2c(c1)nc(C(=O)NC1CCN(C(C)C)CC1)n2CC(=O)Nc1ccc(Cl)cn1,COC(=O)[*:1],7.72,2.303,160.0,CPD_925,CC(C)N1CCC(NC(=O)c2nc3cc(OCCCO)ccc3n2CC(=O)Nc2ccc(Cl)cn2)CC1,OCCCO[*:1],7.87,2.044,310.0,0.15,-0.26,0.29,0.15,0.3894868418830089,0.2345630749153738
CC(C)N1CCC(NC(=O)c2cc3cc([*:1])ccc3n2Cc2cc(-c3ccc(Cl)s3)on2)CC1,CPD_112,COC(=O)c1ccc2c(c1)cc(C(=O)NC1CCN(C(C)C)CC1)n2Cc1cc(-c2ccc(Cl)s2)on1,COC(=O)[*:1],8.29,1.96,260.0,CPD_148,CC(C)N1CCC(NC(=O)c2cc3cc(C(N)=O)ccc3n2Cc2cc(-c3ccc(Cl)s3)on2)CC1,NC(=O)[*:1],8.44,0.497,390.0,0.15,-1.46,0.18,0.15,1.4710540438746633,0.08715589178263122
CC(C)N1CCC(NC(=O)c2cc3cc([*:1])ccc3n2Cc2cc(-c3ccc(Cl)s3)on2)CC1,CPD_342,CC(C)N1CCC(NC(=O)c2cc3cc(C(=O)N(C)CCO)ccc3n2Cc2cc(-c3ccc(Cl)s3)on2)CC1,CN(CCO)C(=O)[*:1],6.73,-0.441,32000.0,CPD_673,CC(C)N1CCC(NC(=O)c2cc3cc(C(=O)N4CCC(F)(F)CC4)ccc3n2Cc2cc(-c3ccc(Cl)s3)on2)CC1,O=C(N1CCC(F)(F)CC1)[*:1],6.88,0.623,560.0,0.15,1.06,-1.76,0.15,2.054555913086816,0.06508846201048943
CNC(=O)CN1CCN(C(=O)c2nc3ccccc3n2C[*:1])CC1,CPD_977,CNC(=O)CN1CCN(C(=O)c2nc3ccccc3n2CC(=O)Nc2ccc(Cl)cn2)CC1,O=C(Nc1ccc(Cl)cn1)[*:1],4.62,2.07,26.0,CPD_986,CNC(=O)CN1CCN(C(=O)c2nc3ccccc3n2Cc2cc(-c3ccc(Cl)s3)on2)CC1,Clc1ccc(-c2cc([*:1])no2)s1,4.77,2.886,2.4,0.15,0.82,-1.03,0.15,1.3165485179058156,0.09575190189482426
CC(C)N1CCC(NC(=O)c2nc3c([*:1])cccc3n2CC(=O)Nc2ccc(Cl)cn2)CC1,CPD_356,CC(C)N1CCC(NC(=O)c2nc3c(C(=O)N4CC(O)C4)cccc3n2CC(=O)Nc2ccc(Cl)cn2)CC1,O=C(N1CC(O)C1)[*:1],7.99,-0.688,3200.0,CPD_529,CC(C)N1CCC(NC(=O)c2nc3c(CO)cccc3n2CC(=O)Nc2ccc(Cl)cn2)CC1,OC[*:1],8.14,1.111,1100.0,0.15,1.8,-0.46,0.15,1.8578482176970217,0.07116261917752595
CC(C)N1CCC(NC(=O)c2nc3c([*:1])cccc3n2CC(=O)Nc2ccc(Cl)cn2)CC1,CPD_307,COC(=O)c1cccc2c1nc(C(=O)NC1CCN(C(C)C)CC1)n2CC(=O)Nc1ccc(Cl)cn1,COC(=O)[*:1],7.93,2.316,160.0,CPD_614,CC(C)N1CCC(NC(=O)c2nc3c(C(=O)N4CCC(F)(F)CC4)cccc3n2CC(=O)Nc2ccc(Cl)cn2)CC1,O=C(N1CCC(F)(F)CC1)[*:1],8.08,0.968,260.0,0.15,-1.35,0.21,0.15,1.366235704408284,0.09280824547488642
CC(C)N1CCC(NC(=O)c2cc3cc(O[*:1])ncc3n2CC(=O)Nc2ccc(Cl)cn2)CC1,CPD_631,CC(C)N1CCC(NC(=O)c2cc3cc(OCCO)ncc3n2CC(=O)Nc2ccc(Cl)cn2)CC1,OCC[*:1],7.35,-0.998,400000.0,CPD_824,CC(C)N1CCC(NC(=O)c2cc3cc(OCCOCCO)ncc3n2CC(=O)Nc2ccc(Cl)cn2)CC1,OCCOCC[*:1],7.49,-1.089,570000.0,0.14,-0.09,0.15,0.14,0.17492855684535902,0.32946714864105764
O=C(N[*:1])c1cc2ccccc2n1Cc1cc(-c2ccc(Cl)s2)on1,CPD_23,CS(=O)(=O)N1CCC(NC(=O)c2cc3ccccc3n2Cc2cc(-c3ccc(Cl)s3)on2)CC1,CS(=O)(=O)N1CCC([*:1])CC1,6.87,3.257,1.1,CPD_31,O=C(NC1CCN(c2ccncn2)CC1)c1cc2ccccc2n1Cc1cc(-c2ccc(Cl)s2)on1,c1cc(N2CCC([*:1])CC2)ncn1,7.01,3.217,2.8,0.14,-0.04,0.41,0.14,0.4119465984809196,0.2114974233892607
CC(C)N1CCC(NC(=O)c2nc3cc([*:1])ccc3n2Cc2cc(-c3ccc(Cl)s3)on2)CC1,CPD_347,CC(C)N1CCC(NC(=O)c2nc3cc(S(=O)(=O)CCO)ccc3n2Cc2cc(-c3ccc(Cl)s3)on2)CC1,O=S(=O)(CCO)[*:1],7.59,1.099,90.0,CPD_349,CC(C)N1CCC(NC(=O)c2nc3cc(C(=O)N4CC(O)C4)ccc3n2Cc2cc(-c3ccc(Cl)s3)on2)CC1,O=C(N1CC(O)C1)[*:1],7.73,0.123,330.0,0.14,-0.98,0.56,0.14,1.128716084761797,0.10154374896133024
CC(C)N1CCC(NC(=O)c2nc3c([*:1])cccc3n2CC(=O)Nc2ccc(Cl)cn2)CC1,CPD_516,CC(C)N1CCC(NC(=O)c2nc3c(C(=O)OCC4CC4)cccc3n2CC(=O)Nc2ccc(Cl)cn2)CC1,O=C(OCC1CC1)[*:1],7.83,3.211,33.0,CPD_546,CC(C)N1CCC(NC(=O)c2nc3c(C(=O)N4CCCOCC4)cccc3n2CC(=O)Nc2ccc(Cl)cn2)CC1,O=C(N1CCCOCC1)[*:1],7.97,0.371,1100.0,0.14,-2.84,1.52,0.14,3.2211799080461185,0.040332107153386976
CC(C)N1CCC(NC(=O)c2cc3cc([*:1])ccc3n2Cc2cc(-c3ccc(Cl)s3)on2)CC1,CPD_99,CC(C)OC(=O)c1ccc2c(c1)cc(C(=O)NC1CCN(C(C)C)CC1)n2Cc1cc(-c2ccc(Cl)s2)on1,CC(C)OC(=O)[*:1],7.47,2.832,69.0,CPD_503,CC(C)ONC(=O)c1ccc2c(c1)cc(C(=O)NC1CCN(C(C)C)CC1)n2Cc1cc(-c2ccc(Cl)s2)on1,CC(C)ONC(=O)[*:1],7.61,2.516,57.0,0.14,-0.32,-0.08,0.14,0.3298484500494129,0.24144239755761984
Clc1ccc(-c2cc(Cn3c([*:1])cc4ccccc43)no2)s1,CPD_16,CC(C)CN1CCC(NC(=O)c2cc3ccccc3n2Cc2cc(-c3ccc(Cl)s3)on2)CC1,CC(C)CN1CCC(NC(=O)[*:1])CC1,6.85,3.104,48.0,CPD_63,CC(C)N1CC[C@H](NC(=O)c2cc3ccccc3n2Cc2cc(-c3ccc(Cl)s3)on2)C1,CC(C)N1CC[C@H](NC(=O)[*:1])C1,6.99,1.909,390.0,0.14,-1.2,0.91,0.14,1.5060212481900779,0.07972568677303722
CC(C)N1CCC(NC(=O)c2cc3cc([*:1])ccc3n2CC(=O)Nc2ccc(Cl)cn2)CC1,CPD_345,CC(C)N1CCC(NC(=O)c2cc3cc(C(=O)N(C)CCO)ccc3n2CC(=O)Nc2ccc(Cl)cn2)CC1,CN(CCO)C(=O)[*:1],7.5,-1.408,1040000.0,CPD_393,CC(C)N1CCC(NC(=O)c2cc3cc(C(=O)N4CCCOCC4)ccc3n2CC(=O)Nc2ccc(Cl)cn2)CC1,O=C(N1CCCOCC1)[*:1],7.64,-0.942,58000.0,0.14,0.47,-1.25,0.14,1.3354400023962139,0.08830356228454296
CC(C)N1CCC(NC(=O)c2cc3cc(C(=O)OCC[*:1])ccc3n2Cc2cc(-c3ccc(Cl)s3)on2)CC1,CPD_363,CC(C)N1CCC(NC(=O)c2cc3cc(C(=O)OCCN4CCCC4=O)ccc3n2Cc2cc(-c3ccc(Cl)s3)on2)CC1,O=C1CCCN1[*:1],8.03,1.653,110.0,CPD_364,CC(C)N1CCC(NC(=O)c2cc3cc(C(=O)OCCN4CCNC4=O)ccc3n2Cc2cc(-c3ccc(Cl)s3)on2)CC1,O=C1NCCN1[*:1],8.16,1.632,44.0,0.13,-0.02,-0.4,0.13,0.4004996878900158,0.1998463679846991
CC(C)N1CCC(NC(=O)c2nc3c([*:1])cccc3n2Cc2cc(-c3ccc(Cl)s3)on2)CC1,CPD_333,CC(C)N1CCC(NC(=O)c2nc3c(C(=O)O)cccc3n2Cc2cc(-c3ccc(Cl)s3)on2)CC1,O=C(O)[*:1],8.44,2.191,0.6,CPD_392,CC(C)N1CCC(NC(=O)c2nc3c(C(=O)OCC(=O)O)cccc3n2Cc2cc(-c3ccc(Cl)s3)on2)CC1,O=C(O)COC(=O)[*:1],8.57,2.129,0.6,0.13,-0.06,0.0,0.13,0.06,0.41935483870967744
CC(C)N1CCC(NC(=O)c2cc3cc([*:1])ncc3n2CC(=O)Nc2ccc(Cl)cn2)CC1,CPD_872,COCCCOc1cc2cc(C(=O)NC3CCN(C(C)C)CC3)n(CC(=O)Nc3ccc(Cl)cn3)c2cn1,COCCCO[*:1],7.32,-0.04,90000.0,CPD_927,COCCOc1cc2cc(C(=O)NC3CCN(C(C)C)CC3)n(CC(=O)Nc3ccc(Cl)cn3)c2cn1,COCCO[*:1],7.45,-0.378,150000.0,0.13,-0.34,0.22,0.13,0.4049691346263318,0.19848263548200124
CC(C)N1CCC(NC(=O)c2nc3cc([*:1])ccc3n2Cc2cc(-c3ccc(Cl)s3)on2)CC1,CPD_351,CC(C)N1CCC(NC(=O)c2nc3cc(C(=O)N(C)CCO)ccc3n2Cc2cc(-c3ccc(Cl)s3)on2)CC1,CN(CCO)C(=O)[*:1],7.19,0.719,300.0,CPD_354,CC(OC(=O)OC1CCCCC1)OC(=O)c1ccc2c(c1)nc(C(=O)NC1CCN(C(C)C)CC1)n2Cc1cc(-c2ccc(Cl)s2)on1,CC(OC(=O)OC1CCCCC1)OC(=O)[*:1],7.32,5.603,0.5,0.13,4.88,-2.78,0.13,5.616297712906609,0.02216048457854147
CC(C)N1CCC(NC(=O)c2nc3c([*:1])cccc3n2CC(=O)Nc2ccc(Cl)cn2)CC1,CPD_307,COC(=O)c1cccc2c1nc(C(=O)NC1CCN(C(C)C)CC1)n2CC(=O)Nc1ccc(Cl)cn1,COC(=O)[*:1],7.93,2.316,160.0,CPD_353,CC(C)N1CCC(NC(=O)c2nc3c(C(=O)NCCO)cccc3n2CC(=O)Nc2ccc(Cl)cn2)CC1,O=C(NCCO)[*:1],8.06,0.477,1200.0,0.13,-1.84,0.88,0.13,2.039607805437114,0.05677828302790111
CC(C)N1CCC(NC(=O)c2cc3cc(C(=O)O[*:1])ccc3n2Cc2cc(-c3ccc(Cl)s3)on2)CC1,CPD_117,CC(C)N1CCC(NC(=O)c2cc3cc(C(=O)OCOC(=O)C(C)(C)C)ccc3n2Cc2cc(-c3ccc(Cl)s3)on2)CC1,CC(C)(C)C(=O)OC[*:1],7.45,3.152,47.0,CPD_365,CC(C)N1CCC(NC(=O)c2cc3cc(C(=O)OC4CCOC4)ccc3n2Cc2cc(-c3ccc(Cl)s3)on2)CC1,C1CC([*:1])CO1,7.58,1.734,120.0,0.13,-1.42,0.41,0.13,1.4780054127099804,0.07523124583048892
CC(C)N1CCC(NC(=O)c2nc3cc([*:1])ccc3n2CC(=O)Nc2ccc(Cl)cn2)CC1,CPD_444,CC(C)N1CCC(NC(=O)c2nc3cc(S(=O)(=O)CCO)ccc3n2CC(=O)Nc2ccc(Cl)cn2)CC1,O=S(=O)(CCO)[*:1],7.15,0.282,890.0,CPD_547,CC(C)N1CCC(NC(=O)c2nc3cc(C(=O)N4CCCOCC4)ccc3n2CC(=O)Nc2ccc(Cl)cn2)CC1,O=C(N1CCCOCC1)[*:1],7.28,0.367,1100.0,0.13,0.09,0.09,0.13,0.12727922061357855,0.3445723827264533
CC(C)N1CCC(NC(=O)c2cc3cc([*:1])ccc3n2Cc2cc(-c3ccc(Cl)s3)on2)CC1,CPD_252,CC(C)N1CCC(NC(=O)c2cc3cc(C(=O)NCCO)ccc3n2Cc2cc(-c3ccc(Cl)s3)on2)CC1,O=C(NCCO)[*:1],7.49,0.126,4400.0,CPD_503,CC(C)ONC(=O)c1ccc2c(c1)cc(C(=O)NC1CCN(C(C)C)CC1)n2Cc1cc(-c2ccc(Cl)s2)on1,CC(C)ONC(=O)[*:1],7.61,2.516,57.0,0.13,2.39,-1.89,0.13,3.0469985231371544,0.03942980231495604
CC(OC(=O)OC1CCCCC1)OC(=O)c1ccc2c(c1)nc(C(=O)NC1CCN(C(C)C)CC1)n2C[*:1],CPD_354,CC(OC(=O)OC1CCCCC1)OC(=O)c1ccc2c(c1)nc(C(=O)NC1CCN(C(C)C)CC1)n2Cc1cc(-c2ccc(Cl)s2)on1,Clc1ccc(-c2cc([*:1])no2)s1,7.32,5.603,0.5,CPD_389,CC(OC(=O)OC1CCCCC1)OC(=O)c1ccc2c(c1)nc(C(=O)NC1CCN(C(C)C)CC1)n2CC(=O)Nc1ccc(Cl)cn1,O=C(Nc1ccc(Cl)cn1)[*:1],7.45,4.785,4.3,0.13,-0.82,0.93,0.13,1.2398790263570072,0.08725540644589838
CC(C)N1CCC(NC(=O)c2cc3c([*:1])cccc3n2Cc2cc(-c3ccc(Cl)s3)on2)CC1,CPD_155,CC(C)N1CCC(NC(=O)c2cc3c(C(=O)OCOC(=O)C(C)(C)C)cccc3n2Cc2cc(-c3ccc(Cl)s3)on2)CC1,CC(C)(C)C(=O)OCOC(=O)[*:1],7.88,3.166,45.0,CPD_184,CCOC(=O)COc1cccc2c1cc(C(=O)NC1CCN(C(C)C)CC1)n2Cc1cc(-c2ccc(Cl)s2)on1,CCOC(=O)CO[*:1],8.01,1.723,260.0,0.13,-1.44,0.76,0.13,1.6282505949638095,0.06921334157889877
Clc1ccc(-c2cc(Cn3c([*:1])cc4ccccc43)no2)s1,CPD_23,CS(=O)(=O)N1CCC(NC(=O)c2cc3ccccc3n2Cc2cc(-c3ccc(Cl)s3)on2)CC1,CS(=O)(=O)N1CCC(NC(=O)[*:1])CC1,6.87,3.257,1.1,CPD_58,CCN1CC[C@@H](NC(=O)c2cc3ccccc3n2Cc2cc(-c3ccc(Cl)s3)on2)C1,CCN1CC[C@@H](NC(=O)[*:1])C1,7.0,1.624,680.0,0.13,-1.63,2.79,0.13,3.2312536266904215,0.037342869535072966
CC(C)N1CCC(NC(=O)c2nc3c([*:1])cccc3n2CC(=O)Nc2ccc(Cl)cn2)CC1,CPD_322,CC(C)N1CCC(NC(=O)c2nc3c(C(=O)O)cccc3n2CC(=O)Nc2ccc(Cl)cn2)CC1,O=C(O)[*:1],7.95,1.375,1.9,CPD_614,CC(C)N1CCC(NC(=O)c2nc3c(C(=O)N4CCC(F)(F)CC4)cccc3n2CC(=O)Nc2ccc(Cl)cn2)CC1,O=C(N1CCC(F)(F)CC1)[*:1],8.08,0.968,260.0,0.13,-0.41,2.14,0.13,2.1789217516927954,0.0535216912234405
CC(C)N1CCC(NC(=O)c2cc3cc([*:1])ccc3n2CC(=O)Nc2ccc(Cl)cn2)CC1,CPD_315,CCOC(=O)OC(C)OC(=O)c1ccc2c(c1)cc(C(=O)NC1CCN(C(C)C)CC1)n2CC(=O)Nc1ccc(Cl)cn1,CCOC(=O)OC(C)OC(=O)[*:1],7.83,1.946,1900.0,CPD_674,CC(C)N1CCC(NC(=O)c2cc3cc(C(=O)N4CCC(F)(F)CC4)ccc3n2CC(=O)Nc2ccc(Cl)cn2)CC1,O=C(N1CCC(F)(F)CC1)[*:1],7.96,-0.344,18000.0,0.13,-2.29,0.98,0.13,2.4908833774386148,0.04742996402914684
COc1cccc(Cn2c(C(=O)NC3CCN(C(C)C)CC3)cc3c([*:1])cccc32)c1,CPD_904,COCCOc1cccc2c1cc(C(=O)NC1CCN(C(C)C)CC1)n2Cc1cccc(OC)c1,COCCO[*:1],7.61,0.826,23000.0,CPD_908,COc1cccc(Cn2c(C(=O)NC3CCN(C(C)C)CC3)cc3c(OCCO)cccc32)c1,OCCO[*:1],7.74,0.186,65000.0,0.13,-0.64,0.45,0.13,0.7823681997627461,0.1259240647182623
CC(C)N1CCC(NC(=O)c2cc3cc([*:1])ccc3n2Cc2cc(-c3ccc(Cl)s3)on2)CC1,CPD_371,CC(C)N1CCC(NC(=O)c2cc3cc(C(=O)OCC4CCOC4)ccc3n2Cc2cc(-c3ccc(Cl)s3)on2)CC1,O=C(OCC1CCOC1)[*:1],7.73,1.959,78.0,CPD_877,CC(C)N1CCC(NC(=O)c2cc3cc(OC(C)(C)C(=O)O)ccc3n2Cc2cc(-c3ccc(Cl)s3)on2)CC1,CC(C)(O[*:1])C(=O)O,7.85,1.472,1.6,0.13,-0.49,-1.69,0.13,1.7596022277776304,0.06468941873326035
COc1cccc(Cn2c(C(=O)NC3CCN(C(C)C)CC3)cc3c([*:1])cccc32)c1,CPD_522,COc1cccc(Cn2c(C(=O)NC3CCN(C(C)C)CC3)cc3c(C(=O)N4CC(OC)C4)cccc32)c1,COC1CN(C(=O)[*:1])C1,6.86,-1.147,91000.0,CPD_915,COCCCOc1cccc2c1cc(C(=O)NC1CCN(C(C)C)CC1)n2Cc1cccc(OC)c1,COCCCO[*:1],6.99,1.192,13000.0,0.13,2.34,-0.85,0.13,2.48959836118198,0.04745221118613622
CC(C)N1CCC(NC(=O)c2cc3cc([*:1])ccc3n2Cc2cc(-c3ccc(Cl)s3)on2)CC1,CPD_179,CC(C)OC(=O)COc1ccc2c(c1)cc(C(=O)NC1CCN(C(C)C)CC1)n2Cc1cc(-c2ccc(Cl)s2)on1,CC(C)OC(=O)CO[*:1],7.48,2.057,140.0,CPD_503,CC(C)ONC(=O)c1ccc2c(c1)cc(C(=O)NC1CCN(C(C)C)CC1)n2Cc1cc(-c2ccc(Cl)s2)on1,CC(C)ONC(=O)[*:1],7.61,2.516,57.0,0.13,0.46,-0.39,0.13,0.6030754513325841,0.15238980303199182
CC(C)N1CCC(NC(=O)c2cc3cc([*:1])ccc3n2CC(=O)Nc2ccc(Cl)cn2)CC1,CPD_541,CC(C)N1CCC(NC(=O)c2cc3cc(C(=O)N4CCOCC4)ccc3n2CC(=O)Nc2ccc(Cl)cn2)CC1,O=C(N1CCOCC1)[*:1],7.84,-1.329,79000.0,CPD_674,CC(C)N1CCC(NC(=O)c2cc3cc(C(=O)N4CCC(F)(F)CC4)ccc3n2CC(=O)Nc2ccc(Cl)cn2)CC1,O=C(N1CCC(F)(F)CC1)[*:1],7.96,-0.344,18000.0,0.13,0.98,-0.64,0.13,1.1704699910719625,0.09151900484845517
CC(C)N1CCC(NC(=O)c2cc3ccccc3n2C[*:1])CC1,CPD_83,CC(C)N1CCC(NC(=O)c2cc3ccccc3n2CC(=O)Nc2ccc(Cl)cc2)CC1,O=C(Nc1ccc(Cl)cc1)[*:1],8.38,1.359,3800.0,CPD_860,CC(C)N1CCC(NC(=O)c2cc3ccccc3n2CC(=O)Nc2ccc(Br)cc2)CC1,O=C(Nc1ccc(Br)cc1)[*:1],8.5,1.599,3500.0,0.12,0.24,-0.04,0.12,0.2433105012119288,0.24325450138440774
COc1ccc(OC)c2c1cc(C(=O)N(C[*:1])C1CCN(C(C)C)CC1)n2Cc1cc(-c2ccc(Cl)s2)on1,CPD_134,CCOC(=O)CN(C(=O)c1cc2c(OC)ccc(OC)c2n1Cc1cc(-c2ccc(Cl)s2)on1)C1CCN(C(C)C)CC1,CCOC(=O)[*:1],7.58,2.691,400.0,CPD_141,COc1ccc(OC)c2c1cc(C(=O)N(CC(=O)O)C1CCN(C(C)C)CC1)n2Cc1cc(-c2ccc(Cl)s2)on1,O=C(O)[*:1],7.7,1.22,2.4,0.12,-1.47,-2.22,0.12,2.662573942635209,0.04120067073436344
CC(C)N1CCC(NC(=O)c2nc3c([*:1])cccc3n2CC(=O)Nc2ccc(Cl)cn2)CC1,CPD_350,CC(OC(=O)OC1CCCCC1)OC(=O)c1cccc2c1nc(C(=O)NC1CCN(C(C)C)CC1)n2CC(=O)Nc1ccc(Cl)cn1,CC(OC(=O)OC1CCCCC1)OC(=O)[*:1],7.7,4.799,4.2,CPD_516,CC(C)N1CCC(NC(=O)c2nc3c(C(=O)OCC4CC4)cccc3n2CC(=O)Nc2ccc(Cl)cn2)CC1,O=C(OCC1CC1)[*:1],7.83,3.211,33.0,0.12,-1.59,0.9,0.12,1.8270467974302136,0.05777433621065625
CC(C)N1CCC(NC(=O)c2cc3cc([*:1])ccc3n2Cc2cc(-c3ccc(Cl)s3)on2)CC1,CPD_213,CC(OC(=O)OC1CCCCC1)OC(=O)c1ccc2c(c1)cc(C(=O)NC1CCN(C(C)C)CC1)n2Cc1cc(-c2ccc(Cl)s2)on1,CC(OC(=O)OC1CCCCC1)OC(=O)[*:1],6.77,4.442,4.4,CPD_673,CC(C)N1CCC(NC(=O)c2cc3cc(C(=O)N4CCC(F)(F)CC4)ccc3n2Cc2cc(-c3ccc(Cl)s3)on2)CC1,O=C(N1CCC(F)(F)CC1)[*:1],6.88,0.623,560.0,0.12,-3.82,2.1,0.12,4.359174233728218,0.026035032288839233
CC(C)N1CCC(NC(=O)c2cc3cc([*:1])ccc3n2CC(=O)Nc2ccc(Cl)cn2)CC1,CPD_170,CC(C)N1CCC(NC(=O)c2cc3cc(S(C)(=O)=O)ccc3n2CC(=O)Nc2ccc(Cl)cn2)CC1,CS(=O)(=O)[*:1],7.72,-0.686,15000.0,CPD_541,CC(C)N1CCC(NC(=O)c2cc3cc(C(=O)N4CCOCC4)ccc3n2CC(=O)Nc2ccc(Cl)cn2)CC1,O=C(N1CCOCC1)[*:1],7.84,-1.329,79000.0,0.12,-0.64,0.72,0.12,0.9633275663033836,0.09890156898487122
CC(C)N1CCC(NC(=O)c2cc3cc([*:1])ccc3n2Cc2cc(-c3ccc(Cl)s3)on2)CC1,CPD_362,CC(C)N1CCC(NC(=O)c2cc3cc(C(=O)OC4CCOC4=O)ccc3n2Cc2cc(-c3ccc(Cl)s3)on2)CC1,O=C1OCCC1OC(=O)[*:1],7.73,0.55,170.0,CPD_877,CC(C)N1CCC(NC(=O)c2cc3cc(OC(C)(C)C(=O)O)ccc3n2Cc2cc(-c3ccc(Cl)s3)on2)CC1,CC(C)(O[*:1])C(=O)O,7.85,1.472,1.6,0.12,0.92,-2.03,0.12,2.2287440409342656,0.04841161411517532
O=C(N[*:1])c1cc2ccccc2n1Cc1cc(-c2ccc(Cl)s2)on1,CPD_23,CS(=O)(=O)N1CCC(NC(=O)c2cc3ccccc3n2Cc2cc(-c3ccc(Cl)s3)on2)CC1,CS(=O)(=O)N1CCC([*:1])CC1,6.87,3.257,1.1,CPD_63,CC(C)N1CC[C@H](NC(=O)c2cc3ccccc3n2Cc2cc(-c3ccc(Cl)s3)on2)C1,CC(C)N1CC[C@H]([*:1])C1,6.99,1.909,390.0,0.12,-1.35,2.55,0.12,2.8853076092507015,0.03827375650348977
CC(C)N1CCC(NC(=O)c2nc3c([*:1])cccc3n2Cc2cc3ccc(Cl)cc3s2)CC1,CPD_737,CC(C)N1CCC(NC(=O)c2nc3c(OCCO)cccc3n2Cc2cc3ccc(Cl)cc3s2)CC1,OCCO[*:1],8.65,4.197,8.2,CPD_769,CC(C)N1CCC(NC(=O)c2nc3c(C(=O)NCCO)cccc3n2Cc2cc3ccc(Cl)cc3s2)CC1,O=C(NCCO)[*:1],8.77,3.391,14.0,0.12,-0.81,0.23,0.12,0.8420213774008354,0.10988795868228962
O=C(N[*:1])c1cc2ccccc2n1Cc1cc(-c2ccc(Cl)s2)on1,CPD_17,CCCN1CCC(NC(=O)c2cc3ccccc3n2Cc2cc(-c3ccc(Cl)s3)on2)CC1,CCCN1CCC([*:1])CC1,7.2,2.84,77.0,CPD_60,CC(C)N1CC[C@@H](NC(=O)c2cc3ccccc3n2Cc2cc(-c3ccc(Cl)s3)on2)C1,CC(C)N1CC[C@@H]([*:1])C1,7.32,1.909,390.0,0.12,-0.93,0.7,0.12,1.1640017182117903,0.08486552629635935
CC(C)N1CCC(NC(=O)c2cc3cc([*:1])ccc3n2CC(=O)Nc2ccc(Cl)cn2)CC1,CPD_359,CC(C)N1CCC(NC(=O)c2cc3cc(C(=O)OCC(=O)O)ccc3n2CC(=O)Nc2ccc(Cl)cn2)CC1,O=C(O)COC(=O)[*:1],8.35,0.3,9.7,CPD_681,COCCOCCOc1ccc2c(c1)cc(C(=O)NC1CCN(C(C)C)CC1)n2CC(=O)Nc1ccc(Cl)cn1,COCCOCCO[*:1],8.47,0.241,36000.0,0.12,-0.06,3.57,0.12,3.570504166080751,0.031409467123576396
CC(C)N1CCC(NC(=O)c2cc3cc([*:1])ccc3n2CC(=O)Nc2ccc(Cl)cn2)CC1,CPD_359,CC(C)N1CCC(NC(=O)c2cc3cc(C(=O)OCC(=O)O)ccc3n2CC(=O)Nc2ccc(Cl)cn2)CC1,O=C(O)COC(=O)[*:1],8.35,0.3,9.7,CPD_843,CC(C)N1CCC(NC(=O)c2cc3cc(OC(C)(C)C(=O)O)ccc3n2CC(=O)Nc2ccc(Cl)cn2)CC1,CC(C)(O[*:1])C(=O)O,8.47,0.506,7.1,0.12,0.21,-0.14,0.12,0.25238858928247926,0.238858928247925
CC(C)N1CCC(NC(=O)c2cc3cc(OCCO)ncc3n2C[*:1])CC1,CPD_407,CC(C)N1CCC(NC(=O)c2cc3cc(OCCO)ncc3n2Cc2cc(-c3ccc(Cl)s3)on2)CC1,Clc1ccc(-c2cc([*:1])no2)s1,7.32,-0.015,12000.0,CPD_777,CC(C)N1CCC(NC(=O)c2cc3cc(OCCO)ncc3n2CC(=O)Nc2ccc(Br)cn2)CC1,O=C(Nc1ccc(Br)cn1)[*:1],7.44,-0.753,370000.0,0.12,-0.74,1.49,0.12,1.663640586184408,0.0627077001116845
CC(C)N1CCC(NC(=O)c2nc3c([*:1])cccc3n2CC(=O)Nc2ccc(Cl)cn2)CC1,CPD_401,CCOC(=O)OC(C)OC(=O)c1cccc2c1nc(C(=O)NC1CCN(C(C)C)CC1)n2CC(=O)Nc1ccc(Cl)cn1,CCOC(=O)OC(C)OC(=O)[*:1],7.96,3.271,32.0,CPD_614,CC(C)N1CCC(NC(=O)c2nc3c(C(=O)N4CCC(F)(F)CC4)cccc3n2CC(=O)Nc2ccc(Cl)cn2)CC1,O=C(N1CCC(F)(F)CC1)[*:1],8.08,0.968,260.0,0.12,-2.3,0.91,0.12,2.473479330821262,0.04406128537197825
Clc1ccc(-c2cc(Cn3c([*:1])cc4ccccc43)no2)s1,CPD_22,NC(=O)N1CCC(NC(=O)c2cc3ccccc3n2Cc2cc(-c3ccc(Cl)s3)on2)CC1,NC(=O)N1CCC(NC(=O)[*:1])CC1,5.97,1.914,8.7,CPD_204,CC(C)N1CC(CNC(=O)c2cc3ccccc3n2Cc2cc(-c3ccc(Cl)s3)on2)C1,CC(C)N1CC(CNC(=O)[*:1])C1,6.08,1.854,360.0,0.11,-0.06,1.62,0.11,1.6211107303327557,0.05878861053853171
COCCOc1nccc2c1nc(C(=O)NC1CCN(C(C)C)CC1)n2CC(=O)N[*:1],CPD_767,COCCOc1nccc2c1nc(C(=O)NC1CCN(C(C)C)CC1)n2CC(=O)Nc1ccc(Cl)cn1,Clc1ccc([*:1])nc1,7.61,1.182,1300.0,CPD_842,COCCOc1nccc2c1nc(C(=O)NC1CCN(C(C)C)CC1)n2CC(=O)Nc1ccc(Br)cn1,Brc1ccc([*:1])nc1,7.72,1.427,1300.0,0.11,0.25,0.0,0.11,0.25,0.22
CC(C)N1CCC(NC(=O)c2cc3cc([*:1])ccc3n2Cc2cc(-c3ccc(Cl)s3)on2)CC1,CPD_167,CCOC(=O)OC(C)OC(=O)c1ccc2c(c1)cc(C(=O)NC1CCN(C(C)C)CC1)n2Cc1cc(-c2ccc(Cl)s2)on1,CCOC(=O)OC(C)OC(=O)[*:1],7.38,2.914,58.0,CPD_252,CC(C)N1CCC(NC(=O)c2cc3cc(C(=O)NCCO)ccc3n2Cc2cc(-c3ccc(Cl)s3)on2)CC1,O=C(NCCO)[*:1],7.49,0.126,4400.0,0.11,-2.79,1.88,0.11,3.3642978465052704,0.03043468044736849
CC(C)N1CCC(NC(=O)c2nc3ccc([*:1])cc3n2CC(=O)Nc2ccc(Cl)cn2)CC1,CPD_837,CC(C)N1CCC(NC(=O)c2nc3ccc(OCCN4CCOCC4)cc3n2CC(=O)Nc2ccc(Cl)cn2)CC1,C1CN(CCO[*:1])CCO1,6.23,1.562,360.0,CPD_943,CC(C)N1CCC(NC(=O)c2nc3ccc(OC(C)(C)CO)cc3n2CC(=O)Nc2ccc(Cl)cn2)CC1,CC(C)(CO)O[*:1],6.34,1.969,380.0,0.11,0.41,0.02,0.11,0.4104875150354758,0.16654364767832397
CC(C)N1CCC(NC(=O)c2nc3cc([*:1])ccc3n2CC(=O)Nc2ccc(Cl)cn2)CC1,CPD_785,CC(C)N1CCC(NC(=O)c2nc3cc(OCCO)ccc3n2CC(=O)Nc2ccc(Cl)cn2)CC1,OCCO[*:1],8.03,1.28,760.0,CPD_900,CC(C)N1CCC(NC(=O)c2nc3cc(O)ccc3n2CC(=O)Nc2ccc(Cl)cn2)CC1,O[*:1],8.14,1.553,42.0,0.11,0.27,-1.26,0.11,1.2886038956948718,0.0714933845597221
CC(C)N1CCC(NC(=O)c2nc3c([*:1])cccc3n2CC(=O)Nc2ccc(Cl)cn2)CC1,CPD_546,CC(C)N1CCC(NC(=O)c2nc3c(C(=O)N4CCCOCC4)cccc3n2CC(=O)Nc2ccc(Cl)cn2)CC1,O=C(N1CCCOCC1)[*:1],7.97,0.371,1100.0,CPD_614,CC(C)N1CCC(NC(=O)c2nc3c(C(=O)N4CCC(F)(F)CC4)cccc3n2CC(=O)Nc2ccc(Cl)cn2)CC1,O=C(N1CCC(F)(F)CC1)[*:1],8.08,0.968,260.0,0.11,0.6,-0.63,0.11,0.87,0.09821428571428571
CC(C)N1CCC(NC(=O)c2nc3ccc([*:1])cc3n2CC(=O)Nc2ccc(Cl)cn2)CC1,CPD_398,CC(C)N1CCC(NC(=O)c2nc3ccc(C(=O)NCCO)cc3n2CC(=O)Nc2ccc(Cl)cn2)CC1,O=C(NCCO)[*:1],6.23,0.47,1300.0,CPD_943,CC(C)N1CCC(NC(=O)c2nc3ccc(OC(C)(C)CO)cc3n2CC(=O)Nc2ccc(Cl)cn2)CC1,CC(C)(CO)O[*:1],6.34,1.969,380.0,0.11,1.5,-0.53,0.11,1.5908802594790092,0.05975402225842288
CC(C)N1CCC(NC(=O)c2cc3cc(OCC[*:1])ncc3n2CC(=O)Nc2ccc(Br)cn2)CC1,CPD_777,CC(C)N1CCC(NC(=O)c2cc3cc(OCCO)ncc3n2CC(=O)Nc2ccc(Br)cn2)CC1,O[*:1],7.44,-0.753,370000.0,CPD_825,COCCOCCOc1cc2cc(C(=O)NC3CCN(C(C)C)CC3)n(CC(=O)Nc3ccc(Br)cn3)c2cn1,COCCO[*:1],7.55,-0.487,250000.0,0.11,0.27,-0.17,0.11,0.3190611226708764,0.1933008522594503
CC(C)N1CCC(NC(=O)c2cc3cc([*:1])ccc3n2CC(=O)Nc2ccc(Cl)cn2)CC1,CPD_170,CC(C)N1CCC(NC(=O)c2cc3cc(S(C)(=O)=O)ccc3n2CC(=O)Nc2ccc(Cl)cn2)CC1,CS(=O)(=O)[*:1],7.72,-0.686,15000.0,CPD_315,CCOC(=O)OC(C)OC(=O)c1ccc2c(c1)cc(C(=O)NC1CCN(C(C)C)CC1)n2CC(=O)Nc1ccc(Cl)cn1,CCOC(=O)OC(C)OC(=O)[*:1],7.83,1.946,1900.0,0.11,2.63,-0.9,0.11,2.77973020273551,0.03630686319880305
CC(C)N1CCC(NC(=O)c2cc3cc([*:1])ccc3n2Cc2cc(-c3ccc(Cl)s3)on2)CC1,CPD_99,CC(C)OC(=O)c1ccc2c(c1)cc(C(=O)NC1CCN(C(C)C)CC1)n2Cc1cc(-c2ccc(Cl)s2)on1,CC(C)OC(=O)[*:1],7.47,2.832,69.0,CPD_365,CC(C)N1CCC(NC(=O)c2cc3cc(C(=O)OC4CCOC4)ccc3n2Cc2cc(-c3ccc(Cl)s3)on2)CC1,O=C(OC1CCOC1)[*:1],7.58,1.734,120.0,0.11,-1.1,0.24,0.11,1.1258774356030057,0.07994898175780484
CC(C)N1CCC(NC(=O)c2cc3cc([*:1])ccc3n2Cc2cc(-c3ccc(Cl)s3)on2)CC1,CPD_38,CC(C)N1CCC(NC(=O)c2cc3cc(Br)ccc3n2Cc2cc(-c3ccc(Cl)s3)on2)CC1,Br[*:1],8.06,2.851,68.0,CPD_364,CC(C)N1CCC(NC(=O)c2cc3cc(C(=O)OCCN4CCNC4=O)ccc3n2Cc2cc(-c3ccc(Cl)s3)on2)CC1,O=C1NCCN1CCOC(=O)[*:1],8.16,1.632,44.0,0.11,-1.22,-0.19,0.11,1.2347064428438042,0.07408872004980742
CC(C)N1CCC(NC(=O)c2nc3c([*:1])cccc3n2CC(=O)Nc2ccc(Cl)cn2)CC1,CPD_350,CC(OC(=O)OC1CCCCC1)OC(=O)c1cccc2c1nc(C(=O)NC1CCN(C(C)C)CC1)n2CC(=O)Nc1ccc(Cl)cn1,CC(OC(=O)OC1CCCCC1)OC(=O)[*:1],7.7,4.799,4.2,CPD_528,COCCOC(=O)c1cccc2c1nc(C(=O)NC1CCN(C(C)C)CC1)n2CC(=O)Nc1ccc(Cl)cn1,COCCOC(=O)[*:1],7.81,1.899,260.0,0.11,-2.9,1.79,0.11,3.4079465958257034,0.03007151611385673
O=C(N[*:1])c1cc2ccccc2n1Cc1cc(-c2ccc(Cl)s2)on1,CPD_16,CC(C)CN1CCC(NC(=O)c2cc3ccccc3n2Cc2cc(-c3ccc(Cl)s3)on2)CC1,CC(C)CN1CCC([*:1])CC1,6.85,3.104,48.0,CPD_208,O=C(NC1CN(c2cc[n+]([O-])cc2)C1)c1cc2ccccc2n1Cc1cc(-c2ccc(Cl)s2)on1,[O-][n+]1ccc(N2CC([*:1])C2)cc1,6.96,1.058,17.0,0.11,-2.05,-0.45,0.11,2.0988091861815357,0.04683224190672859
CC(C)N1CCC(NC(=O)c2cc3cc([*:1])ncc3n2CC(=O)Nc2ccc(Cl)cn2)CC1,CPD_631,CC(C)N1CCC(NC(=O)c2cc3cc(OCCO)ncc3n2CC(=O)Nc2ccc(Cl)cn2)CC1,OCCO[*:1],7.35,-0.998,400000.0,CPD_927,COCCOc1cc2cc(C(=O)NC3CCN(C(C)C)CC3)n(CC(=O)Nc3ccc(Cl)cn3)c2cn1,COCCO[*:1],7.45,-0.378,150000.0,0.1,0.62,-0.43,0.1,0.7545197147855052,0.09955006211237276
CC(C)N1CCC(NC(=O)c2cc3c([*:1])cccc3n2CC(=O)Nc2ccc(Cl)cn2)CC1,CPD_520,COCCOC(=O)OC(C)OC(=O)c1cccc2c1cc(C(=O)NC1CCN(C(C)C)CC1)n2CC(=O)Nc1ccc(Cl)cn1,COCCOC(=O)OC(C)OC(=O)[*:1],8.61,1.439,5100.0,CPD_669,CC(C)N1CCC(NC(=O)c2cc3c(C(=O)N4CCC(F)(F)CC4)cccc3n2CC(=O)Nc2ccc(Cl)cn2)CC1,O=C(N1CCC(F)(F)CC1)[*:1],8.71,-0.341,18000.0,0.1,-1.78,0.55,0.1,1.8630351580150066,0.04732528922705687
CC(C)N1CCC(NC(=O)c2nc3c([*:1])cccc3n2CC(=O)Nc2ccc(Cl)cn2)CC1,CPD_353,CC(C)N1CCC(NC(=O)c2nc3c(C(=O)NCCO)cccc3n2CC(=O)Nc2ccc(Cl)cn2)CC1,O=C(NCCO)[*:1],8.06,0.477,1200.0,CPD_597,COCCOc1cccc2c1nc(C(=O)NC1CCN(C(C)C)CC1)n2CC(=O)Nc1ccc(Cl)cn1,COCCO[*:1],8.16,1.933,370.0,0.1,1.46,-0.51,0.1,1.5465122049308242,0.05566341254210993
CC(C)N1CCC(NC(=O)c2nc3ccc(C(=O)O[*:1])cc3n2CC(=O)Nc2ccc(Cl)cn2)CC1,CPD_387,CC(OC(=O)OC1CCCCC1)OC(=O)c1ccc2nc(C(=O)NC3CCN(C(C)C)CC3)n(CC(=O)Nc3ccc(Cl)cn3)c2c1,CC(OC(=O)OC1CCCCC1)[*:1],6.06,4.788,4.3,CPD_399,CCOC(=O)OC(C)OC(=O)c1ccc2nc(C(=O)NC3CCN(C(C)C)CC3)n(CC(=O)Nc3ccc(Cl)cn3)c2c1,CCOC(=O)OC(C)[*:1],6.16,3.259,33.0,0.1,-1.53,0.89,0.1,1.7700282483621554,0.04950425821078506
CC(C)N1CCC(NC(=O)c2cc3cc([*:1])ccc3n2Cc2cc(-c3ccc(Cl)s3)on2)CC1,CPD_167,CCOC(=O)OC(C)OC(=O)c1ccc2c(c1)cc(C(=O)NC1CCN(C(C)C)CC1)n2Cc1cc(-c2ccc(Cl)s2)on1,CCOC(=O)OC(C)OC(=O)[*:1],7.38,2.914,58.0,CPD_179,CC(C)OC(=O)COc1ccc2c(c1)cc(C(=O)NC1CCN(C(C)C)CC1)n2Cc1cc(-c2ccc(Cl)s2)on1,CC(C)OC(=O)CO[*:1],7.48,2.057,140.0,0.1,-0.86,0.38,0.1,0.9402127418834526,0.08401859304728578
CC(C)N1CCC(NC(=O)c2cc3cc([*:1])ccc3n2Cc2cc(-c3ccc(Cl)s3)on2)CC1,CPD_252,CC(C)N1CCC(NC(=O)c2cc3cc(C(=O)NCCO)ccc3n2Cc2cc(-c3ccc(Cl)s3)on2)CC1,O=C(NCCO)[*:1],7.49,0.126,4400.0,CPD_365,CC(C)N1CCC(NC(=O)c2cc3cc(C(=O)OC4CCOC4)ccc3n2Cc2cc(-c3ccc(Cl)s3)on2)CC1,O=C(OC1CCOC1)[*:1],7.58,1.734,120.0,0.1,1.61,-1.56,0.1,2.2418073066166953,0.04013151407593276
CC(C)N1CCC(NC(=O)c2nc3c([*:1])cccc3n2Cc2cc(-c3ccc(Cl)s3)on2)CC1,CPD_346,CC(C)N1CCC(NC(=O)c2nc3c(C(=O)N(C)CCO)cccc3n2Cc2cc(-c3ccc(Cl)s3)on2)CC1,CN(CCO)C(=O)[*:1],7.58,0.725,300.0,CPD_595,CC(C)N1CCC(NC(=O)c2nc3c(C(=O)N4CCC(O)CC4)cccc3n2Cc2cc(-c3ccc(Cl)s3)on2)CC1,O=C(N1CCC(O)CC1)[*:1],7.68,0.896,160.0,0.1,0.17,-0.27,0.1,0.3190611226708764,0.1757280475085912
CC(C)N1CCC(NC(=O)c2cc3c([*:1])cccc3n2Cc2cc(-c3ccc(Cl)s3)on2)CC1,CPD_133,CC(C)N1CCC(NC(=O)c2cc3c(Cl)cccc3n2Cc2cc(-c3ccc(Cl)s3)on2)CC1,Cl[*:1],8.16,2.601,74.0,CPD_174,CC(C)N1CCC(NC(=O)c2cc3c(C(=O)O)cccc3n2Cc2cc(-c3ccc(Cl)s3)on2)CC1,O=C(O)[*:1],8.25,1.328,5.5,0.1,-1.27,-1.13,0.1,1.6999411754528448,0.05128359832535794
CC(C)N1CCC(NC(=O)c2nc3c([*:1])cccc3n2CC(=O)Nc2ccc(Cl)cn2)CC1,CPD_322,CC(C)N1CCC(NC(=O)c2nc3c(C(=O)O)cccc3n2CC(=O)Nc2ccc(Cl)cn2)CC1,O=C(O)[*:1],7.95,1.375,1.9,CPD_353,CC(C)N1CCC(NC(=O)c2nc3c(C(=O)NCCO)cccc3n2CC(=O)Nc2ccc(Cl)cn2)CC1,O=C(NCCO)[*:1],8.06,0.477,1200.0,0.1,-0.9,2.8,0.1,2.9410882339705484,0.031337272011301875
CC(C)N1CCC(NC(=O)c2cc3cc([*:1])ccc3n2Cc2cc(-c3ccc(Cl)s3)on2)CC1,CPD_179,CC(C)OC(=O)COc1ccc2c(c1)cc(C(=O)NC1CCN(C(C)C)CC1)n2Cc1cc(-c2ccc(Cl)s2)on1,CC(C)OC(=O)CO[*:1],7.48,2.057,140.0,CPD_365,CC(C)N1CCC(NC(=O)c2cc3cc(C(=O)OC4CCOC4)ccc3n2Cc2cc(-c3ccc(Cl)s3)on2)CC1,O=C(OC1CCOC1)[*:1],7.58,1.734,120.0,0.1,-0.32,-0.07,0.1,0.327566787083184,0.17314014973925002
CC(C)N1CCC(NC(=O)c2cc3cc([*:1])ccc3n2Cc2cc(-c3ccc(Cl)s3)on2)CC1,CPD_85,CC(C)N1CCC(NC(=O)c2cc3cc(C(=O)O)ccc3n2Cc2cc(-c3ccc(Cl)s3)on2)CC1,O=C(O)[*:1],8.07,1.328,5.5,CPD_364,CC(C)N1CCC(NC(=O)c2cc3cc(C(=O)OCCN4CCNC4=O)ccc3n2Cc2cc(-c3ccc(Cl)s3)on2)CC1,O=C1NCCN1CCOC(=O)[*:1],8.16,1.632,44.0,0.1,0.3,0.9,0.1,0.9486832980505138,0.08342487140901658
CC(C)N1CCC(NC(=O)c2cc3cc(O[*:1])ncc3n2CC(=O)Nc2ccc(Cl)cn2)CC1,CPD_782,COCCOCCOc1cc2cc(C(=O)NC3CCN(C(C)C)CC3)n(CC(=O)Nc3ccc(Cl)cn3)c2cn1,COCCOCC[*:1],7.23,-0.733,270000.0,CPD_872,COCCCOc1cc2cc(C(=O)NC3CCN(C(C)C)CC3)n(CC(=O)Nc3ccc(Cl)cn3)c2cn1,COCCC[*:1],7.32,-0.04,90000.0,0.09,0.69,-0.48,0.09,0.840535543567314,0.08252825919418985
CC(C)N1CCC(NC(=O)c2nc3c([*:1])cccc3n2CCc2ccc(Cl)cc2)CC1,CPD_526,COC1CN(C(=O)c2cccc3c2nc(C(=O)NC2CCN(C(C)C)CC2)n3CCc2ccc(Cl)cc2)C1,COC1CN(C(=O)[*:1])C1,6.8,1.108,540.0,CPD_527,CC(C)N1CCC(NC(=O)c2nc3c(C(=O)N4CC(O)C4)cccc3n2CCc2ccc(Cl)cc2)CC1,O=C(N1CC(O)C1)[*:1],6.89,0.47,1100.0,0.09,-0.64,0.31,0.09,0.711125867902441,0.09364018075636212
O=C(N[*:1])c1cc2ccccc2n1Cc1cc(-c2ccc(Cl)s2)on1,CPD_23,CS(=O)(=O)N1CCC(NC(=O)c2cc3ccccc3n2Cc2cc(-c3ccc(Cl)s3)on2)CC1,CS(=O)(=O)N1CCC([*:1])CC1,6.87,3.257,1.1,CPD_208,O=C(NC1CN(c2cc[n+]([O-])cc2)C1)c1cc2ccccc2n1Cc1cc(-c2ccc(Cl)s2)on1,[O-][n+]1ccc(N2CC([*:1])C2)cc1,6.96,1.058,17.0,0.09,-2.2,1.19,0.09,2.5012197024651797,0.032712763695083004
O=C(N[*:1])c1cc2ccccc2n1Cc1cc(-c2ccc(Cl)s2)on1,CPD_25,O=C(NC1CCN(CC(F)(F)F)CC1)c1cc2ccccc2n1Cc1cc(-c2ccc(Cl)s2)on1,FC(F)(F)CN1CCC([*:1])CC1,5.99,4.567,1.3,CPD_204,CC(C)N1CC(CNC(=O)c2cc3ccccc3n2Cc2cc(-c3ccc(Cl)s3)on2)C1,CC(C)N1CC(C[*:1])C1,6.08,1.854,360.0,0.09,-2.71,2.44,0.09,3.646601157242179,0.023097052114950747
CC(C)N1CCC(NC(=O)c2cc3cc(C(=O)N(CCO)[*:1])ccc3n2Cc2cc(-c3ccc(Cl)s3)on2)CC1,CPD_335,CC(C)N1CCC(NC(=O)c2cc3cc(C(=O)N(CCO)CCO)ccc3n2Cc2cc(-c3ccc(Cl)s3)on2)CC1,OCC[*:1],6.64,-1.074,41000.0,CPD_342,CC(C)N1CCC(NC(=O)c2cc3cc(C(=O)N(C)CCO)ccc3n2Cc2cc(-c3ccc(Cl)s3)on2)CC1,C[*:1],6.73,-0.441,32000.0,0.09,0.63,-0.11,0.09,0.6395310782127793,0.10117690343189072
COCCOc1cc2cc(C(=O)NC3CCN(C(C)C)CC3)n(C[*:1])c2cn1,CPD_783,COCCOc1cc2cc(C(=O)NC3CCN(C(C)C)CC3)n(CC(=O)Nc3ccc(F)cn3)c2cn1,O=C(Nc1ccc(F)cn1)[*:1],6.01,-1.216,310000.0,CPD_832,COCCOc1cc2cc(C(=O)NC3CCN(C(C)C)CC3)n(Cc3cc4ccc(Cl)nc4s3)c2cn1,Clc1ccc2cc([*:1])sc2n1,6.1,1.337,19000.0,0.09,2.55,-1.21,0.09,2.822516607568501,0.029291949074678345
CC(C)N1CCC(NC(=O)c2nc3c([*:1])cccc3n2CC(=O)Nc2ccc(Cl)cn2)CC1,CPD_356,CC(C)N1CCC(NC(=O)c2nc3c(C(=O)N4CC(O)C4)cccc3n2CC(=O)Nc2ccc(Cl)cn2)CC1,O=C(N1CC(O)C1)[*:1],7.99,-0.688,3200.0,CPD_614,CC(C)N1CCC(NC(=O)c2nc3c(C(=O)N4CCC(F)(F)CC4)cccc3n2CC(=O)Nc2ccc(Cl)cn2)CC1,O=C(N1CCC(F)(F)CC1)[*:1],8.08,0.968,260.0,0.09,1.66,-1.09,0.09,1.985875121955054,0.04025269529422725
CC(C)N1CCC(NC(=O)c2cc3ccccc3n2C[*:1])CC1,CPD_8,CC(C)N1CCC(NC(=O)c2cc3ccccc3n2Cc2cnc(-c3ccc(Cl)s3)s2)CC1,Clc1ccc(-c2ncc([*:1])s2)s1,7.16,2.78,44.0,CPD_853,Cc1ccc(NC(=O)Cn2c(C(=O)NC3CCN(C(C)C)CC3)cc3ccccc32)cc1,Cc1ccc(NC(=O)[*:1])cc1,7.25,0.85,14000.0,0.09,-1.93,2.5,0.09,3.1583065082414024,0.026406075798164542
CC(C)N1CCC(NC(=O)c2cc3cc([*:1])ccc3n2CC(=O)Nc2ccc(Cl)cn2)CC1,CPD_370,COCCOC(=O)OC(C)OC(=O)c1ccc2c(c1)cc(C(=O)NC1CCN(C(C)C)CC1)n2CC(=O)Nc1ccc(Cl)cn1,COCCOC(=O)OC(C)OC(=O)[*:1],8.05,1.425,5200.0,CPD_781,CC(C)N1CCC(NC(=O)c2cc3cc(OCCO)ccc3n2CC(=O)Nc2ccc(Cl)cn2)CC1,OCCO[*:1],8.14,-0.041,55000.0,0.09,-1.47,1.02,0.09,1.7892177061498133,0.04413457166862598
O=C(Cn1c(C(=O)NC2CCN(C3CC3)CC2)nc2c([*:1])cccc21)Nc1ccc(Cl)cn1,CPD_607,O=C(Cn1c(C(=O)NC2CCN(C3CC3)CC2)nc2c(C(=O)OCC3CC3)cccc21)Nc1ccc(Cl)cn1,O=C(OCC1CC1)[*:1],6.51,3.164,11.0,CPD_610,O=C(Cn1c(C(=O)NC2CCN(C3CC3)CC2)nc2c(C(=O)O)cccc21)Nc1ccc(Cl)cn1,O=C(O)[*:1],6.6,0.856,4.2,0.09,-2.31,-0.42,0.09,2.3478713763747794,0.034643747499766994
CC(C)N1CCC(NC(=O)c2nc3c([*:1])cccc3n2CC(=O)Nc2ccc(Cl)cn2)CC1,CPD_353,CC(C)N1CCC(NC(=O)c2nc3c(C(=O)NCCO)cccc3n2CC(=O)Nc2ccc(Cl)cn2)CC1,O=C(NCCO)[*:1],8.06,0.477,1200.0,CPD_529,CC(C)N1CCC(NC(=O)c2nc3c(CO)cccc3n2CC(=O)Nc2ccc(Cl)cn2)CC1,OC[*:1],8.14,1.111,1100.0,0.09,0.63,-0.04,0.09,0.6312685640834652,0.10212550823664246
CC(C)N1CCC(NC(=O)c2cc3cc([*:1])ccc3n2Cc2cc(-c3ccc(Cl)s3)on2)CC1,CPD_344,CC(C)N1CCC(NC(=O)c2cc3cc(C(=O)N4CC(O)C4)ccc3n2Cc2cc(-c3ccc(Cl)s3)on2)CC1,O=C(N1CC(O)C1)[*:1],7.23,-1.036,6400.0,CPD_368,CC(C)N1CCC(NC(=O)c2cc3cc(C(=O)NCCN4CCNC4=O)ccc3n2Cc2cc(-c3ccc(Cl)s3)on2)CC1,O=C1NCCN1CCNC(=O)[*:1],7.32,0.289,190.0,0.09,1.32,-1.53,0.09,2.0207176942858696,0.03963504588284128
CC(C)N1CCC(NC(=O)c2cc3cc([*:1])ccc3n2Cc2cc(-c3ccc(Cl)s3)on2)CC1,CPD_604,CC(C)N1CCC(NC(=O)c2cc3cc(C(=O)N4CCC(O)CC4)ccc3n2Cc2cc(-c3ccc(Cl)s3)on2)CC1,O=C(N1CCC(O)CC1)[*:1],6.79,-0.266,3400.0,CPD_673,CC(C)N1CCC(NC(=O)c2cc3cc(C(=O)N4CCC(F)(F)CC4)ccc3n2Cc2cc(-c3ccc(Cl)s3)on2)CC1,O=C(N1CCC(F)(F)CC1)[*:1],6.88,0.623,560.0,0.09,0.89,-0.78,0.09,1.183427226321923,0.06278658473017419
CC(C)N1CCC(NC(=O)c2cc3cc(C(=O)OC[*:1])ccc3n2Cc2cc(-c3ccc(Cl)s3)on2)CC1,CPD_194,Cc1oc(=O)oc1COC(=O)c1ccc2c(c1)cc(C(=O)NC1CCN(C(C)C)CC1)n2Cc1cc(-c2ccc(Cl)s2)on1,Cc1oc(=O)oc1[*:1],7.96,3.174,10.0,CPD_363,CC(C)N1CCC(NC(=O)c2cc3cc(C(=O)OCCN4CCCC4=O)ccc3n2Cc2cc(-c3ccc(Cl)s3)on2)CC1,O=C1CCCN1C[*:1],8.03,1.653,110.0,0.08,-1.52,1.04,0.08,1.8417383093154143,0.03824570198084791
CC(C)N1CCC(NC(=O)c2cc3cc(O[*:1])ccc3n2CC(=O)Nc2ccc(Cl)cn2)CC1,CPD_843,CC(C)N1CCC(NC(=O)c2cc3cc(OC(C)(C)C(=O)O)ccc3n2CC(=O)Nc2ccc(Cl)cn2)CC1,CC(C)(C(=O)O)[*:1],8.47,0.506,7.1,CPD_865,CC(C)N1CCC(NC(=O)c2cc3cc(OCCOCCO)ccc3n2CC(=O)Nc2ccc(Cl)cn2)CC1,OCCOCC[*:1],8.55,-0.117,77000.0,0.08,-0.62,4.04,0.08,4.087297395590392,0.018444665583995636
CC(C)N1CCC(NC(=O)c2cc3cc(OCCO)ncc3n2CC(=O)Nc2ccc([*:1])cn2)CC1,CPD_631,CC(C)N1CCC(NC(=O)c2cc3cc(OCCO)ncc3n2CC(=O)Nc2ccc(Cl)cn2)CC1,Cl[*:1],7.35,-0.998,400000.0,CPD_777,CC(C)N1CCC(NC(=O)c2cc3cc(OCCO)ncc3n2CC(=O)Nc2ccc(Br)cn2)CC1,Br[*:1],7.44,-0.753,370000.0,0.08,0.24,-0.03,0.08,0.24186773244895649,0.16264535102087022
CC(C)N1CCC(NC(=O)c2cc3cc(C(=O)OC[*:1])ccc3n2Cc2cc(-c3ccc(Cl)s3)on2)CC1,CPD_171,CCOC(=O)c1ccc2c(c1)cc(C(=O)NC1CCN(C(C)C)CC1)n2Cc1cc(-c2ccc(Cl)s2)on1,C[*:1],7.96,2.492,130.0,CPD_363,CC(C)N1CCC(NC(=O)c2cc3cc(C(=O)OCCN4CCCC4=O)ccc3n2Cc2cc(-c3ccc(Cl)s3)on2)CC1,O=C1CCCN1C[*:1],8.03,1.653,110.0,0.08,-0.84,-0.07,0.08,0.8429116205154606,0.07319896549573589
CC(C)N1CCC(NC(=O)c2cc3cc(OCCOCC[*:1])ccc3n2CC(=O)Nc2ccc(Cl)cn2)CC1,CPD_681,COCCOCCOc1ccc2c(c1)cc(C(=O)NC1CCN(C(C)C)CC1)n2CC(=O)Nc1ccc(Cl)cn1,CO[*:1],8.47,0.241,36000.0,CPD_865,CC(C)N1CCC(NC(=O)c2cc3cc(OCCOCCO)ccc3n2CC(=O)Nc2ccc(Cl)cn2)CC1,O[*:1],8.55,-0.117,77000.0,0.08,-0.36,0.33,0.08,0.4883646178829912,0.10834755358317781
CC(C)N1CCC(NC(=O)c2cc3cc(O[*:1])ccc3n2CC(=O)Nc2ccc(Cl)cn2)CC1,CPD_743,COCCOc1ccc2c(c1)cc(C(=O)NC1CCN(C(C)C)CC1)n2CC(=O)Nc1ccc(Cl)cn1,COCC[*:1],8.39,0.599,20000.0,CPD_843,CC(C)N1CCC(NC(=O)c2cc3cc(OC(C)(C)C(=O)O)ccc3n2CC(=O)Nc2ccc(Cl)cn2)CC1,CC(C)(C(=O)O)[*:1],8.47,0.506,7.1,0.08,-0.09,-3.45,0.08,3.451173713390852,0.021614764989430213
CC(C)N1CCC(NC(=O)c2cc3cc(S(C)(=O)=O)ccc3n2[*:1])CC1,CPD_149,CC(C)N1CCC(NC(=O)c2cc3cc(S(C)(=O)=O)ccc3n2CC(=O)Nc2ccc(Cl)cc2)CC1,O=C(C[*:1])Nc1ccc(Cl)cc1,7.64,-0.315,4100.0,CPD_170,CC(C)N1CCC(NC(=O)c2cc3cc(S(C)(=O)=O)ccc3n2CC(=O)Nc2ccc(Cl)cn2)CC1,O=C(C[*:1])Nc1ccc(Cl)cn1,7.72,-0.686,15000.0,0.08,-0.37,0.56,0.08,0.6711929677819933,0.08684391088288523
O=C(O)c1ccc2c(c1)cc([*:1])n2Cc1cc(-c2ccc(Cl)s2)on1,CPD_185,O=C(O)c1ccc2c(c1)cc(C(=O)NC1CCN(c3ccncc3)CC1)n2Cc1cc(-c2ccc(Cl)s2)on1,O=C(NC1CCN(c2ccncc2)CC1)[*:1],7.27,1.378,1.9,CPD_212,O=C(O)c1ccc2c(c1)cc(C(=O)NC1CN(c3ccncc3)C1)n2Cc1cc(-c2ccc(Cl)s2)on1,O=C(NC1CN(c2ccncc2)C1)[*:1],7.36,0.473,7.5,0.08,-0.9,0.6,0.08,1.0816653826391966,0.060075151793350566
CC(C)N1CCC(NC(=O)c2cc3cc([*:1])ccc3n2CC(=O)Nc2ccc(Cl)cc2)CC1,CPD_111,CC(C)N1CCC(NC(=O)c2cc3cc([N+](=O)[O-])ccc3n2CC(=O)Nc2ccc(Cl)cc2)CC1,O=[N+]([O-])[*:1],8.32,1.144,1000.0,CPD_169,CC(C)N1CCC(NC(=O)c2cc3cc(C(=O)O)ccc3n2CC(=O)Nc2ccc(Cl)cc2)CC1,O=C(O)[*:1],8.4,0.738,14.0,0.08,-0.41,-1.85,0.08,1.8948878594787608,0.03729798723344034
CC(C)N1CCC(NC(=O)c2cc3cc([*:1])ccc3n2CC(=O)Nc2ccc(Cl)cn2)CC1,CPD_408,CC(C)N1CCC(NC(=O)c2cc3cc(C(=O)N4CC(O)C4)ccc3n2CC(=O)Nc2ccc(Cl)cn2)CC1,O=C(N1CC(O)C1)[*:1],8.06,-2.004,210000.0,CPD_781,CC(C)N1CCC(NC(=O)c2cc3cc(OCCO)ccc3n2CC(=O)Nc2ccc(Cl)cn2)CC1,OCCO[*:1],8.14,-0.041,55000.0,0.08,1.96,-0.58,0.08,2.0440156555173448,0.034873345265797
CC(C)N1CCC(NC(=O)c2nc3c([*:1])cccc3n2CC(=O)Nc2ccc(Cl)cn2)CC1,CPD_528,COCCOC(=O)c1cccc2c1nc(C(=O)NC1CCN(C(C)C)CC1)n2CC(=O)Nc1ccc(Cl)cn1,COCCOC(=O)[*:1],7.81,1.899,260.0,CPD_638,CC(C)N1CCC(NC(=O)c2nc3c(C(=O)N(C)CCO)cccc3n2CC(=O)Nc2ccc(Cl)cn2)CC1,CN(CCO)C(=O)[*:1],7.89,-0.092,2900.0,0.08,-1.99,1.05,0.08,2.250022222112484,0.03199971555948855
CC(C)N1CCC(NC(=O)c2nc3cc([*:1])ccc3n2CC(=O)Nc2ccc(Cl)cn2)CC1,CPD_341,CC(C)N1CCC(NC(=O)c2nc3cc(C(=O)O)ccc3n2CC(=O)Nc2ccc(Cl)cn2)CC1,O=C(O)[*:1],7.65,1.376,1.9,CPD_944,CC(C)N1CCC(NC(=O)c2nc3cc(OC(C)(C)CO)ccc3n2CC(=O)Nc2ccc(Cl)cn2)CC1,CC(C)(CO)O[*:1],7.73,1.966,380.0,0.08,0.59,2.3,0.08,2.374468361549591,0.030482364036869092
COc1cccc(Cn2c(C(=O)NC3CCN(C(C)C)CC3)cc3c([*:1])cccc32)c1,CPD_523,COc1cccc(Cn2c(C(=O)NC3CCN(C(C)C)CC3)cc3c(C(=O)N4CC(O)C4)cccc32)c1,O=C(N1CC(O)C1)[*:1],6.92,-1.784,250000.0,CPD_915,COCCCOc1cccc2c1cc(C(=O)NC1CCN(C(C)C)CC1)n2Cc1cccc(OC)c1,COCCCO[*:1],6.99,1.192,13000.0,0.07,2.98,-1.28,0.07,3.2432699548449557,0.02003853149193758
CC(C)N1CCC(NC(=O)c2nc3c([*:1])cccc3n2Cc2cc(-c3ccc(Cl)s3)on2)CC1,CPD_337,CC(OC(=O)OC1CCCCC1)OC(=O)c1cccc2c1nc(C(=O)NC1CCN(C(C)C)CC1)n2Cc1cc(-c2ccc(Cl)s2)on1,CC(OC(=O)OC1CCCCC1)OC(=O)[*:1],7.51,5.617,0.5,CPD_346,CC(C)N1CCC(NC(=O)c2nc3c(C(=O)N(C)CCO)cccc3n2Cc2cc(-c3ccc(Cl)s3)on2)CC1,CN(CCO)C(=O)[*:1],7.58,0.725,300.0,0.07,-4.89,2.78,0.07,5.6249888888779145,0.011914916151163916
CC(C)N1CCC(NC(=O)c2cc3cc([*:1])ccc3n2CC(=O)Nc2ccc(Cl)cn2)CC1,CPD_374,CC(C)OC(=O)OC(C)OC(=O)c1ccc2c(c1)cc(C(=O)NC1CCN(C(C)C)CC1)n2CC(=O)Nc1ccc(Cl)cn1,CC(C)OC(=O)OC(C)OC(=O)[*:1],7.77,2.294,1000.0,CPD_541,CC(C)N1CCC(NC(=O)c2cc3cc(C(=O)N4CCOCC4)ccc3n2CC(=O)Nc2ccc(Cl)cn2)CC1,O=C(N1CCOCC1)[*:1],7.84,-1.329,79000.0,0.07,-3.62,1.9,0.07,4.088324840322746,0.01613526016986603
Cc1ccc([*:1])c2nc(C(=O)NC3CCN(C(C)C)CC3)n(Cc3cc(-c4ccc(Cl)s4)on3)c12,CPD_871,Cc1ccc(C(=O)O)c2nc(C(=O)NC3CCN(C(C)C)CC3)n(Cc3cc(-c4ccc(Cl)s4)on3)c12,O=C(O)[*:1],10.15,2.652,0.3,CPD_881,Cc1ccc(C(=O)NCCO)c2nc(C(=O)NC3CCN(C(C)C)CC3)n(Cc3cc(-c4ccc(Cl)s4)on3)c12,O=C(NCCO)[*:1],10.22,1.753,77.0,0.07,-0.9,2.41,0.07,2.5725668115716647,0.024800121546466613
CC(C)N1CCC(NC(=O)c2cc3cc([*:1])ccc3n2Cc2cc(-c3ccc(Cl)s3)on2)CC1,CPD_259,CCOC(=O)COc1ccc2c(c1)cc(C(=O)NC1CCN(C(C)C)CC1)n2Cc1cc(-c2ccc(Cl)s2)on1,CCOC(=O)CO[*:1],7.79,1.709,270.0,CPD_877,CC(C)N1CCC(NC(=O)c2cc3cc(OC(C)(C)C(=O)O)ccc3n2Cc2cc(-c3ccc(Cl)s3)on2)CC1,CC(C)(O[*:1])C(=O)O,7.85,1.472,1.6,0.07,-0.24,-2.23,0.07,2.2428776159211186,0.028079998614025423
CC(C)N1CCC(NC(=O)c2nc3cc(OCCO)ccc3n2[*:1])CC1,CPD_785,CC(C)N1CCC(NC(=O)c2nc3cc(OCCO)ccc3n2CC(=O)Nc2ccc(Cl)cn2)CC1,O=C(C[*:1])Nc1ccc(Cl)cn1,8.03,1.28,760.0,CPD_803,CC(C)N1CCC(NC(=O)c2nc3cc(OCCO)ccc3n2Cc2nnc(-c3ccc(Cl)s3)s2)CC1,Clc1ccc(-c2nnc(C[*:1])s2)s1,8.1,2.621,18.0,0.07,1.34,-1.63,0.07,2.1100947846009195,0.02965982572256591
CC(C)N1CCC(NC(=O)c2nc3cc(OC[*:1])ccc3n2CC(=O)Nc2ccc(Cl)cn2)CC1,CPD_785,CC(C)N1CCC(NC(=O)c2nc3cc(OCCO)ccc3n2CC(=O)Nc2ccc(Cl)cn2)CC1,OC[*:1],8.03,1.28,760.0,CPD_942,CCOCC(O)COc1ccc2c(c1)nc(C(=O)NC1CCN(C(C)C)CC1)n2CC(=O)Nc1ccc(Cl)cn1,CCOCC(O)[*:1],8.1,1.877,390.0,0.07,0.6,-0.29,0.07,0.6664082832618454,0.07638516726501358
CC(C)N1CCC(NC(=O)c2cc3cc([*:1])ccc3n2Cc2cc(-c3ccc(Cl)s3)on2)CC1,CPD_259,CCOC(=O)COc1ccc2c(c1)cc(C(=O)NC1CCN(C(C)C)CC1)n2Cc1cc(-c2ccc(Cl)s2)on1,CCOC(=O)CO[*:1],7.79,1.709,270.0,CPD_361,CC(C)N1CCC(NC(=O)c2cc3cc(C(=O)OCC4COC(=O)O4)ccc3n2Cc2cc(-c3ccc(Cl)s3)on2)CC1,O=C1OCC(COC(=O)[*:1])O1,7.86,1.042,660.0,0.07,-0.67,0.39,0.07,0.7752418977325723,0.06827656980739101
COCCOc1cc2cc(C(=O)NC3CCN(C(C)C)CC3)n(C[*:1])c2cn1,CPD_705,COCCOc1cc2cc(C(=O)NC3CCN(C(C)C)CC3)n(Cc3cc4ccc(Cl)cc4s3)c2cn1,Clc1ccc2cc([*:1])sc2c1,6.03,2.646,3600.0,CPD_832,COCCOc1cc2cc(C(=O)NC3CCN(C(C)C)CC3)n(Cc3cc4ccc(Cl)nc4s3)c2cn1,Clc1ccc2cc([*:1])sc2n1,6.1,1.337,19000.0,0.07,-1.31,0.72,0.07,1.494824404403407,0.04011865023399562
CC(C)N1CCC(NC(=O)c2nc3c([*:1])cccc3n2Cc2cc3ccc(Cl)cc3s2)CC1,CPD_756,CC(C)N1CCC(NC(=O)c2nc3c(C(=O)N4CC(O)C4)cccc3n2Cc2cc3ccc(Cl)cc3s2)CC1,O=C(N1CC(O)C1)[*:1],7.8,2.225,35.0,CPD_766,CC(C)N1CCC(NC(=O)c2nc3c(C(=O)N4CCN(C)CC4)cccc3n2Cc2cc3ccc(Cl)cc3s2)CC1,CN1CCN(C(=O)[*:1])CC1,7.87,3.286,13.0,0.07,1.06,-0.43,0.07,1.1438968484964018,0.050218924072831565
CC(C)N1CCC(NC(=O)c2cc3cc([*:1])ccc3n2Cc2cc(-c3ccc(Cl)s3)on2)CC1,CPD_364,CC(C)N1CCC(NC(=O)c2cc3cc(C(=O)OCCN4CCNC4=O)ccc3n2Cc2cc(-c3ccc(Cl)s3)on2)CC1,O=C1NCCN1CCOC(=O)[*:1],8.16,1.632,44.0,CPD_404,CC(C)N1CCC(NC(=O)c2cc3cc(C(=O)OCCO)ccc3n2Cc2cc(-c3ccc(Cl)s3)on2)CC1,O=C(OCCO)[*:1],8.24,0.885,1400.0,0.07,-0.75,1.5,0.07,1.6770509831248424,0.03632493411590508
CC(C)N1CCC(NC(=O)c2nc3cc([*:1])ccc3n2CC(=O)Nc2ccc(Cl)cn2)CC1,CPD_341,CC(C)N1CCC(NC(=O)c2nc3cc(C(=O)O)ccc3n2CC(=O)Nc2ccc(Cl)cn2)CC1,O=C(O)[*:1],7.65,1.376,1.9,CPD_397,CCOC(=O)OC(C)OC(=O)c1ccc2c(c1)nc(C(=O)NC1CCN(C(C)C)CC1)n2CC(=O)Nc1ccc(Cl)cn1,CCOC(=O)OC(C)OC(=O)[*:1],7.72,3.257,33.0,0.07,1.88,1.24,0.07,2.2521101216414796,0.027976386568500565
Clc1ccc(-c2cc(Cn3c([*:1])cc4ccccc43)no2)s1,CPD_24,O=C(NC1CCN(c2ccnc(Cl)n2)CC1)c1cc2ccccc2n1Cc1cc(-c2ccc(Cl)s2)on1,O=C(NC1CCN(c2ccnc(Cl)n2)CC1)[*:1],6.7,3.331,2.1,CPD_57,CCN1CC[C@H](NC(=O)c2cc3ccccc3n2Cc2cc(-c3ccc(Cl)s3)on2)C1,CCN1CC[C@H](NC(=O)[*:1])C1,6.76,1.624,680.0,0.06,-1.71,2.51,0.06,3.0371368095625852,0.018252967088395727
O=C(Cn1c([*:1])nc2ccccc21)Nc1ccc(Cl)cn1,CPD_985,O=C(Cn1c(C(=O)N2CCN(CC(=O)N3CCCC3)CC2)nc2ccccc21)Nc1ccc(Cl)cn1,O=C(CN1CCN(C(=O)[*:1])CC1)N1CCCC1,5.2,2.775,6.7,CPD_989,O=C(Cn1c(C(=O)N2CCN(C(=O)N3CCCC3)CC2)nc2ccccc21)Nc1ccc(Cl)cn1,O=C(N1CCCC1)N1CCN(C(=O)[*:1])CC1,5.26,2.656,7.4,0.06,-0.12,0.04,0.06,0.12649110640673517,0.1593663143138901
CC(C)N1CCC(NC(=O)c2cc3cc(C(=O)O[*:1])ccc3n2Cc2cc(-c3ccc(Cl)s3)on2)CC1,CPD_362,CC(C)N1CCC(NC(=O)c2cc3cc(C(=O)OC4CCOC4=O)ccc3n2Cc2cc(-c3ccc(Cl)s3)on2)CC1,O=C1OCCC1[*:1],7.73,0.55,170.0,CPD_366,CC(C)N1CCC(NC(=O)c2cc3cc(C(=O)OCCN4CCOCC4)ccc3n2Cc2cc(-c3ccc(Cl)s3)on2)CC1,C1CN(CC[*:1])CCO1,7.79,1.706,740.0,0.06,1.16,0.64,0.06,1.3248396129343354,0.038099117844898764
CC(C)N1CCC(NC(=O)c2nc3c(C(=O)N4CC([*:1])C4)cccc3n2Cc2cc(-c3ccc(Cl)s3)on2)CC1,CPD_320,CC(C)N1CCC(NC(=O)c2nc3c(C(=O)N4CC(O)C4)cccc3n2Cc2cc(-c3ccc(Cl)s3)on2)CC1,O[*:1],8.1,0.129,330.0,CPD_471,COC1CN(C(=O)c2cccc3c2nc(C(=O)NC2CCN(C(C)C)CC2)n3Cc2cc(-c3ccc(Cl)s3)on2)C1,CO[*:1],8.16,0.766,180.0,0.06,0.64,-0.26,0.06,0.6907966415668217,0.063775737868361
CC(C)N1CCC(NC(=O)c2nc3c([*:1])cccc3n2CC(=O)Nc2ccc(Cl)cn2)CC1,CPD_528,COCCOC(=O)c1cccc2c1nc(C(=O)NC1CCN(C(C)C)CC1)n2CC(=O)Nc1ccc(Cl)cn1,COCCOC(=O)[*:1],7.81,1.899,260.0,CPD_600,COCCOCc1cccc2c1nc(C(=O)NC1CCN(C(C)C)CC1)n2CC(=O)Nc1ccc(Cl)cn1,COCCOC[*:1],7.87,1.696,550.0,0.06,-0.2,0.33,0.06,0.3858756276314948,0.09435807474409358
CC(C)N1CCC(NC(=O)c2nc3c([*:1])cccc3n2CC(=O)Nc2ccc(Cl)cn2)CC1,CPD_516,CC(C)N1CCC(NC(=O)c2nc3c(C(=O)OCC4CC4)cccc3n2CC(=O)Nc2ccc(Cl)cn2)CC1,O=C(OCC1CC1)[*:1],7.83,3.211,33.0,CPD_638,CC(C)N1CCC(NC(=O)c2nc3c(C(=O)N(C)CCO)cccc3n2CC(=O)Nc2ccc(Cl)cn2)CC1,CN(CCO)C(=O)[*:1],7.89,-0.092,2900.0,0.06,-3.3,1.94,0.06,3.8280020898635883,0.014713087114187094
CC(C)N1CCC(NC(=O)c2cc3cc([*:1])ccc3n2Cc2cc(-c3ccc(Cl)s3)on2)CC1,CPD_366,CC(C)N1CCC(NC(=O)c2cc3cc(C(=O)OCCN4CCOCC4)ccc3n2Cc2cc(-c3ccc(Cl)s3)on2)CC1,O=C(OCCN1CCOCC1)[*:1],7.79,1.706,740.0,CPD_877,CC(C)N1CCC(NC(=O)c2cc3cc(OC(C)(C)C(=O)O)ccc3n2Cc2cc(-c3ccc(Cl)s3)on2)CC1,CC(C)(O[*:1])C(=O)O,7.85,1.472,1.6,0.06,-0.23,-2.67,0.06,2.679888057363591,0.020478598098382626
CC(C)N1CCC(NC(=O)c2cc3cc([*:1])ccc3n2Cc2cc(-c3ccc(Cl)s3)on2)CC1,CPD_342,CC(C)N1CCC(NC(=O)c2cc3cc(C(=O)N(C)CCO)ccc3n2Cc2cc(-c3ccc(Cl)s3)on2)CC1,CN(CCO)C(=O)[*:1],6.73,-0.441,32000.0,CPD_604,CC(C)N1CCC(NC(=O)c2cc3cc(C(=O)N4CCC(O)CC4)ccc3n2Cc2cc(-c3ccc(Cl)s3)on2)CC1,O=C(N1CCC(O)CC1)[*:1],6.79,-0.266,3400.0,0.06,0.17,-0.97,0.06,0.9847842403288144,0.04859148508732377
COc1cccc(Cn2c(C(=O)NC3CCN(C(C)C)CC3)cc3c([*:1])cccc32)c1,CPD_522,COc1cccc(Cn2c(C(=O)NC3CCN(C(C)C)CC3)cc3c(C(=O)N4CC(OC)C4)cccc32)c1,COC1CN(C(=O)[*:1])C1,6.86,-1.147,91000.0,CPD_523,COc1cccc(Cn2c(C(=O)NC3CCN(C(C)C)CC3)cc3c(C(=O)N4CC(O)C4)cccc32)c1,O=C(N1CC(O)C1)[*:1],6.92,-1.784,250000.0,0.06,-0.64,0.44,0.06,0.776659513557904,0.05844196562506794
CC(C)N1CCC(NC(=O)c2nc3ccc([*:1])cc3n2CC(=O)Nc2ccc(Cl)cn2)CC1,CPD_399,CCOC(=O)OC(C)OC(=O)c1ccc2nc(C(=O)NC3CCN(C(C)C)CC3)n(CC(=O)Nc3ccc(Cl)cn3)c2c1,CCOC(=O)OC(C)OC(=O)[*:1],6.16,3.259,33.0,CPD_837,CC(C)N1CCC(NC(=O)c2nc3ccc(OCCN4CCOCC4)cc3n2CC(=O)Nc2ccc(Cl)cn2)CC1,C1CN(CCO[*:1])CCO1,6.23,1.562,360.0,0.06,-1.7,1.04,0.06,1.9928873525616042,0.02675123203645244
CC(C)N1CCC(NC(=O)c2cc3c([*:1])cccc3n2Cc2cc(-c3ccc(Cl)s3)on2)CC1,CPD_39,CC(C)N1CCC(NC(=O)c2cc3c(Br)cccc3n2Cc2cc(-c3ccc(Cl)s3)on2)CC1,Br[*:1],7.82,2.781,71.0,CPD_155,CC(C)N1CCC(NC(=O)c2cc3c(C(=O)OCOC(=O)C(C)(C)C)cccc3n2Cc2cc(-c3ccc(Cl)s3)on2)CC1,CC(C)(C)C(=O)OCOC(=O)[*:1],7.88,3.166,45.0,0.06,0.38,-0.2,0.06,0.42941821107167777,0.08831085040443533
CC(C)N1CCC(NC(=O)c2nc3c([*:1])cccc3n2CC(=O)Nc2ccc(Cl)cn2)CC1,CPD_307,COC(=O)c1cccc2c1nc(C(=O)NC1CCN(C(C)C)CC1)n2CC(=O)Nc1ccc(Cl)cn1,COC(=O)[*:1],7.93,2.316,160.0,CPD_356,CC(C)N1CCC(NC(=O)c2nc3c(C(=O)N4CC(O)C4)cccc3n2CC(=O)Nc2ccc(Cl)cn2)CC1,O=C(N1CC(O)C1)[*:1],7.99,-0.688,3200.0,0.06,-3.0,1.3,0.06,3.269556544854363,0.017047602229241284
CC(C)N1CCC(NC(=O)c2cc3c([*:1])cccc3n2Cc2cc(-c3ccc(Cl)s3)on2)CC1,CPD_132,CC(C)N1CCC(NC(=O)c2cc3c(C(F)(F)F)cccc3n2Cc2cc(-c3ccc(Cl)s3)on2)CC1,FC(F)(F)[*:1],7.82,2.572,90.0,CPD_155,CC(C)N1CCC(NC(=O)c2cc3c(C(=O)OCOC(=O)C(C)(C)C)cccc3n2Cc2cc(-c3ccc(Cl)s3)on2)CC1,CC(C)(C)C(=O)OCOC(=O)[*:1],7.88,3.166,45.0,0.06,0.59,-0.3,0.06,0.6618912297349164,0.06579732104391638
CC(C)N1CCC(NC(=O)c2cc3cc([*:1])ccc3n2CC(=O)Nc2ccc(Cl)cn2)CC1,CPD_359,CC(C)N1CCC(NC(=O)c2cc3cc(C(=O)OCC(=O)O)ccc3n2CC(=O)Nc2ccc(Cl)cn2)CC1,O=C(O)COC(=O)[*:1],8.35,0.3,9.7,CPD_743,COCCOc1ccc2c(c1)cc(C(=O)NC1CCN(C(C)C)CC1)n2CC(=O)Nc1ccc(Cl)cn1,COCCO[*:1],8.39,0.599,20000.0,0.05,0.3,3.31,0.05,3.323567360532956,0.013991620964587913
CC(C)N1CCC(NC(=O)c2nc3cc([*:1])ccc3n2CC(=O)Nc2ccc(Cl)cn2)CC1,CPD_341,CC(C)N1CCC(NC(=O)c2nc3cc(C(=O)O)ccc3n2CC(=O)Nc2ccc(Cl)cn2)CC1,O=C(O)[*:1],7.65,1.376,1.9,CPD_836,CC(C)N1CCC(NC(=O)c2nc3cc(OCCN4CCOCC4)ccc3n2CC(=O)Nc2ccc(Cl)cn2)CC1,C1CN(CCO[*:1])CCO1,7.7,1.561,370.0,0.05,0.19,2.29,0.05,2.2978685776170926,0.019624246100936164
CC(C)N1CCC(NC(=O)c2nc3cc(O[*:1])ccc3n2CC(=O)Nc2ccc(Cl)cn2)CC1,CPD_925,CC(C)N1CCC(NC(=O)c2nc3cc(OCCCO)ccc3n2CC(=O)Nc2ccc(Cl)cn2)CC1,OCCC[*:1],7.87,2.044,310.0,CPD_926,COCCOc1ccc2c(c1)nc(C(=O)NC1CCN(C(C)C)CC1)n2CC(=O)Nc1ccc(Cl)cn1,COCC[*:1],7.93,1.91,390.0,0.05,-0.13,0.1,0.05,0.16401219466856726,0.12076938951043927
CC(C)N1CCC(NC(=O)c2cc3cc([*:1])ccc3n2Cc2cc(-c3ccc(Cl)s3)on2)CC1,CPD_158,CC(C)N1CCC(NC(=O)c2cc3cc(-c4noc(O)n4)ccc3n2Cc2cc(-c3ccc(Cl)s3)on2)CC1,Oc1nc([*:1])no1,8.24,0.316,300.0,CPD_181,CC(C)N1CCC(NC(=O)c2cc3cc(OCC(=O)O)ccc3n2Cc2cc(-c3ccc(Cl)s3)on2)CC1,O=C(O)CO[*:1],8.3,0.774,4.7,0.05,0.46,-1.81,0.05,1.8675384868858795,0.0236123217167739
CC(C)N1CCC(NC(=O)c2cc3cc(O[*:1])ncc3n2CC(=O)Nc2ccc(Br)cn2)CC1,CPD_775,COCCOc1cc2cc(C(=O)NC3CCN(C(C)C)CC3)n(CC(=O)Nc3ccc(Br)cn3)c2cn1,COCC[*:1],7.5,-0.133,140000.0,CPD_825,COCCOCCOc1cc2cc(C(=O)NC3CCN(C(C)C)CC3)n(CC(=O)Nc3ccc(Br)cn3)c2cn1,COCCOCC[*:1],7.55,-0.487,250000.0,0.05,-0.35,0.25,0.05,0.4301162633521313,0.07351684218454341
CC(C)N1CCC(NC(=O)c2cc3c([*:1])cccc3n2Cc2cc(-c3ccc(Cl)s3)on2)CC1,CPD_154,CC(C)N1CCC(NC(=O)c2cc3c(CO)cccc3n2Cc2cc(-c3ccc(Cl)s3)on2)CC1,OC[*:1],8.7,0.769,2500.0,CPD_186,Cc1oc(=O)oc1COC(=O)c1cccc2c1cc(C(=O)NC1CCN(C(C)C)CC1)n2Cc1cc(-c2ccc(Cl)s2)on1,Cc1oc(=O)oc1COC(=O)[*:1],8.75,3.186,9.7,0.05,2.42,-2.41,0.05,3.415333073069155,0.01364132508649007
CC(C)N1CCC(NC(=O)c2cc3cc([*:1])ccc3n2CC(=O)Nc2ccc(Cl)cn2)CC1,CPD_416,CC(C)N1CCC(NC(=O)c2cc3cc(C(=O)O)ccc3n2CC(=O)Nc2ccc(Cl)cn2)CC1,O=C(O)[*:1],8.09,0.362,8.8,CPD_781,CC(C)N1CCC(NC(=O)c2cc3cc(OCCO)ccc3n2CC(=O)Nc2ccc(Cl)cn2)CC1,OCCO[*:1],8.14,-0.041,55000.0,0.05,-0.4,3.8,0.05,3.82099463490856,0.012282010782144661
CC(C)N1CCC(NC(=O)c2nc3c([*:1])nccc3n2Cc2cc(-c3ccc(Cl)s3)on2)CC1,CPD_791,CC(C)N1CCC(NC(=O)c2nc3c(OCCO)nccc3n2Cc2cc(-c3ccc(Cl)s3)on2)CC1,OCCO[*:1],8.23,1.36,250.0,CPD_884,CC(C)N1CCC(NC(=O)c2nc3c(O)nccc3n2Cc2cc(-c3ccc(Cl)s3)on2)CC1,O[*:1],8.28,1.471,100.0,0.05,0.11,-0.4,0.05,0.41484937025383084,0.07520500467784252
CC(C)N1CCC(NC(=O)c2nc3c([*:1])cccc3n2CCc2ccc(Cl)cc2)CC1,CPD_466,CC(C)N1CCC(NC(=O)c2nc3c(C(=O)O)cccc3n2CCc2ccc(Cl)cc2)CC1,O=C(O)[*:1],7.19,2.565,2.3,CPD_736,CC(C)N1CCC(NC(=O)c2nc3c(OCCO)cccc3n2CCc2ccc(Cl)cc2)CC1,OCCO[*:1],7.25,2.442,250.0,0.05,-0.12,2.04,0.05,2.0435263639111683,0.02180049062733886
CC(C)N1CCC(NC(=O)c2cc3c([*:1])cccc3n2Cc2cc(-c3ccc(Cl)s3)on2)CC1,CPD_161,CC(OC(=O)c1cccc2c1cc(C(=O)NC1CCN(C(C)C)CC1)n2Cc1cc(-c2ccc(Cl)s2)on1)OC(=O)C(C)(C)C,CC(OC(=O)C(C)(C)C)OC(=O)[*:1],7.78,3.512,26.0,CPD_396,CC(C)N1CCC(NC(=O)c2cc3c(C(=O)N4CC(O)C4)cccc3n2Cc2cc(-c3ccc(Cl)s3)on2)CC1,O=C(N1CC(O)C1)[*:1],7.83,-1.031,6300.0,0.05,-4.54,2.38,0.05,5.126012095186667,0.009300574313210115
CC(C)N1CCC(NC(=O)c2cc3cc([*:1])ccc3n2CC(=O)Nc2ccc(Cl)cn2)CC1,CPD_170,CC(C)N1CCC(NC(=O)c2cc3cc(S(C)(=O)=O)ccc3n2CC(=O)Nc2ccc(Cl)cn2)CC1,CS(=O)(=O)[*:1],7.72,-0.686,15000.0,CPD_374,CC(C)OC(=O)OC(C)OC(=O)c1ccc2c(c1)cc(C(=O)NC1CCN(C(C)C)CC1)n2CC(=O)Nc1ccc(Cl)cn1,CC(C)OC(=O)OC(C)OC(=O)[*:1],7.77,2.294,1000.0,0.05,2.98,-1.18,0.05,3.2051209025557834,0.014471273628374208
CC(C)N1CCC(NC(=O)c2nc3cc(O[*:1])ccc3n2CC(=O)Nc2ccc(Cl)cn2)CC1,CPD_836,CC(C)N1CCC(NC(=O)c2nc3cc(OCCN4CCOCC4)ccc3n2CC(=O)Nc2ccc(Cl)cn2)CC1,C1CN(CC[*:1])CCO1,7.7,1.561,370.0,CPD_944,CC(C)N1CCC(NC(=O)c2nc3cc(OC(C)(C)CO)ccc3n2CC(=O)Nc2ccc(Cl)cn2)CC1,CC(C)(CO)[*:1],7.73,1.966,380.0,0.04,0.41,0.01,0.04,0.4101219330881975,0.06059486588011261
CC(C)N1CCC(NC(=O)c2cc3cc([*:1])ccc3n2Cc2cc(-c3ccc(Cl)s3)on2)CC1,CPD_117,CC(C)N1CCC(NC(=O)c2cc3cc(C(=O)OCOC(=O)C(C)(C)C)ccc3n2Cc2cc(-c3ccc(Cl)s3)on2)CC1,CC(C)(C)C(=O)OCOC(=O)[*:1],7.45,3.152,47.0,CPD_252,CC(C)N1CCC(NC(=O)c2cc3cc(C(=O)NCCO)ccc3n2Cc2cc(-c3ccc(Cl)s3)on2)CC1,O=C(NCCO)[*:1],7.49,0.126,4400.0,0.04,-3.03,1.97,0.04,3.6141112323778857,0.010351668881794823
CC(C)N1CCC(NC(=O)c2cc3ccccc3n2[*:1])CC1,CPD_8,CC(C)N1CCC(NC(=O)c2cc3ccccc3n2Cc2cnc(-c3ccc(Cl)s3)s2)CC1,Clc1ccc(-c2ncc(C[*:1])s2)s1,7.16,2.78,44.0,CPD_857,CC(C)N1CCC(NC(=O)c2cc3ccccc3n2CC(=O)Nc2ccc(F)cc2)CC1,O=C(C[*:1])Nc1ccc(F)cc1,7.2,0.778,6500.0,0.04,-2.0,2.17,0.04,2.9510845463998487,0.012495764925980054
CC(C)N1CCC(NC(=O)c2cc3cc(OCCO)ncc3n2C[*:1])CC1,CPD_407,CC(C)N1CCC(NC(=O)c2cc3cc(OCCO)ncc3n2Cc2cc(-c3ccc(Cl)s3)on2)CC1,Clc1ccc(-c2cc([*:1])no2)s1,7.32,-0.015,12000.0,CPD_631,CC(C)N1CCC(NC(=O)c2cc3cc(OCCO)ncc3n2CC(=O)Nc2ccc(Cl)cn2)CC1,O=C(Nc1ccc(Cl)cn1)[*:1],7.35,-0.998,400000.0,0.04,-0.98,1.52,0.04,1.808535318980528,0.019431291574734628
CC(C)N1CCC(NC(=O)c2nc3c([*:1])cccc3n2CC(=O)Nc2ccc(Cl)cn2)CC1,CPD_516,CC(C)N1CCC(NC(=O)c2nc3c(C(=O)OCC4CC4)cccc3n2CC(=O)Nc2ccc(Cl)cn2)CC1,O=C(OCC1CC1)[*:1],7.83,3.211,33.0,CPD_600,COCCOCc1cccc2c1nc(C(=O)NC1CCN(C(C)C)CC1)n2CC(=O)Nc1ccc(Cl)cn1,COCCOC[*:1],7.87,1.696,550.0,0.04,-1.51,1.22,0.04,1.9412624758130983,0.018254317062202895
CC(C)N1CCC(NC(=O)c2cc3cc([*:1])ccc3n2CC(=O)Nc2ccc(Cl)cn2)CC1,CPD_370,COCCOC(=O)OC(C)OC(=O)c1ccc2c(c1)cc(C(=O)NC1CCN(C(C)C)CC1)n2CC(=O)Nc1ccc(Cl)cn1,COCCOC(=O)OC(C)OC(=O)[*:1],8.05,1.425,5200.0,CPD_416,CC(C)N1CCC(NC(=O)c2cc3cc(C(=O)O)ccc3n2CC(=O)Nc2ccc(Cl)cn2)CC1,O=C(O)[*:1],8.09,0.362,8.8,0.04,-1.06,-2.77,0.04,2.9658894112896386,0.012438238659444191
CC(C)N1CCC(NC(=O)c2nc3c([*:1])cccc3n2CC(=O)Nc2ccc(Cl)cn2)CC1,CPD_307,COC(=O)c1cccc2c1nc(C(=O)NC1CCN(C(C)C)CC1)n2CC(=O)Nc1ccc(Cl)cn1,COC(=O)[*:1],7.93,2.316,160.0,CPD_546,CC(C)N1CCC(NC(=O)c2nc3c(C(=O)N4CCCOCC4)cccc3n2CC(=O)Nc2ccc(Cl)cn2)CC1,O=C(N1CCCOCC1)[*:1],7.97,0.371,1100.0,0.04,-1.94,0.84,0.04,2.11404824921287,0.016920128433638503
CC(C)N1CCC(NC(=O)c2cc3cc(OCCO)ncc3n2[*:1])CC1,CPD_706,CC(C)N1CCC(NC(=O)c2cc3cc(OCCO)ncc3n2Cc2cc3ccc(Cl)cc3s2)CC1,Clc1ccc2cc(C[*:1])sc2c1,6.21,2.028,9500.0,CPD_831,CC(C)N1CCC(NC(=O)c2cc3cc(OCCO)ncc3n2Cc2cc3ccc(Cl)nc3s2)CC1,Clc1ccc2cc(C[*:1])sc2n1,6.25,0.718,52000.0,0.04,-1.31,0.74,0.04,1.5045597362683876,0.022797741891120982
CC(C)N1CCC(NC(=O)c2nc3c([*:1])c(OCC(F)(F)F)ccc3n2Cc2cc(-c3ccc(Cl)s3)on2)CC1,CPD_688,CC(C)N1CCC(NC(=O)c2nc3c(C(=O)O)c(OCC(F)(F)F)ccc3n2Cc2cc(-c3ccc(Cl)s3)on2)CC1,O=C(O)[*:1],7.69,2.755,0.2,CPD_693,CC(C)N1CCC(NC(=O)c2nc3c(C(=O)N4CC(O)C4)c(OCC(F)(F)F)ccc3n2Cc2cc(-c3ccc(Cl)s3)on2)CC1,O=C(N1CC(O)C1)[*:1],7.73,1.413,22.0,0.04,-1.34,2.04,0.04,2.4407375934335915,0.014865812295340503
CC(C)N1CCC(NC(=O)c2cc3cc([*:1])ccc3n2Cc2cc(-c3ccc(Cl)s3)on2)CC1,CPD_148,CC(C)N1CCC(NC(=O)c2cc3cc(C(N)=O)ccc3n2Cc2cc(-c3ccc(Cl)s3)on2)CC1,NC(=O)[*:1],8.44,0.497,390.0,CPD_262,CC(C)N1CCC(NC(=O)c2cc3cc(-c4n[nH]c(=O)o4)ccc3n2Cc2cc(-c3ccc(Cl)s3)on2)CC1,O=c1[nH]nc([*:1])o1,8.48,0.297,310.0,0.04,-0.2,-0.1,0.04,0.223606797749979,0.0844582472000673
CC(C)N1CCC(NC(=O)c2nc3c(O[*:1])cccc3n2CC(=O)Nc2ccc(Cl)cn2)CC1,CPD_690,CC(C)N1CCC(NC(=O)c2nc3c(OCCO)cccc3n2CC(=O)Nc2ccc(Cl)cn2)CC1,OCC[*:1],8.43,1.283,760.0,CPD_694,CCOCCOc1cccc2c1nc(C(=O)NC1CCN(C(C)C)CC1)n2CC(=O)Nc1ccc(Cl)cn1,CCOCC[*:1],8.46,2.454,200.0,0.03,1.17,-0.58,0.03,1.3058713566044704,0.01928179979190048
CC(C)N1CCC(NC(=O)c2cc3cc([*:1])ccc3n2Cc2cc(-c3ccc(Cl)s3)on2)CC1,CPD_117,CC(C)N1CCC(NC(=O)c2cc3cc(C(=O)OCOC(=O)C(C)(C)C)ccc3n2Cc2cc(-c3ccc(Cl)s3)on2)CC1,CC(C)(C)C(=O)OCOC(=O)[*:1],7.45,3.152,47.0,CPD_179,CC(C)OC(=O)COc1ccc2c(c1)cc(C(=O)NC1CCN(C(C)C)CC1)n2Cc1cc(-c2ccc(Cl)s2)on1,CC(C)OC(=O)CO[*:1],7.48,2.057,140.0,0.03,-1.1,0.47,0.03,1.196202324023825,0.02074398547260651
COc1cccc(Cn2c(C(=O)NC3CCN(C(C)C)CC3)cc3c([*:1])cccc32)c1,CPD_524,COc1cccc(Cn2c(C(=O)NC3CCN(C(C)C)CC3)cc3c(C(=O)N(C)CCO)cccc32)c1,CN(CCO)C(=O)[*:1],6.8,-1.188,1270000.0,CPD_680,COc1cccc(Cn2c(C(=O)NC3CCN(C(C)C)CC3)cc3c(C(=O)N4CCC(F)(F)CC4)cccc32)c1,O=C(N1CCC(F)(F)CC1)[*:1],6.83,-0.127,22000.0,0.03,1.06,-1.76,0.03,2.054555913086816,0.013017692402097885
CC(C)N1CCC(NC(=O)c2nc3c([*:1])cccc3n2CC(=O)Nc2ccc(Cl)cn2)CC1,CPD_322,CC(C)N1CCC(NC(=O)c2nc3c(C(=O)O)cccc3n2CC(=O)Nc2ccc(Cl)cn2)CC1,O=C(O)[*:1],7.95,1.375,1.9,CPD_356,CC(C)N1CCC(NC(=O)c2nc3c(C(=O)N4CC(O)C4)cccc3n2CC(=O)Nc2ccc(Cl)cn2)CC1,O=C(N1CC(O)C1)[*:1],7.99,-0.688,3200.0,0.03,-2.06,3.23,0.03,3.8309920386239384,0.007351153767532377
CC(C)N1CCC(NC(=O)c2cc3cc([*:1])ccc3n2CC(=O)Nc2ccc(Cl)cn2)CC1,CPD_168,CC(C)N1CCC(NC(=O)c2cc3cc(Cl)ccc3n2CC(=O)Nc2ccc(Cl)cn2)CC1,Cl[*:1],8.52,1.704,2300.0,CPD_865,CC(C)N1CCC(NC(=O)c2cc3cc(OCCOCCO)ccc3n2CC(=O)Nc2ccc(Cl)cn2)CC1,OCCOCCO[*:1],8.55,-0.117,77000.0,0.03,-1.82,1.52,0.03,2.3712443990445187,0.011444945771151835
CC(C)N1CCC(NC(=O)c2cc3cc([*:1])ccc3n2CC(=O)Nc2ccc(Cl)cn2)CC1,CPD_324,CC(C)N1CCC(NC(=O)c2cc3cc(C(=O)NCCO)ccc3n2CC(=O)Nc2ccc(Cl)cn2)CC1,O=C(NCCO)[*:1],8.11,-0.841,140000.0,CPD_781,CC(C)N1CCC(NC(=O)c2cc3cc(OCCO)ccc3n2CC(=O)Nc2ccc(Cl)cn2)CC1,OCCO[*:1],8.14,-0.041,55000.0,0.03,0.8,-0.41,0.03,0.8989438247187641,0.026110937153383747
CC(C)N1CCC(NC(=O)c2cc3cc([*:1])ccc3n2CC(=O)Nc2ccc(Cl)cn2)CC1,CPD_408,CC(C)N1CCC(NC(=O)c2cc3cc(C(=O)N4CC(O)C4)ccc3n2CC(=O)Nc2ccc(Cl)cn2)CC1,O=C(N1CC(O)C1)[*:1],8.06,-2.004,210000.0,CPD_416,CC(C)N1CCC(NC(=O)c2cc3cc(C(=O)O)ccc3n2CC(=O)Nc2ccc(Cl)cn2)CC1,O=C(O)[*:1],8.09,0.362,8.8,0.03,2.37,-4.38,0.03,4.980090360626,0.005736038563664365
CC(C)N1CCC(NC(=O)c2nc3c(C(=O)O[*:1])cccc3n2CC(=O)Nc2ccc(Cl)cn2)CC1,CPD_307,COC(=O)c1cccc2c1nc(C(=O)NC1CCN(C(C)C)CC1)n2CC(=O)Nc1ccc(Cl)cn1,C[*:1],7.93,2.316,160.0,CPD_401,CCOC(=O)OC(C)OC(=O)c1cccc2c1nc(C(=O)NC1CCN(C(C)C)CC1)n2CC(=O)Nc1ccc(Cl)cn1,CCOC(=O)OC(C)[*:1],7.96,3.271,32.0,0.03,0.96,-0.7,0.03,1.1881077392223316,0.020860745813260653
CC(C)N1CCC(NC(=O)c2nc3c([*:1])cccc3n2CC(=O)Nc2ccc(Cl)cn2)CC1,CPD_307,COC(=O)c1cccc2c1nc(C(=O)NC1CCN(C(C)C)CC1)n2CC(=O)Nc1ccc(Cl)cn1,COC(=O)[*:1],7.93,2.316,160.0,CPD_322,CC(C)N1CCC(NC(=O)c2nc3c(C(=O)O)cccc3n2CC(=O)Nc2ccc(Cl)cn2)CC1,O=C(O)[*:1],7.95,1.375,1.9,0.03,-0.94,-1.93,0.03,2.146741717114567,0.012516993293760893
CC(C)N1CCC(NC(=O)c2cc3cc([*:1])ccc3n2Cc2cc(-c3ccc(Cl)s3)on2)CC1,CPD_365,CC(C)N1CCC(NC(=O)c2cc3cc(C(=O)OC4CCOC4)ccc3n2Cc2cc(-c3ccc(Cl)s3)on2)CC1,O=C(OC1CCOC1)[*:1],7.58,1.734,120.0,CPD_503,CC(C)ONC(=O)c1ccc2c(c1)cc(C(=O)NC1CCN(C(C)C)CC1)n2Cc1cc(-c2ccc(Cl)s2)on1,CC(C)ONC(=O)[*:1],7.61,2.516,57.0,0.03,0.78,-0.32,0.03,0.8430895563343197,0.02744514374522534
Clc1ccc(-c2cc(Cn3c([*:1])nc4ccccc43)no2)s1,CPD_976,O=C(CN1CCN(C(=O)c2nc3ccccc3n2Cc2cc(-c3ccc(Cl)s3)on2)CC1)N1CCCC1,O=C(CN1CCN(C(=O)[*:1])CC1)N1CCCC1,5.18,3.591,0.7,CPD_984,O=C(c1nc2ccccc2n1Cc1cc(-c2ccc(Cl)s2)on1)N1CCC(N2CCCC2=O)CC1,O=C1CCCN1C1CCN(C(=O)[*:1])CC1,5.21,3.149,1.2,0.02,-0.44,0.23,0.02,0.49648766349225637,0.026792137336114824
CC(C)N1CCC(NC(=O)c2nc3c([*:1])cccc3n2CC(=O)Nc2ccc(Cl)cn2)CC1,CPD_353,CC(C)N1CCC(NC(=O)c2nc3c(C(=O)NCCO)cccc3n2CC(=O)Nc2ccc(Cl)cn2)CC1,O=C(NCCO)[*:1],8.06,0.477,1200.0,CPD_614,CC(C)N1CCC(NC(=O)c2nc3c(C(=O)N4CCC(F)(F)CC4)cccc3n2CC(=O)Nc2ccc(Cl)cn2)CC1,O=C(N1CCC(F)(F)CC1)[*:1],8.08,0.968,260.0,0.02,0.49,-0.66,0.02,0.8220097323024831,0.0186565470418292
CC(C)N1CCC(NC(=O)c2nc3c([*:1])cccc3n2CC(=O)Nc2ccc(Cl)cn2)CC1,CPD_322,CC(C)N1CCC(NC(=O)c2nc3c(C(=O)O)cccc3n2CC(=O)Nc2ccc(Cl)cn2)CC1,O=C(O)[*:1],7.95,1.375,1.9,CPD_546,CC(C)N1CCC(NC(=O)c2nc3c(C(=O)N4CCCOCC4)cccc3n2CC(=O)Nc2ccc(Cl)cn2)CC1,O=C(N1CCCOCC1)[*:1],7.97,0.371,1100.0,0.02,-1.0,2.76,0.02,2.9355749011054035,0.006278301600461488
CC(C)N1CCC(NC(=O)c2nc3c([*:1])cccc3n2CC(=O)Nc2ccc(Cl)cn2)CC1,CPD_529,CC(C)N1CCC(NC(=O)c2nc3c(CO)cccc3n2CC(=O)Nc2ccc(Cl)cn2)CC1,OC[*:1],8.14,1.111,1100.0,CPD_597,COCCOc1cccc2c1nc(C(=O)NC1CCN(C(C)C)CC1)n2CC(=O)Nc1ccc(Cl)cn1,COCCO[*:1],8.16,1.933,370.0,0.02,0.82,-0.47,0.02,0.9451454914456292,0.01673436426205174
CC(C)N1CCC(NC(=O)c2cc3cc([*:1])ccc3n2Cc2cc(-c3ccc(Cl)s3)on2)CC1,CPD_213,CC(OC(=O)OC1CCCCC1)OC(=O)c1ccc2c(c1)cc(C(=O)NC1CCN(C(C)C)CC1)n2Cc1cc(-c2ccc(Cl)s2)on1,CC(OC(=O)OC1CCCCC1)OC(=O)[*:1],6.77,4.442,4.4,CPD_604,CC(C)N1CCC(NC(=O)c2cc3cc(C(=O)N4CCC(O)CC4)ccc3n2Cc2cc(-c3ccc(Cl)s3)on2)CC1,O=C(N1CCC(O)CC1)[*:1],6.79,-0.266,3400.0,0.02,-4.71,2.89,0.02,5.5259569307044005,0.003462629697545359
CC(C)N1CCC(NC(=O)c2nc3c([*:1])cccc3n2Cc2cc(-c3ccc(Cl)s3)on2)CC1,CPD_305,COC(=O)c1cccc2c1nc(C(=O)NC1CCN(C(C)C)CC1)n2Cc1cc(-c2ccc(Cl)s2)on1,COC(=O)[*:1],8.42,3.133,16.0,CPD_333,CC(C)N1CCC(NC(=O)c2nc3c(C(=O)O)cccc3n2Cc2cc(-c3ccc(Cl)s3)on2)CC1,O=C(O)[*:1],8.44,2.191,0.6,0.02,-0.94,-1.43,0.02,1.711286066091815,0.010197390551931718
CC(C)N1CCC(NC(=O)c2cc3cc([*:1])ccc3n2Cc2cc(-c3ccc(Cl)s3)on2)CC1,CPD_148,CC(C)N1CCC(NC(=O)c2cc3cc(C(N)=O)ccc3n2Cc2cc(-c3ccc(Cl)s3)on2)CC1,NC(=O)[*:1],8.44,0.497,390.0,CPD_338,CC(C)N1CCC(NC(=O)c2cc3cc(NS(C)(=O)=O)ccc3n2Cc2cc(-c3ccc(Cl)s3)on2)CC1,CS(=O)(=O)N[*:1],8.46,0.697,170.0,0.02,0.2,-0.36,0.02,0.41182520563948,0.030219459503170874
O=C(N[*:1])c1cc2ccccc2n1Cc1cc(-c2ccc(Cl)s2)on1,CPD_22,NC(=O)N1CCC(NC(=O)c2cc3ccccc3n2Cc2cc(-c3ccc(Cl)s3)on2)CC1,NC(=O)N1CCC([*:1])CC1,5.97,1.914,8.7,CPD_25,O=C(NC1CCN(CC(F)(F)F)CC1)c1cc2ccccc2n1Cc1cc(-c2ccc(Cl)s2)on1,FC(F)(F)CN1CCC([*:1])CC1,5.99,4.567,1.3,0.02,2.65,-0.83,0.02,2.7769407627819502,0.00660733115292905
CC(C)N1CCC(NC(=O)c2cc3cc([*:1])ccc3n2CC(=O)Nc2ccc(Cl)cn2)CC1,CPD_332,CC(OC(=O)OC1CCCCC1)OC(=O)c1ccc2c(c1)cc(C(=O)NC1CCN(C(C)C)CC1)n2CC(=O)Nc1ccc(Cl)cn1,CC(OC(=O)OC1CCCCC1)OC(=O)[*:1],7.48,3.475,140.0,CPD_345,CC(C)N1CCC(NC(=O)c2cc3cc(C(=O)N(C)CCO)ccc3n2CC(=O)Nc2ccc(Cl)cn2)CC1,CN(CCO)C(=O)[*:1],7.5,-1.408,1040000.0,0.02,-4.88,3.87,0.02,6.2282662113946285,0.003087245776473647
Clc1ccc(-c2cc(Cn3c([*:1])cc4ccccc43)no2)s1,CPD_16,CC(C)CN1CCC(NC(=O)c2cc3ccccc3n2Cc2cc(-c3ccc(Cl)s3)on2)CC1,CC(C)CN1CCC(NC(=O)[*:1])CC1,6.85,3.104,48.0,CPD_23,CS(=O)(=O)N1CCC(NC(=O)c2cc3ccccc3n2Cc2cc(-c3ccc(Cl)s3)on2)CC1,CS(=O)(=O)N1CCC(NC(=O)[*:1])CC1,6.87,3.257,1.1,0.02,0.15,-1.64,0.02,1.6468454693747072,0.010543821477768021
CC(C)N1CCC(NC(=O)c2cc3cc([*:1])ccc3n2CC(=O)Nc2ccc(Cl)cn2)CC1,CPD_268,COC(=O)c1ccc2c(c1)cc(C(=O)NC1CCN(C(C)C)CC1)n2CC(=O)Nc1ccc(Cl)cn1,COC(=O)[*:1],8.12,0.993,8500.0,CPD_781,CC(C)N1CCC(NC(=O)c2cc3cc(OCCO)ccc3n2CC(=O)Nc2ccc(Cl)cn2)CC1,OCCO[*:1],8.14,-0.041,55000.0,0.02,-1.03,0.81,0.02,1.3103434664239755,0.012817690739485953
CC(C)N1CCC(NC(=O)c2cc3cc(F)cc(F)c3n2C[*:1])CC1,CPD_3,CC(C)N1CCC(NC(=O)c2cc3cc(F)cc(F)c3n2Cc2cc(-c3ccc(Cl)s3)on2)CC1,Clc1ccc(-c2cc([*:1])no2)s1,9.02,2.266,33.0,CPD_92,CC(C)N1CCC(NC(=O)c2cc3cc(F)cc(F)c3n2CC(=O)Nc2ccc(Cl)cn2)CC1,O=C(Nc1ccc(Cl)cn1)[*:1],9.04,1.299,1100.0,0.02,-0.97,1.52,0.02,1.8031361568112376,0.009741195163141229
CC(C)N1CCC(NC(=O)c2nc3c([*:1])cccc3n2CC(=O)Nc2ccc(Cl)cn2)CC1,CPD_600,COCCOCc1cccc2c1nc(C(=O)NC1CCN(C(C)C)CC1)n2CC(=O)Nc1ccc(Cl)cn1,COCCOC[*:1],7.87,1.696,550.0,CPD_638,CC(C)N1CCC(NC(=O)c2nc3c(C(=O)N(C)CCO)cccc3n2CC(=O)Nc2ccc(Cl)cn2)CC1,CN(CCO)C(=O)[*:1],7.89,-0.092,2900.0,0.02,-1.79,0.72,0.02,1.9293781381574737,0.009176929716707508
CC(C)N1CCC(NC(=O)c2cc3ccccc3n2C[*:1])CC1,CPD_146,CC(C)N1CCC(NC(=O)c2cc3ccccc3n2CC(=O)Nc2ccc(Cl)s2)CC1,O=C(Nc1ccc(Cl)s1)[*:1],7.82,1.184,1900.0,CPD_858,CC(C)N1CCC(NC(=O)c2cc3ccccc3n2CC(=O)Nc2ccc(Cl)c(F)c2)CC1,O=C(Nc1ccc(Cl)c(F)c1)[*:1],7.84,2.002,750.0,0.02,0.82,-0.4,0.02,0.9123595782365634,0.01720637948399957
CC(C)N1CCC(NC(=O)c2nc3c(O[*:1])cccc3n2CC(=O)Nc2ccc(Br)cn2)CC1,CPD_784,CC(C)N1CCC(NC(=O)c2nc3c(OCCO)cccc3n2CC(=O)Nc2ccc(Br)cn2)CC1,OCC[*:1],8.38,1.539,770.0,CPD_819,COCCOc1cccc2c1nc(C(=O)NC1CCN(C(C)C)CC1)n2CC(=O)Nc1ccc(Br)cn1,COCC[*:1],8.4,2.179,390.0,0.02,0.64,-0.3,0.02,0.7068238818828917,0.020902488303952946
CC(C)N1CCC(NC(=O)c2cc3cc(C(=O)O)ccc3n2C[*:1])CC1,CPD_85,CC(C)N1CCC(NC(=O)c2cc3cc(C(=O)O)ccc3n2Cc2cc(-c3ccc(Cl)s3)on2)CC1,Clc1ccc(-c2cc([*:1])no2)s1,8.07,1.328,5.5,CPD_416,CC(C)N1CCC(NC(=O)c2cc3cc(C(=O)O)ccc3n2CC(=O)Nc2ccc(Cl)cn2)CC1,O=C(Nc1ccc(Cl)cn1)[*:1],8.09,0.362,8.8,0.02,-0.97,0.2,0.02,0.9904039579888602,0.01612377957292814
O=C(O)c1ccc2c(c1)nc(C(=O)NC1CCN(C3CC3)CC1)n2C[*:1],CPD_682,O=C(O)c1ccc2c(c1)nc(C(=O)NC1CCN(C3CC3)CC1)n2Cc1cc(-c2ccc(Cl)s2)no1,Clc1ccc(-c2cc([*:1])on2)s1,7.66,0.919,3.8,CPD_879,O=C(O)c1ccc2c(c1)nc(C(=O)NC1CCN(C3CC3)CC1)n2Cc1cc(-c2ccc(Cl)s2)on1,Clc1ccc(-c2cc([*:1])no2)s1,7.68,1.673,1.2,0.02,0.75,-0.5,0.02,0.9013878188659973,0.017370341836426596
CC(C)N1CCC(NC(=O)c2cc3cc([*:1])ccc3n2Cc2cc(-c3ccc(Cl)s3)on2)CC1,CPD_112,COC(=O)c1ccc2c(c1)cc(C(=O)NC1CCN(C(C)C)CC1)n2Cc1cc(-c2ccc(Cl)s2)on1,COC(=O)[*:1],8.29,1.96,260.0,CPD_181,CC(C)N1CCC(NC(=O)c2cc3cc(OCC(=O)O)ccc3n2Cc2cc(-c3ccc(Cl)s3)on2)CC1,O=C(O)CO[*:1],8.3,0.774,4.7,0.01,-1.19,-1.74,0.01,2.1080085388821366,0.004240866746284435
CC(C)N1CCC(NC(=O)c2cc3c([*:1])cccc3n2Cc2cc(-c3ccc(Cl)s3)on2)CC1,CPD_132,CC(C)N1CCC(NC(=O)c2cc3c(C(F)(F)F)cccc3n2Cc2cc(-c3ccc(Cl)s3)on2)CC1,FC(F)(F)[*:1],7.82,2.572,90.0,CPD_396,CC(C)N1CCC(NC(=O)c2cc3c(C(=O)N4CC(O)C4)cccc3n2Cc2cc(-c3ccc(Cl)s3)on2)CC1,O=C(N1CC(O)C1)[*:1],7.83,-1.031,6300.0,0.01,-3.6,1.85,0.01,4.047530111067736,0.0023269179602130735
CC(C)N1CCC(NC(=O)c2cc3c([*:1])cccc3n2Cc2cc(-c3ccc(Cl)s3)on2)CC1,CPD_39,CC(C)N1CCC(NC(=O)c2cc3c(Br)cccc3n2Cc2cc(-c3ccc(Cl)s3)on2)CC1,Br[*:1],7.82,2.781,71.0,CPD_396,CC(C)N1CCC(NC(=O)c2cc3c(C(=O)N4CC(O)C4)cccc3n2Cc2cc(-c3ccc(Cl)s3)on2)CC1,O=C(N1CC(O)C1)[*:1],7.83,-1.031,6300.0,0.01,-3.81,1.95,0.01,4.280023364422209,0.0022074941331512252
CC(C)N1CCC(NC(=O)c2cc3c([*:1])cccc3n2Cc2cc(-c3ccc(Cl)s3)on2)CC1,CPD_133,CC(C)N1CCC(NC(=O)c2cc3c(Cl)cccc3n2Cc2cc(-c3ccc(Cl)s3)on2)CC1,Cl[*:1],8.16,2.601,74.0,CPD_175,CCOC(=O)OC(C)OC(=O)c1cccc2c1cc(C(=O)NC1CCN(C(C)C)CC1)n2Cc1cc(-c2ccc(Cl)s2)on1,CCOC(=O)OC(C)OC(=O)[*:1],8.17,2.927,56.0,0.01,0.33,-0.12,0.01,0.35114099732158877,0.016635032454208675
COc1cccc(Cn2c(C(=O)NC3CCN(C(C)C)CC3)cc3c([*:1])cccc32)c1,CPD_542,COc1cccc(Cn2c(C(=O)NC3CCN(C(C)C)CC3)cc3c(C(=O)OCCO)cccc32)c1,O=C(OCCO)[*:1],7.19,0.143,53000.0,CPD_923,COc1cccc(Cn2c(C(=O)NC3CCN(C(C)C)CC3)cc3c(OCCCO)cccc32)c1,OCCCO[*:1],7.2,0.96,26000.0,0.01,0.82,-0.31,0.01,0.8766413177577246,0.008875939345010266
CC(C)N1CCC(NC(=O)c2nc3c([*:1])cccc3n2CC(=O)Nc2ccc(Cl)cn2)CC1,CPD_401,CCOC(=O)OC(C)OC(=O)c1cccc2c1nc(C(=O)NC1CCN(C(C)C)CC1)n2CC(=O)Nc1ccc(Cl)cn1,CCOC(=O)OC(C)OC(=O)[*:1],7.96,3.271,32.0,CPD_546,CC(C)N1CCC(NC(=O)c2nc3c(C(=O)N4CCCOCC4)cccc3n2CC(=O)Nc2ccc(Cl)cn2)CC1,O=C(N1CCCOCC1)[*:1],7.97,0.371,1100.0,0.01,-2.9,1.54,0.01,3.2835346807975094,0.0028300274097615556
CC(C)N1CCC(NC(=O)c2nc3cc([*:1])ccc3n2CC(=O)Nc2ccc(Cl)cn2)CC1,CPD_397,CCOC(=O)OC(C)OC(=O)c1ccc2c(c1)nc(C(=O)NC1CCN(C(C)C)CC1)n2CC(=O)Nc1ccc(Cl)cn1,CCOC(=O)OC(C)OC(=O)[*:1],7.72,3.257,33.0,CPD_944,CC(C)N1CCC(NC(=O)c2nc3cc(OC(C)(C)CO)ccc3n2CC(=O)Nc2ccc(Cl)cn2)CC1,CC(C)(CO)O[*:1],7.73,1.966,380.0,0.01,-1.29,1.06,0.01,1.6696406799069075,0.005209308233916437
CC(C)N1CCC(NC(=O)c2cc3cc([*:1])ccc3n2CC(=O)Nc2ccc(Cl)cn2)CC1,CPD_370,COCCOC(=O)OC(C)OC(=O)c1ccc2c(c1)cc(C(=O)NC1CCN(C(C)C)CC1)n2CC(=O)Nc1ccc(Cl)cn1,COCCOC(=O)OC(C)OC(=O)[*:1],8.05,1.425,5200.0,CPD_408,CC(C)N1CCC(NC(=O)c2cc3cc(C(=O)N4CC(O)C4)ccc3n2CC(=O)Nc2ccc(Cl)cn2)CC1,O=C(N1CC(O)C1)[*:1],8.06,-2.004,210000.0,0.01,-3.43,1.61,0.01,3.7890632087628204,0.002475821615840232
O=C(Cn1c([*:1])nc2ccccc21)Nc1ccc(Cl)cn1,CPD_981,O=C(Cn1c(C(=O)N2CCN(Cc3ccncc3)CC2)nc2ccccc21)Nc1ccc(Cl)cn1,O=C(N1CCN(Cc2ccncc2)CC1)[*:1],5.62,2.389,26.0,CPD_991,CCN(CC)C(=O)N1CCN(C(=O)c2nc3ccccc3n2CC(=O)Nc2ccc(Cl)cn2)CC1,CCN(CC)C(=O)N1CCN(C(=O)[*:1])CC1,5.63,3.28,6.5,0.01,0.89,-0.6,0.01,1.0733592129385203,0.0075565272846780515
CC(C)N1CCC(NC(=O)c2cc3cc([*:1])ccc3n2Cc2cc(-c3ccc(Cl)s3)on2)CC1,CPD_99,CC(C)OC(=O)c1ccc2c(c1)cc(C(=O)NC1CCN(C(C)C)CC1)n2Cc1cc(-c2ccc(Cl)s2)on1,CC(C)OC(=O)[*:1],7.47,2.832,69.0,CPD_179,CC(C)OC(=O)COc1ccc2c(c1)cc(C(=O)NC1CCN(C(C)C)CC1)n2Cc1cc(-c2ccc(Cl)s2)on1,CC(C)OC(=O)CO[*:1],7.48,2.057,140.0,0.01,-0.77,0.31,0.01,0.8300602387778853,0.00925874283763584
CC(C)N1CCC(NC(=O)c2cc3cc([*:1])ccc3n2Cc2cc(-c3ccc(Cl)s3)on2)CC1,CPD_99,CC(C)OC(=O)c1ccc2c(c1)cc(C(=O)NC1CCN(C(C)C)CC1)n2Cc1cc(-c2ccc(Cl)s2)on1,CC(C)OC(=O)[*:1],7.47,2.832,69.0,CPD_252,CC(C)N1CCC(NC(=O)c2cc3cc(C(=O)NCCO)ccc3n2Cc2cc(-c3ccc(Cl)s3)on2)CC1,O=C(NCCO)[*:1],7.49,0.126,4400.0,0.01,-2.71,1.8,0.01,3.2533213797594605,0.0028544340972470545
O=C(CN1CCN(C(=O)c2nc3ccccc3n2[*:1])CC1)N1CCCC1,CPD_976,O=C(CN1CCN(C(=O)c2nc3ccccc3n2Cc2cc(-c3ccc(Cl)s3)on2)CC1)N1CCCC1,Clc1ccc(-c2cc(C[*:1])no2)s1,5.18,3.591,0.7,CPD_985,O=C(Cn1c(C(=O)N2CCN(CC(=O)N3CCCC3)CC2)nc2ccccc21)Nc1ccc(Cl)cn1,O=C(C[*:1])Nc1ccc(Cl)cn1,5.2,2.775,6.7,0.01,-0.82,0.98,0.01,1.2778106275970629,0.006545313810081278
CC(C)N1CCC(NC(=O)c2cc3cc([*:1])ccc3n2Cc2cc(-c3ccc(Cl)s3)on2)CC1,CPD_38,CC(C)N1CCC(NC(=O)c2cc3cc(Br)ccc3n2Cc2cc(-c3ccc(Cl)s3)on2)CC1,Br[*:1],8.06,2.851,68.0,CPD_85,CC(C)N1CCC(NC(=O)c2cc3cc(C(=O)O)ccc3n2Cc2cc(-c3ccc(Cl)s3)on2)CC1,O=C(O)[*:1],8.07,1.328,5.5,0.01,-1.52,-1.09,0.01,1.8704277585621958,0.004716029565082061
CC(C)N1CCC(NC(=O)c2nc3cc([*:1])ccc3n2CC(=O)Nc2ccc(Cl)cn2)CC1,CPD_319,COC(=O)c1ccc2c(c1)nc(C(=O)NC1CCN(C(C)C)CC1)n2CC(=O)Nc1ccc(Cl)cn1,COC(=O)[*:1],7.72,2.303,160.0,CPD_944,CC(C)N1CCC(NC(=O)c2nc3cc(OC(C)(C)CO)ccc3n2CC(=O)Nc2ccc(Cl)cn2)CC1,CC(C)(CO)O[*:1],7.73,1.966,380.0,0.01,-0.34,0.38,0.01,0.5099019513592785,0.013159592473887517
CC(C)N1CCC(NC(=O)c2nc3cccc(C(=O)O)c3n2[*:1])CC1,CPD_465,CC(C)N1CCC(NC(=O)c2nc3cccc(C(=O)O)c3n2CCc2ccc(Cl)cc2)CC1,Clc1ccc(CC[*:1])cc1,5.0,2.566,2.3,CPD_469,COc1cccc(Cn2c(C(=O)NC3CCN(C(C)C)CC3)nc3cccc(C(=O)O)c32)c1,COc1cccc(C[*:1])c1,5.0,1.47,4.5,0.0,-1.1,0.29,0.0,1.13758516164725,0.0
Clc1ccc(-c2cc(Cn3c([*:1])nc4ccccc43)no2)s1,CPD_421,Cc1ccc(=O)n(-c2ccc(NC(=O)c3nc4ccccc4n3Cc3cc(-c4ccc(Cl)s4)on3)cc2)n1,Cc1ccc(=O)n(-c2ccc(NC(=O)[*:1])cc2)n1,5.0,3.824,0.3,CPD_557,O=C(Nc1ccc(N2CCS(=O)(=O)CC2)cc1)c1nc2ccccc2n1Cc1cc(-c2ccc(Cl)s2)on1,O=C(Nc1ccc(N2CCS(=O)(=O)CC2)cc1)[*:1],5.0,3.236,0.4,0.0,-0.59,0.12,0.0,0.6020797289396148,0.0
O=C(Nc1ccc([*:1])cc1)c1nc2ccccc2n1Cc1cc(-c2ccc(Cl)s2)on1,CPD_421,Cc1ccc(=O)n(-c2ccc(NC(=O)c3nc4ccccc4n3Cc3cc(-c4ccc(Cl)s4)on3)cc2)n1,Cc1ccc(=O)n([*:1])n1,5.0,3.824,0.3,CPD_458,O=C(Nc1ccc(-n2ncccc2=O)cc1)c1nc2ccccc2n1Cc1cc(-c2ccc(Cl)s2)on1,O=c1cccnn1[*:1],5.0,4.288,0.2,0.0,0.46,-0.18,0.0,0.4939635614091388,0.0
Clc1ccc(-c2cc(Cn3c([*:1])nc4ccccc43)no2)s1,CPD_983,O=C(c1nc2ccccc2n1Cc1cc(-c2ccc(Cl)s2)on1)N1CCC(Nc2ccncc2)CC1,O=C(N1CCC(Nc2ccncc2)CC1)[*:1],4.77,3.65,2.4,CPD_986,CNC(=O)CN1CCN(C(=O)c2nc3ccccc3n2Cc2cc(-c3ccc(Cl)s3)on2)CC1,CNC(=O)CN1CCN(C(=O)[*:1])CC1,4.77,2.886,2.4,-0.0,-0.76,0.0,0.0,0.76,0.0
O=C(N[*:1])c1nc2ccccc2n1Cc1cc(-c2ccc(Cl)s2)on1,CPD_458,O=C(Nc1ccc(-n2ncccc2=O)cc1)c1nc2ccccc2n1Cc1cc(-c2ccc(Cl)s2)on1,O=c1cccnn1-c1ccc([*:1])cc1,5.0,4.288,0.2,CPD_557,O=C(Nc1ccc(N2CCS(=O)(=O)CC2)cc1)c1nc2ccccc2n1Cc1cc(-c2ccc(Cl)s2)on1,O=S1(=O)CCN(c2ccc([*:1])cc2)CC1,5.0,3.236,0.4,0.0,-1.05,0.3,0.0,1.0920164833920778,0.0
CC(C)N1CCC(NC(=O)c2nc3cccc(C(=O)O)c3n2[*:1])CC1,CPD_465,CC(C)N1CCC(NC(=O)c2nc3cccc(C(=O)O)c3n2CCc2ccc(Cl)cc2)CC1,Clc1ccc(CC[*:1])cc1,5.0,2.566,2.3,CPD_755,CC(C)N1CCC(NC(=O)c2nc3cccc(C(=O)O)c3n2Cc2cc3ccc(Cl)cc3s2)CC1,Clc1ccc2cc(C[*:1])sc2c1,5.0,4.311,0.2,0.0,1.75,-1.06,0.0,2.0459960899278373,0.0
CC(C)N1CCC(NC(=O)c2nc3c(OCCO)cccc3n2C[*:1])CC1,CPD_737,CC(C)N1CCC(NC(=O)c2nc3c(OCCO)cccc3n2Cc2cc3ccc(Cl)cc3s2)CC1,Clc1ccc2cc([*:1])sc2c1,8.65,4.197,8.2,CPD_773,CC(C)N1CCC(NC(=O)c2nc3c(OCCO)cccc3n2Cc2nnc(-c3ccc(Cl)s3)s2)CC1,Clc1ccc(-c2nnc([*:1])s2)s1,8.65,2.624,18.0,-0.0,-1.57,0.34,0.0,1.6063934760823702,0.0
O=C(N[*:1])c1cc2ccccc2n1Cc1cc(-c2ccc(Cl)s2)on1,CPD_86,O=C(NCC1CC(C(=O)N2CCCC2)=NO1)c1cc2ccccc2n1Cc1cc(-c2ccc(Cl)s2)on1,O=C(C1=NOC(C[*:1])C1)N1CCCC1,5.0,1.879,5.1,CPD_394,Nc1nc(CNC(=O)c2cc3ccccc3n2Cc2cc(-c3ccc(Cl)s3)on2)c[nH]1,Nc1nc(C[*:1])c[nH]1,5.0,1.539,34.0,0.0,-0.34,0.82,0.0,0.8876936408468858,0.0
CC(C)N1CCC(NC(=O)c2nc3cccc(C(=O)O)c3n2C[*:1])CC1,CPD_651,CC(C)N1CCC(NC(=O)c2nc3cccc(C(=O)O)c3n2Cc2cc3cc(Cl)ccc3s2)CC1,Clc1ccc2sc([*:1])cc2c1,5.0,4.311,0.2,CPD_755,CC(C)N1CCC(NC(=O)c2nc3cccc(C(=O)O)c3n2Cc2cc3ccc(Cl)cc3s2)CC1,Clc1ccc2cc([*:1])sc2c1,5.0,4.311,0.2,0.0,0.0,0.0,0.0,0.0,0.0
CC(C)N1CCC(NC(=O)c2nc3cccc(C(=O)O)c3n2C[*:1])CC1,CPD_465,CC(C)N1CCC(NC(=O)c2nc3cccc(C(=O)O)c3n2CCc2ccc(Cl)cc2)CC1,Clc1ccc(C[*:1])cc1,5.0,2.566,2.3,CPD_651,CC(C)N1CCC(NC(=O)c2nc3cccc(C(=O)O)c3n2Cc2cc3cc(Cl)ccc3s2)CC1,Clc1ccc2sc([*:1])cc2c1,5.0,4.311,0.2,0.0,1.75,-1.06,0.0,2.0459960899278373,0.0
CC(C)N1CCC(NC(=O)c2c([*:1])c3ccccc3n2Cc2cc(-c3ccc(Cl)s3)on2)CC1,CPD_4,CC(C)N1CCC(NC(=O)c2c(Br)c3ccccc3n2Cc2cc(-c3ccc(Cl)s3)on2)CC1,Br[*:1],8.61,2.455,81.0,CPD_5,CC(C)N1CCC(NC(=O)c2c(Cl)c3ccccc3n2Cc2cc(-c3ccc(Cl)s3)on2)CC1,Cl[*:1],8.61,2.269,86.0,0.0,-0.19,0.03,0.0,0.19235384061671346,0.0
CC(C)N1CCC(NC(=O)c2cc3cc(C(=O)O[*:1])ccc3n2Cc2cc(-c3ccc(Cl)s3)on2)CC1,CPD_171,CCOC(=O)c1ccc2c(c1)cc(C(=O)NC1CCN(C(C)C)CC1)n2Cc1cc(-c2ccc(Cl)s2)on1,CC[*:1],7.96,2.492,130.0,CPD_194,Cc1oc(=O)oc1COC(=O)c1ccc2c(c1)cc(C(=O)NC1CCN(C(C)C)CC1)n2Cc1cc(-c2ccc(Cl)s2)on1,Cc1oc(=O)oc1C[*:1],7.96,3.174,10.0,0.0,0.68,-1.11,0.0,1.3017296186228537,0.0
CC(C)N1CCC(NC(=O)c2nc3cccc(C(=O)O)c3n2[*:1])CC1,CPD_469,COc1cccc(Cn2c(C(=O)NC3CCN(C(C)C)CC3)nc3cccc(C(=O)O)c32)c1,COc1cccc(C[*:1])c1,5.0,1.47,4.5,CPD_651,CC(C)N1CCC(NC(=O)c2nc3cccc(C(=O)O)c3n2Cc2cc3cc(Cl)ccc3s2)CC1,Clc1ccc2sc(C[*:1])cc2c1,5.0,4.311,0.2,0.0,2.84,-1.35,0.0,3.1445349417680193,0.0
Clc1ccc(-c2cc(Cn3c([*:1])cc4ccccc43)no2)s1,CPD_47,O=C(Nc1nc(-c2cccnc2)cs1)c1cc2ccccc2n1Cc1cc(-c2ccc(Cl)s2)on1,O=C(Nc1nc(-c2cccnc2)cs1)[*:1],5.0,5.297,0.1,CPD_86,O=C(NCC1CC(C(=O)N2CCCC2)=NO1)c1cc2ccccc2n1Cc1cc(-c2ccc(Cl)s2)on1,O=C(C1=NOC(CNC(=O)[*:1])C1)N1CCCC1,5.0,1.879,5.1,0.0,-3.42,1.71,0.0,3.82367624152464,0.0
CC(C)N1CCC(NC(=O)c2nc3cc(C(=O)O[*:1])ccc3n2CC(=O)Nc2ccc(Cl)cn2)CC1,CPD_319,COC(=O)c1ccc2c(c1)nc(C(=O)NC1CCN(C(C)C)CC1)n2CC(=O)Nc1ccc(Cl)cn1,C[*:1],7.72,2.303,160.0,CPD_397,CCOC(=O)OC(C)OC(=O)c1ccc2c(c1)nc(C(=O)NC1CCN(C(C)C)CC1)n2CC(=O)Nc1ccc(Cl)cn1,CCOC(=O)OC(C)[*:1],7.72,3.257,33.0,-0.0,0.95,-0.69,0.0,1.1741379816699569,0.0
CC(C)N1CCC(NC(=O)c2cc3cc(C(=O)O)ccc3n2C[*:1])CC1,CPD_686,CC(C)N1CCC(NC(=O)c2cc3cc(C(=O)O)ccc3n2CCNC(=O)c2ccc(Cl)cc2)CC1,O=C(NC[*:1])c1ccc(Cl)cc1,5.0,0.546,18.0,CPD_687,CC(C)N1CCC(NC(=O)c2cc3cc(C(=O)O)ccc3n2CCNC(=O)c2cccc(Cl)c2)CC1,O=C(NC[*:1])c1cccc(Cl)c1,5.0,0.628,16.0,0.0,0.08,-0.05,0.0,0.09433981132056604,0.0
CC(C)N1CCC(NC(=O)c2nc3c([*:1])cccc3n2CC(=O)Nc2ccc(Cl)cn2)CC1,CPD_350,CC(OC(=O)OC1CCCCC1)OC(=O)c1cccc2c1nc(C(=O)NC1CCN(C(C)C)CC1)n2CC(=O)Nc1ccc(Cl)cn1,CC(OC(=O)OC1CCCCC1)OC(=O)[*:1],7.7,4.799,4.2,CPD_609,CC(C)N1CCC(NC(=O)c2nc3c(C(=O)N4CCOCC4)cccc3n2CC(=O)Nc2ccc(Cl)cn2)CC1,O=C(N1CCOCC1)[*:1],7.71,-0.016,1600.0,0.0,-4.82,2.58,0.0,5.467065026136053,0.0
Clc1ccc(-c2cc(Cn3c([*:1])cc4ccccc43)no2)s1,CPD_46,O=C(Nc1ccc(-c2c[nH]cn2)cc1)c1cc2ccccc2n1Cc1cc(-c2ccc(Cl)s2)on1,O=C(Nc1ccc(-c2c[nH]cn2)cc1)[*:1],5.0,4.299,0.0,CPD_394,Nc1nc(CNC(=O)c2cc3ccccc3n2Cc2cc(-c3ccc(Cl)s3)on2)c[nH]1,Nc1nc(CNC(=O)[*:1])c[nH]1,5.0,1.539,34.0,0.0,-2.76,2.53,0.0,3.7441287371029324,0.0
CC(C)N1CCC(NC(=O)c2nc3cccc(C(=O)O)c3n2[*:1])CC1,CPD_469,COc1cccc(Cn2c(C(=O)NC3CCN(C(C)C)CC3)nc3cccc(C(=O)O)c32)c1,COc1cccc(C[*:1])c1,5.0,1.47,4.5,CPD_755,CC(C)N1CCC(NC(=O)c2nc3cccc(C(=O)O)c3n2Cc2cc3ccc(Cl)cc3s2)CC1,Clc1ccc2cc(C[*:1])sc2c1,5.0,4.311,0.2,0.0,2.84,-1.35,0.0,3.1445349417680193,0.0
O=C(N[*:1])c1cc2ccccc2n1Cc1cc(-c2ccc(Cl)s2)on1,CPD_47,O=C(Nc1nc(-c2cccnc2)cs1)c1cc2ccccc2n1Cc1cc(-c2ccc(Cl)s2)on1,c1cncc(-c2csc([*:1])n2)c1,5.0,5.297,0.1,CPD_394,Nc1nc(CNC(=O)c2cc3ccccc3n2Cc2cc(-c3ccc(Cl)s3)on2)c[nH]1,Nc1nc(C[*:1])c[nH]1,5.0,1.539,34.0,0.0,-3.76,2.53,0.0,4.531942188510352,0.0
O=C(N[*:1])c1cc2ccccc2n1Cc1cc(-c2ccc(Cl)s2)on1,CPD_46,O=C(Nc1ccc(-c2c[nH]cn2)cc1)c1cc2ccccc2n1Cc1cc(-c2ccc(Cl)s2)on1,c1nc(-c2ccc([*:1])cc2)c[nH]1,5.0,4.299,0.0,CPD_86,O=C(NCC1CC(C(=O)N2CCCC2)=NO1)c1cc2ccccc2n1Cc1cc(-c2ccc(Cl)s2)on1,O=C(C1=NOC(C[*:1])C1)N1CCCC1,5.0,1.879,5.1,0.0,-2.42,1.71,0.0,2.9631908477180473,0.0
CC(C)N1CCC(NC(=O)c2cc3cc([*:1])ccc3n2Cc2cc(-c3ccc(Cl)s3)on2)CC1,CPD_259,CCOC(=O)COc1ccc2c(c1)cc(C(=O)NC1CCN(C(C)C)CC1)n2Cc1cc(-c2ccc(Cl)s2)on1,CCOC(=O)CO[*:1],7.79,1.709,270.0,CPD_366,CC(C)N1CCC(NC(=O)c2cc3cc(C(=O)OCCN4CCOCC4)ccc3n2Cc2cc(-c3ccc(Cl)s3)on2)CC1,O=C(OCCN1CCOCC1)[*:1],7.79,1.706,740.0,0.0,-0.0,0.44,0.0,0.44,0.0
O=C(N[*:1])c1cc2ccccc2n1Cc1cc(-c2ccc(Cl)s2)on1,CPD_46,O=C(Nc1ccc(-c2c[nH]cn2)cc1)c1cc2ccccc2n1Cc1cc(-c2ccc(Cl)s2)on1,c1nc(-c2ccc([*:1])cc2)c[nH]1,5.0,4.299,0.0,CPD_47,O=C(Nc1nc(-c2cccnc2)cs1)c1cc2ccccc2n1Cc1cc(-c2ccc(Cl)s2)on1,c1cncc(-c2csc([*:1])n2)c1,5.0,5.297,0.1,0.0,1.0,0.0,0.0,1.0,0.0
CC(C)N1CCC(NC(=O)c2cc3cc([*:1])ccc3n2CC(=O)Nc2ccc(Cl)cn2)CC1,CPD_681,COCCOCCOc1ccc2c(c1)cc(C(=O)NC1CCN(C(C)C)CC1)n2CC(=O)Nc1ccc(Cl)cn1,COCCOCCO[*:1],8.47,0.241,36000.0,CPD_843,CC(C)N1CCC(NC(=O)c2cc3cc(OC(C)(C)C(=O)O)ccc3n2CC(=O)Nc2ccc(Cl)cn2)CC1,CC(C)(O[*:1])C(=O)O,8.47,0.506,7.1,-0.0,0.27,-3.71,0.0,3.7198118231975124,0.0
CC(C)N1CCC(NC(=O)c2cc3cc([*:1])ccc3n2Cc2cc(-c3ccc(Cl)s3)on2)CC1,CPD_158,CC(C)N1CCC(NC(=O)c2cc3cc(-c4noc(O)n4)ccc3n2Cc2cc(-c3ccc(Cl)s3)on2)CC1,Oc1nc([*:1])no1,8.24,0.316,300.0,CPD_404,CC(C)N1CCC(NC(=O)c2cc3cc(C(=O)OCCO)ccc3n2Cc2cc(-c3ccc(Cl)s3)on2)CC1,O=C(OCCO)[*:1],8.24,0.885,1400.0,-0.0,0.57,0.67,0.0,0.8796590248499699,0.0
CC(C)N1CCC(NC(=O)c2cc3cc([*:1])ccc3n2CC(=O)Nc2ccc(Cl)cn2)CC1,CPD_315,CCOC(=O)OC(C)OC(=O)c1ccc2c(c1)cc(C(=O)NC1CCN(C(C)C)CC1)n2CC(=O)Nc1ccc(Cl)cn1,CCOC(=O)OC(C)OC(=O)[*:1],7.83,1.946,1900.0,CPD_541,CC(C)N1CCC(NC(=O)c2cc3cc(C(=O)N4CCOCC4)ccc3n2CC(=O)Nc2ccc(Cl)cn2)CC1,O=C(N1CCOCC1)[*:1],7.84,-1.329,79000.0,0.0,-3.27,1.62,0.0,3.649287601710778,0.0
CC(C)N1CCC(NC(=O)c2cc3cc(C(=O)O[*:1])ccc3n2Cc2cc(-c3ccc(Cl)s3)on2)CC1,CPD_362,CC(C)N1CCC(NC(=O)c2cc3cc(C(=O)OC4CCOC4=O)ccc3n2Cc2cc(-c3ccc(Cl)s3)on2)CC1,O=C1OCCC1[*:1],7.73,0.55,170.0,CPD_371,CC(C)N1CCC(NC(=O)c2cc3cc(C(=O)OCC4CCOC4)ccc3n2Cc2cc(-c3ccc(Cl)s3)on2)CC1,C1CC(C[*:1])CO1,7.73,1.959,78.0,-0.0,1.41,-0.34,0.0,1.4504137340772805,0.0
CC(C)N1CCC(NC(=O)c2nc3c([*:1])cccc3n2CC(=O)Nc2ccc(Cl)cn2)CC1,CPD_322,CC(C)N1CCC(NC(=O)c2nc3c(C(=O)O)cccc3n2CC(=O)Nc2ccc(Cl)cn2)CC1,O=C(O)[*:1],7.95,1.375,1.9,CPD_401,CCOC(=O)OC(C)OC(=O)c1cccc2c1nc(C(=O)NC1CCN(C(C)C)CC1)n2CC(=O)Nc1ccc(Cl)cn1,CCOC(=O)OC(C)OC(=O)[*:1],7.96,3.271,32.0,0.0,1.9,1.23,0.0,2.263382424602612,0.0
CC(C)N1CCC(NC(=O)c2cc3cc([*:1])ccc3n2Cc2cc(-c3ccc(Cl)s3)on2)CC1,CPD_179,CC(C)OC(=O)COc1ccc2c(c1)cc(C(=O)NC1CCN(C(C)C)CC1)n2Cc1cc(-c2ccc(Cl)s2)on1,CC(C)OC(=O)CO[*:1],7.48,2.057,140.0,CPD_252,CC(C)N1CCC(NC(=O)c2cc3cc(C(=O)NCCO)ccc3n2Cc2cc(-c3ccc(Cl)s3)on2)CC1,O=C(NCCO)[*:1],7.49,0.126,4400.0,0.0,-1.93,1.5,0.0,2.4443608571567332,0.0
CC(C)N1CCC(NC(=O)c2cc3c([*:1])cccc3n2Cc2cc(-c3ccc(Cl)s3)on2)CC1,CPD_39,CC(C)N1CCC(NC(=O)c2cc3c(Br)cccc3n2Cc2cc(-c3ccc(Cl)s3)on2)CC1,Br[*:1],7.82,2.781,71.0,CPD_132,CC(C)N1CCC(NC(=O)c2cc3c(C(F)(F)F)cccc3n2Cc2cc(-c3ccc(Cl)s3)on2)CC1,FC(F)(F)[*:1],7.82,2.572,90.0,-0.0,-0.21,0.1,0.0,0.23259406699226012,0.0
CC(C)N1CCC(NC(=O)c2cc3cc([*:1])ccc3n2Cc2cc(-c3ccc(Cl)s3)on2)CC1,CPD_361,CC(C)N1CCC(NC(=O)c2cc3cc(C(=O)OCC4COC(=O)O4)ccc3n2Cc2cc(-c3ccc(Cl)s3)on2)CC1,O=C1OCC(COC(=O)[*:1])O1,7.86,1.042,660.0,CPD_877,CC(C)N1CCC(NC(=O)c2cc3cc(OC(C)(C)C(=O)O)ccc3n2Cc2cc(-c3ccc(Cl)s3)on2)CC1,CC(C)(O[*:1])C(=O)O,7.85,1.472,1.6,-0.0,0.43,-2.62,0.0,2.6550517885721177,0.0
O=C(N[*:1])c1cc2ccccc2n1Cc1cc(-c2ccc(Cl)s2)on1,CPD_73,CCC(CC)N1CCC(NC(=O)c2cc3ccccc3n2Cc2cc(-c3ccc(Cl)s3)on2)CC1,CCC(CC)N1CCC([*:1])CC1,6.66,3.315,49.0,CPD_177,CC(C)N1CC(NC(=O)c2cc3ccccc3n2Cc2cc(-c3ccc(Cl)s3)on2)C1,CC(C)N1CC([*:1])C1,6.65,2.16,190.0,-0.01,-1.15,0.59,0.01,1.2925169244539894,0.006482911040693922
CC(C)N1CCC(NC(=O)c2nc3c([*:1])c(F)ccc3n2CC(=O)Nc2ccc(Cl)cn2)CC1,CPD_752,CC(C)N1CCC(NC(=O)c2nc3c(C(=O)O)c(F)ccc3n2CC(=O)Nc2ccc(Cl)cn2)CC1,O=C(O)[*:1],7.57,1.337,2.0,CPD_759,CC(C)N1CCC(NC(=O)c2nc3c(C(=O)N4CCOCC4)c(F)ccc3n2CC(=O)Nc2ccc(Cl)cn2)CC1,O=C(N1CCOCC1)[*:1],7.55,-0.345,2600.0,-0.01,-1.68,3.11,0.01,3.5347560028946834,0.002642178252006663
O=C(N[*:1])c1cc2ccccc2n1Cc1cc(-c2ccc(Cl)s2)on1,CPD_58,CCN1CC[C@@H](NC(=O)c2cc3ccccc3n2Cc2cc(-c3ccc(Cl)s3)on2)C1,CCN1CC[C@@H]([*:1])C1,7.0,1.624,680.0,CPD_63,CC(C)N1CC[C@H](NC(=O)c2cc3ccccc3n2Cc2cc(-c3ccc(Cl)s3)on2)C1,CC(C)N1CC[C@H]([*:1])C1,6.99,1.909,390.0,-0.01,0.28,-0.24,0.01,0.3687817782917155,0.01616078616213816
O=C(N[*:1])c1cc2ccccc2n1Cc1cc(-c2ccc(Cl)s2)on1,CPD_31,O=C(NC1CCN(c2ccncn2)CC1)c1cc2ccccc2n1Cc1cc(-c2ccc(Cl)s2)on1,c1cc(N2CCC([*:1])CC2)ncn1,7.01,3.217,2.8,CPD_58,CCN1CC[C@@H](NC(=O)c2cc3ccccc3n2Cc2cc(-c3ccc(Cl)s3)on2)C1,CCN1CC[C@@H]([*:1])C1,7.0,1.624,680.0,-0.01,-1.59,2.39,0.01,2.8705748553207946,0.003204537773849364
CC(C)N1CCC(NC(=O)c2nc3ccc([*:1])cc3n2CC(=O)Nc2ccc(Cl)cn2)CC1,CPD_398,CC(C)N1CCC(NC(=O)c2nc3ccc(C(=O)NCCO)cc3n2CC(=O)Nc2ccc(Cl)cn2)CC1,O=C(NCCO)[*:1],6.23,0.47,1300.0,CPD_837,CC(C)N1CCC(NC(=O)c2nc3ccc(OCCN4CCOCC4)cc3n2CC(=O)Nc2ccc(Cl)cn2)CC1,C1CN(CCO[*:1])CCO1,6.23,1.562,360.0,-0.01,1.09,-0.56,0.01,1.2254386969571347,0.0067776451984236695
CC(C)N1CCC(NC(=O)c2cc3cc([*:1])cnc3n2Cc2cc(-c3ccc(Cl)s3)on2)CC1,CPD_106,CC(C)N1CCC(NC(=O)c2cc3cc(C(=O)O)cnc3n2Cc2cc(-c3ccc(Cl)s3)on2)CC1,O=C(O)[*:1],7.17,1.423,1.8,CPD_176,CC(C)N1CCC(NC(=O)c2cc3cc(C(N)=O)cnc3n2Cc2cc(-c3ccc(Cl)s3)on2)CC1,NC(=O)[*:1],7.15,0.71,550.0,-0.01,-0.71,2.49,0.01,2.589246994784391,0.0035220606091578826
Clc1ccc(-c2cc(Cn3c([*:1])nc4ccccc43)no2)s1,CPD_978,O=C(c1nc2ccccc2n1Cc1cc(-c2ccc(Cl)s2)on1)N1CCN(Cc2ccncc2)CC1,O=C(N1CCN(Cc2ccncc2)CC1)[*:1],5.93,3.205,2.8,CPD_979,CCN(CC)C(=O)N1CCN(C(=O)c2nc3ccccc3n2Cc2cc(-c3ccc(Cl)s3)on2)CC1,CCN(CC)C(=O)N1CCN(C(=O)[*:1])CC1,5.92,4.096,0.6,-0.01,0.89,-0.67,0.01,1.1140017953306898,0.007331368649390664
COCCOc1cc2cc(C(=O)NC3CCN(C(C)C)CC3)n([*:1])c2cn1,CPD_705,COCCOc1cc2cc(C(=O)NC3CCN(C(C)C)CC3)n(Cc3cc4ccc(Cl)cc4s3)c2cn1,Clc1ccc2cc(C[*:1])sc2c1,6.03,2.646,3600.0,CPD_783,COCCOc1cc2cc(C(=O)NC3CCN(C(C)C)CC3)n(CC(=O)Nc3ccc(F)cn3)c2cn1,O=C(C[*:1])Nc1ccc(F)cn1,6.01,-1.216,310000.0,-0.02,-3.86,1.94,0.02,4.320092591600323,0.004376278948211975
CC(C)N1CCC(NC(=O)c2cc3ccccc3n2[*:1])CC1,CPD_33,CC(C)N1CCC(NC(=O)c2cc3ccccc3n2Cc2csc(-c3ccc(Cl)cc3)n2)CC1,Clc1ccc(-c2nc(C[*:1])cs2)cc1,5.57,3.106,54.0,CPD_859,CC(C)N1CCC(NC(=O)c2cc3ccccc3n2CC(=O)Nc2ccc(C#N)cc2)CC1,N#Cc1ccc(NC(=O)C[*:1])cc1,5.54,0.68,4500.0,-0.02,-2.43,1.92,0.02,3.0969824022748336,0.0059755318660793255
Clc1ccc(-c2cc(Cn3c([*:1])cc4ccccc43)no2)s1,CPD_31,O=C(NC1CCN(c2ccncn2)CC1)c1cc2ccccc2n1Cc1cc(-c2ccc(Cl)s2)on1,O=C(NC1CCN(c2ccncn2)CC1)[*:1],7.01,3.217,2.8,CPD_63,CC(C)N1CC[C@H](NC(=O)c2cc3ccccc3n2Cc2cc(-c3ccc(Cl)s3)on2)C1,CC(C)N1CC[C@H](NC(=O)[*:1])C1,6.99,1.909,390.0,-0.02,-1.31,2.14,0.02,2.509123352886422,0.007248679178869351
CC(C)N1CCC(NC(=O)c2cc3c([*:1])cccc3n2Cc2cc(-c3ccc(Cl)s3)on2)CC1,CPD_406,CC(C)N1CCC(NC(=O)c2cc3c(C(=O)N(C)CCO)cccc3n2Cc2cc(-c3ccc(Cl)s3)on2)CC1,CN(CCO)C(=O)[*:1],7.43,-0.435,32000.0,CPD_675,CC(C)N1CCC(NC(=O)c2cc3c(C(=O)N4CCC(F)(F)CC4)cccc3n2Cc2cc(-c3ccc(Cl)s3)on2)CC1,O=C(N1CCC(F)(F)CC1)[*:1],7.41,0.626,560.0,-0.02,1.06,-1.76,0.02,2.054555913086816,0.00867846160139859
CC(C)N1CCC(NC(=O)c2nc3c([*:1])cccc3n2CC(=O)Nc2ccc(Cl)cn2)CC1,CPD_356,CC(C)N1CCC(NC(=O)c2nc3c(C(=O)N4CC(O)C4)cccc3n2CC(=O)Nc2ccc(Cl)cn2)CC1,O=C(N1CC(O)C1)[*:1],7.99,-0.688,3200.0,CPD_546,CC(C)N1CCC(NC(=O)c2nc3c(C(=O)N4CCCOCC4)cccc3n2CC(=O)Nc2ccc(Cl)cn2)CC1,O=C(N1CCCOCC1)[*:1],7.97,0.371,1100.0,-0.02,1.06,-0.46,0.02,1.155508546052343,0.014229724932071081
CC(C)N1CCC(NC(=O)c2cc3cc([*:1])ccc3n2Cc2cc(-c3ccc(Cl)s3)on2)CC1,CPD_262,CC(C)N1CCC(NC(=O)c2cc3cc(-c4n[nH]c(=O)o4)ccc3n2Cc2cc(-c3ccc(Cl)s3)on2)CC1,O=c1[nH]nc([*:1])o1,8.48,0.297,310.0,CPD_338,CC(C)N1CCC(NC(=O)c2cc3cc(NS(C)(=O)=O)ccc3n2Cc2cc(-c3ccc(Cl)s3)on2)CC1,CS(=O)(=O)N[*:1],8.46,0.697,170.0,-0.02,0.4,-0.26,0.02,0.47707441767506253,0.027507500626900366
CC(C)N1CCC(NC(=O)c2cc3cc([*:1])ccc3n2CC(=O)Nc2ccc(Cl)cn2)CC1,CPD_268,COC(=O)c1ccc2c(c1)cc(C(=O)NC1CCN(C(C)C)CC1)n2CC(=O)Nc1ccc(Cl)cn1,COC(=O)[*:1],8.12,0.993,8500.0,CPD_324,CC(C)N1CCC(NC(=O)c2cc3cc(C(=O)NCCO)ccc3n2CC(=O)Nc2ccc(Cl)cn2)CC1,O=C(NCCO)[*:1],8.11,-0.841,140000.0,-0.02,-1.83,1.22,0.02,2.1993862780330335,0.008165310706345956
CC(C)N1CCC(NC(=O)c2nc3c(C(=O)O[*:1])cccc3n2CC(=O)Nc2ccc(Cl)cn2)CC1,CPD_516,CC(C)N1CCC(NC(=O)c2nc3c(C(=O)OCC4CC4)cccc3n2CC(=O)Nc2ccc(Cl)cn2)CC1,C1CC1C[*:1],7.83,3.211,33.0,CPD_528,COCCOC(=O)c1cccc2c1nc(C(=O)NC1CCN(C(C)C)CC1)n2CC(=O)Nc1ccc(Cl)cn1,COCC[*:1],7.81,1.899,260.0,-0.02,-1.31,0.9,0.02,1.5893709447451216,0.010873282551916882
CC(C)N1CCC(NC(=O)c2nc3cc([*:1])ccc3n2CC(=O)Nc2ccc(Cl)cn2)CC1,CPD_319,COC(=O)c1ccc2c(c1)nc(C(=O)NC1CCN(C(C)C)CC1)n2CC(=O)Nc1ccc(Cl)cn1,COC(=O)[*:1],7.72,2.303,160.0,CPD_836,CC(C)N1CCC(NC(=O)c2nc3cc(OCCN4CCOCC4)ccc3n2CC(=O)Nc2ccc(Cl)cn2)CC1,C1CN(CCO[*:1])CCO1,7.7,1.561,370.0,-0.02,-0.74,0.36,0.02,0.8229216244576394,0.018640690563124753
CC(C)N1CCC(NC(=O)c2cc3cc([*:1])ccc3n2CC(=O)Nc2ccc(Cl)cn2)CC1,CPD_324,CC(C)N1CCC(NC(=O)c2cc3cc(C(=O)NCCO)ccc3n2CC(=O)Nc2ccc(Cl)cn2)CC1,O=C(NCCO)[*:1],8.11,-0.841,140000.0,CPD_416,CC(C)N1CCC(NC(=O)c2cc3cc(C(=O)O)ccc3n2CC(=O)Nc2ccc(Cl)cn2)CC1,O=C(O)[*:1],8.09,0.362,8.8,-0.02,1.2,-4.2,0.02,4.368065933568311,0.004330817335157945
CC(C)N1CCC(NC(=O)c2cc3cc(C(=O)O[*:1])ccc3n2Cc2cc(-c3ccc(Cl)s3)on2)CC1,CPD_99,CC(C)OC(=O)c1ccc2c(c1)cc(C(=O)NC1CCN(C(C)C)CC1)n2Cc1cc(-c2ccc(Cl)s2)on1,CC(C)[*:1],7.47,2.832,69.0,CPD_117,CC(C)N1CCC(NC(=O)c2cc3cc(C(=O)OCOC(=O)C(C)(C)C)ccc3n2Cc2cc(-c3ccc(Cl)s3)on2)CC1,CC(C)(C)C(=O)OC[*:1],7.45,3.152,47.0,-0.02,0.32,-0.17,0.02,0.36235341863986875,0.03266087751158977
CC(C)N1CCC(NC(=O)c2nc3cc([*:1])ccc3n2CC(=O)Nc2ccc(Cl)cn2)CC1,CPD_397,CCOC(=O)OC(C)OC(=O)c1ccc2c(c1)nc(C(=O)NC1CCN(C(C)C)CC1)n2CC(=O)Nc1ccc(Cl)cn1,CCOC(=O)OC(C)OC(=O)[*:1],7.72,3.257,33.0,CPD_836,CC(C)N1CCC(NC(=O)c2nc3cc(OCCN4CCOCC4)ccc3n2CC(=O)Nc2ccc(Cl)cn2)CC1,C1CN(CCO[*:1])CCO1,7.7,1.561,370.0,-0.02,-1.7,1.05,0.02,1.9981241202688085,0.008896305955566456
CC(C)N1CCC(NC(=O)c2cc3cc([*:1])ccc3n2Cc2cc(-c3ccc(Cl)s3)on2)CC1,CPD_38,CC(C)N1CCC(NC(=O)c2cc3cc(Br)ccc3n2Cc2cc(-c3ccc(Cl)s3)on2)CC1,Br[*:1],8.06,2.851,68.0,CPD_363,CC(C)N1CCC(NC(=O)c2cc3cc(C(=O)OCCN4CCCC4=O)ccc3n2Cc2cc(-c3ccc(Cl)s3)on2)CC1,O=C1CCCN1CCOC(=O)[*:1],8.03,1.653,110.0,-0.02,-1.2,0.21,0.02,1.2182364302548172,0.013621784331103224
Clc1ccc(-c2cc(Cn3c([*:1])nc4ccccc43)no2)s1,CPD_438,CCN1CCN(c2ccc(NC(=O)c3nc4ccccc4n3Cc3cc(-c4ccc(Cl)s4)on3)cc2)C(=O)C1=O,CCN1CCN(c2ccc(NC(=O)[*:1])cc2)C(=O)C1=O,5.96,3.038,0.7,CPD_978,O=C(c1nc2ccccc2n1Cc1cc(-c2ccc(Cl)s2)on1)N1CCN(Cc2ccncc2)CC1,O=C(N1CCN(Cc2ccncc2)CC1)[*:1],5.93,3.205,2.8,-0.03,0.17,0.6,0.03,0.6236184731067546,0.03433993318995906
Cc1cc(C(=O)O)cc2cc(C(=O)NC3CCN(C4CC4)CC3)n([*:1])c12,CPD_684,Cc1cc(C(=O)O)cc2cc(C(=O)NC3CCN(C4CC4)CC3)n(Cc3cc(-c4ccc(Cl)s4)on3)c12,Clc1ccc(-c2cc(C[*:1])no2)s1,8.46,1.274,6.1,CPD_718,Cc1cc(C(=O)O)cc2cc(C(=O)NC3CCN(C4CC4)CC3)n(Cc3nnc(-c4ccc(Cl)s4)s3)c12,Clc1ccc(-c2nnc(C[*:1])s2)s1,8.44,1.625,3.5,-0.03,0.35,-0.24,0.03,0.4243819034784589,0.04448517945879053
CC(C)N1CCC(NC(=O)c2nc3c([*:1])cccc3n2Cc2cc(-c3ccc(Cl)s3)on2)CC1,CPD_316,CCOC(=O)OC(C)OC(=O)c1cccc2c1nc(C(=O)NC1CCN(C(C)C)CC1)n2Cc1cc(-c2ccc(Cl)s2)on1,CCOC(=O)OC(C)OC(=O)[*:1],8.18,4.088,3.5,CPD_471,COC1CN(C(=O)c2cccc3c2nc(C(=O)NC2CCN(C(C)C)CC2)n3Cc2cc(-c3ccc(Cl)s3)on2)C1,COC1CN(C(=O)[*:1])C1,8.16,0.766,180.0,-0.03,-3.32,1.71,0.03,3.734501305395407,0.00752917308858126
COc1cccc(Cn2c(C(=O)NC3CCN(C(C)C)CC3)cc3c([*:1])cccc32)c1,CPD_522,COc1cccc(Cn2c(C(=O)NC3CCN(C(C)C)CC3)cc3c(C(=O)N4CC(OC)C4)cccc32)c1,COC1CN(C(=O)[*:1])C1,6.86,-1.147,91000.0,CPD_680,COc1cccc(Cn2c(C(=O)NC3CCN(C(C)C)CC3)cc3c(C(=O)N4CCC(F)(F)CC4)cccc32)c1,O=C(N1CCC(F)(F)CC1)[*:1],6.83,-0.127,22000.0,-0.03,1.02,-0.62,0.03,1.193649864910142,0.02078066207685844
CC(C)N1CCC(NC(=O)c2nc3c([*:1])cccc3n2CC(=O)Nc2ccc(Cl)cn2)CC1,CPD_356,CC(C)N1CCC(NC(=O)c2nc3c(C(=O)N4CC(O)C4)cccc3n2CC(=O)Nc2ccc(Cl)cn2)CC1,O=C(N1CC(O)C1)[*:1],7.99,-0.688,3200.0,CPD_401,CCOC(=O)OC(C)OC(=O)c1cccc2c1nc(C(=O)NC1CCN(C(C)C)CC1)n2CC(=O)Nc1ccc(Cl)cn1,CCOC(=O)OC(C)OC(=O)[*:1],7.96,3.271,32.0,-0.03,3.96,-2.0,0.03,4.436394932825525,0.006401509140825307
O=C(Cn1c([*:1])nc2ccccc21)Nc1ccc(Cl)cn1,CPD_521,O=C(Cn1c(C(=O)Nc2ccc(N3CCOC3=O)cc2)nc2ccccc21)Nc1ccc(Cl)cn1,O=C1OCCN1c1ccc(NC(=O)[*:1])cc1,6.1,4.136,1.0,CPD_988,O=C(Cn1c(C(=O)N2CCC(Nc3ccncc3)CC2)nc2ccccc21)Nc1ccc(Cl)cn1,O=C(N1CCC(Nc2ccncc2)CC1)[*:1],6.07,2.834,31.0,-0.03,-1.3,1.49,0.03,1.9773972792537164,0.013468634571580073
CC(C)N1CCC(NC(=O)c2cc3cc([*:1])ccc3n2Cc2cc(-c3ccc(Cl)s3)on2)CC1,CPD_85,CC(C)N1CCC(NC(=O)c2cc3cc(C(=O)O)ccc3n2Cc2cc(-c3ccc(Cl)s3)on2)CC1,O=C(O)[*:1],8.07,1.328,5.5,CPD_363,CC(C)N1CCC(NC(=O)c2cc3cc(C(=O)OCCN4CCCC4=O)ccc3n2Cc2cc(-c3ccc(Cl)s3)on2)CC1,O=C1CCCN1CCOC(=O)[*:1],8.03,1.653,110.0,-0.03,0.32,1.3,0.03,1.338805437694365,0.01888211060224923
CC(C)N1CCC(NC(=O)c2cc3cc([*:1])ccc3n2Cc2cc(-c3ccc(Cl)s3)on2)CC1,CPD_213,CC(OC(=O)OC1CCCCC1)OC(=O)c1ccc2c(c1)cc(C(=O)NC1CCN(C(C)C)CC1)n2Cc1cc(-c2ccc(Cl)s2)on1,CC(OC(=O)OC1CCCCC1)OC(=O)[*:1],6.77,4.442,4.4,CPD_342,CC(C)N1CCC(NC(=O)c2cc3cc(C(=O)N(C)CCO)ccc3n2Cc2cc(-c3ccc(Cl)s3)on2)CC1,CN(CCO)C(=O)[*:1],6.73,-0.441,32000.0,-0.04,-4.88,3.86,0.04,6.222057537503169,0.006180414770452034
CC(C)N1CCC(NC(=O)c2cc3cc([*:1])ncc3n2CC(=O)Nc2ccc(Cl)cn2)CC1,CPD_631,CC(C)N1CCC(NC(=O)c2cc3cc(OCCO)ncc3n2CC(=O)Nc2ccc(Cl)cn2)CC1,OCCO[*:1],7.35,-0.998,400000.0,CPD_872,COCCCOc1cc2cc(C(=O)NC3CCN(C(C)C)CC3)n(CC(=O)Nc3ccc(Cl)cn3)c2cn1,COCCCO[*:1],7.32,-0.04,90000.0,-0.04,0.96,-0.65,0.04,1.1593532679903913,0.028381812359250663
O=C(N[*:1])c1cc2ccccc2n1Cc1cc(-c2ccc(Cl)s2)on1,CPD_58,CCN1CC[C@@H](NC(=O)c2cc3ccccc3n2Cc2cc(-c3ccc(Cl)s3)on2)C1,CCN1CC[C@@H]([*:1])C1,7.0,1.624,680.0,CPD_208,O=C(NC1CN(c2cc[n+]([O-])cc2)C1)c1cc2ccccc2n1Cc1cc(-c2ccc(Cl)s2)on1,[O-][n+]1ccc(N2CC([*:1])C2)cc1,6.96,1.058,17.0,-0.04,-0.57,-1.6,0.04,1.6984993376507393,0.020528618730877822
O=C(N[*:1])c1cc2ccccc2n1Cc1cc(-c2ccc(Cl)s2)on1,CPD_63,CC(C)N1CC[C@H](NC(=O)c2cc3ccccc3n2Cc2cc(-c3ccc(Cl)s3)on2)C1,CC(C)N1CC[C@H]([*:1])C1,6.99,1.909,390.0,CPD_208,O=C(NC1CN(c2cc[n+]([O-])cc2)C1)c1cc2ccccc2n1Cc1cc(-c2ccc(Cl)s2)on1,[O-][n+]1ccc(N2CC([*:1])C2)cc1,6.96,1.058,17.0,-0.04,-0.85,-1.36,0.04,1.6037767924496227,0.021577570807293955
Clc1ccc(-c2cc(Cn3c([*:1])cc4c(Cl)cccc43)no2)s1,CPD_140,CCOC(=O)CN(C(=O)c1cc2c(Cl)cccc2n1Cc1cc(-c2ccc(Cl)s2)on1)C1CCN(C(C)C)CC1,CCOC(=O)CN(C(=O)[*:1])C1CCN(C(C)C)CC1,7.29,3.39,93.0,CPD_144,CC(C)N1CCC(N(CC(=O)O)C(=O)c2cc3c(Cl)cccc3n2Cc2cc(-c3ccc(Cl)s3)on2)CC1,CC(C)N1CCC(N(CC(=O)O)C(=O)[*:1])CC1,7.25,1.934,2.2,-0.04,-1.46,-1.63,0.04,2.188264152244879,0.016405113434150482
CC(C)N1CCC(NC(=O)c2cc3c([*:1])cccc3n2Cc2cc(-c3ccc(Cl)s3)on2)CC1,CPD_132,CC(C)N1CCC(NC(=O)c2cc3c(C(F)(F)F)cccc3n2Cc2cc(-c3ccc(Cl)s3)on2)CC1,FC(F)(F)[*:1],7.82,2.572,90.0,CPD_161,CC(OC(=O)c1cccc2c1cc(C(=O)NC1CCN(C(C)C)CC1)n2Cc1cc(-c2ccc(Cl)s2)on1)OC(=O)C(C)(C)C,CC(OC(=O)C(C)(C)C)OC(=O)[*:1],7.78,3.512,26.0,-0.04,0.94,-0.54,0.04,1.0840664186294122,0.029983514644716894
CC(C)N1CCC(NC(=O)c2cc3cc(OC[*:1])ncc3n2CC(=O)Nc2ccc(Cl)cn2)CC1,CPD_824,CC(C)N1CCC(NC(=O)c2cc3cc(OCCOCCO)ncc3n2CC(=O)Nc2ccc(Cl)cn2)CC1,OCCOC[*:1],7.49,-1.089,570000.0,CPD_927,COCCOc1cc2cc(C(=O)NC3CCN(C(C)C)CC3)n(CC(=O)Nc3ccc(Cl)cn3)c2cn1,COC[*:1],7.45,-0.378,150000.0,-0.04,0.71,-0.58,0.04,0.9167878707749137,0.03428215273907012
Clc1ccc(-c2cc(Cn3c([*:1])nc4ccccc43)no2)s1,CPD_438,CCN1CCN(c2ccc(NC(=O)c3nc4ccccc4n3Cc3cc(-c4ccc(Cl)s4)on3)cc2)C(=O)C1=O,CCN1CCN(c2ccc(NC(=O)[*:1])cc2)C(=O)C1=O,5.96,3.038,0.7,CPD_979,CCN(CC)C(=O)N1CCN(C(=O)c2nc3ccccc3n2Cc2cc(-c3ccc(Cl)s3)on2)CC1,CCN(CC)C(=O)N1CCN(C(=O)[*:1])CC1,5.92,4.096,0.6,-0.04,1.06,-0.07,0.04,1.0623088063270492,0.030480630631408972
CC(C)N1CCC(NC(=O)c2nc3c(OCC[*:1])nccc3n2CC(=O)Nc2ccc(Cl)cn2)CC1,CPD_767,COCCOc1nccc2c1nc(C(=O)NC1CCN(C(C)C)CC1)n2CC(=O)Nc1ccc(Cl)cn1,CO[*:1],7.61,1.182,1300.0,CPD_834,CC(C)N1CCC(NC(=O)c2nc3c(OCCO)nccc3n2CC(=O)Nc2ccc(Cl)cn2)CC1,O[*:1],7.57,0.542,2600.0,-0.04,-0.64,0.3,0.04,0.7068238818828917,0.04180497660790589
Clc1ccc(-c2cc(Cn3c([*:1])cc4ccccc43)no2)s1,CPD_19,CC(=O)N1CCC(NC(=O)c2cc3ccccc3n2Cc2cc(-c3ccc(Cl)s3)on2)CC1,CC(=O)N1CCC(NC(=O)[*:1])CC1,6.12,3.157,3.8,CPD_204,CC(C)N1CC(CNC(=O)c2cc3ccccc3n2Cc2cc(-c3ccc(Cl)s3)on2)C1,CC(C)N1CC(CNC(=O)[*:1])C1,6.08,1.854,360.0,-0.04,-1.3,1.98,0.04,2.3686282950264697,0.015275172912463955
O=C(NC1CCN([*:1])CC1)c1cc2ccccc2n1Cc1cc(-c2ccc(Cl)s2)on1,CPD_24,O=C(NC1CCN(c2ccnc(Cl)n2)CC1)c1cc2ccccc2n1Cc1cc(-c2ccc(Cl)s2)on1,Clc1nccc([*:1])n1,6.7,3.331,2.1,CPD_73,CCC(CC)N1CCC(NC(=O)c2cc3ccccc3n2Cc2cc(-c3ccc(Cl)s3)on2)CC1,CCC(CC)[*:1],6.66,3.315,49.0,-0.04,-0.02,1.37,0.04,1.3701459776242824,0.02468913329566414
CC(C)N1CCC(NC(=O)c2nc3c([*:1])cccc3n2CC(=O)Nc2ccc(Cl)cn2)CC1,CPD_307,COC(=O)c1cccc2c1nc(C(=O)NC1CCN(C(C)C)CC1)n2CC(=O)Nc1ccc(Cl)cn1,COC(=O)[*:1],7.93,2.316,160.0,CPD_638,CC(C)N1CCC(NC(=O)c2nc3c(C(=O)N(C)CCO)cccc3n2CC(=O)Nc2ccc(Cl)cn2)CC1,CN(CCO)C(=O)[*:1],7.89,-0.092,2900.0,-0.04,-2.41,1.26,0.04,2.7195036311797787,0.013470264720339159
CC(C)N1CCC(NC(=O)c2nc3cc([*:1])ccc3n2CC(=O)Nc2ccc(Cl)cn2)CC1,CPD_900,CC(C)N1CCC(NC(=O)c2nc3cc(O)ccc3n2CC(=O)Nc2ccc(Cl)cn2)CC1,O[*:1],8.14,1.553,42.0,CPD_942,CCOCC(O)COc1ccc2c(c1)nc(C(=O)NC1CCN(C(C)C)CC1)n2CC(=O)Nc1ccc(Cl)cn1,CCOCC(O)CO[*:1],8.1,1.877,390.0,-0.04,0.32,0.97,0.04,1.021420579389313,0.03146087191636677
CC(C)N1CCC(NC(=O)c2cc3c([*:1])cccc3n2CC(=O)Nc2ccc(Cl)cn2)CC1,CPD_520,COCCOC(=O)OC(C)OC(=O)c1cccc2c1cc(C(=O)NC1CCN(C(C)C)CC1)n2CC(=O)Nc1ccc(Cl)cn1,COCCOC(=O)OC(C)OC(=O)[*:1],8.61,1.439,5100.0,CPD_712,CC(C)N1CCC(NC(=O)c2cc3c(C(=O)N4CCOCC4)cccc3n2CC(=O)Nc2ccc(Cl)cn2)CC1,O=C(N1CCOCC1)[*:1],8.57,-1.325,78000.0,-0.04,-2.76,1.18,0.04,3.0016662039607267,0.012301385656153014
CC(C)N1CCC(NC(=O)c2cc3cc([*:1])ccc3n2CC(=O)Nc2ccc(Cl)cn2)CC1,CPD_268,COC(=O)c1ccc2c(c1)cc(C(=O)NC1CCN(C(C)C)CC1)n2CC(=O)Nc1ccc(Cl)cn1,COC(=O)[*:1],8.12,0.993,8500.0,CPD_416,CC(C)N1CCC(NC(=O)c2cc3cc(C(=O)O)ccc3n2CC(=O)Nc2ccc(Cl)cn2)CC1,O=C(O)[*:1],8.09,0.362,8.8,-0.04,-0.63,-2.98,0.04,3.0458660508958695,0.012136415552788426
COc1cccc(Cn2c(C(=O)NC3CCN(C(C)C)CC3)cc3cc([*:1])ccc32)c1,CPD_409,COc1cccc(Cn2c(C(=O)NC3CCN(C(C)C)CC3)cc3cc(C(=O)O)ccc32)c1,O=C(O)[*:1],6.08,0.607,45.0,CPD_415,COc1cccc(Cn2c(C(=O)NC3CCN(C(C)C)CC3)cc3cc(C(=O)N4CC(O)C4)ccc32)c1,O=C(N1CC(O)C1)[*:1],6.03,-1.789,250000.0,-0.04,-2.4,3.74,0.04,4.443827179357902,0.008521830581217065
COCCOc1cc2cc(C(=O)NC3CCN(C(C)C)CC3)n(CC(=O)Nc3ccc([*:1])cn3)c2cn1,CPD_775,COCCOc1cc2cc(C(=O)NC3CCN(C(C)C)CC3)n(CC(=O)Nc3ccc(Br)cn3)c2cn1,Br[*:1],7.5,-0.133,140000.0,CPD_927,COCCOc1cc2cc(C(=O)NC3CCN(C(C)C)CC3)n(CC(=O)Nc3ccc(Cl)cn3)c2cn1,Cl[*:1],7.45,-0.378,150000.0,-0.05,-0.24,0.03,0.05,0.24186773244895649,0.10165334438804388
CC(C)N1CCC(NC(=O)c2cc3ccccc3n2C[*:1])CC1,CPD_853,Cc1ccc(NC(=O)Cn2c(C(=O)NC3CCN(C(C)C)CC3)cc3ccccc32)cc1,Cc1ccc(NC(=O)[*:1])cc1,7.25,0.85,14000.0,CPD_857,CC(C)N1CCC(NC(=O)c2cc3ccccc3n2CC(=O)Nc2ccc(F)cc2)CC1,O=C(Nc1ccc(F)cc1)[*:1],7.2,0.778,6500.0,-0.05,-0.07,-0.33,0.05,0.33734255586866,0.08512919675307994
CC(C)N1CCC(NC(=O)c2cc3cc([*:1])ccc3n2Cc2cc(-c3ccc(Cl)s3)on2)CC1,CPD_162,CC(OC(=O)c1ccc2c(c1)cc(C(=O)NC1CCN(C(C)C)CC1)n2Cc1cc(-c2ccc(Cl)s2)on1)OC(=O)C(C)(C)C,CC(OC(=O)C(C)(C)C)OC(=O)[*:1],7.04,3.499,26.0,CPD_373,CC(C)N1CCC(NC(=O)c2cc3cc(C(=O)N4CCCC4CO)ccc3n2Cc2cc(-c3ccc(Cl)s3)on2)CC1,O=C(N1CCCC1CO)[*:1],6.98,-0.415,2900.0,-0.05,-3.91,2.05,0.05,4.414815964454237,0.010718536461244894
CC(C)N1CCC(NC(=O)c2nc3c(OCCO)cccc3n2[*:1])CC1,CPD_690,CC(C)N1CCC(NC(=O)c2nc3c(OCCO)cccc3n2CC(=O)Nc2ccc(Cl)cn2)CC1,O=C(C[*:1])Nc1ccc(Cl)cn1,8.43,1.283,760.0,CPD_784,CC(C)N1CCC(NC(=O)c2nc3c(OCCO)cccc3n2CC(=O)Nc2ccc(Br)cn2)CC1,O=C(C[*:1])Nc1ccc(Br)cn1,8.38,1.539,770.0,-0.05,0.26,0.01,0.05,0.2601922366251538,0.09800227524186297
Clc1ccc(-c2cc(Cn3c([*:1])cc4ccccc43)no2)s1,CPD_31,O=C(NC1CCN(c2ccncn2)CC1)c1cc2ccccc2n1Cc1cc(-c2ccc(Cl)s2)on1,O=C(NC1CCN(c2ccncn2)CC1)[*:1],7.01,3.217,2.8,CPD_208,O=C(NC1CN(c2cc[n+]([O-])cc2)C1)c1cc2ccccc2n1Cc1cc(-c2ccc(Cl)s2)on1,O=C(NC1CN(c2cc[n+]([O-])cc2)C1)[*:1],6.96,1.058,17.0,-0.05,-2.16,0.78,0.05,2.2965191050805567,0.019634645544282417
Clc1ccc(-c2cc(Cn3c([*:1])cc4ccccc43)no2)s1,CPD_24,O=C(NC1CCN(c2ccnc(Cl)n2)CC1)c1cc2ccccc2n1Cc1cc(-c2ccc(Cl)s2)on1,O=C(NC1CCN(c2ccnc(Cl)n2)CC1)[*:1],6.7,3.331,2.1,CPD_177,CC(C)N1CC(NC(=O)c2cc3ccccc3n2Cc2cc(-c3ccc(Cl)s3)on2)C1,CC(C)N1CC(NC(=O)[*:1])C1,6.65,2.16,190.0,-0.05,-1.17,1.96,0.05,2.282651966463569,0.019742151966429387
O=C(O)c1cc([*:1])c2nc(C(=O)NC3CCN(C4CC4)CC3)n(Cc3cc(-c4ccc(Cl)s4)on3)c2c1,CPD_699,Cc1cc(C(=O)O)cc2c1nc(C(=O)NC1CCN(C3CC3)CC1)n2Cc1cc(-c2ccc(Cl)s2)on1,C[*:1],6.84,2.134,0.6,CPD_730,O=C(O)c1cc(Cl)c2nc(C(=O)NC3CCN(C4CC4)CC3)n(Cc3cc(-c4ccc(Cl)s4)on3)c2c1,Cl[*:1],6.79,2.677,0.3,-0.05,0.54,-0.3,0.05,0.6177378084592201,0.05762109189270135
CC(C)N1CCC(NC(=O)c2cc3c(C(=O)OC(C)[*:1])cccc3n2Cc2cc(-c3ccc(Cl)s3)on2)CC1,CPD_230,CC(=O)OC(C)OC(=O)c1cccc2c1cc(C(=O)NC1CCN(C(C)C)CC1)n2Cc1cc(-c2ccc(Cl)s2)on1,CC(=O)O[*:1],8.51,2.282,120.0,CPD_231,COC(=O)OC(C)OC(=O)c1cccc2c1cc(C(=O)NC1CCN(C(C)C)CC1)n2Cc1cc(-c2ccc(Cl)s2)on1,COC(=O)O[*:1],8.46,2.396,110.0,-0.05,0.11,-0.04,0.05,0.11704699910719625,0.13622233698033173
CC(C)N1CCC(NC(=O)c2nc3cc([*:1])ccc3n2CCc2ccc(Cl)cc2)CC1,CPD_539,COC(=O)c1ccc2c(c1)nc(C(=O)NC1CCN(C(C)C)CC1)n2CCc1ccc(Cl)cc1,COC(=O)[*:1],6.71,3.462,54.0,CPD_596,CC(C)N1CCC(NC(=O)c2nc3cc(C(=O)O)ccc3n2CCc2ccc(Cl)cc2)CC1,O=C(O)[*:1],6.66,2.566,2.3,-0.05,-0.9,-1.37,0.05,1.639176622576103,0.026466556595338038
CC(C)N1CCC(NC(=O)c2nc3c([*:1])cccc3n2Cc2cc(-c3ccc(Cl)s3)on2)CC1,CPD_391,CC(C)N1CCC(NC(=O)c2nc3c(C(=O)OCCO)cccc3n2Cc2cc(-c3ccc(Cl)s3)on2)CC1,O=C(OCCO)[*:1],8.62,2.057,54.0,CPD_392,CC(C)N1CCC(NC(=O)c2nc3c(C(=O)OCC(=O)O)cccc3n2Cc2cc(-c3ccc(Cl)s3)on2)CC1,O=C(O)COC(=O)[*:1],8.57,2.129,0.6,-0.05,0.07,-1.95,0.05,1.9512560057562922,0.022714304864699893
CC(C)N1CCC(NC(=O)c2cc3c([*:1])cccc3n2Cc2cc(-c3ccc(Cl)s3)on2)CC1,CPD_182,CC(C)N1CCC(NC(=O)c2cc3c(-c4nnc(O)o4)cccc3n2Cc2cc(-c3ccc(Cl)s3)on2)CC1,Oc1nnc([*:1])o1,8.57,0.305,310.0,CPD_230,CC(=O)OC(C)OC(=O)c1cccc2c1cc(C(=O)NC1CCN(C(C)C)CC1)n2Cc1cc(-c2ccc(Cl)s2)on1,CC(=O)OC(C)OC(=O)[*:1],8.51,2.282,120.0,-0.05,1.98,-0.41,0.05,2.022003956474863,0.022007003930388267
CC(C)N1CCC(NC(=O)c2cc3cc([*:1])ccc3n2Cc2cc(-c3ccc(Cl)s3)on2)CC1,CPD_112,COC(=O)c1ccc2c(c1)cc(C(=O)NC1CCN(C(C)C)CC1)n2Cc1cc(-c2ccc(Cl)s2)on1,COC(=O)[*:1],8.29,1.96,260.0,CPD_158,CC(C)N1CCC(NC(=O)c2cc3cc(-c4noc(O)n4)ccc3n2Cc2cc(-c3ccc(Cl)s3)on2)CC1,Oc1nc([*:1])no1,8.24,0.316,300.0,-0.05,-1.64,0.06,0.05,1.641097193952875,0.026439677537402118
CC(C)N1CCC(NC(=O)c2cc3cc(C(=O)O[*:1])ccc3n2Cc2cc(-c3ccc(Cl)s3)on2)CC1,CPD_112,COC(=O)c1ccc2c(c1)cc(C(=O)NC1CCN(C(C)C)CC1)n2Cc1cc(-c2ccc(Cl)s2)on1,C[*:1],8.29,1.96,260.0,CPD_404,CC(C)N1CCC(NC(=O)c2cc3cc(C(=O)OCCO)ccc3n2Cc2cc(-c3ccc(Cl)s3)on2)CC1,OCC[*:1],8.24,0.885,1400.0,-0.05,-1.07,0.73,0.05,1.2952991932368367,0.03235619368652377
CC(C)N1CCC(NC(=O)c2cc3cc([*:1])ccc3n2CC(=O)Nc2ccc(Cl)cn2)CC1,CPD_324,CC(C)N1CCC(NC(=O)c2cc3cc(C(=O)NCCO)ccc3n2CC(=O)Nc2ccc(Cl)cn2)CC1,O=C(NCCO)[*:1],8.11,-0.841,140000.0,CPD_408,CC(C)N1CCC(NC(=O)c2cc3cc(C(=O)N4CC(O)C4)ccc3n2CC(=O)Nc2ccc(Cl)cn2)CC1,O=C(N1CC(O)C1)[*:1],8.06,-2.004,210000.0,-0.05,-1.16,0.18,0.05,1.173882447266335,0.03511525835295839
CC(C)N1CCC(NC(=O)c2cc3cc([*:1])ccc3n2CC(=O)Nc2ccc(Cl)cn2)CC1,CPD_324,CC(C)N1CCC(NC(=O)c2cc3cc(C(=O)NCCO)ccc3n2CC(=O)Nc2ccc(Cl)cn2)CC1,O=C(NCCO)[*:1],8.11,-0.841,140000.0,CPD_370,COCCOC(=O)OC(C)OC(=O)c1ccc2c(c1)cc(C(=O)NC1CCN(C(C)C)CC1)n2CC(=O)Nc1ccc(Cl)cn1,COCCOC(=O)OC(C)OC(=O)[*:1],8.05,1.425,5200.0,-0.05,2.27,-1.43,0.05,2.6828715958837837,0.01704813810129766
CC(C)N1CCC(NC(=O)c2cc3cc([*:1])ccc3n2CC(=O)Nc2ccc(Cl)cn2)CC1,CPD_168,CC(C)N1CCC(NC(=O)c2cc3cc(Cl)ccc3n2CC(=O)Nc2ccc(Cl)cn2)CC1,Cl[*:1],8.52,1.704,2300.0,CPD_681,COCCOCCOc1ccc2c(c1)cc(C(=O)NC1CCN(C(C)C)CC1)n2CC(=O)Nc1ccc(Cl)cn1,COCCOCCO[*:1],8.47,0.241,36000.0,-0.05,-1.46,1.19,0.05,1.8835339126227593,0.02343529657728049
CC(C)N1CCC(NC(=O)c2cc3c([*:1])cccc3n2Cc2cc(-c3ccc(Cl)s3)on2)CC1,CPD_39,CC(C)N1CCC(NC(=O)c2cc3c(Br)cccc3n2Cc2cc(-c3ccc(Cl)s3)on2)CC1,Br[*:1],7.82,2.781,71.0,CPD_161,CC(OC(=O)c1cccc2c1cc(C(=O)NC1CCN(C(C)C)CC1)n2Cc1cc(-c2ccc(Cl)s2)on1)OC(=O)C(C)(C)C,CC(OC(=O)C(C)(C)C)OC(=O)[*:1],7.78,3.512,26.0,-0.05,0.73,-0.44,0.05,0.8523496934944014,0.04535765764265071
CC(C)N1CCC(NC(=O)c2cc3cc([*:1])ccc3n2CC(=O)Nc2ccc(Cl)cn2)CC1,CPD_168,CC(C)N1CCC(NC(=O)c2cc3cc(Cl)ccc3n2CC(=O)Nc2ccc(Cl)cn2)CC1,Cl[*:1],8.52,1.704,2300.0,CPD_843,CC(C)N1CCC(NC(=O)c2cc3cc(OC(C)(C)C(=O)O)ccc3n2CC(=O)Nc2ccc(Cl)cn2)CC1,CC(C)(O[*:1])C(=O)O,8.47,0.506,7.1,-0.05,-1.2,-2.51,0.05,2.782103520719529,0.016490202151190018
CC(C)N1CCC(NC(=O)c2cc3c([*:1])cccc3n2Cc2cc(-c3ccc(Cl)s3)on2)CC1,CPD_155,CC(C)N1CCC(NC(=O)c2cc3c(C(=O)OCOC(=O)C(C)(C)C)cccc3n2Cc2cc(-c3ccc(Cl)s3)on2)CC1,CC(C)(C)C(=O)OCOC(=O)[*:1],7.88,3.166,45.0,CPD_396,CC(C)N1CCC(NC(=O)c2cc3c(C(=O)N4CC(O)C4)cccc3n2Cc2cc(-c3ccc(Cl)s3)on2)CC1,O=C(N1CC(O)C1)[*:1],7.83,-1.031,6300.0,-0.05,-4.2,2.15,0.05,4.718315377335432,0.0100637733723771
CC(C)N1CCC(NC(=O)c2cc3cc(C(=O)O[*:1])ccc3n2Cc2cc(-c3ccc(Cl)s3)on2)CC1,CPD_366,CC(C)N1CCC(NC(=O)c2cc3cc(C(=O)OCCN4CCOCC4)ccc3n2Cc2cc(-c3ccc(Cl)s3)on2)CC1,C1CN(CC[*:1])CCO1,7.79,1.706,740.0,CPD_371,CC(C)N1CCC(NC(=O)c2cc3cc(C(=O)OCC4CCOC4)ccc3n2Cc2cc(-c3ccc(Cl)s3)on2)CC1,C1CC(C[*:1])CO1,7.73,1.959,78.0,-0.06,0.25,-0.98,0.06,1.0113851887386922,0.047566754814995345
CC(C)N1CCC(NC(=O)c2nc3c([*:1])cccc3n2CC(=O)Nc2ccc(Cl)cn2)CC1,CPD_307,COC(=O)c1cccc2c1nc(C(=O)NC1CCN(C(C)C)CC1)n2CC(=O)Nc1ccc(Cl)cn1,COC(=O)[*:1],7.93,2.316,160.0,CPD_600,COCCOCc1cccc2c1nc(C(=O)NC1CCN(C(C)C)CC1)n2CC(=O)Nc1ccc(Cl)cn1,COCCOC[*:1],7.87,1.696,550.0,-0.06,-0.62,0.54,0.06,0.8221921916437787,0.055960116542178834
CC(C)N1CCC(NC(=O)c2cc3cc([*:1])ccc3n2Cc2cc(-c3ccc(Cl)s3)on2)CC1,CPD_181,CC(C)N1CCC(NC(=O)c2cc3cc(OCC(=O)O)ccc3n2Cc2cc(-c3ccc(Cl)s3)on2)CC1,O=C(O)CO[*:1],8.3,0.774,4.7,CPD_404,CC(C)N1CCC(NC(=O)c2cc3cc(C(=O)OCCO)ccc3n2Cc2cc(-c3ccc(Cl)s3)on2)CC1,O=C(OCCO)[*:1],8.24,0.885,1400.0,-0.06,0.11,2.47,0.06,2.4724481794367303,0.02203898698722482
COc1cccc(Cn2c(C(=O)NC3CCN(C(C)C)CC3)cc3c([*:1])cccc32)c1,CPD_522,COc1cccc(Cn2c(C(=O)NC3CCN(C(C)C)CC3)cc3c(C(=O)N4CC(OC)C4)cccc32)c1,COC1CN(C(=O)[*:1])C1,6.86,-1.147,91000.0,CPD_524,COc1cccc(Cn2c(C(=O)NC3CCN(C(C)C)CC3)cc3c(C(=O)N(C)CCO)cccc32)c1,CN(CCO)C(=O)[*:1],6.8,-1.188,1270000.0,-0.06,-0.04,1.14,0.06,1.1407015385279358,0.043143692832547154
CC(C)N1CCC(NC(=O)c2cc3cc([*:1])ccc3n2Cc2cc(-c3ccc(Cl)s3)on2)CC1,CPD_167,CCOC(=O)OC(C)OC(=O)c1ccc2c(c1)cc(C(=O)NC1CCN(C(C)C)CC1)n2Cc1cc(-c2ccc(Cl)s2)on1,CCOC(=O)OC(C)OC(=O)[*:1],7.38,2.914,58.0,CPD_368,CC(C)N1CCC(NC(=O)c2cc3cc(C(=O)NCCN4CCNC4=O)ccc3n2Cc2cc(-c3ccc(Cl)s3)on2)CC1,O=C1NCCN1CCNC(=O)[*:1],7.32,0.289,190.0,-0.06,-2.62,0.52,0.06,2.6711046404062873,0.020540174826347467
Clc1ccc(-c2cc(Cn3c([*:1])cc4ccccc43)no2)s1,CPD_18,COC(=O)N1CCC(NC(=O)c2cc3ccccc3n2Cc2cc(-c3ccc(Cl)s3)on2)CC1,COC(=O)N1CCC(NC(=O)[*:1])CC1,5.75,3.257,1.6,CPD_27,O=CN1CCC(NC(=O)c2cc3ccccc3n2Cc2cc(-c3ccc(Cl)s3)on2)CC1,O=CN1CCC(NC(=O)[*:1])CC1,5.69,2.671,2.4,-0.06,-0.59,0.18,0.06,0.6168468205316454,0.06921638123238594
COc1cc2cc([*:1])n(Cc3cc(-c4ccc(Cl)s4)on3)c2cn1,CPD_950,COc1cc2cc(C(=O)NC3CCN(C4CC4)CC3)n(Cc3cc(-c4ccc(Cl)s4)on3)c2cn1,O=C(NC1CCN(C2CC2)CC1)[*:1],6.19,0.78,650.0,CPD_951,COc1cc2cc(C(=O)N3CCC(Nc4ccncc4)CC3)n(Cc3cc(-c4ccc(Cl)s4)on3)c2cn1,O=C(N1CCC(Nc2ccncc2)CC1)[*:1],6.13,1.798,46.0,-0.06,1.02,-1.15,0.06,1.537172729396407,0.03357258031811182
CC(C)N1CCC(NC(=O)c2cc3cc([*:1])ccc3n2Cc2cc(-c3ccc(Cl)s3)on2)CC1,CPD_143,CC(C)N1CCC(NC(=O)c2cc3cc(CO)ccc3n2Cc2cc(-c3ccc(Cl)s3)on2)CC1,OC[*:1],8.54,0.77,2500.0,CPD_262,CC(C)N1CCC(NC(=O)c2cc3cc(-c4n[nH]c(=O)o4)ccc3n2Cc2cc(-c3ccc(Cl)s3)on2)CC1,O=c1[nH]nc([*:1])o1,8.48,0.297,310.0,-0.06,-0.47,-0.91,0.06,1.0242070103255494,0.04708811010596347
CC(C)N1CCC(NC(=O)c2c([*:1])c3ccccc3n2Cc2cc(-c3ccc(Cl)s3)on2)CC1,CPD_5,CC(C)N1CCC(NC(=O)c2c(Cl)c3ccccc3n2Cc2cc(-c3ccc(Cl)s3)on2)CC1,Cl[*:1],8.61,2.269,86.0,CPD_9,CC(C)N1CCC(NC(=O)c2c(F)c3ccccc3n2Cc2cc(-c3ccc(Cl)s3)on2)CC1,F[*:1],8.55,1.738,140.0,-0.06,-0.53,0.21,0.06,0.570087712549569,0.07316290572561576
CC(C)N1CCC(NC(=O)c2nc3cc([*:1])ccc3n2CC(=O)Nc2ccc(Cl)cn2)CC1,CPD_381,CC(C)N1CCC(NC(=O)c2nc3cc(C(=O)N4CC(O)C4)ccc3n2CC(=O)Nc2ccc(Cl)cn2)CC1,O=C(N1CC(O)C1)[*:1],7.5,-0.694,3300.0,CPD_389,CC(OC(=O)OC1CCCCC1)OC(=O)c1ccc2c(c1)nc(C(=O)NC1CCN(C(C)C)CC1)n2CC(=O)Nc1ccc(Cl)cn1,CC(OC(=O)OC1CCCCC1)OC(=O)[*:1],7.45,4.785,4.3,-0.06,5.48,-2.89,0.06,6.1953611678416305,0.0093090206177061
CC(C)N1CCC(NC(=O)c2nc3c([*:1])cccc3n2CC(=O)Nc2ccc(Cl)cn2)CC1,CPD_529,CC(C)N1CCC(NC(=O)c2nc3c(CO)cccc3n2CC(=O)Nc2ccc(Cl)cn2)CC1,OC[*:1],8.14,1.111,1100.0,CPD_614,CC(C)N1CCC(NC(=O)c2nc3c(C(=O)N4CCC(F)(F)CC4)cccc3n2CC(=O)Nc2ccc(Cl)cn2)CC1,O=C(N1CCC(F)(F)CC1)[*:1],8.08,0.968,260.0,-0.06,-0.14,-0.63,0.06,0.6453681120105021,0.06701154440855968
CC(C)N1CCC(NC(=O)c2cc3cc([*:1])ccc3n2CC(=O)Nc2ccc(Cl)cn2)CC1,CPD_268,COC(=O)c1ccc2c(c1)cc(C(=O)NC1CCN(C(C)C)CC1)n2CC(=O)Nc1ccc(Cl)cn1,COC(=O)[*:1],8.12,0.993,8500.0,CPD_408,CC(C)N1CCC(NC(=O)c2cc3cc(C(=O)N4CC(O)C4)ccc3n2CC(=O)Nc2ccc(Cl)cn2)CC1,O=C(N1CC(O)C1)[*:1],8.06,-2.004,210000.0,-0.06,-3.0,1.39,0.06,3.3063726347766673,0.01687112295637374
CC(C)N1CCC(NC(=O)c2c([*:1])c3ccccc3n2Cc2cc(-c3ccc(Cl)s3)on2)CC1,CPD_4,CC(C)N1CCC(NC(=O)c2c(Br)c3ccccc3n2Cc2cc(-c3ccc(Cl)s3)on2)CC1,Br[*:1],8.61,2.455,81.0,CPD_9,CC(C)N1CCC(NC(=O)c2c(F)c3ccccc3n2Cc2cc(-c3ccc(Cl)s3)on2)CC1,F[*:1],8.55,1.738,140.0,-0.06,-0.72,0.24,0.06,0.758946638440411,0.05946796164834403
CC(C)N1CCC(NC(=O)c2nc3cc([*:1])ccc3n2Cc2cc(-c3ccc(Cl)s3)on2)CC1,CPD_290,COC(=O)c1ccc2c(c1)nc(C(=O)NC1CCN(C(C)C)CC1)n2Cc1cc(-c2ccc(Cl)s2)on1,COC(=O)[*:1],8.63,3.121,16.0,CPD_306,CC(C)N1CCC(NC(=O)c2nc3cc(C(=O)O)ccc3n2Cc2cc(-c3ccc(Cl)s3)on2)CC1,O=C(O)[*:1],8.57,2.192,0.6,-0.06,-0.93,-1.43,0.06,1.705813588877753,0.030677770285064864
CC(C)N1CCC(NC(=O)c2cc3cc(OCC[*:1])ncc3n2CC(=O)Nc2ccc(Br)cn2)CC1,CPD_775,COCCOc1cc2cc(C(=O)NC3CCN(C(C)C)CC3)n(CC(=O)Nc3ccc(Br)cn3)c2cn1,CO[*:1],7.5,-0.133,140000.0,CPD_777,CC(C)N1CCC(NC(=O)c2cc3cc(OCCO)ncc3n2CC(=O)Nc2ccc(Br)cn2)CC1,O[*:1],7.44,-0.753,370000.0,-0.06,-0.62,0.42,0.06,0.7488658090739622,0.06006812872654572
CC(C)N1CCC(NC(=O)c2cc3cc([*:1])ccc3n2Cc2cc(-c3ccc(Cl)s3)on2)CC1,CPD_259,CCOC(=O)COc1ccc2c(c1)cc(C(=O)NC1CCN(C(C)C)CC1)n2Cc1cc(-c2ccc(Cl)s2)on1,CCOC(=O)CO[*:1],7.79,1.709,270.0,CPD_362,CC(C)N1CCC(NC(=O)c2cc3cc(C(=O)OC4CCOC4=O)ccc3n2Cc2cc(-c3ccc(Cl)s3)on2)CC1,O=C1OCCC1OC(=O)[*:1],7.73,0.55,170.0,-0.06,-1.16,-0.2,0.06,1.1771151175649728,0.04204285923505281
CC(C)N1CCC(NC(=O)c2cc3cc([*:1])ccc3n2Cc2cc(-c3ccc(Cl)s3)on2)CC1,CPD_259,CCOC(=O)COc1ccc2c(c1)cc(C(=O)NC1CCN(C(C)C)CC1)n2Cc1cc(-c2ccc(Cl)s2)on1,CCOC(=O)CO[*:1],7.79,1.709,270.0,CPD_371,CC(C)N1CCC(NC(=O)c2cc3cc(C(=O)OCC4CCOC4)ccc3n2Cc2cc(-c3ccc(Cl)s3)on2)CC1,O=C(OCC1CCOC1)[*:1],7.73,1.959,78.0,-0.06,0.25,-0.54,0.06,0.5950630218724736,0.07100062178445958
CC(C)N1CCC(NC(=O)c2cc3cc(C(=O)OC(C)[*:1])ccc3n2CC(=O)Nc2ccc(Cl)cn2)CC1,CPD_315,CCOC(=O)OC(C)OC(=O)c1ccc2c(c1)cc(C(=O)NC1CCN(C(C)C)CC1)n2CC(=O)Nc1ccc(Cl)cn1,CCOC(=O)O[*:1],7.83,1.946,1900.0,CPD_374,CC(C)OC(=O)OC(C)OC(=O)c1ccc2c(c1)cc(C(=O)NC1CCN(C(C)C)CC1)n2CC(=O)Nc1ccc(Cl)cn1,CC(C)OC(=O)O[*:1],7.77,2.294,1000.0,-0.07,0.35,-0.28,0.07,0.4482186966202994,0.1002551211229838
CC(C)N1CCC(NC(=O)c2nc3c([*:1])cccc3n2CC(=O)Nc2ccc(Cl)cn2)CC1,CPD_401,CCOC(=O)OC(C)OC(=O)c1cccc2c1nc(C(=O)NC1CCN(C(C)C)CC1)n2CC(=O)Nc1ccc(Cl)cn1,CCOC(=O)OC(C)OC(=O)[*:1],7.96,3.271,32.0,CPD_638,CC(C)N1CCC(NC(=O)c2nc3c(C(=O)N(C)CCO)cccc3n2CC(=O)Nc2ccc(Cl)cn2)CC1,CN(CCO)C(=O)[*:1],7.89,-0.092,2900.0,-0.07,-3.36,1.96,0.07,3.889884317045945,0.016908685035418862
CC(C)N1CCC(NC(=O)c2cc3cc([*:1])ccc3n2Cc2cc(-c3ccc(Cl)s3)on2)CC1,CPD_361,CC(C)N1CCC(NC(=O)c2cc3cc(C(=O)OCC4COC(=O)O4)ccc3n2Cc2cc(-c3ccc(Cl)s3)on2)CC1,O=C1OCC(COC(=O)[*:1])O1,7.86,1.042,660.0,CPD_366,CC(C)N1CCC(NC(=O)c2cc3cc(C(=O)OCCN4CCOCC4)ccc3n2Cc2cc(-c3ccc(Cl)s3)on2)CC1,O=C(OCCN1CCOCC1)[*:1],7.79,1.706,740.0,-0.07,0.66,0.05,0.07,0.6618912297349165,0.07676354121790244
CC(C)N1CCC(NC(=O)c2cc3cc(C(=O)O[*:1])ccc3n2Cc2cc(-c3ccc(Cl)s3)on2)CC1,CPD_117,CC(C)N1CCC(NC(=O)c2cc3cc(C(=O)OCOC(=O)C(C)(C)C)ccc3n2Cc2cc(-c3ccc(Cl)s3)on2)CC1,CC(C)(C)C(=O)OC[*:1],7.45,3.152,47.0,CPD_167,CCOC(=O)OC(C)OC(=O)c1ccc2c(c1)cc(C(=O)NC1CCN(C(C)C)CC1)n2Cc1cc(-c2ccc(Cl)s2)on1,CCOC(=O)OC(C)[*:1],7.38,2.914,58.0,-0.07,-0.24,0.09,0.07,0.2563201123595259,0.13825245786462986
CC(C)N1CCC(NC(=O)c2nc3cc([*:1])ccc3n2CC(=O)Nc2ccc(Cl)cn2)CC1,CPD_319,COC(=O)c1ccc2c(c1)nc(C(=O)NC1CCN(C(C)C)CC1)n2CC(=O)Nc1ccc(Cl)cn1,COC(=O)[*:1],7.72,2.303,160.0,CPD_341,CC(C)N1CCC(NC(=O)c2nc3cc(C(=O)O)ccc3n2CC(=O)Nc2ccc(Cl)cn2)CC1,O=C(O)[*:1],7.65,1.376,1.9,-0.07,-0.93,-1.93,0.07,2.14238185205159,0.029259543136883195
CC(C)N1CCC(NC(=O)c2nc3c([*:1])cccc3n2CC(=O)Nc2ccc(Cl)cn2)CC1,CPD_322,CC(C)N1CCC(NC(=O)c2nc3c(C(=O)O)cccc3n2CC(=O)Nc2ccc(Cl)cn2)CC1,O=C(O)[*:1],7.95,1.375,1.9,CPD_638,CC(C)N1CCC(NC(=O)c2nc3c(C(=O)N(C)CCO)cccc3n2CC(=O)Nc2ccc(Cl)cn2)CC1,CN(CCO)C(=O)[*:1],7.89,-0.092,2900.0,-0.07,-1.47,3.18,0.07,3.5033269901623516,0.018650120328837144
CC(C)N1CCC(NC(=O)c2nc3ccc([*:1])cc3n2CC(=O)Nc2ccc(Cl)cn2)CC1,CPD_398,CC(C)N1CCC(NC(=O)c2nc3ccc(C(=O)NCCO)cc3n2CC(=O)Nc2ccc(Cl)cn2)CC1,O=C(NCCO)[*:1],6.23,0.47,1300.0,CPD_399,CCOC(=O)OC(C)OC(=O)c1ccc2nc(C(=O)NC3CCN(C(C)C)CC3)n(CC(=O)Nc3ccc(Cl)cn3)c2c1,CCOC(=O)OC(C)OC(=O)[*:1],6.16,3.259,33.0,-0.07,2.79,-1.6,0.07,3.2162244946520757,0.020194883542021216
CC(C)N1CCC(NC(=O)c2nc3c([*:1])cccc3n2CC(=O)Nc2ccc(Cl)cn2)CC1,CPD_353,CC(C)N1CCC(NC(=O)c2nc3c(C(=O)NCCO)cccc3n2CC(=O)Nc2ccc(Cl)cn2)CC1,O=C(NCCO)[*:1],8.06,0.477,1200.0,CPD_356,CC(C)N1CCC(NC(=O)c2nc3c(C(=O)N4CC(O)C4)cccc3n2CC(=O)Nc2ccc(Cl)cn2)CC1,O=C(N1CC(O)C1)[*:1],7.99,-0.688,3200.0,-0.07,-1.17,0.43,0.07,1.246515142306743,0.04677533692849998
CC(C)N1CCC(NC(=O)c2cc3cc(C(=O)O[*:1])ccc3n2CC(=O)Nc2ccc(Cl)cn2)CC1,CPD_268,COC(=O)c1ccc2c(c1)cc(C(=O)NC1CCN(C(C)C)CC1)n2CC(=O)Nc1ccc(Cl)cn1,C[*:1],8.12,0.993,8500.0,CPD_370,COCCOC(=O)OC(C)OC(=O)c1ccc2c(c1)cc(C(=O)NC1CCN(C(C)C)CC1)n2CC(=O)Nc1ccc(Cl)cn1,COCCOC(=O)OC(C)[*:1],8.05,1.425,5200.0,-0.07,0.43,-0.21,0.07,0.4785394445602159,0.09608264936465537
CC(C)N1CCC(NC(=O)c2cc3cc(O[*:1])ccc3n2CC(=O)Nc2ccc(Cl)cn2)CC1,CPD_681,COCCOCCOc1ccc2c(c1)cc(C(=O)NC1CCN(C(C)C)CC1)n2CC(=O)Nc1ccc(Cl)cn1,COCCOCC[*:1],8.47,0.241,36000.0,CPD_743,COCCOc1ccc2c(c1)cc(C(=O)NC1CCN(C(C)C)CC1)n2CC(=O)Nc1ccc(Cl)cn1,COCC[*:1],8.39,0.599,20000.0,-0.08,0.36,-0.26,0.08,0.4440720662234903,0.11526180622033579
CC(C)N1CCC(N(C[*:1])C(=O)c2cc3cc(Cl)cc(Cl)c3n2Cc2cc(-c3ccc(Cl)s3)on2)CC1,CPD_136,CC(C)N1CCC(N(CC(=O)O)C(=O)c2cc3cc(Cl)cc(Cl)c3n2Cc2cc(-c3ccc(Cl)s3)on2)CC1,O=C(O)[*:1],7.13,2.627,0.8,CPD_138,CCOC(=O)CN(C(=O)c1cc2cc(Cl)cc(Cl)c2n1Cc1cc(-c2ccc(Cl)s2)on1)C1CCN(C(C)C)CC1,CCOC(=O)[*:1],7.05,4.111,16.0,-0.08,1.48,1.3,0.08,1.9698730923589975,0.03603809617557291
CC(C)N1CCC(NC(=O)c2cc3cc([*:1])ccc3n2CC(=O)Nc2ccc(Cl)cn2)CC1,CPD_170,CC(C)N1CCC(NC(=O)c2cc3cc(S(C)(=O)=O)ccc3n2CC(=O)Nc2ccc(Cl)cn2)CC1,CS(=O)(=O)[*:1],7.72,-0.686,15000.0,CPD_393,CC(C)N1CCC(NC(=O)c2cc3cc(C(=O)N4CCCOCC4)ccc3n2CC(=O)Nc2ccc(Cl)cn2)CC1,O=C(N1CCCOCC1)[*:1],7.64,-0.942,58000.0,-0.08,-0.26,0.59,0.08,0.6447480127925947,0.0894106484241438
CC(C)N1CCC(NC(=O)c2cc3cc([*:1])ccc3n2Cc2cc(-c3ccc(Cl)s3)on2)CC1,CPD_158,CC(C)N1CCC(NC(=O)c2cc3cc(-c4noc(O)n4)ccc3n2Cc2cc(-c3ccc(Cl)s3)on2)CC1,Oc1nc([*:1])no1,8.24,0.316,300.0,CPD_364,CC(C)N1CCC(NC(=O)c2cc3cc(C(=O)OCCN4CCNC4=O)ccc3n2Cc2cc(-c3ccc(Cl)s3)on2)CC1,O=C1NCCN1CCOC(=O)[*:1],8.16,1.632,44.0,-0.08,1.32,-0.83,0.08,1.5592626462530295,0.04421690801259809
CC(C)N1CCC(NC(=O)c2nc3c([*:1])cccc3n2CC(=O)Nc2ccc(Cl)cn2)CC1,CPD_546,CC(C)N1CCC(NC(=O)c2nc3c(C(=O)N4CCCOCC4)cccc3n2CC(=O)Nc2ccc(Cl)cn2)CC1,O=C(N1CCCOCC1)[*:1],7.97,0.371,1100.0,CPD_638,CC(C)N1CCC(NC(=O)c2nc3c(C(=O)N(C)CCO)cccc3n2CC(=O)Nc2ccc(Cl)cn2)CC1,CN(CCO)C(=O)[*:1],7.89,-0.092,2900.0,-0.08,-0.46,0.42,0.08,0.6228964600958975,0.09164889956273978
CC(C)N1CCC(NC(=O)c2nc3c([*:1])cccc3n2CC(=O)Nc2ccc(Cl)cn2)CC1,CPD_597,COCCOc1cccc2c1nc(C(=O)NC1CCN(C(C)C)CC1)n2CC(=O)Nc1ccc(Cl)cn1,COCCO[*:1],8.16,1.933,370.0,CPD_614,CC(C)N1CCC(NC(=O)c2nc3c(C(=O)N4CCC(F)(F)CC4)cccc3n2CC(=O)Nc2ccc(Cl)cn2)CC1,O=C(N1CCC(F)(F)CC1)[*:1],8.08,0.968,260.0,-0.08,-0.97,-0.15,0.08,0.9815294188153506,0.0649598773506805
CC(C)N1CCC(NC(=O)c2cc3c([*:1])cccc3n2Cc2cc(-c3ccc(Cl)s3)on2)CC1,CPD_174,CC(C)N1CCC(NC(=O)c2cc3c(C(=O)O)cccc3n2Cc2cc(-c3ccc(Cl)s3)on2)CC1,O=C(O)[*:1],8.25,1.328,5.5,CPD_175,CCOC(=O)OC(C)OC(=O)c1cccc2c1cc(C(=O)NC1CCN(C(C)C)CC1)n2Cc1cc(-c2ccc(Cl)s2)on1,CCOC(=O)OC(C)OC(=O)[*:1],8.17,2.927,56.0,-0.08,1.6,1.01,0.08,1.8921152184790442,0.03734626378164757
CC(C)N1CCC(NC(=O)c2cc3cc([*:1])ccc3n2Cc2cc(-c3ccc(Cl)s3)on2)CC1,CPD_143,CC(C)N1CCC(NC(=O)c2cc3cc(CO)ccc3n2Cc2cc(-c3ccc(Cl)s3)on2)CC1,OC[*:1],8.54,0.77,2500.0,CPD_338,CC(C)N1CCC(NC(=O)c2cc3cc(NS(C)(=O)=O)ccc3n2Cc2cc(-c3ccc(Cl)s3)on2)CC1,CS(=O)(=O)N[*:1],8.46,0.697,170.0,-0.08,-0.07,-1.17,0.08,1.172092146548214,0.05625514506509351
Clc1ccc(-c2cc(Cn3c([*:1])cc4ccccc43)no2)s1,CPD_26,CN1CCC(NC(=O)c2cc3ccccc3n2Cc2cc(-c3ccc(Cl)s3)on2)CC1,CN1CCC(NC(=O)[*:1])CC1,7.4,2.01,210.0,CPD_60,CC(C)N1CC[C@@H](NC(=O)c2cc3ccccc3n2Cc2cc(-c3ccc(Cl)s3)on2)C1,CC(C)N1CC[C@@H](NC(=O)[*:1])C1,7.32,1.909,390.0,-0.08,-0.1,0.27,0.08,0.2879236009777594,0.1487200038343505
CC(C)N1CCC(NC(=O)c2cc3cc([*:1])ccc3n2Cc2cc(-c3ccc(Cl)s3)on2)CC1,CPD_99,CC(C)OC(=O)c1ccc2c(c1)cc(C(=O)NC1CCN(C(C)C)CC1)n2Cc1cc(-c2ccc(Cl)s2)on1,CC(C)OC(=O)[*:1],7.47,2.832,69.0,CPD_167,CCOC(=O)OC(C)OC(=O)c1ccc2c(c1)cc(C(=O)NC1CCN(C(C)C)CC1)n2Cc1cc(-c2ccc(Cl)s2)on1,CCOC(=O)OC(C)OC(=O)[*:1],7.38,2.914,58.0,-0.09,0.08,-0.08,0.09,0.1131370849898476,0.247840288750779
CC(C)N1CCC(NC(=O)c2cc3cc([*:1])ccc3n2CC(=O)Nc2ccc(Cl)cn2)CC1,CPD_370,COCCOC(=O)OC(C)OC(=O)c1ccc2c(c1)cc(C(=O)NC1CCN(C(C)C)CC1)n2CC(=O)Nc1ccc(Cl)cn1,COCCOC(=O)OC(C)OC(=O)[*:1],8.05,1.425,5200.0,CPD_674,CC(C)N1CCC(NC(=O)c2cc3cc(C(=O)N4CCC(F)(F)CC4)ccc3n2CC(=O)Nc2ccc(Cl)cn2)CC1,O=C(N1CCC(F)(F)CC1)[*:1],7.96,-0.344,18000.0,-0.09,-1.77,0.54,0.09,1.8505404615949363,0.04284611586661043
Clc1ccc(-c2cc(Cn3c([*:1])nc4ccccc43)no2)s1,CPD_986,CNC(=O)CN1CCN(C(=O)c2nc3ccccc3n2Cc2cc(-c3ccc(Cl)s3)on2)CC1,CNC(=O)CN1CCN(C(=O)[*:1])CC1,4.77,2.886,2.4,CPD_987,NC(=O)N1CCN(C(=O)c2nc3ccccc3n2Cc2cc(-c3ccc(Cl)s3)on2)CC1,NC(=O)N1CCN(C(=O)[*:1])CC1,4.68,1.327,15.0,-0.09,-1.56,0.8,0.09,1.75316856006489,0.04492882016732759
CC(C)N1CCC(NC(=O)c2nc3c([*:1])cccc3n2Cc2cc(-c3ccc(Cl)s3)on2)CC1,CPD_316,CCOC(=O)OC(C)OC(=O)c1cccc2c1nc(C(=O)NC1CCN(C(C)C)CC1)n2Cc1cc(-c2ccc(Cl)s2)on1,CCOC(=O)OC(C)OC(=O)[*:1],8.18,4.088,3.5,CPD_320,CC(C)N1CCC(NC(=O)c2nc3c(C(=O)N4CC(O)C4)cccc3n2Cc2cc(-c3ccc(Cl)s3)on2)CC1,O=C(N1CC(O)C1)[*:1],8.1,0.129,330.0,-0.09,-3.96,1.97,0.09,4.422951503238533,0.01925977616879323
CC(C)N1CCC(NC(=O)c2nc3c([*:1])cccc3n2CC(=O)Nc2ccc(Cl)cn2)CC1,CPD_353,CC(C)N1CCC(NC(=O)c2nc3c(C(=O)NCCO)cccc3n2CC(=O)Nc2ccc(Cl)cn2)CC1,O=C(NCCO)[*:1],8.06,0.477,1200.0,CPD_546,CC(C)N1CCC(NC(=O)c2nc3c(C(=O)N4CCCOCC4)cccc3n2CC(=O)Nc2ccc(Cl)cn2)CC1,O=C(N1CCCOCC1)[*:1],7.97,0.371,1100.0,-0.09,-0.11,-0.04,0.09,0.11704699910719625,0.24520020656459707
COc1cccc(Cn2c(C(=O)NC3CCN(C(C)C)CC3)cc3c([*:1])cccc32)c1,CPD_523,COc1cccc(Cn2c(C(=O)NC3CCN(C(C)C)CC3)cc3c(C(=O)N4CC(O)C4)cccc32)c1,O=C(N1CC(O)C1)[*:1],6.92,-1.784,250000.0,CPD_680,COc1cccc(Cn2c(C(=O)NC3CCN(C(C)C)CC3)cc3c(C(=O)N4CCC(F)(F)CC4)cccc32)c1,O=C(N1CCC(F)(F)CC1)[*:1],6.83,-0.127,22000.0,-0.09,1.66,-1.06,0.09,1.9695684806576288,0.0405484222650946
CC(C)N1CCC(NC(=O)c2nc3ccc([*:1])cc3n2CC(=O)Nc2ccc(Cl)cn2)CC1,CPD_317,COC(=O)c1ccc2nc(C(=O)NC3CCN(C(C)C)CC3)n(CC(=O)Nc3ccc(Cl)cn3)c2c1,COC(=O)[*:1],6.43,2.305,160.0,CPD_943,CC(C)N1CCC(NC(=O)c2nc3ccc(OC(C)(C)CO)cc3n2CC(=O)Nc2ccc(Cl)cn2)CC1,CC(C)(CO)O[*:1],6.34,1.969,380.0,-0.09,-0.34,0.38,0.09,0.5099019513592785,0.11843633226498765
CC(C)N1CCC(NC(=O)c2nc3c([*:1])cccc3n2CC(=O)Nc2ccc(Cl)cn2)CC1,CPD_690,CC(C)N1CCC(NC(=O)c2nc3c(OCCO)cccc3n2CC(=O)Nc2ccc(Cl)cn2)CC1,OCCO[*:1],8.43,1.283,760.0,CPD_735,CCOCCOCCOc1cccc2c1nc(C(=O)NC1CCN(C(C)C)CC1)n2CC(=O)Nc1ccc(Cl)cn1,CCOCCOCCO[*:1],8.33,2.096,330.0,-0.09,0.81,-0.36,0.09,0.8863972021616494,0.07919766066724067
CC(C)N1CCC(NC(=O)c2cc3cc([*:1])cnc3n2Cc2cc(-c3ccc(Cl)s3)on2)CC1,CPD_105,COC(=O)c1cnc2c(c1)cc(C(=O)NC1CCN(C(C)C)CC1)n2Cc1cc(-c2ccc(Cl)s2)on1,COC(=O)[*:1],7.26,1.87,470.0,CPD_106,CC(C)N1CCC(NC(=O)c2cc3cc(C(=O)O)cnc3n2Cc2cc(-c3ccc(Cl)s3)on2)CC1,O=C(O)[*:1],7.17,1.423,1.8,-0.09,-0.45,-2.42,0.09,2.461483292650998,0.03319216468857812
CC(C)N1CCC(NC(=O)c2cc3cc([*:1])ccc3n2CC(=O)Nc2ccc(Cl)cn2)CC1,CPD_408,CC(C)N1CCC(NC(=O)c2cc3cc(C(=O)N4CC(O)C4)ccc3n2CC(=O)Nc2ccc(Cl)cn2)CC1,O=C(N1CC(O)C1)[*:1],8.06,-2.004,210000.0,CPD_674,CC(C)N1CCC(NC(=O)c2cc3cc(C(=O)N4CCC(F)(F)CC4)ccc3n2CC(=O)Nc2ccc(Cl)cn2)CC1,O=C(N1CCC(F)(F)CC1)[*:1],7.96,-0.344,18000.0,-0.09,1.66,-1.07,0.09,1.9749683541768461,0.04045001351639295
CC(C)N1CCC(NC(=O)c2nc3c([*:1])cccc3n2CC(=O)Nc2ccc(Cl)cn2)CC1,CPD_401,CCOC(=O)OC(C)OC(=O)c1cccc2c1nc(C(=O)NC1CCN(C(C)C)CC1)n2CC(=O)Nc1ccc(Cl)cn1,CCOC(=O)OC(C)OC(=O)[*:1],7.96,3.271,32.0,CPD_600,COCCOCc1cccc2c1nc(C(=O)NC1CCN(C(C)C)CC1)n2CC(=O)Nc1ccc(Cl)cn1,COCCOC[*:1],7.87,1.696,550.0,-0.09,-1.57,1.24,0.09,2.000624902374256,0.039988893709056596
Clc1ccc(-c2cc(Cn3c([*:1])cc4ccccc43)no2)s1,CPD_16,CC(C)CN1CCC(NC(=O)c2cc3ccccc3n2Cc2cc(-c3ccc(Cl)s3)on2)CC1,CC(C)CN1CCC(NC(=O)[*:1])CC1,6.85,3.104,48.0,CPD_57,CCN1CC[C@H](NC(=O)c2cc3ccccc3n2Cc2cc(-c3ccc(Cl)s3)on2)C1,CCN1CC[C@H](NC(=O)[*:1])C1,6.76,1.624,680.0,-0.09,-1.48,1.15,0.09,1.8742731924668825,0.0423674319852827
CC(C)N1CCC(NC(=O)c2nc3c([*:1])cccc3n2CC(=O)Nc2ccc(Cl)cn2)CC1,CPD_322,CC(C)N1CCC(NC(=O)c2nc3c(C(=O)O)cccc3n2CC(=O)Nc2ccc(Cl)cn2)CC1,O=C(O)[*:1],7.95,1.375,1.9,CPD_600,COCCOCc1cccc2c1nc(C(=O)NC1CCN(C(C)C)CC1)n2CC(=O)Nc1ccc(Cl)cn1,COCCOC[*:1],7.87,1.696,550.0,-0.09,0.32,2.46,0.09,2.4807257002740144,0.032958271858271576
O=C(Cn1c([*:1])nc2ccccc21)Nc1ccc(Cl)cn1,CPD_427,CCN1CCN(c2ccc(NC(=O)c3nc4ccccc4n3CC(=O)Nc3ccc(Cl)cn3)cc2)C(=O)C1=O,CCN1CCN(c2ccc(NC(=O)[*:1])cc2)C(=O)C1=O,4.97,2.222,7.3,CPD_982,NC(=O)N1CCN(C(=O)c2nc3ccccc3n2CC(=O)Nc2ccc(Cl)cn2)CC1,NC(=O)N1CCN(C(=O)[*:1])CC1,4.87,0.511,160.0,-0.1,-1.71,1.34,0.1,2.1724870540465826,0.041279890364308666
CC(C)N1CCC(NC(=O)c2nc3c([*:1])cccc3n2CC(=O)Nc2ccc(Cl)cn2)CC1,CPD_307,COC(=O)c1cccc2c1nc(C(=O)NC1CCN(C(C)C)CC1)n2CC(=O)Nc1ccc(Cl)cn1,COC(=O)[*:1],7.93,2.316,160.0,CPD_516,CC(C)N1CCC(NC(=O)c2nc3c(C(=O)OCC4CC4)cccc3n2CC(=O)Nc2ccc(Cl)cn2)CC1,O=C(OCC1CC1)[*:1],7.83,3.211,33.0,-0.1,0.9,-0.69,0.1,1.134063490286148,0.07225102078180354
Clc1ccc(-c2cc(Cn3c([*:1])cc4ccccc43)no2)s1,CPD_180,CC(C)CN1CC(NC(=O)c2cc3ccccc3n2Cc2cc(-c3ccc(Cl)s3)on2)C1,CC(C)CN1CC(NC(=O)[*:1])C1,6.46,2.966,47.0,CPD_211,O=C(NCC1CN(c2ccncc2)C1)c1cc2ccccc2n1Cc1cc(-c2ccc(Cl)s2)on1,O=C(NCC1CN(c2ccncc2)C1)[*:1],6.35,1.589,190.0,-0.1,-1.38,0.61,0.1,1.5088074761214565,0.05685670623854819
Clc1ccc(-c2cc(Cn3c([*:1])nc4ccccc43)no2)s1,CPD_983,O=C(c1nc2ccccc2n1Cc1cc(-c2ccc(Cl)s2)on1)N1CCC(Nc2ccncc2)CC1,O=C(N1CCC(Nc2ccncc2)CC1)[*:1],4.77,3.65,2.4,CPD_987,NC(=O)N1CCN(C(=O)c2nc3ccccc3n2Cc2cc(-c3ccc(Cl)s3)on2)CC1,NC(=O)N1CCN(C(=O)[*:1])CC1,4.68,1.327,15.0,-0.1,-2.32,0.8,0.1,2.4540578640284747,0.03698145713902037
CC(C)N1CCC(NC(=O)c2nc3c([*:1])cccc3n2CC(=O)Nc2ccc(Cl)cn2)CC1,CPD_353,CC(C)N1CCC(NC(=O)c2nc3c(C(=O)NCCO)cccc3n2CC(=O)Nc2ccc(Cl)cn2)CC1,O=C(NCCO)[*:1],8.06,0.477,1200.0,CPD_401,CCOC(=O)OC(C)OC(=O)c1cccc2c1nc(C(=O)NC1CCN(C(C)C)CC1)n2CC(=O)Nc1ccc(Cl)cn1,CCOC(=O)OC(C)OC(=O)[*:1],7.96,3.271,32.0,-0.1,2.79,-1.57,0.1,3.201405941145234,0.02897369990816506
CC(C)N1CCC(NC(=O)c2cc3cc(C(=O)OC[*:1])ccc3n2Cc2cc(-c3ccc(Cl)s3)on2)CC1,CPD_194,Cc1oc(=O)oc1COC(=O)c1ccc2c(c1)cc(C(=O)NC1CCN(C(C)C)CC1)n2Cc1cc(-c2ccc(Cl)s2)on1,Cc1oc(=O)oc1[*:1],7.96,3.174,10.0,CPD_361,CC(C)N1CCC(NC(=O)c2cc3cc(C(=O)OCC4COC(=O)O4)ccc3n2Cc2cc(-c3ccc(Cl)s3)on2)CC1,O=C1OCC([*:1])O1,7.86,1.042,660.0,-0.1,-2.13,1.82,0.1,2.8016602220826137,0.032769047902637974
Clc1ccc(-c2cc(Cn3c([*:1])cc4ccccc43)no2)s1,CPD_57,CCN1CC[C@H](NC(=O)c2cc3ccccc3n2Cc2cc(-c3ccc(Cl)s3)on2)C1,CCN1CC[C@H](NC(=O)[*:1])C1,6.76,1.624,680.0,CPD_73,CCC(CC)N1CCC(NC(=O)c2cc3ccccc3n2Cc2cc(-c3ccc(Cl)s3)on2)CC1,CCC(CC)N1CCC(NC(=O)[*:1])CC1,6.66,3.315,49.0,-0.1,1.69,-1.14,0.1,2.0385534086699812,0.043695724828251285
CC(C)N1CCC(NC(=O)c2nc3c([*:1])cccc3n2CC(=O)Nc2ccc(Cl)cn2)CC1,CPD_528,COCCOC(=O)c1cccc2c1nc(C(=O)NC1CCN(C(C)C)CC1)n2CC(=O)Nc1ccc(Cl)cn1,COCCOC(=O)[*:1],7.81,1.899,260.0,CPD_609,CC(C)N1CCC(NC(=O)c2nc3c(C(=O)N4CCOCC4)cccc3n2CC(=O)Nc2ccc(Cl)cn2)CC1,O=C(N1CCOCC1)[*:1],7.71,-0.016,1600.0,-0.1,-1.92,0.79,0.1,2.076174366473105,0.042989038758783085
CC(C)N1CCC(NC(=O)c2c(Cl)c3cc([*:1])ncc3n2CC(=O)Nc2ccc(Cl)cn2)CC1,CPD_745,COCCOc1cc2c(Cl)c(C(=O)NC3CCN(C(C)C)CC3)n(CC(=O)Nc3ccc(Cl)cn3)c2cn1,COCCO[*:1],7.57,0.09,22000.0,CPD_746,CC(C)N1CCC(NC(=O)c2c(Cl)c3cc(OCCO)ncc3n2CC(=O)Nc2ccc(Cl)cn2)CC1,OCCO[*:1],7.47,-0.541,60000.0,-0.1,-0.63,0.44,0.1,0.7684399781375251,0.09818938979877369
CC(C)N1CCC(NC(=O)c2cc3c([*:1])cccc3n2Cc2cc(-c3ccc(Cl)s3)on2)CC1,CPD_182,CC(C)N1CCC(NC(=O)c2cc3c(-c4nnc(O)o4)cccc3n2Cc2cc(-c3ccc(Cl)s3)on2)CC1,Oc1nnc([*:1])o1,8.57,0.305,310.0,CPD_231,COC(=O)OC(C)OC(=O)c1cccc2c1cc(C(=O)NC1CCN(C(C)C)CC1)n2Cc1cc(-c2ccc(Cl)s2)on1,COC(=O)OC(C)OC(=O)[*:1],8.46,2.396,110.0,-0.1,2.09,-0.45,0.1,2.1378961621182633,0.04187786788487974
CC(C)N1CCC(NC(=O)c2cc3cc([*:1])ccc3n2Cc2cc(-c3ccc(Cl)s3)on2)CC1,CPD_38,CC(C)N1CCC(NC(=O)c2cc3cc(Br)ccc3n2Cc2cc(-c3ccc(Cl)s3)on2)CC1,Br[*:1],8.06,2.851,68.0,CPD_171,CCOC(=O)c1ccc2c(c1)cc(C(=O)NC1CCN(C(C)C)CC1)n2Cc1cc(-c2ccc(Cl)s2)on1,CCOC(=O)[*:1],7.96,2.492,130.0,-0.1,-0.36,0.28,0.1,0.4560701700396552,0.14162898284512385
CC(C)N1CCC(NC(=O)c2cc3cc([*:1])ccc3n2Cc2cc(-c3ccc(Cl)s3)on2)CC1,CPD_38,CC(C)N1CCC(NC(=O)c2cc3cc(Br)ccc3n2Cc2cc(-c3ccc(Cl)s3)on2)CC1,Br[*:1],8.06,2.851,68.0,CPD_194,Cc1oc(=O)oc1COC(=O)c1ccc2c(c1)cc(C(=O)NC1CCN(C(C)C)CC1)n2Cc1cc(-c2ccc(Cl)s2)on1,Cc1oc(=O)oc1COC(=O)[*:1],7.96,3.174,10.0,-0.1,0.32,-0.83,0.1,0.8895504482602434,0.08775390343856249
CC(C)N1CCC(NC(=O)c2nc3c([*:1])cccc3n2CC(=O)Nc2ccc(Cl)cn2)CC1,CPD_356,CC(C)N1CCC(NC(=O)c2nc3c(C(=O)N4CC(O)C4)cccc3n2CC(=O)Nc2ccc(Cl)cn2)CC1,O=C(N1CC(O)C1)[*:1],7.99,-0.688,3200.0,CPD_638,CC(C)N1CCC(NC(=O)c2nc3c(C(=O)N(C)CCO)cccc3n2CC(=O)Nc2ccc(Cl)cn2)CC1,CN(CCO)C(=O)[*:1],7.89,-0.092,2900.0,-0.1,0.6,-0.04,0.1,0.6013318551349163,0.11746300740050698
CC(C)N1CCC(NC(=O)c2cc3cc(C(=O)OC[*:1])ccc3n2Cc2cc(-c3ccc(Cl)s3)on2)CC1,CPD_171,CCOC(=O)c1ccc2c(c1)cc(C(=O)NC1CCN(C(C)C)CC1)n2Cc1cc(-c2ccc(Cl)s2)on1,C[*:1],7.96,2.492,130.0,CPD_361,CC(C)N1CCC(NC(=O)c2cc3cc(C(=O)OCC4COC(=O)O4)ccc3n2Cc2cc(-c3ccc(Cl)s3)on2)CC1,O=C1OCC([*:1])O1,7.86,1.042,660.0,-0.1,-1.45,0.71,0.1,1.6144968256394931,0.05363377326518192
CC(C)N1CCC(NC(=O)c2cc3cc([*:1])ccc3n2Cc2cc(-c3ccc(Cl)s3)on2)CC1,CPD_171,CCOC(=O)c1ccc2c(c1)cc(C(=O)NC1CCN(C(C)C)CC1)n2Cc1cc(-c2ccc(Cl)s2)on1,CCOC(=O)[*:1],7.96,2.492,130.0,CPD_877,CC(C)N1CCC(NC(=O)c2cc3cc(OC(C)(C)C(=O)O)ccc3n2Cc2cc(-c3ccc(Cl)s3)on2)CC1,CC(C)(O[*:1])C(=O)O,7.85,1.472,1.6,-0.1,-1.02,-1.91,0.1,2.16529443725328,0.0414028196552806
CC(C)N1CCC(NC(=O)c2cc3cc([*:1])ccc3n2Cc2cc(-c3ccc(Cl)s3)on2)CC1,CPD_143,CC(C)N1CCC(NC(=O)c2cc3cc(CO)ccc3n2Cc2cc(-c3ccc(Cl)s3)on2)CC1,OC[*:1],8.54,0.77,2500.0,CPD_148,CC(C)N1CCC(NC(=O)c2cc3cc(C(N)=O)ccc3n2Cc2cc(-c3ccc(Cl)s3)on2)CC1,NC(=O)[*:1],8.44,0.497,390.0,-0.1,-0.27,-0.81,0.1,0.8538149682454624,0.09059489396030945
CC(C)N1CCC(NC(=O)c2nc3c([*:1])cccc3n2CC(=O)Nc2ccc(Cl)cn2)CC1,CPD_546,CC(C)N1CCC(NC(=O)c2nc3c(C(=O)N4CCCOCC4)cccc3n2CC(=O)Nc2ccc(Cl)cn2)CC1,O=C(N1CCCOCC1)[*:1],7.97,0.371,1100.0,CPD_600,COCCOCc1cccc2c1nc(C(=O)NC1CCN(C(C)C)CC1)n2CC(=O)Nc1ccc(Cl)cn1,COCCOC[*:1],7.87,1.696,550.0,-0.1,1.32,-0.3,0.1,1.3536617007214173,0.06235729141315427
CC(C)N1CCC(NC(=O)c2cc3cc([*:1])ccc3n2Cc2cc(-c3ccc(Cl)s3)on2)CC1,CPD_373,CC(C)N1CCC(NC(=O)c2cc3cc(C(=O)N4CCCC4CO)ccc3n2Cc2cc(-c3ccc(Cl)s3)on2)CC1,O=C(N1CCCC1CO)[*:1],6.98,-0.415,2900.0,CPD_673,CC(C)N1CCC(NC(=O)c2cc3cc(C(=O)N4CCC(F)(F)CC4)ccc3n2Cc2cc(-c3ccc(Cl)s3)on2)CC1,O=C(N1CCC(F)(F)CC1)[*:1],6.88,0.623,560.0,-0.1,1.04,-0.71,0.1,1.2592458060283545,0.0662582593243405
COc1cc2cc([*:1])n(Cc3cc(-c4ccc(Cl)s4)on3)c2cn1,CPD_952,CCN1CCC(NC(=O)c2cc3cc(OC)ncc3n2Cc2cc(-c3ccc(Cl)s3)on2)CC1,CCN1CCC(NC(=O)[*:1])CC1,6.62,1.08,1700.0,CPD_953,COc1cc2cc(C(=O)Nc3ccc(N4CCOCC4=O)cc3)n(Cc3cc(-c4ccc(Cl)s4)on3)c2cn1,O=C1COCCN1c1ccc(NC(=O)[*:1])cc1,6.51,2.113,1.1,-0.11,1.03,-3.19,0.11,3.3521634805003173,0.030537203709788793
CC(C)N1CCC(NC(=O)c2cc3cc([*:1])ccc3n2Cc2cc(-c3ccc(Cl)s3)on2)CC1,CPD_85,CC(C)N1CCC(NC(=O)c2cc3cc(C(=O)O)ccc3n2Cc2cc(-c3ccc(Cl)s3)on2)CC1,O=C(O)[*:1],8.07,1.328,5.5,CPD_194,Cc1oc(=O)oc1COC(=O)c1ccc2c(c1)cc(C(=O)NC1CCN(C(C)C)CC1)n2Cc1cc(-c2ccc(Cl)s2)on1,Cc1oc(=O)oc1COC(=O)[*:1],7.96,3.174,10.0,-0.11,1.85,0.26,0.11,1.8681809334216,0.05193135216372271
CC(C)N1CCC(NC(=O)c2nc3c(C(=O)N4CC(O)C4)cccc3n2C[*:1])CC1,CPD_320,CC(C)N1CCC(NC(=O)c2nc3c(C(=O)N4CC(O)C4)cccc3n2Cc2cc(-c3ccc(Cl)s3)on2)CC1,Clc1ccc(-c2cc([*:1])no2)s1,8.1,0.129,330.0,CPD_356,CC(C)N1CCC(NC(=O)c2nc3c(C(=O)N4CC(O)C4)cccc3n2CC(=O)Nc2ccc(Cl)cn2)CC1,O=C(Nc1ccc(Cl)cn1)[*:1],7.99,-0.688,3200.0,-0.11,-0.82,0.99,0.11,1.285496013218244,0.07163808896478419
O=C(N[*:1])c1cc2ccccc2n1Cc1cc(-c2ccc(Cl)s2)on1,CPD_23,CS(=O)(=O)N1CCC(NC(=O)c2cc3ccccc3n2Cc2cc(-c3ccc(Cl)s3)on2)CC1,CS(=O)(=O)N1CCC([*:1])CC1,6.87,3.257,1.1,CPD_57,CCN1CC[C@H](NC(=O)c2cc3ccccc3n2Cc2cc(-c3ccc(Cl)s3)on2)C1,CCN1CC[C@H]([*:1])C1,6.76,1.624,680.0,-0.11,-1.63,2.79,0.11,3.2312536266904215,0.031597812683523276
CC(C)N1CCC(NC(=O)c2nc3cc(OCC[*:1])ccc3n2CC(=O)Nc2ccc(Cl)cn2)CC1,CPD_785,CC(C)N1CCC(NC(=O)c2nc3cc(OCCO)ccc3n2CC(=O)Nc2ccc(Cl)cn2)CC1,O[*:1],8.03,1.28,760.0,CPD_926,COCCOc1ccc2c(c1)nc(C(=O)NC1CCN(C(C)C)CC1)n2CC(=O)Nc1ccc(Cl)cn1,CO[*:1],7.93,1.91,390.0,-0.11,0.63,-0.29,0.11,0.6935416353759881,0.11658203080372447
CC(C)N1CCC(NC(=O)c2cc3cc([*:1])ccc3n2Cc2cc(-c3ccc(Cl)s3)on2)CC1,CPD_371,CC(C)N1CCC(NC(=O)c2cc3cc(C(=O)OCC4CCOC4)ccc3n2Cc2cc(-c3ccc(Cl)s3)on2)CC1,O=C(OCC1CCOC1)[*:1],7.73,1.959,78.0,CPD_503,CC(C)ONC(=O)c1ccc2c(c1)cc(C(=O)NC1CCN(C(C)C)CC1)n2Cc1cc(-c2ccc(Cl)s2)on1,CC(C)ONC(=O)[*:1],7.61,2.516,57.0,-0.11,0.56,-0.14,0.11,0.5772347875864725,0.1329731312689766
Clc1ccc(-c2cc(Cn3c([*:1])cc4ccccc43)no2)s1,CPD_57,CCN1CC[C@H](NC(=O)c2cc3ccccc3n2Cc2cc(-c3ccc(Cl)s3)on2)C1,CCN1CC[C@H](NC(=O)[*:1])C1,6.76,1.624,680.0,CPD_177,CC(C)N1CC(NC(=O)c2cc3ccccc3n2Cc2cc(-c3ccc(Cl)s3)on2)C1,CC(C)N1CC(NC(=O)[*:1])C1,6.65,2.16,190.0,-0.11,0.54,-0.55,0.11,0.7707788269017255,0.10776085582992813
CC(C)N1CCC(NC(=O)c2cc3c(C(=O)O[*:1])cccc3n2Cc2cc(-c3ccc(Cl)s3)on2)CC1,CPD_155,CC(C)N1CCC(NC(=O)c2cc3c(C(=O)OCOC(=O)C(C)(C)C)cccc3n2Cc2cc(-c3ccc(Cl)s3)on2)CC1,CC(C)(C)C(=O)OC[*:1],7.88,3.166,45.0,CPD_161,CC(OC(=O)c1cccc2c1cc(C(=O)NC1CCN(C(C)C)CC1)n2Cc1cc(-c2ccc(Cl)s2)on1)OC(=O)C(C)(C)C,CC(OC(=O)C(C)(C)C)[*:1],7.78,3.512,26.0,-0.11,0.35,-0.24,0.11,0.4243819034784589,0.16311232468223197
CC(C)N1CCC(NC(=O)c2cc3cc([*:1])ccc3n2Cc2cc(-c3ccc(Cl)s3)on2)CC1,CPD_85,CC(C)N1CCC(NC(=O)c2cc3cc(C(=O)O)ccc3n2Cc2cc(-c3ccc(Cl)s3)on2)CC1,O=C(O)[*:1],8.07,1.328,5.5,CPD_171,CCOC(=O)c1ccc2c(c1)cc(C(=O)NC1CCN(C(C)C)CC1)n2Cc1cc(-c2ccc(Cl)s2)on1,CCOC(=O)[*:1],7.96,2.492,130.0,-0.11,1.16,1.37,0.11,1.7951323071016243,0.05378625119657552
O=C(Cn1c(C(=O)Nc2ccc(N3CCOCC3=O)cc2)nc2c([*:1])cccc21)Nc1ccc(Cl)cn1,CPD_358,COC(=O)c1cccc2c1nc(C(=O)Nc1ccc(N3CCOCC3=O)cc1)n2CC(=O)Nc1ccc(Cl)cn1,COC(=O)[*:1],7.5,2.855,3.2,CPD_435,O=C(Cn1c(C(=O)Nc2ccc(N3CCOCC3=O)cc2)nc2c(C(=O)O)cccc21)Nc1ccc(Cl)cn1,O=C(O)[*:1],7.4,-0.541,7300.0,-0.11,-3.4,3.36,0.11,4.780125521364475,0.021868241564310175
CC(C)N1CCC(NC(=O)c2cc3cc([*:1])ccc3n2Cc2cc(-c3ccc(Cl)s3)on2)CC1,CPD_194,Cc1oc(=O)oc1COC(=O)c1ccc2c(c1)cc(C(=O)NC1CCN(C(C)C)CC1)n2Cc1cc(-c2ccc(Cl)s2)on1,Cc1oc(=O)oc1COC(=O)[*:1],7.96,3.174,10.0,CPD_877,CC(C)N1CCC(NC(=O)c2cc3cc(OC(C)(C)C(=O)O)ccc3n2Cc2cc(-c3ccc(Cl)s3)on2)CC1,CC(C)(O[*:1])C(=O)O,7.85,1.472,1.6,-0.11,-1.7,-0.8,0.11,1.8788294228055935,0.05167158947616879
CC(C)N1CCC(NC(=O)c2cc3cc([*:1])cnc3n2Cc2cc(-c3ccc(Cl)s3)on2)CC1,CPD_105,COC(=O)c1cnc2c(c1)cc(C(=O)NC1CCN(C(C)C)CC1)n2Cc1cc(-c2ccc(Cl)s2)on1,COC(=O)[*:1],7.26,1.87,470.0,CPD_176,CC(C)N1CCC(NC(=O)c2cc3cc(C(N)=O)cnc3n2Cc2cc(-c3ccc(Cl)s3)on2)CC1,NC(=O)[*:1],7.15,0.71,550.0,-0.11,-1.16,0.07,0.11,1.1621101496846156,0.07789760595132589
CC(C)N1CCC(NC(=O)c2cc3cc(OC[*:1])ncc3n2CC(=O)Nc2ccc(Cl)cn2)CC1,CPD_631,CC(C)N1CCC(NC(=O)c2cc3cc(OCCO)ncc3n2CC(=O)Nc2ccc(Cl)cn2)CC1,OC[*:1],7.35,-0.998,400000.0,CPD_782,COCCOCCOc1cc2cc(C(=O)NC3CCN(C(C)C)CC3)n(CC(=O)Nc3ccc(Cl)cn3)c2cn1,COCCOC[*:1],7.23,-0.733,270000.0,-0.12,0.27,-0.17,0.12,0.3190611226708764,0.2108736570103094
CC(C)N1CCC(NC(=O)c2nc3c([*:1])cccc3n2CC(=O)Nc2ccc(Cl)cn2)CC1,CPD_516,CC(C)N1CCC(NC(=O)c2nc3c(C(=O)OCC4CC4)cccc3n2CC(=O)Nc2ccc(Cl)cn2)CC1,O=C(OCC1CC1)[*:1],7.83,3.211,33.0,CPD_609,CC(C)N1CCC(NC(=O)c2nc3c(C(=O)N4CCOCC4)cccc3n2CC(=O)Nc2ccc(Cl)cn2)CC1,O=C(N1CCOCC1)[*:1],7.71,-0.016,1600.0,-0.12,-3.23,1.69,0.12,3.645408070436011,0.030805501716426965
CC(C)N1CCC(NC(=O)c2nc3cc([*:1])ccc3n2Cc2cc(-c3ccc(Cl)s3)on2)CC1,CPD_306,CC(C)N1CCC(NC(=O)c2nc3cc(C(=O)O)ccc3n2Cc2cc(-c3ccc(Cl)s3)on2)CC1,O=C(O)[*:1],8.57,2.192,0.6,CPD_420,CC(C)N1CCC(NC(=O)c2nc3cc(C(=O)OCCO)ccc3n2Cc2cc(-c3ccc(Cl)s3)on2)CC1,O=C(OCCO)[*:1],8.45,2.045,56.0,-0.12,-0.15,1.97,0.12,1.9757024067404483,0.05391556375038501
CC(C)N1CCC(NC(=O)c2nc3c([*:1])cccc3n2CC(=O)Nc2ccc(Cl)cn2)CC1,CPD_356,CC(C)N1CCC(NC(=O)c2nc3c(C(=O)N4CC(O)C4)cccc3n2CC(=O)Nc2ccc(Cl)cn2)CC1,O=C(N1CC(O)C1)[*:1],7.99,-0.688,3200.0,CPD_600,COCCOCc1cccc2c1nc(C(=O)NC1CCN(C(C)C)CC1)n2CC(=O)Nc1ccc(Cl)cn1,COCCOC[*:1],7.87,1.696,550.0,-0.12,2.38,-0.76,0.12,2.4983994876720574,0.04366177498513584
CC(C)N1CCC(NC(=O)c2nc3c(OCCO[*:1])cccc3n2CC(=O)Nc2ccc(Cl)cn2)CC1,CPD_694,CCOCCOc1cccc2c1nc(C(=O)NC1CCN(C(C)C)CC1)n2CC(=O)Nc1ccc(Cl)cn1,CC[*:1],8.46,2.454,200.0,CPD_735,CCOCCOCCOc1cccc2c1nc(C(=O)NC1CCN(C(C)C)CC1)n2CC(=O)Nc1ccc(Cl)cn1,CCOCC[*:1],8.33,2.096,330.0,-0.12,-0.36,0.22,0.12,0.4219004621945797,0.17859788279956337
COc1cccc(Cn2c(C(=O)NC3CCN(C(C)C)CC3)cc3c([*:1])cccc32)c1,CPD_523,COc1cccc(Cn2c(C(=O)NC3CCN(C(C)C)CC3)cc3c(C(=O)N4CC(O)C4)cccc32)c1,O=C(N1CC(O)C1)[*:1],6.92,-1.784,250000.0,CPD_524,COc1cccc(Cn2c(C(=O)NC3CCN(C(C)C)CC3)cc3c(C(=O)N(C)CCO)cccc32)c1,CN(CCO)C(=O)[*:1],6.8,-1.188,1270000.0,-0.12,0.6,0.71,0.12,0.929569792968769,0.10173200493544446
CC(C)N1CCC(NC(=O)c2nc3c([*:1])cccc3n2CC(=O)Nc2ccc(Cl)cn2)CC1,CPD_307,COC(=O)c1cccc2c1nc(C(=O)NC1CCN(C(C)C)CC1)n2CC(=O)Nc1ccc(Cl)cn1,COC(=O)[*:1],7.93,2.316,160.0,CPD_528,COCCOC(=O)c1cccc2c1nc(C(=O)NC1CCN(C(C)C)CC1)n2CC(=O)Nc1ccc(Cl)cn1,COCCOC(=O)[*:1],7.81,1.899,260.0,-0.12,-0.42,0.21,0.12,0.4695742752749558,0.16676527236072594
CC(C)N1CCC(NC(=O)c2cc3cc([*:1])ccc3n2Cc2cc(-c3ccc(Cl)s3)on2)CC1,CPD_362,CC(C)N1CCC(NC(=O)c2cc3cc(C(=O)OC4CCOC4=O)ccc3n2Cc2cc(-c3ccc(Cl)s3)on2)CC1,O=C1OCCC1OC(=O)[*:1],7.73,0.55,170.0,CPD_503,CC(C)ONC(=O)c1ccc2c(c1)cc(C(=O)NC1CCN(C(C)C)CC1)n2Cc1cc(-c2ccc(Cl)s2)on1,CC(C)ONC(=O)[*:1],7.61,2.516,57.0,-0.12,1.97,-0.47,0.12,2.025290102676651,0.052740527398608204
CC(C)N1CCC(NC(=O)c2cc3cc(C(=O)O[*:1])ccc3n2Cc2cc(-c3ccc(Cl)s3)on2)CC1,CPD_112,COC(=O)c1ccc2c(c1)cc(C(=O)NC1CCN(C(C)C)CC1)n2Cc1cc(-c2ccc(Cl)s2)on1,C[*:1],8.29,1.96,260.0,CPD_364,CC(C)N1CCC(NC(=O)c2cc3cc(C(=O)OCCN4CCNC4=O)ccc3n2Cc2cc(-c3ccc(Cl)s3)on2)CC1,O=C1NCCN1CC[*:1],8.16,1.632,44.0,-0.12,-0.33,-0.77,0.12,0.8377350416450299,0.11032098388456685
O=C(Cn1c(C(=O)NC2CCN(C3CC3)CC2)cc2cc(O[*:1])ccc21)Nc1ccc(Cl)cn1,CPD_809,O=C(Cn1c(C(=O)NC2CCN(C3CC3)CC2)cc2cc(OCCO)ccc21)Nc1ccc(Cl)cn1,OCC[*:1],7.08,-0.148,12000.0,CPD_873,CC(C)(Oc1ccc2c(c1)cc(C(=O)NC1CCN(C3CC3)CC1)n2CC(=O)Nc1ccc(Cl)cn1)C(=O)O,CC(C)(C(=O)O)[*:1],6.97,-0.006,16.0,-0.12,0.14,-2.88,0.12,2.883400769924292,0.038297048099244384
CC(C)N1CCC(NC(=O)c2cc3cc([*:1])ccc3n2CC(=O)Nc2ccc(Cl)cn2)CC1,CPD_416,CC(C)N1CCC(NC(=O)c2cc3cc(C(=O)O)ccc3n2CC(=O)Nc2ccc(Cl)cn2)CC1,O=C(O)[*:1],8.09,0.362,8.8,CPD_674,CC(C)N1CCC(NC(=O)c2cc3cc(C(=O)N4CCC(F)(F)CC4)ccc3n2CC(=O)Nc2ccc(Cl)cn2)CC1,O=C(N1CCC(F)(F)CC1)[*:1],7.96,-0.344,18000.0,-0.12,-0.71,3.31,0.12,3.3852917156428335,0.03300973054889496
CC(C)N1CCC(NC(=O)c2nc3ccc([*:1])cc3n2CC(=O)Nc2ccc(Cl)cn2)CC1,CPD_340,CC(C)N1CCC(NC(=O)c2nc3ccc(C(=O)O)cc3n2CC(=O)Nc2ccc(Cl)cn2)CC1,O=C(O)[*:1],7.63,1.376,1.9,CPD_880,CC(C)N1CCC(NC(=O)c2nc3ccc(OCc4nn[nH]n4)cc3n2CC(=O)Nc2ccc(Cl)cn2)CC1,C(O[*:1])c1nn[nH]n1,7.51,0.205,12.0,-0.12,-1.17,0.8,0.12,1.4173566946961516,0.0719702031255334
CC(C)N1CCC(NC(=O)c2cc3cc([*:1])ccc3n2Cc2cc(-c3ccc(Cl)s3)on2)CC1,CPD_181,CC(C)N1CCC(NC(=O)c2cc3cc(OCC(=O)O)ccc3n2Cc2cc(-c3ccc(Cl)s3)on2)CC1,O=C(O)CO[*:1],8.3,0.774,4.7,CPD_364,CC(C)N1CCC(NC(=O)c2cc3cc(C(=O)OCCN4CCNC4=O)ccc3n2Cc2cc(-c3ccc(Cl)s3)on2)CC1,O=C1NCCN1CCOC(=O)[*:1],8.16,1.632,44.0,-0.13,0.86,0.97,0.13,1.2963410045200299,0.08406942557948324
CC(C)N1CCC(NC(=O)c2cc3c([*:1])cccc3n2Cc2cc(-c3ccc(Cl)s3)on2)CC1,CPD_154,CC(C)N1CCC(NC(=O)c2cc3c(CO)cccc3n2Cc2cc(-c3ccc(Cl)s3)on2)CC1,OC[*:1],8.7,0.769,2500.0,CPD_182,CC(C)N1CCC(NC(=O)c2cc3c(-c4nnc(O)o4)cccc3n2Cc2cc(-c3ccc(Cl)s3)on2)CC1,Oc1nnc([*:1])o1,8.57,0.305,310.0,-0.13,-0.46,-0.91,0.13,1.0196568050084303,0.10238987377312316
CC(C)N1CCC(NC(=O)c2nc3c([*:1])cccc3n2CC(=O)Nc2ccc(Cl)cn2)CC1,CPD_401,CCOC(=O)OC(C)OC(=O)c1cccc2c1nc(C(=O)NC1CCN(C(C)C)CC1)n2CC(=O)Nc1ccc(Cl)cn1,CCOC(=O)OC(C)OC(=O)[*:1],7.96,3.271,32.0,CPD_516,CC(C)N1CCC(NC(=O)c2nc3c(C(=O)OCC4CC4)cccc3n2CC(=O)Nc2ccc(Cl)cn2)CC1,O=C(OCC1CC1)[*:1],7.83,3.211,33.0,-0.13,-0.06,0.01,0.13,0.0608276253029822,0.41823824337776044
CC(C)N1CCC(NC(=O)c2cc3cc(C(=O)O[*:1])ccc3n2Cc2cc(-c3ccc(Cl)s3)on2)CC1,CPD_361,CC(C)N1CCC(NC(=O)c2cc3cc(C(=O)OCC4COC(=O)O4)ccc3n2Cc2cc(-c3ccc(Cl)s3)on2)CC1,O=C1OCC(C[*:1])O1,7.86,1.042,660.0,CPD_371,CC(C)N1CCC(NC(=O)c2cc3cc(C(=O)OCC4CCOC4)ccc3n2Cc2cc(-c3ccc(Cl)s3)on2)CC1,C1CC(C[*:1])CO1,7.73,1.959,78.0,-0.13,0.92,-0.93,0.13,1.3081666560496028,0.08343138360410504
CC(C)N1CCC(NC(=O)c2nc3c([*:1])cccc3n2CC(=O)Nc2ccc(Cl)cn2)CC1,CPD_322,CC(C)N1CCC(NC(=O)c2nc3c(C(=O)O)cccc3n2CC(=O)Nc2ccc(Cl)cn2)CC1,O=C(O)[*:1],7.95,1.375,1.9,CPD_516,CC(C)N1CCC(NC(=O)c2nc3c(C(=O)OCC4CC4)cccc3n2CC(=O)Nc2ccc(Cl)cn2)CC1,O=C(OCC1CC1)[*:1],7.83,3.211,33.0,-0.13,1.84,1.24,0.13,2.2188285197373863,0.05265655308203761
CC(C)N1CCC(NC(=O)c2cc3cc(C(=O)O[*:1])ccc3n2Cc2cc(-c3ccc(Cl)s3)on2)CC1,CPD_361,CC(C)N1CCC(NC(=O)c2cc3cc(C(=O)OCC4COC(=O)O4)ccc3n2Cc2cc(-c3ccc(Cl)s3)on2)CC1,O=C1OCC(C[*:1])O1,7.86,1.042,660.0,CPD_362,CC(C)N1CCC(NC(=O)c2cc3cc(C(=O)OC4CCOC4=O)ccc3n2Cc2cc(-c3ccc(Cl)s3)on2)CC1,O=C1OCCC1[*:1],7.73,0.55,170.0,-0.13,-0.49,-0.59,0.13,0.7669419795525604,0.1278342350044376
CC(C)N1CCC(NC(=O)c2cc3cc([*:1])ccc3n2CC(=O)Nc2ccc(Cl)cn2)CC1,CPD_168,CC(C)N1CCC(NC(=O)c2cc3cc(Cl)ccc3n2CC(=O)Nc2ccc(Cl)cn2)CC1,Cl[*:1],8.52,1.704,2300.0,CPD_743,COCCOc1ccc2c(c1)cc(C(=O)NC1CCN(C(C)C)CC1)n2CC(=O)Nc1ccc(Cl)cn1,COCCO[*:1],8.39,0.599,20000.0,-0.13,-1.1,0.94,0.13,1.4469277798148739,0.07660903519075063
O=C(N[*:1])c1cc2ccccc2n1Cc1cc(-c2ccc(Cl)s2)on1,CPD_19,CC(=O)N1CCC(NC(=O)c2cc3ccccc3n2Cc2cc(-c3ccc(Cl)s3)on2)CC1,CC(=O)N1CCC([*:1])CC1,6.12,3.157,3.8,CPD_25,O=C(NC1CCN(CC(F)(F)F)CC1)c1cc2ccccc2n1Cc1cc(-c2ccc(Cl)s2)on1,FC(F)(F)CN1CCC([*:1])CC1,5.99,4.567,1.3,-0.13,1.41,-0.47,0.13,1.486270500279138,0.07487312603600653
CC(C)N1CCC(NC(=O)c2cc3cc([*:1])ccc3n2Cc2cc(-c3ccc(Cl)s3)on2)CC1,CPD_213,CC(OC(=O)OC1CCCCC1)OC(=O)c1ccc2c(c1)cc(C(=O)NC1CCN(C(C)C)CC1)n2Cc1cc(-c2ccc(Cl)s2)on1,CC(OC(=O)OC1CCCCC1)OC(=O)[*:1],6.77,4.442,4.4,CPD_335,CC(C)N1CCC(NC(=O)c2cc3cc(C(=O)N(CCO)CCO)ccc3n2Cc2cc(-c3ccc(Cl)s3)on2)CC1,O=C(N(CCO)CCO)[*:1],6.64,-1.074,41000.0,-0.13,-5.52,3.97,0.13,6.799360264024844,0.01844138973339636
CC(C)N1CCC(NC(=O)c2cc3cc([*:1])ccc3n2CC(=O)Nc2ccc(Cl)cn2)CC1,CPD_374,CC(C)OC(=O)OC(C)OC(=O)c1ccc2c(c1)cc(C(=O)NC1CCN(C(C)C)CC1)n2CC(=O)Nc1ccc(Cl)cn1,CC(C)OC(=O)OC(C)OC(=O)[*:1],7.77,2.294,1000.0,CPD_393,CC(C)N1CCC(NC(=O)c2cc3cc(C(=O)N4CCCOCC4)ccc3n2CC(=O)Nc2ccc(Cl)cn2)CC1,O=C(N1CCCOCC1)[*:1],7.64,-0.942,58000.0,-0.13,-3.24,1.76,0.13,3.6871669341107953,0.03301866600415315
CC(C)N1CCC(NC(=O)c2cc3cc([*:1])ccc3n2Cc2cc(-c3ccc(Cl)s3)on2)CC1,CPD_117,CC(C)N1CCC(NC(=O)c2cc3cc(C(=O)OCOC(=O)C(C)(C)C)ccc3n2Cc2cc(-c3ccc(Cl)s3)on2)CC1,CC(C)(C)C(=O)OCOC(=O)[*:1],7.45,3.152,47.0,CPD_368,CC(C)N1CCC(NC(=O)c2cc3cc(C(=O)NCCN4CCNC4=O)ccc3n2Cc2cc(-c3ccc(Cl)s3)on2)CC1,O=C1NCCN1CCNC(=O)[*:1],7.32,0.289,190.0,-0.13,-2.86,0.61,0.13,2.924328982860854,0.0409535371733392
CC(C)N1CCC(NC(=O)c2cc3cc([*:1])ccc3n2Cc2cc(-c3ccc(Cl)s3)on2)CC1,CPD_148,CC(C)N1CCC(NC(=O)c2cc3cc(C(N)=O)ccc3n2Cc2cc(-c3ccc(Cl)s3)on2)CC1,NC(=O)[*:1],8.44,0.497,390.0,CPD_181,CC(C)N1CCC(NC(=O)c2cc3cc(OCC(=O)O)ccc3n2Cc2cc(-c3ccc(Cl)s3)on2)CC1,O=C(O)CO[*:1],8.3,0.774,4.7,-0.14,0.28,-1.92,0.14,1.9403092537015845,0.06391791467958348
CC(C)N1CCC(N(C[*:1])C(=O)c2cc3c(Cl)ccc(Cl)c3n2Cc2cc(-c3ccc(Cl)s3)on2)CC1,CPD_127,CC(C)N1CCC(N(CC(=O)O)C(=O)c2cc3c(Cl)ccc(Cl)c3n2Cc2cc(-c3ccc(Cl)s3)on2)CC1,O=C(O)[*:1],7.22,2.457,1.0,CPD_139,CCOC(=O)CN(C(=O)c1cc2c(Cl)ccc(Cl)c2n1Cc1cc(-c2ccc(Cl)s2)on1)C1CCN(C(C)C)CC1,CCOC(=O)[*:1],7.08,3.955,18.0,-0.14,1.5,1.26,0.14,1.958979326077741,0.06337768685621142
CC(C)N1CCC(NC(=O)c2nc3cc([*:1])ccc3n2CC(=O)Nc2ccc(Cl)cn2)CC1,CPD_925,CC(C)N1CCC(NC(=O)c2nc3cc(OCCCO)ccc3n2CC(=O)Nc2ccc(Cl)cn2)CC1,OCCCO[*:1],7.87,2.044,310.0,CPD_944,CC(C)N1CCC(NC(=O)c2nc3cc(OC(C)(C)CO)ccc3n2CC(=O)Nc2ccc(Cl)cn2)CC1,CC(C)(CO)O[*:1],7.73,1.966,380.0,-0.14,-0.08,0.09,0.14,0.12041594578792295,0.37795349145189144
CC(C)N1CCC(NC(=O)c2cc3c([*:1])cccc3n2Cc2cc(-c3ccc(Cl)s3)on2)CC1,CPD_133,CC(C)N1CCC(NC(=O)c2cc3c(Cl)cccc3n2Cc2cc(-c3ccc(Cl)s3)on2)CC1,Cl[*:1],8.16,2.601,74.0,CPD_184,CCOC(=O)COc1cccc2c1cc(C(=O)NC1CCN(C(C)C)CC1)n2Cc1cc(-c2ccc(Cl)s2)on1,CCOC(=O)CO[*:1],8.01,1.723,260.0,-0.14,-0.88,0.55,0.14,1.0377379245262264,0.10871777349533883
Cc1cc(C(=O)O)cc2c1nc(C(=O)NC1CCN(C3CC3)CC1)n2[*:1],CPD_701,Cc1cc(C(=O)O)cc2c1nc(C(=O)NC1CCN(C3CC3)CC1)n2Cc1nnc(-c2ccc(Cl)s2)s1,Clc1ccc(-c2nnc(C[*:1])s2)s1,6.51,2.634,0.3,CPD_710,Cc1cc(C(=O)O)cc2c1nc(C(=O)NC1CCN(C3CC3)CC1)n2Cc1cc2ccc(Cl)cc2s1,Clc1ccc2cc(C[*:1])sc2c1,6.37,4.254,0.2,-0.14,1.62,-0.18,0.14,1.6299693248647351,0.07446930018928533
CC(C)N1CCC(NC(=O)c2cc3cc([*:1])ccc3n2CC(=O)Nc2ccc(Cl)cn2)CC1,CPD_324,CC(C)N1CCC(NC(=O)c2cc3cc(C(=O)NCCO)ccc3n2CC(=O)Nc2ccc(Cl)cn2)CC1,O=C(NCCO)[*:1],8.11,-0.841,140000.0,CPD_674,CC(C)N1CCC(NC(=O)c2cc3cc(C(=O)N4CCC(F)(F)CC4)ccc3n2CC(=O)Nc2ccc(Cl)cn2)CC1,O=C(N1CCC(F)(F)CC1)[*:1],7.96,-0.344,18000.0,-0.14,0.5,-0.89,0.14,1.0208329931972222,0.11016396391140376
CC(C)N1CCC(NC(=O)c2nc3c(C(=O)O)cccc3n2[*:1])CC1,CPD_650,CC(C)N1CCC(NC(=O)c2nc3c(C(=O)O)cccc3n2Cc2cc3cc(Cl)ccc3s2)CC1,Clc1ccc2sc(C[*:1])cc2c1,6.04,4.311,0.2,CPD_671,CC(C)N1CCC(NC(=O)c2nc3c(C(=O)O)cccc3n2Cc2n[nH]c3ccc(Cl)cc23)CC1,Clc1ccc2[nH]nc(C[*:1])c2c1,5.89,1.751,1.1,-0.14,-2.56,0.74,0.14,2.6648076853686833,0.04803061303246561
CC(C)N1CCC(NC(=O)c2nc3ccc([*:1])cc3n2Cc2cc(-c3ccc(Cl)s3)on2)CC1,CPD_348,CC(C)N1CCC(NC(=O)c2nc3ccc(S(=O)(=O)CCO)cc3n2Cc2cc(-c3ccc(Cl)s3)on2)CC1,O=S(=O)(CCO)[*:1],7.93,1.103,89.0,CPD_352,CC(C)N1CCC(NC(=O)c2nc3ccc(C(=O)O)cc3n2Cc2cc(-c3ccc(Cl)s3)on2)CC1,O=C(O)[*:1],7.78,2.192,0.6,-0.14,1.09,-2.17,0.14,2.428373941550189,0.05227052049310591
CC(C)N1CCC(NC(=O)c2nc3c([*:1])cccc3n2CC(=O)Nc2ccc(Cl)cn2)CC1,CPD_322,CC(C)N1CCC(NC(=O)c2nc3c(C(=O)O)cccc3n2CC(=O)Nc2ccc(Cl)cn2)CC1,O=C(O)[*:1],7.95,1.375,1.9,CPD_528,COCCOC(=O)c1cccc2c1nc(C(=O)NC1CCN(C(C)C)CC1)n2CC(=O)Nc1ccc(Cl)cn1,COCCOC(=O)[*:1],7.81,1.899,260.0,-0.14,0.52,2.14,0.14,2.202271554554524,0.057089925355119246
O=C(N[*:1])c1cc2ccccc2n1Cc1cc(-c2ccc(Cl)s2)on1,CPD_16,CC(C)CN1CCC(NC(=O)c2cc3ccccc3n2Cc2cc(-c3ccc(Cl)s3)on2)CC1,CC(C)CN1CCC([*:1])CC1,6.85,3.104,48.0,CPD_24,O=C(NC1CCN(c2ccnc(Cl)n2)CC1)c1cc2ccccc2n1Cc1cc(-c2ccc(Cl)s2)on1,Clc1nccc(N2CCC([*:1])CC2)n1,6.7,3.331,2.1,-0.15,0.23,-1.36,0.15,1.3793114224133722,0.09206343117500317
O=C(N[*:1])c1cc2ccccc2n1Cc1cc(-c2ccc(Cl)s2)on1,CPD_19,CC(=O)N1CCC(NC(=O)c2cc3ccccc3n2Cc2cc(-c3ccc(Cl)s3)on2)CC1,CC(=O)N1CCC([*:1])CC1,6.12,3.157,3.8,CPD_22,NC(=O)N1CCC(NC(=O)c2cc3ccccc3n2Cc2cc(-c3ccc(Cl)s3)on2)CC1,NC(=O)N1CCC([*:1])CC1,5.97,1.914,8.7,-0.15,-1.24,0.36,0.15,1.2912009913255178,0.09732669576794895
CC(C)N1CCC(NC(=O)c2cc3cc([*:1])ncc3n2Cc2cc3ccc(Cl)nc3s2)CC1,CPD_831,CC(C)N1CCC(NC(=O)c2cc3cc(OCCO)ncc3n2Cc2cc3ccc(Cl)nc3s2)CC1,OCCO[*:1],6.25,0.718,52000.0,CPD_832,COCCOc1cc2cc(C(=O)NC3CCN(C(C)C)CC3)n(Cc3cc4ccc(Cl)nc4s3)c2cn1,COCCO[*:1],6.1,1.337,19000.0,-0.15,0.62,-0.44,0.15,0.7602631123499285,0.14847617236176386
CC(C)N1CCC(NC(=O)c2nc3c(C(=O)O[*:1])cccc3n2CC(=O)Nc2ccc(Cl)cn2)CC1,CPD_401,CCOC(=O)OC(C)OC(=O)c1cccc2c1nc(C(=O)NC1CCN(C(C)C)CC1)n2CC(=O)Nc1ccc(Cl)cn1,CCOC(=O)OC(C)[*:1],7.96,3.271,32.0,CPD_528,COCCOC(=O)c1cccc2c1nc(C(=O)NC1CCN(C(C)C)CC1)n2CC(=O)Nc1ccc(Cl)cn1,COCC[*:1],7.81,1.899,260.0,-0.15,-1.37,0.91,0.15,1.6446884203398526,0.07916868989630195
CC(C)N1CCC(NC(=O)c2nc3cc([*:1])ccc3n2CC(=O)Nc2ccc(Cl)cn2)CC1,CPD_341,CC(C)N1CCC(NC(=O)c2nc3cc(C(=O)O)ccc3n2CC(=O)Nc2ccc(Cl)cn2)CC1,O=C(O)[*:1],7.65,1.376,1.9,CPD_381,CC(C)N1CCC(NC(=O)c2nc3cc(C(=O)N4CC(O)C4)ccc3n2CC(=O)Nc2ccc(Cl)cn2)CC1,O=C(N1CC(O)C1)[*:1],7.5,-0.694,3300.0,-0.15,-2.07,3.24,0.15,3.8448016853928895,0.036631810652780795
CC(C)N1CCC(NC(=O)c2cc3cc([*:1])ccc3n2Cc2cc(-c3ccc(Cl)s3)on2)CC1,CPD_362,CC(C)N1CCC(NC(=O)c2cc3cc(C(=O)OC4CCOC4=O)ccc3n2Cc2cc(-c3ccc(Cl)s3)on2)CC1,O=C1OCCC1OC(=O)[*:1],7.73,0.55,170.0,CPD_365,CC(C)N1CCC(NC(=O)c2cc3cc(C(=O)OC4CCOC4)ccc3n2Cc2cc(-c3ccc(Cl)s3)on2)CC1,O=C(OC1CCOC1)[*:1],7.58,1.734,120.0,-0.15,1.18,-0.15,0.15,1.1894956914591999,0.1042031600997338
O=C(O)c1ccc2c(c1)cc([*:1])n2Cc1cc(-c2ccc(Cl)s2)on1,CPD_183,CC(C)N1CC(NC(=O)c2cc3cc(C(=O)O)ccc3n2Cc2cc(-c3ccc(Cl)s3)on2)C1,CC(C)N1CC(NC(=O)[*:1])C1,6.3,1.025,8.9,CPD_264,O=C(O)c1ccc2c(c1)cc(C(=O)NC1CCN(c3ccncc3F)CC1)n2Cc1cc(-c2ccc(Cl)s2)on1,O=C(NC1CCN(c2ccncc2F)CC1)[*:1],6.15,1.713,1.2,-0.15,0.69,-0.87,0.15,1.1104053313993048,0.11026125562571186
CC(C)N1CCC(NC(=O)c2cc3c([*:1])cccc3n2Cc2cc(-c3ccc(Cl)s3)on2)CC1,CPD_175,CCOC(=O)OC(C)OC(=O)c1cccc2c1cc(C(=O)NC1CCN(C(C)C)CC1)n2Cc1cc(-c2ccc(Cl)s2)on1,CCOC(=O)OC(C)OC(=O)[*:1],8.17,2.927,56.0,CPD_184,CCOC(=O)COc1cccc2c1cc(C(=O)NC1CCN(C(C)C)CC1)n2Cc1cc(-c2ccc(Cl)s2)on1,CCOC(=O)CO[*:1],8.01,1.723,260.0,-0.15,-1.2,0.67,0.15,1.3743725841270262,0.09234334626536024
CC(C)N1CCC(NC(=O)c2cc3cc([*:1])ccc3n2Cc2cc(-c3ccc(Cl)s3)on2)CC1,CPD_99,CC(C)OC(=O)c1ccc2c(c1)cc(C(=O)NC1CCN(C(C)C)CC1)n2Cc1cc(-c2ccc(Cl)s2)on1,CC(C)OC(=O)[*:1],7.47,2.832,69.0,CPD_368,CC(C)N1CCC(NC(=O)c2cc3cc(C(=O)NCCN4CCNC4=O)ccc3n2Cc2cc(-c3ccc(Cl)s3)on2)CC1,O=C1NCCN1CCNC(=O)[*:1],7.32,0.289,190.0,-0.15,-2.54,0.44,0.15,2.5778285435614214,0.05304423436192037
CC(C)N1CCC(NC(=O)c2cc3cc([*:1])ccc3n2Cc2cc(-c3ccc(Cl)s3)on2)CC1,CPD_167,CCOC(=O)OC(C)OC(=O)c1ccc2c(c1)cc(C(=O)NC1CCN(C(C)C)CC1)n2Cc1cc(-c2ccc(Cl)s2)on1,CCOC(=O)OC(C)OC(=O)[*:1],7.38,2.914,58.0,CPD_344,CC(C)N1CCC(NC(=O)c2cc3cc(C(=O)N4CC(O)C4)ccc3n2Cc2cc(-c3ccc(Cl)s3)on2)CC1,O=C(N1CC(O)C1)[*:1],7.23,-1.036,6400.0,-0.15,-3.95,2.04,0.15,4.445683299561497,0.03194423269857395
CC(C)N1CCC(NC(=O)c2cc3c([*:1])cccc3n2CC(=O)Nc2ccc(Cl)cn2)CC1,CPD_669,CC(C)N1CCC(NC(=O)c2cc3c(C(=O)N4CCC(F)(F)CC4)cccc3n2CC(=O)Nc2ccc(Cl)cn2)CC1,O=C(N1CCC(F)(F)CC1)[*:1],8.71,-0.341,18000.0,CPD_712,CC(C)N1CCC(NC(=O)c2cc3c(C(=O)N4CCOCC4)cccc3n2CC(=O)Nc2ccc(Cl)cn2)CC1,O=C(N1CCOCC1)[*:1],8.57,-1.325,78000.0,-0.15,-0.98,0.64,0.15,1.1704699910719625,0.1055988517482175
CC(C)N1CCC(N(C(=O)c2cc3c(C(F)(F)F)cccc3n2Cc2cc(-c3ccc(Cl)s3)on2)[*:1])CC1,CPD_124,CCOC(=O)CN(C(=O)c1cc2c(C(F)(F)F)cccc2n1Cc1cc(-c2ccc(Cl)s2)on1)C1CCN(C(C)C)CC1,CCOC(=O)C[*:1],6.92,3.361,120.0,CPD_126,CC(C)N1CCC(N(CC(=O)O)C(=O)c2cc3c(C(F)(F)F)cccc3n2Cc2cc(-c3ccc(Cl)s3)on2)CC1,O=C(O)C[*:1],6.76,1.911,2.3,-0.16,-1.45,-1.72,0.16,2.2496444163467255,0.0640091042364509
CC(C)N1CCC(NC(=O)c2nc3c([*:1])cccc3n2CC(=O)Nc2ccc(Cl)cn2)CC1,CPD_600,COCCOCc1cccc2c1nc(C(=O)NC1CCN(C(C)C)CC1)n2CC(=O)Nc1ccc(Cl)cn1,COCCOC[*:1],7.87,1.696,550.0,CPD_609,CC(C)N1CCC(NC(=O)c2nc3c(C(=O)N4CCOCC4)cccc3n2CC(=O)Nc2ccc(Cl)cn2)CC1,O=C(N1CCOCC1)[*:1],7.71,-0.016,1600.0,-0.16,-1.71,0.46,0.16,1.770790783802536,0.07917692483678439
CC(C)N1CCC(NC(=O)c2nc3cc([*:1])ccc3n2CC(=O)Nc2ccc(Cl)cn2)CC1,CPD_785,CC(C)N1CCC(NC(=O)c2nc3cc(OCCO)ccc3n2CC(=O)Nc2ccc(Cl)cn2)CC1,OCCO[*:1],8.03,1.28,760.0,CPD_925,CC(C)N1CCC(NC(=O)c2nc3cc(OCCCO)ccc3n2CC(=O)Nc2ccc(Cl)cn2)CC1,OCCCO[*:1],7.87,2.044,310.0,-0.16,0.76,-0.39,0.16,0.8542247947700886,0.14489803231896609
CC(C)N1CCC(NC(=O)c2nc3c([*:1])cccc3n2CC(=O)Nc2ccc(Cl)cn2)CC1,CPD_356,CC(C)N1CCC(NC(=O)c2nc3c(C(=O)N4CC(O)C4)cccc3n2CC(=O)Nc2ccc(Cl)cn2)CC1,O=C(N1CC(O)C1)[*:1],7.99,-0.688,3200.0,CPD_516,CC(C)N1CCC(NC(=O)c2nc3c(C(=O)OCC4CC4)cccc3n2CC(=O)Nc2ccc(Cl)cn2)CC1,O=C(OCC1CC1)[*:1],7.83,3.211,33.0,-0.16,3.9,-1.99,0.16,4.378367275594865,0.03456942599254634
CC(C)N1CCC(NC(=O)c2cc3cc([*:1])ccc3n2Cc2cc(-c3ccc(Cl)s3)on2)CC1,CPD_179,CC(C)OC(=O)COc1ccc2c(c1)cc(C(=O)NC1CCN(C(C)C)CC1)n2Cc1cc(-c2ccc(Cl)s2)on1,CC(C)OC(=O)CO[*:1],7.48,2.057,140.0,CPD_368,CC(C)N1CCC(NC(=O)c2cc3cc(C(=O)NCCN4CCNC4=O)ccc3n2Cc2cc(-c3ccc(Cl)s3)on2)CC1,O=C1NCCN1CCNC(=O)[*:1],7.32,0.289,190.0,-0.16,-1.77,0.13,0.16,1.7747675904185316,0.07902141497974444
CC(C)N1CCC(NC(=O)c2cc3cc(C(=O)NCC[*:1])ccc3n2Cc2cc(-c3ccc(Cl)s3)on2)CC1,CPD_252,CC(C)N1CCC(NC(=O)c2cc3cc(C(=O)NCCO)ccc3n2Cc2cc(-c3ccc(Cl)s3)on2)CC1,O[*:1],7.49,0.126,4400.0,CPD_368,CC(C)N1CCC(NC(=O)c2cc3cc(C(=O)NCCN4CCNC4=O)ccc3n2Cc2cc(-c3ccc(Cl)s3)on2)CC1,O=C1NCCN1[*:1],7.32,0.289,190.0,-0.16,0.16,-1.36,0.16,1.3693794214898953,0.09880328098327534
CC(C)N1CCC(NC(=O)c2cc3cc([*:1])ccc3n2Cc2cc(-c3ccc(Cl)s3)on2)CC1,CPD_162,CC(OC(=O)c1ccc2c(c1)cc(C(=O)NC1CCN(C(C)C)CC1)n2Cc1cc(-c2ccc(Cl)s2)on1)OC(=O)C(C)(C)C,CC(OC(=O)C(C)(C)C)OC(=O)[*:1],7.04,3.499,26.0,CPD_673,CC(C)N1CCC(NC(=O)c2cc3cc(C(=O)N4CCC(F)(F)CC4)ccc3n2Cc2cc(-c3ccc(Cl)s3)on2)CC1,O=C(N1CCC(F)(F)CC1)[*:1],6.88,0.623,560.0,-0.16,-2.88,1.33,0.16,3.172270480271189,0.04675258747734083
CC(C)N1CCC(NC(=O)c2cc3cc([*:1])ccc3n2CC(=O)Nc2ccc(Cl)cn2)CC1,CPD_268,COC(=O)c1ccc2c(c1)cc(C(=O)NC1CCN(C(C)C)CC1)n2CC(=O)Nc1ccc(Cl)cn1,COC(=O)[*:1],8.12,0.993,8500.0,CPD_674,CC(C)N1CCC(NC(=O)c2cc3cc(C(=O)N4CCC(F)(F)CC4)ccc3n2CC(=O)Nc2ccc(Cl)cn2)CC1,O=C(N1CCC(F)(F)CC1)[*:1],7.96,-0.344,18000.0,-0.16,-1.34,0.33,0.16,1.3800362314084367,0.09815732737532565
CC(C)N1CCC(NC(=O)c2cc3cc([*:1])ccc3n2Cc2cc(-c3ccc(Cl)s3)on2)CC1,CPD_37,CC(C)N1CCC(NC(=O)c2cc3cc(C#N)ccc3n2Cc2cc(-c3ccc(Cl)s3)on2)CC1,N#C[*:1],8.7,1.433,130.0,CPD_143,CC(C)N1CCC(NC(=O)c2cc3cc(CO)ccc3n2Cc2cc(-c3ccc(Cl)s3)on2)CC1,OC[*:1],8.54,0.77,2500.0,-0.16,-0.66,1.28,0.16,1.4401388821915755,0.09466677660981955
CC(C)N1CCC(NC(=O)c2cc3cc([*:1])ccc3n2Cc2cc(-c3ccc(Cl)s3)on2)CC1,CPD_171,CCOC(=O)c1ccc2c(c1)cc(C(=O)NC1CCN(C(C)C)CC1)n2Cc1cc(-c2ccc(Cl)s2)on1,CCOC(=O)[*:1],7.96,2.492,130.0,CPD_366,CC(C)N1CCC(NC(=O)c2cc3cc(C(=O)OCCN4CCOCC4)ccc3n2Cc2cc(-c3ccc(Cl)s3)on2)CC1,O=C(OCCN1CCOCC1)[*:1],7.79,1.706,740.0,-0.17,-0.79,0.76,0.17,1.0962207806824318,0.12627943531953423
CC(C)N1CCC(NC(=O)c2cc3cc(C(=O)OC[*:1])ccc3n2Cc2cc(-c3ccc(Cl)s3)on2)CC1,CPD_194,Cc1oc(=O)oc1COC(=O)c1ccc2c(c1)cc(C(=O)NC1CCN(C(C)C)CC1)n2Cc1cc(-c2ccc(Cl)s2)on1,Cc1oc(=O)oc1[*:1],7.96,3.174,10.0,CPD_366,CC(C)N1CCC(NC(=O)c2cc3cc(C(=O)OCCN4CCOCC4)ccc3n2Cc2cc(-c3ccc(Cl)s3)on2)CC1,C1CN(C[*:1])CCO1,7.79,1.706,740.0,-0.17,-1.47,1.87,0.17,2.3786130412490385,0.06467288921279227
CC(C)N1CCC(NC(=O)c2cc3cc([*:1])ccc3n2Cc2cc(-c3ccc(Cl)s3)on2)CC1,CPD_194,Cc1oc(=O)oc1COC(=O)c1ccc2c(c1)cc(C(=O)NC1CCN(C(C)C)CC1)n2Cc1cc(-c2ccc(Cl)s2)on1,Cc1oc(=O)oc1COC(=O)[*:1],7.96,3.174,10.0,CPD_259,CCOC(=O)COc1ccc2c(c1)cc(C(=O)NC1CCN(C(C)C)CC1)n2Cc1cc(-c2ccc(Cl)s2)on1,CCOC(=O)CO[*:1],7.79,1.709,270.0,-0.17,-1.46,1.43,0.17,2.0436486977951955,0.07411771478492547
CC(C)N1CCC(NC(=O)c2nc3c([*:1])cccc3n2CC(=O)Nc2ccc(Cl)cn2)CC1,CPD_529,CC(C)N1CCC(NC(=O)c2nc3c(CO)cccc3n2CC(=O)Nc2ccc(Cl)cn2)CC1,OC[*:1],8.14,1.111,1100.0,CPD_546,CC(C)N1CCC(NC(=O)c2nc3c(C(=O)N4CCCOCC4)cccc3n2CC(=O)Nc2ccc(Cl)cn2)CC1,O=C(N1CCCOCC1)[*:1],7.97,0.371,1100.0,-0.17,-0.74,0.0,0.17,0.74,0.17171717171717174
Clc1ccc(-c2cc(Cn3c([*:1])cc4ccccc43)no2)s1,CPD_43,O=C(c1cc2ccccc2n1Cc1cc(-c2ccc(Cl)s2)on1)N1CCC(Oc2ccncc2)CC1,O=C(N1CCC(Oc2ccncc2)CC1)[*:1],5.53,3.739,1.1,CPD_250,O=C(c1cc2ccccc2n1Cc1cc(-c2ccc(Cl)s2)on1)N1CCC(N2CCCC2=O)CC1,O=C1CCCN1C1CCN(C(=O)[*:1])CC1,5.35,2.607,2.1,-0.17,-1.13,0.28,0.17,1.1641735265844175,0.12021155594009209
CC(C)N1CCC(NC(=O)c2cc3cc([*:1])ccc3n2Cc2cc(-c3ccc(Cl)s3)on2)CC1,CPD_259,CCOC(=O)COc1ccc2c(c1)cc(C(=O)NC1CCN(C(C)C)CC1)n2Cc1cc(-c2ccc(Cl)s2)on1,CCOC(=O)CO[*:1],7.79,1.709,270.0,CPD_503,CC(C)ONC(=O)c1ccc2c(c1)cc(C(=O)NC1CCN(C(C)C)CC1)n2Cc1cc(-c2ccc(Cl)s2)on1,CC(C)ONC(=O)[*:1],7.61,2.516,57.0,-0.17,0.81,-0.68,0.17,1.0575916035975326,0.13001001194278455
CC(C)N1CCC(NC(=O)c2cc3cc([*:1])ccc3n2Cc2cc(-c3ccc(Cl)s3)on2)CC1,CPD_171,CCOC(=O)c1ccc2c(c1)cc(C(=O)NC1CCN(C(C)C)CC1)n2Cc1cc(-c2ccc(Cl)s2)on1,CCOC(=O)[*:1],7.96,2.492,130.0,CPD_259,CCOC(=O)COc1ccc2c(c1)cc(C(=O)NC1CCN(C(C)C)CC1)n2Cc1cc(-c2ccc(Cl)s2)on1,CCOC(=O)CO[*:1],7.79,1.709,270.0,-0.17,-0.78,0.32,0.17,0.8430895563343197,0.15552248122294363
COC(=O)c1ccc2c(c1)cc(C(=O)NC1CCN(C(C)C)CC1)n2C[*:1],CPD_112,COC(=O)c1ccc2c(c1)cc(C(=O)NC1CCN(C(C)C)CC1)n2Cc1cc(-c2ccc(Cl)s2)on1,Clc1ccc(-c2cc([*:1])no2)s1,8.29,1.96,260.0,CPD_268,COC(=O)c1ccc2c(c1)cc(C(=O)NC1CCN(C(C)C)CC1)n2CC(=O)Nc1ccc(Cl)cn1,O=C(Nc1ccc(Cl)cn1)[*:1],8.12,0.993,8500.0,-0.17,-0.97,1.51,0.17,1.7947144619688113,0.08314119314063571
CC(C)N1CCC(NC(=O)c2nc3c([*:1])cccc3n2CC(=O)Nc2ccc(Cl)cn2)CC1,CPD_353,CC(C)N1CCC(NC(=O)c2nc3c(C(=O)NCCO)cccc3n2CC(=O)Nc2ccc(Cl)cn2)CC1,O=C(NCCO)[*:1],8.06,0.477,1200.0,CPD_638,CC(C)N1CCC(NC(=O)c2nc3c(C(=O)N(C)CCO)cccc3n2CC(=O)Nc2ccc(Cl)cn2)CC1,CN(CCO)C(=O)[*:1],7.89,-0.092,2900.0,-0.17,-0.57,0.38,0.17,0.6850547423381579,0.18180753735862062
Clc1ccc(-c2cc(Cn3c([*:1])cc4ccccc43)no2)s1,CPD_27,O=CN1CCC(NC(=O)c2cc3ccccc3n2Cc2cc(-c3ccc(Cl)s3)on2)CC1,O=CN1CCC(NC(=O)[*:1])CC1,5.69,2.671,2.4,CPD_43,O=C(c1cc2ccccc2n1Cc1cc(-c2ccc(Cl)s2)on1)N1CCC(Oc2ccncc2)CC1,O=C(N1CCC(Oc2ccncc2)CC1)[*:1],5.53,3.739,1.1,-0.17,1.07,-0.34,0.17,1.1227199116431488,0.12384172368892765
CC(C)N1CCC(NC(=O)c2nc3cc([*:1])ccc3n2CC(=O)Nc2ccc(Cl)cn2)CC1,CPD_389,CC(OC(=O)OC1CCCCC1)OC(=O)c1ccc2c(c1)nc(C(=O)NC1CCN(C(C)C)CC1)n2CC(=O)Nc1ccc(Cl)cn1,CC(OC(=O)OC1CCCCC1)OC(=O)[*:1],7.45,4.785,4.3,CPD_547,CC(C)N1CCC(NC(=O)c2nc3cc(C(=O)N4CCCOCC4)ccc3n2CC(=O)Nc2ccc(Cl)cn2)CC1,O=C(N1CCCOCC1)[*:1],7.28,0.367,1100.0,-0.17,-4.42,2.41,0.17,5.034332130481659,0.03217057440795357
Clc1ccc(-c2cc(Cn3c([*:1])cc4ccccc43)no2)s1,CPD_23,CS(=O)(=O)N1CCC(NC(=O)c2cc3ccccc3n2Cc2cc(-c3ccc(Cl)s3)on2)CC1,CS(=O)(=O)N1CCC(NC(=O)[*:1])CC1,6.87,3.257,1.1,CPD_24,O=C(NC1CCN(c2ccnc(Cl)n2)CC1)c1cc2ccccc2n1Cc1cc(-c2ccc(Cl)s2)on1,O=C(NC1CCN(c2ccnc(Cl)n2)CC1)[*:1],6.7,3.331,2.1,-0.17,0.07,0.28,0.17,0.28861739379323625,0.3156229300408731
CC(C)N1CCC(NC(=O)c2cc3cc(OCC[*:1])ncc3n2CC(=O)Nc2ccc(Cl)cn2)CC1,CPD_824,CC(C)N1CCC(NC(=O)c2cc3cc(OCCOCCO)ncc3n2CC(=O)Nc2ccc(Cl)cn2)CC1,OCCO[*:1],7.49,-1.089,570000.0,CPD_872,COCCCOc1cc2cc(C(=O)NC3CCN(C(C)C)CC3)n(CC(=O)Nc3ccc(Cl)cn3)c2cn1,COC[*:1],7.32,-0.04,90000.0,-0.18,1.05,-0.8,0.18,1.3200378782444087,0.11464691552618662
CC(C)N1CCC(NC(=O)c2cc3cc([*:1])ccc3n2Cc2cc(-c3ccc(Cl)s3)on2)CC1,CPD_363,CC(C)N1CCC(NC(=O)c2cc3cc(C(=O)OCCN4CCCC4=O)ccc3n2Cc2cc(-c3ccc(Cl)s3)on2)CC1,O=C1CCCN1CCOC(=O)[*:1],8.03,1.653,110.0,CPD_877,CC(C)N1CCC(NC(=O)c2cc3cc(OC(C)(C)C(=O)O)ccc3n2Cc2cc(-c3ccc(Cl)s3)on2)CC1,CC(C)(O[*:1])C(=O)O,7.85,1.472,1.6,-0.18,-0.18,-1.84,0.18,1.8487833837418597,0.08576397230622403
CC(C)N1CCC(NC(=O)c2nc3cc([*:1])ccc3n2Cc2cc(-c3ccc(Cl)s3)on2)CC1,CPD_290,COC(=O)c1ccc2c(c1)nc(C(=O)NC1CCN(C(C)C)CC1)n2Cc1cc(-c2ccc(Cl)s2)on1,COC(=O)[*:1],8.63,3.121,16.0,CPD_420,CC(C)N1CCC(NC(=O)c2nc3cc(C(=O)OCCO)ccc3n2Cc2cc(-c3ccc(Cl)s3)on2)CC1,O=C(OCCO)[*:1],8.45,2.045,56.0,-0.18,-1.08,0.54,0.18,1.2074767078498865,0.12350111602506596
CC(C)N1CCC(NC(=O)c2cc3ccccc3n2[*:1])CC1,CPD_854,COc1ccc(NC(=O)Cn2c(C(=O)NC3CCN(C(C)C)CC3)cc3ccccc32)cc1,COc1ccc(NC(=O)C[*:1])cc1,5.72,0.402,22000.0,CPD_859,CC(C)N1CCC(NC(=O)c2cc3ccccc3n2CC(=O)Nc2ccc(C#N)cc2)CC1,N#Cc1ccc(NC(=O)C[*:1])cc1,5.54,0.68,4500.0,-0.18,0.28,-0.69,0.18,0.7446475676452585,0.18096862230924096
CC(C)N1CCC(NC(=O)c2cc3cc([*:1])ccc3n2CC(=O)Nc2ccc(Cl)cn2)CC1,CPD_168,CC(C)N1CCC(NC(=O)c2cc3cc(Cl)ccc3n2CC(=O)Nc2ccc(Cl)cn2)CC1,Cl[*:1],8.52,1.704,2300.0,CPD_359,CC(C)N1CCC(NC(=O)c2cc3cc(C(=O)OCC(=O)O)ccc3n2CC(=O)Nc2ccc(Cl)cn2)CC1,O=C(O)COC(=O)[*:1],8.35,0.3,9.7,-0.18,-1.4,-2.37,0.18,2.7526169366622737,0.05994770688267982
CC(C)N1CCC(NC(=O)c2cc3cc([*:1])ccc3n2Cc2cc(-c3ccc(Cl)s3)on2)CC1,CPD_366,CC(C)N1CCC(NC(=O)c2cc3cc(C(=O)OCCN4CCOCC4)ccc3n2Cc2cc(-c3ccc(Cl)s3)on2)CC1,O=C(OCCN1CCOCC1)[*:1],7.79,1.706,740.0,CPD_503,CC(C)ONC(=O)c1ccc2c(c1)cc(C(=O)NC1CCN(C(C)C)CC1)n2Cc1cc(-c2ccc(Cl)s2)on1,CC(C)ONC(=O)[*:1],7.61,2.516,57.0,-0.18,0.81,-1.11,0.18,1.3741178988718545,0.11082939245053064
CC(C)N1CCC(NC(=O)c2cc3c([*:1])cccc3n2Cc2cc(-c3ccc(Cl)s3)on2)CC1,CPD_184,CCOC(=O)COc1cccc2c1cc(C(=O)NC1CCN(C(C)C)CC1)n2Cc1cc(-c2ccc(Cl)s2)on1,CCOC(=O)CO[*:1],8.01,1.723,260.0,CPD_396,CC(C)N1CCC(NC(=O)c2cc3c(C(=O)N4CC(O)C4)cccc3n2Cc2cc(-c3ccc(Cl)s3)on2)CC1,O=C(N1CC(O)C1)[*:1],7.83,-1.031,6300.0,-0.18,-2.75,1.38,0.18,3.0768327871367984,0.05410551461918078
CC(C)N1CCC(NC(=O)c2nc3c([*:1])cccc3n2CC(=O)Nc2ccc(Cl)cn2)CC1,CPD_356,CC(C)N1CCC(NC(=O)c2nc3c(C(=O)N4CC(O)C4)cccc3n2CC(=O)Nc2ccc(Cl)cn2)CC1,O=C(N1CC(O)C1)[*:1],7.99,-0.688,3200.0,CPD_528,COCCOC(=O)c1cccc2c1nc(C(=O)NC1CCN(C(C)C)CC1)n2CC(=O)Nc1ccc(Cl)cn1,COCCOC(=O)[*:1],7.81,1.899,260.0,-0.18,2.59,-1.09,0.18,2.8100177935379698,0.058823187361889594
Clc1ccc(-c2cc(Cn3c([*:1])nc4ccccc43)no2)s1,CPD_533,O=C(Nc1ccc(N2CCOC2=O)cc1)c1nc2ccccc2n1Cc1cc(-c2ccc(Cl)s2)on1,O=C1OCCN1c1ccc(NC(=O)[*:1])cc1,6.33,4.952,0.1,CPD_980,O=C(c1nc2ccccc2n1Cc1cc(-c2ccc(Cl)s2)on1)N1CCN(C(=O)N2CCCC2)CC1,O=C(N1CCCC1)N1CCN(C(=O)[*:1])CC1,6.15,3.472,0.9,-0.18,-1.48,0.95,0.18,1.7586642658563345,0.08961178981459218
CCOC(=O)OC(C)OC(=O)c1ccc2c(c1)nc(C(=O)NC1CCN(C(C)C)CC1)n2[*:1],CPD_355,CCOC(=O)OC(C)OC(=O)c1ccc2c(c1)nc(C(=O)NC1CCN(C(C)C)CC1)n2Cc1cc(-c2ccc(Cl)s2)on1,Clc1ccc(-c2cc(C[*:1])no2)s1,7.91,4.074,3.6,CPD_397,CCOC(=O)OC(C)OC(=O)c1ccc2c(c1)nc(C(=O)NC1CCN(C(C)C)CC1)n2CC(=O)Nc1ccc(Cl)cn1,O=C(C[*:1])Nc1ccc(Cl)cn1,7.72,3.257,33.0,-0.19,-0.82,0.96,0.19,1.2625371281669304,0.1256167511274677
Clc1ccc(-c2cc(Cn3c([*:1])cc4ccccc43)no2)s1,CPD_177,CC(C)N1CC(NC(=O)c2cc3ccccc3n2Cc2cc(-c3ccc(Cl)s3)on2)C1,CC(C)N1CC(NC(=O)[*:1])C1,6.65,2.16,190.0,CPD_180,CC(C)CN1CC(NC(=O)c2cc3ccccc3n2Cc2cc(-c3ccc(Cl)s3)on2)C1,CC(C)CN1CC(NC(=O)[*:1])C1,6.46,2.966,47.0,-0.19,0.81,-0.61,0.19,1.0140019723846694,0.1503162211381249
CC(C)N1CCC(NC(=O)c2cc3ccccc3n2[*:1])CC1,CPD_146,CC(C)N1CCC(NC(=O)c2cc3ccccc3n2CC(=O)Nc2ccc(Cl)s2)CC1,O=C(C[*:1])Nc1ccc(Cl)s1,7.82,1.184,1900.0,CPD_856,CC(C)N1CCC(NC(=O)c2cc3ccccc3n2CC(=O)Nc2ccc(I)cc2)CC1,O=C(C[*:1])Nc1ccc(I)cc1,7.64,2.023,2600.0,-0.19,0.84,0.14,0.19,0.8515867542417507,0.1724784718665047
CC(C)N1CCC(NC(=O)c2nc3c(C(=O)N4CC(O)C4)cccc3n2[*:1])CC1,CPD_356,CC(C)N1CCC(NC(=O)c2nc3c(C(=O)N4CC(O)C4)cccc3n2CC(=O)Nc2ccc(Cl)cn2)CC1,O=C(C[*:1])Nc1ccc(Cl)cn1,7.99,-0.688,3200.0,CPD_756,CC(C)N1CCC(NC(=O)c2nc3c(C(=O)N4CC(O)C4)cccc3n2Cc2cc3ccc(Cl)cc3s2)CC1,Clc1ccc2cc(C[*:1])sc2c1,7.8,2.225,35.0,-0.19,2.91,-1.96,0.19,3.5085182057387136,0.05055183708034126
CC(C)N1CCC(NC(=O)c2nc3c([*:1])cccc3n2CC(=O)Nc2ccc(Cl)cn2)CC1,CPD_614,CC(C)N1CCC(NC(=O)c2nc3c(C(=O)N4CCC(F)(F)CC4)cccc3n2CC(=O)Nc2ccc(Cl)cn2)CC1,O=C(N1CCC(F)(F)CC1)[*:1],8.08,0.968,260.0,CPD_638,CC(C)N1CCC(NC(=O)c2nc3c(C(=O)N(C)CCO)cccc3n2CC(=O)Nc2ccc(Cl)cn2)CC1,CN(CCO)C(=O)[*:1],7.89,-0.092,2900.0,-0.19,-1.06,1.05,0.19,1.4920120642943877,0.10906927907928159
CC(C)N1CCC(NC(=O)c2cc3cc([*:1])ccc3n2Cc2cc(-c3ccc(Cl)s3)on2)CC1,CPD_373,CC(C)N1CCC(NC(=O)c2cc3cc(C(=O)N4CCCC4CO)ccc3n2Cc2cc(-c3ccc(Cl)s3)on2)CC1,O=C(N1CCCC1CO)[*:1],6.98,-0.415,2900.0,CPD_604,CC(C)N1CCC(NC(=O)c2cc3cc(C(=O)N4CCC(O)CC4)ccc3n2Cc2cc(-c3ccc(Cl)s3)on2)CC1,O=C(N1CCC(O)CC1)[*:1],6.79,-0.266,3400.0,-0.19,0.15,0.07,0.19,0.16552945357246848,0.4572479721148429
CC(C)N1CCC(NC(=O)c2nc3cc([*:1])ccc3n2CC(=O)Nc2ccc(Cl)cn2)CC1,CPD_926,COCCOc1ccc2c(c1)nc(C(=O)NC1CCN(C(C)C)CC1)n2CC(=O)Nc1ccc(Cl)cn1,COCCO[*:1],7.93,1.91,390.0,CPD_944,CC(C)N1CCC(NC(=O)c2nc3cc(OC(C)(C)CO)ccc3n2CC(=O)Nc2ccc(Cl)cn2)CC1,CC(C)(CO)O[*:1],7.73,1.966,380.0,-0.19,0.06,-0.01,0.19,0.0608276253029822,0.6112712787828807
CC(C)N1CCC(NC(=O)c2nc3c([*:1])cccc3n2CC(=O)Nc2ccc(Cl)cn2)CC1,CPD_353,CC(C)N1CCC(NC(=O)c2nc3c(C(=O)NCCO)cccc3n2CC(=O)Nc2ccc(Cl)cn2)CC1,O=C(NCCO)[*:1],8.06,0.477,1200.0,CPD_600,COCCOCc1cccc2c1nc(C(=O)NC1CCN(C(C)C)CC1)n2CC(=O)Nc1ccc(Cl)cn1,COCCOC[*:1],7.87,1.696,550.0,-0.19,1.22,-0.34,0.19,1.2664912159190052,0.125289218958554
O=C(NC1CCN([*:1])CC1)c1cc2ccccc2n1Cc1cc(-c2ccc(Cl)s2)on1,CPD_16,CC(C)CN1CCC(NC(=O)c2cc3ccccc3n2Cc2cc(-c3ccc(Cl)s3)on2)CC1,CC(C)C[*:1],6.85,3.104,48.0,CPD_73,CCC(CC)N1CCC(NC(=O)c2cc3ccccc3n2Cc2cc(-c3ccc(Cl)s3)on2)CC1,CCC(CC)[*:1],6.66,3.315,49.0,-0.19,0.21,0.01,0.19,0.21023796041628637,0.4128299191751687
CC(C)N1CCC(NC(=O)c2cc3c([*:1])cccc3n2Cc2cc(-c3ccc(Cl)s3)on2)CC1,CPD_154,CC(C)N1CCC(NC(=O)c2cc3c(CO)cccc3n2Cc2cc(-c3ccc(Cl)s3)on2)CC1,OC[*:1],8.7,0.769,2500.0,CPD_230,CC(=O)OC(C)OC(=O)c1cccc2c1cc(C(=O)NC1CCN(C(C)C)CC1)n2Cc1cc(-c2ccc(Cl)s2)on1,CC(=O)OC(C)OC(=O)[*:1],8.51,2.282,120.0,-0.19,1.51,-1.32,0.19,2.005617112013158,0.08423415436426768
Clc1ccc(-c2cc(Cn3c([*:1])cc4ccccc43)no2)s1,CPD_17,CCCN1CCC(NC(=O)c2cc3ccccc3n2Cc2cc(-c3ccc(Cl)s3)on2)CC1,CCCN1CCC(NC(=O)[*:1])CC1,7.2,2.84,77.0,CPD_31,O=C(NC1CCN(c2ccncn2)CC1)c1cc2ccccc2n1Cc1cc(-c2ccc(Cl)s2)on1,O=C(NC1CCN(c2ccncn2)CC1)[*:1],7.01,3.217,2.8,-0.19,0.38,-1.44,0.19,1.4892951352905173,0.10923965469969764
Clc1ccc(-c2cc(Cn3c([*:1])cc4ccccc43)no2)s1,CPD_17,CCCN1CCC(NC(=O)c2cc3ccccc3n2Cc2cc(-c3ccc(Cl)s3)on2)CC1,CCCN1CCC(NC(=O)[*:1])CC1,7.2,2.84,77.0,CPD_58,CCN1CC[C@@H](NC(=O)c2cc3ccccc3n2Cc2cc(-c3ccc(Cl)s3)on2)C1,CCN1CC[C@@H](NC(=O)[*:1])C1,7.0,1.624,680.0,-0.19,-1.22,0.95,0.19,1.5462535367784935,0.10577571378968982
CC(C)N1CCC(NC(=O)c2nc3ccc([*:1])cc3n2CC(=O)Nc2ccc(Cl)cn2)CC1,CPD_317,COC(=O)c1ccc2nc(C(=O)NC3CCN(C(C)C)CC3)n(CC(=O)Nc3ccc(Cl)cn3)c2c1,COC(=O)[*:1],6.43,2.305,160.0,CPD_398,CC(C)N1CCC(NC(=O)c2nc3ccc(C(=O)NCCO)cc3n2CC(=O)Nc2ccc(Cl)cn2)CC1,O=C(NCCO)[*:1],6.23,0.47,1300.0,-0.19,-1.84,0.91,0.19,2.0527298896834916,0.08251076292153195
CC(C)N1CCC(NC(=O)c2nc3c(C(=O)O)cccc3n2C[*:1])CC1,CPD_333,CC(C)N1CCC(NC(=O)c2nc3c(C(=O)O)cccc3n2Cc2cc(-c3ccc(Cl)s3)on2)CC1,Clc1ccc(-c2cc([*:1])no2)s1,8.44,2.191,0.6,CPD_754,CC(C)N1CCC(NC(=O)c2nc3c(C(=O)O)cccc3n2Cc2cc3ccc(Cl)cc3s2)CC1,Clc1ccc2cc([*:1])sc2c1,8.25,4.311,0.2,-0.19,2.12,-0.48,0.19,2.1736605070709643,0.07839381771732473
O=C(O)c1ccc2c(c1)nc(C(=O)NC1CCN(C3CC3)CC1)n2C[*:1],CPD_682,O=C(O)c1ccc2c(c1)nc(C(=O)NC1CCN(C3CC3)CC1)n2Cc1cc(-c2ccc(Cl)s2)no1,Clc1ccc(-c2cc([*:1])on2)s1,7.66,0.919,3.8,CPD_685,O=C(O)c1ccc2c(c1)nc(C(=O)NC1CCN(C3CC3)CC1)n2Cc1nnc(-c2ccc(Cl)s2)s1,Clc1ccc(-c2nnc([*:1])s2)s1,7.47,2.173,0.6,-0.19,1.25,-0.8,0.19,1.484082207965583,0.10956804650161718
NC(=O)N1CCN(C(=O)c2nc3ccccc3n2[*:1])CC1,CPD_982,NC(=O)N1CCN(C(=O)c2nc3ccccc3n2CC(=O)Nc2ccc(Cl)cn2)CC1,O=C(C[*:1])Nc1ccc(Cl)cn1,4.87,0.511,160.0,CPD_987,NC(=O)N1CCN(C(=O)c2nc3ccccc3n2Cc2cc(-c3ccc(Cl)s3)on2)CC1,Clc1ccc(-c2cc(C[*:1])no2)s1,4.68,1.327,15.0,-0.2,0.82,-1.03,0.2,1.3165485179058156,0.12766920252643235
CC(C)N1CCC(NC(=O)c2cc3cc([*:1])ccc3n2CC(=O)Nc2ccc(Cl)cn2)CC1,CPD_315,CCOC(=O)OC(C)OC(=O)c1ccc2c(c1)cc(C(=O)NC1CCN(C(C)C)CC1)n2CC(=O)Nc1ccc(Cl)cn1,CCOC(=O)OC(C)OC(=O)[*:1],7.83,1.946,1900.0,CPD_393,CC(C)N1CCC(NC(=O)c2cc3cc(C(=O)N4CCCOCC4)ccc3n2CC(=O)Nc2ccc(Cl)cn2)CC1,O=C(N1CCCOCC1)[*:1],7.64,-0.942,58000.0,-0.2,-2.89,1.48,0.2,3.246921619010844,0.05719316066814588
CC(C)N1CCC(NC(=O)c2nc3cc([*:1])ccc3n2CC(=O)Nc2ccc(Cl)cn2)CC1,CPD_341,CC(C)N1CCC(NC(=O)c2nc3cc(C(=O)O)ccc3n2CC(=O)Nc2ccc(Cl)cn2)CC1,O=C(O)[*:1],7.65,1.376,1.9,CPD_389,CC(OC(=O)OC1CCCCC1)OC(=O)c1ccc2c(c1)nc(C(=O)NC1CCN(C(C)C)CC1)n2CC(=O)Nc1ccc(Cl)cn1,CC(OC(=O)OC1CCCCC1)OC(=O)[*:1],7.45,4.785,4.3,-0.2,3.41,0.35,0.2,3.427914818078186,0.054378638411344625
Clc1ccc(-c2cc(Cn3c([*:1])cc4ccccc43)no2)s1,CPD_17,CCCN1CCC(NC(=O)c2cc3ccccc3n2Cc2cc(-c3ccc(Cl)s3)on2)CC1,CCCN1CCC(NC(=O)[*:1])CC1,7.2,2.84,77.0,CPD_63,CC(C)N1CC[C@H](NC(=O)c2cc3ccccc3n2Cc2cc(-c3ccc(Cl)s3)on2)C1,CC(C)N1CC[C@H](NC(=O)[*:1])C1,6.99,1.909,390.0,-0.2,-0.93,0.7,0.2,1.1640017182117903,0.1414425438272656
Clc1ccc(-c2cc(Cn3c([*:1])cc4ccccc43)no2)s1,CPD_73,CCC(CC)N1CCC(NC(=O)c2cc3ccccc3n2Cc2cc(-c3ccc(Cl)s3)on2)CC1,CCC(CC)N1CCC(NC(=O)[*:1])CC1,6.66,3.315,49.0,CPD_180,CC(C)CN1CC(NC(=O)c2cc3ccccc3n2Cc2cc(-c3ccc(Cl)s3)on2)C1,CC(C)CN1CC(NC(=O)[*:1])C1,6.46,2.966,47.0,-0.2,-0.35,-0.02,0.2,0.35057096285916206,0.3330164333084838
CC(C)N1CCC(NC(=O)c2cc3cc([*:1])ccc3n2Cc2cc(-c3ccc(Cl)s3)on2)CC1,CPD_259,CCOC(=O)COc1ccc2c(c1)cc(C(=O)NC1CCN(C(C)C)CC1)n2Cc1cc(-c2ccc(Cl)s2)on1,CCOC(=O)CO[*:1],7.79,1.709,270.0,CPD_365,CC(C)N1CCC(NC(=O)c2cc3cc(C(=O)OC4CCOC4)ccc3n2Cc2cc(-c3ccc(Cl)s3)on2)CC1,O=C(OC1CCOC1)[*:1],7.58,1.734,120.0,-0.2,0.02,-0.35,0.2,0.35057096285916206,0.3330164333084838
CC(C)N1CCC(NC(=O)c2cc3cc([*:1])ccc3n2Cc2cc(-c3ccc(Cl)s3)on2)CC1,CPD_148,CC(C)N1CCC(NC(=O)c2cc3cc(C(N)=O)ccc3n2Cc2cc(-c3ccc(Cl)s3)on2)CC1,NC(=O)[*:1],8.44,0.497,390.0,CPD_158,CC(C)N1CCC(NC(=O)c2cc3cc(-c4noc(O)n4)ccc3n2Cc2cc(-c3ccc(Cl)s3)on2)CC1,Oc1nc([*:1])no1,8.24,0.316,300.0,-0.2,-0.18,-0.11,0.2,0.21095023109728986,0.4338863211412238
CC(C)N1CCC(NC(=O)c2nc3ccc([*:1])cc3n2CC(=O)Nc2ccc(Cl)cn2)CC1,CPD_317,COC(=O)c1ccc2nc(C(=O)NC3CCN(C(C)C)CC3)n(CC(=O)Nc3ccc(Cl)cn3)c2c1,COC(=O)[*:1],6.43,2.305,160.0,CPD_837,CC(C)N1CCC(NC(=O)c2nc3ccc(OCCN4CCOCC4)cc3n2CC(=O)Nc2ccc(Cl)cn2)CC1,C1CN(CCO[*:1])CCO1,6.23,1.562,360.0,-0.2,-0.74,0.35,0.2,0.8185963596303125,0.18716140869990538
Clc1ccc(-c2cc(Cn3c([*:1])cc4ccccc43)no2)s1,CPD_16,CC(C)CN1CCC(NC(=O)c2cc3ccccc3n2Cc2cc(-c3ccc(Cl)s3)on2)CC1,CC(C)CN1CCC(NC(=O)[*:1])CC1,6.85,3.104,48.0,CPD_177,CC(C)N1CC(NC(=O)c2cc3ccccc3n2Cc2cc(-c3ccc(Cl)s3)on2)C1,CC(C)N1CC(NC(=O)[*:1])C1,6.65,2.16,190.0,-0.2,-0.94,0.6,0.2,1.1151681487560519,0.14650209952689053
CC(C)N1CCC(NC(=O)c2cc3cc([*:1])ccc3n2Cc2cc(-c3ccc(Cl)s3)on2)CC1,CPD_38,CC(C)N1CCC(NC(=O)c2cc3cc(Br)ccc3n2Cc2cc(-c3ccc(Cl)s3)on2)CC1,Br[*:1],8.06,2.851,68.0,CPD_361,CC(C)N1CCC(NC(=O)c2cc3cc(C(=O)OCC4COC(=O)O4)ccc3n2Cc2cc(-c3ccc(Cl)s3)on2)CC1,O=C1OCC(COC(=O)[*:1])O1,7.86,1.042,660.0,-0.2,-1.81,0.99,0.2,2.0630559856678636,0.08646569786431378
CC(C)N1CCC(NC(=O)c2cc3cc([*:1])ccc3n2Cc2cc(-c3ccc(Cl)s3)on2)CC1,CPD_148,CC(C)N1CCC(NC(=O)c2cc3cc(C(N)=O)ccc3n2Cc2cc(-c3ccc(Cl)s3)on2)CC1,NC(=O)[*:1],8.44,0.497,390.0,CPD_404,CC(C)N1CCC(NC(=O)c2cc3cc(C(=O)OCCO)ccc3n2Cc2cc(-c3ccc(Cl)s3)on2)CC1,O=C(OCCO)[*:1],8.24,0.885,1400.0,-0.2,0.39,0.56,0.2,0.6824221567329127,0.21449511742704
CC(C)N1CCC(NC(=O)c2cc3cc([*:1])ccc3n2Cc2cc(-c3ccc(Cl)s3)on2)CC1,CPD_38,CC(C)N1CCC(NC(=O)c2cc3cc(Br)ccc3n2Cc2cc(-c3ccc(Cl)s3)on2)CC1,Br[*:1],8.06,2.851,68.0,CPD_877,CC(C)N1CCC(NC(=O)c2cc3cc(OC(C)(C)C(=O)O)ccc3n2Cc2cc(-c3ccc(Cl)s3)on2)CC1,CC(C)(O[*:1])C(=O)O,7.85,1.472,1.6,-0.2,-1.38,-1.63,0.2,2.1357200191036276,0.08383213386252458
COc1cccc(Cn2c(C(=O)NC3CCN(C(C)C)CC3)cc3c([*:1])cccc32)c1,CPD_542,COc1cccc(Cn2c(C(=O)NC3CCN(C(C)C)CC3)cc3c(C(=O)OCCO)cccc32)c1,O=C(OCCO)[*:1],7.19,0.143,53000.0,CPD_915,COCCCOc1cccc2c1cc(C(=O)NC1CCN(C(C)C)CC1)n2Cc1cccc(OC)c1,COCCCO[*:1],6.99,1.192,13000.0,-0.2,1.05,-0.61,0.2,1.2143310915891103,0.13658113328930108
CC(C)N1CCC(NC(=O)c2cc3cc([*:1])ccc3n2CC(=O)Nc2ccc(Cl)cn2)CC1,CPD_370,COCCOC(=O)OC(C)OC(=O)c1ccc2c(c1)cc(C(=O)NC1CCN(C(C)C)CC1)n2CC(=O)Nc1ccc(Cl)cn1,COCCOC(=O)OC(C)OC(=O)[*:1],8.05,1.425,5200.0,CPD_541,CC(C)N1CCC(NC(=O)c2cc3cc(C(=O)N4CCOCC4)ccc3n2CC(=O)Nc2ccc(Cl)cn2)CC1,O=C(N1CCOCC1)[*:1],7.84,-1.329,79000.0,-0.21,-2.75,1.18,0.21,2.9924738929521175,0.0647653634024498
CC(C)N1CCC(NC(=O)c2cc3cc([*:1])ccc3n2CC(=O)Nc2ccc(Cl)cn2)CC1,CPD_359,CC(C)N1CCC(NC(=O)c2cc3cc(C(=O)OCC(=O)O)ccc3n2CC(=O)Nc2ccc(Cl)cn2)CC1,O=C(O)COC(=O)[*:1],8.35,0.3,9.7,CPD_781,CC(C)N1CCC(NC(=O)c2cc3cc(OCCO)ccc3n2CC(=O)Nc2ccc(Cl)cn2)CC1,OCCO[*:1],8.14,-0.041,55000.0,-0.21,-0.34,3.75,0.21,3.7653817867515107,0.05229888741660413
CC(C)N1CCC(NC(=O)c2cc3ccccc3n2CC(=O)N[*:1])CC1,CPD_856,CC(C)N1CCC(NC(=O)c2cc3ccccc3n2CC(=O)Nc2ccc(I)cc2)CC1,Ic1ccc([*:1])cc1,7.64,2.023,2600.0,CPD_861,C#Cc1ccc(NC(=O)Cn2c(C(=O)NC3CCN(C(C)C)CC3)cc3ccccc32)cc1,C#Cc1ccc([*:1])cc1,7.42,0.573,1600.0,-0.21,-1.45,-0.21,0.21,1.465127980757995,0.12243984259832971
CC(C)N1CCC(NC(=O)c2cc3cc([*:1])ccc3n2Cc2cc(-c3ccc(Cl)s3)on2)CC1,CPD_158,CC(C)N1CCC(NC(=O)c2cc3cc(-c4noc(O)n4)ccc3n2Cc2cc(-c3ccc(Cl)s3)on2)CC1,Oc1nc([*:1])no1,8.24,0.316,300.0,CPD_363,CC(C)N1CCC(NC(=O)c2cc3cc(C(=O)OCCN4CCCC4=O)ccc3n2Cc2cc(-c3ccc(Cl)s3)on2)CC1,O=C1CCCN1CCOC(=O)[*:1],8.03,1.653,110.0,-0.21,1.34,-0.44,0.21,1.4103900169811188,0.1264763084891446
CC(C)N1CCC(NC(=O)c2cc3cc([*:1])ccc3n2Cc2cc(-c3ccc(Cl)s3)on2)CC1,CPD_85,CC(C)N1CCC(NC(=O)c2cc3cc(C(=O)O)ccc3n2Cc2cc(-c3ccc(Cl)s3)on2)CC1,O=C(O)[*:1],8.07,1.328,5.5,CPD_877,CC(C)N1CCC(NC(=O)c2cc3cc(OC(C)(C)C(=O)O)ccc3n2Cc2cc(-c3ccc(Cl)s3)on2)CC1,CC(C)(O[*:1])C(=O)O,7.85,1.472,1.6,-0.21,0.14,-0.54,0.21,0.5578530272392541,0.2599482739052809
CC(C)N1CCC(NC(=O)c2cc3cc([*:1])ccc3n2Cc2cc(-c3ccc(Cl)s3)on2)CC1,CPD_85,CC(C)N1CCC(NC(=O)c2cc3cc(C(=O)O)ccc3n2Cc2cc(-c3ccc(Cl)s3)on2)CC1,O=C(O)[*:1],8.07,1.328,5.5,CPD_361,CC(C)N1CCC(NC(=O)c2cc3cc(C(=O)OCC4COC(=O)O4)ccc3n2Cc2cc(-c3ccc(Cl)s3)on2)CC1,O=C1OCC(COC(=O)[*:1])O1,7.86,1.042,660.0,-0.21,-0.29,2.08,0.21,2.1001190442448734,0.08935717555000537
CC(C)N1CCC(NC(=O)c2cc3cc([*:1])ccc3n2Cc2cc(-c3ccc(Cl)s3)on2)CC1,CPD_117,CC(C)N1CCC(NC(=O)c2cc3cc(C(=O)OCOC(=O)C(C)(C)C)ccc3n2Cc2cc(-c3ccc(Cl)s3)on2)CC1,CC(C)(C)C(=O)OCOC(=O)[*:1],7.45,3.152,47.0,CPD_344,CC(C)N1CCC(NC(=O)c2cc3cc(C(=O)N4CC(O)C4)ccc3n2Cc2cc(-c3ccc(Cl)s3)on2)CC1,O=C(N1CC(O)C1)[*:1],7.23,-1.036,6400.0,-0.22,-4.19,2.13,0.22,4.700319138101157,0.04444157919167765
Clc1ccc(-c2cc(Cn3c([*:1])cc4ccccc43)no2)s1,CPD_18,COC(=O)N1CCC(NC(=O)c2cc3ccccc3n2Cc2cc(-c3ccc(Cl)s3)on2)CC1,COC(=O)N1CCC(NC(=O)[*:1])CC1,5.75,3.257,1.6,CPD_43,O=C(c1cc2ccccc2n1Cc1cc(-c2ccc(Cl)s2)on1)N1CCC(Oc2ccncc2)CC1,O=C(N1CCC(Oc2ccncc2)CC1)[*:1],5.53,3.739,1.1,-0.22,0.48,-0.16,0.22,0.5059644256269407,0.29101898520892483
O=C(N[*:1])c1cc2ccccc2n1Cc1cc(-c2ccc(Cl)s2)on1,CPD_23,CS(=O)(=O)N1CCC(NC(=O)c2cc3ccccc3n2Cc2cc(-c3ccc(Cl)s3)on2)CC1,CS(=O)(=O)N1CCC([*:1])CC1,6.87,3.257,1.1,CPD_73,CCC(CC)N1CCC(NC(=O)c2cc3ccccc3n2Cc2cc(-c3ccc(Cl)s3)on2)CC1,CCC(CC)N1CCC([*:1])CC1,6.66,3.315,49.0,-0.22,0.06,1.65,0.22,1.6510905486980414,0.11572305177713214
CC(C)N1CCC(NC(=O)c2nc3c(C(=O)O[*:1])cccc3n2CC(=O)Nc2ccc(Cl)cn2)CC1,CPD_307,COC(=O)c1cccc2c1nc(C(=O)NC1CCN(C(C)C)CC1)n2CC(=O)Nc1ccc(Cl)cn1,C[*:1],7.93,2.316,160.0,CPD_350,CC(OC(=O)OC1CCCCC1)OC(=O)c1cccc2c1nc(C(=O)NC1CCN(C(C)C)CC1)n2CC(=O)Nc1ccc(Cl)cn1,CC(OC(=O)OC1CCCCC1)[*:1],7.7,4.799,4.2,-0.22,2.48,-1.58,0.22,2.9405441673268573,0.06895375473968857
CC(C)N1CCC(NC(=O)c2cc3cc([*:1])ccc3n2Cc2cc(-c3ccc(Cl)s3)on2)CC1,CPD_338,CC(C)N1CCC(NC(=O)c2cc3cc(NS(C)(=O)=O)ccc3n2Cc2cc(-c3ccc(Cl)s3)on2)CC1,CS(=O)(=O)N[*:1],8.46,0.697,170.0,CPD_404,CC(C)N1CCC(NC(=O)c2cc3cc(C(=O)OCCO)ccc3n2Cc2cc(-c3ccc(Cl)s3)on2)CC1,O=C(OCCO)[*:1],8.24,0.885,1400.0,-0.22,0.19,0.92,0.22,0.9394147114027969,0.18496492257148206
CC(C)N1CCC(NC(=O)c2nc3cc([*:1])ccc3n2CC(=O)Nc2ccc(Cl)cn2)CC1,CPD_319,COC(=O)c1ccc2c(c1)nc(C(=O)NC1CCN(C(C)C)CC1)n2CC(=O)Nc1ccc(Cl)cn1,COC(=O)[*:1],7.72,2.303,160.0,CPD_381,CC(C)N1CCC(NC(=O)c2nc3cc(C(=O)N4CC(O)C4)ccc3n2CC(=O)Nc2ccc(Cl)cn2)CC1,O=C(N1CC(O)C1)[*:1],7.5,-0.694,3300.0,-0.22,-3.0,1.31,0.22,3.2735454785293574,0.0624371109555886
CC(C)N1CCC(NC(=O)c2cc3cc([*:1])ccc3n2Cc2cc(-c3ccc(Cl)s3)on2)CC1,CPD_37,CC(C)N1CCC(NC(=O)c2cc3cc(C#N)ccc3n2Cc2cc(-c3ccc(Cl)s3)on2)CC1,N#C[*:1],8.7,1.433,130.0,CPD_262,CC(C)N1CCC(NC(=O)c2cc3cc(-c4n[nH]c(=O)o4)ccc3n2Cc2cc(-c3ccc(Cl)s3)on2)CC1,O=c1[nH]nc([*:1])o1,8.48,0.297,310.0,-0.22,-1.14,0.38,0.22,1.2016655108639842,0.15155006325738438
CC(C)N1CCC(NC(=O)c2nc3c([*:1])cccc3n2CC(=O)Nc2ccc(Cl)cn2)CC1,CPD_307,COC(=O)c1cccc2c1nc(C(=O)NC1CCN(C(C)C)CC1)n2CC(=O)Nc1ccc(Cl)cn1,COC(=O)[*:1],7.93,2.316,160.0,CPD_609,CC(C)N1CCC(NC(=O)c2nc3c(C(=O)N4CCOCC4)cccc3n2CC(=O)Nc2ccc(Cl)cn2)CC1,O=C(N1CCOCC1)[*:1],7.71,-0.016,1600.0,-0.22,-2.33,1.0,0.22,2.535527558517162,0.07897965300228946
CC(C)N1CCC(NC(=O)c2nc3c([*:1])nccc3n2CC(=O)Nc2ccc(Cl)cn2)CC1,CPD_834,CC(C)N1CCC(NC(=O)c2nc3c(OCCO)nccc3n2CC(=O)Nc2ccc(Cl)cn2)CC1,OCCO[*:1],7.57,0.542,2600.0,CPD_835,CC(C)N1CCC(NC(=O)c2nc3c(O)nccc3n2CC(=O)Nc2ccc(Cl)cn2)CC1,O[*:1],7.36,0.654,1100.0,-0.22,0.11,-0.37,0.22,0.38600518131237566,0.3459091316615334
CC(C)N1CCC(NC(=O)c2cc3cc([*:1])ccc3n2CC(=O)Nc2ccc(Cl)cn2)CC1,CPD_408,CC(C)N1CCC(NC(=O)c2cc3cc(C(=O)N4CC(O)C4)ccc3n2CC(=O)Nc2ccc(Cl)cn2)CC1,O=C(N1CC(O)C1)[*:1],8.06,-2.004,210000.0,CPD_541,CC(C)N1CCC(NC(=O)c2cc3cc(C(=O)N4CCOCC4)ccc3n2CC(=O)Nc2ccc(Cl)cn2)CC1,O=C(N1CCOCC1)[*:1],7.84,-1.329,79000.0,-0.22,0.68,-0.42,0.22,0.7992496481075234,0.20967364668342037
CC(C)N1CCC(NC(=O)c2nc3c(C(=O)O)cccc3n2[*:1])CC1,CPD_467,COc1cccc(Cn2c(C(=O)NC3CCN(C(C)C)CC3)nc3c(C(=O)O)cccc32)c1,COc1cccc(C[*:1])c1,6.25,1.47,4.5,CPD_650,CC(C)N1CCC(NC(=O)c2nc3c(C(=O)O)cccc3n2Cc2cc3cc(Cl)ccc3s2)CC1,Clc1ccc2sc(C[*:1])cc2c1,6.04,4.311,0.2,-0.22,2.84,-1.35,0.22,3.1445349417680193,0.06481005609723214
CC(C)N1CCC(NC(=O)c2cc3cc([*:1])ccc3n2CC(=O)Nc2ccc(Cl)cc2)CC1,CPD_111,CC(C)N1CCC(NC(=O)c2cc3cc([N+](=O)[O-])ccc3n2CC(=O)Nc2ccc(Cl)cc2)CC1,O=[N+]([O-])[*:1],8.32,1.144,1000.0,CPD_173,CC(C)OC(=O)c1ccc2c(c1)cc(C(=O)NC1CCN(C(C)C)CC1)n2CC(=O)Nc1ccc(Cl)cc1,CC(C)OC(=O)[*:1],8.1,2.236,630.0,-0.22,1.09,-0.2,0.22,1.1081967334368028,0.16197947954366557
CC(C)N1CCC(NC(=O)c2nc3cc([*:1])ccc3n2CC(=O)Nc2ccc(Cl)cn2)CC1,CPD_900,CC(C)N1CCC(NC(=O)c2nc3cc(O)ccc3n2CC(=O)Nc2ccc(Cl)cn2)CC1,O[*:1],8.14,1.553,42.0,CPD_926,COCCOc1ccc2c(c1)nc(C(=O)NC1CCN(C(C)C)CC1)n2CC(=O)Nc1ccc(Cl)cn1,COCCO[*:1],7.93,1.91,390.0,-0.22,0.36,0.97,0.22,1.0346496991735898,0.17125291053391842
CC(C)N1CCC(NC(=O)c2cc3cc([*:1])ccc3n2CC(=O)Nc2ccc(Cl)cn2)CC1,CPD_170,CC(C)N1CCC(NC(=O)c2cc3cc(S(C)(=O)=O)ccc3n2CC(=O)Nc2ccc(Cl)cn2)CC1,CS(=O)(=O)[*:1],7.72,-0.686,15000.0,CPD_345,CC(C)N1CCC(NC(=O)c2cc3cc(C(=O)N(C)CCO)ccc3n2CC(=O)Nc2ccc(Cl)cn2)CC1,CN(CCO)C(=O)[*:1],7.5,-1.408,1040000.0,-0.22,-0.72,1.84,0.22,1.975854245636555,0.0988384573838454
O=C(N[*:1])c1cc2ccccc2n1Cc1cc(-c2ccc(Cl)s2)on1,CPD_23,CS(=O)(=O)N1CCC(NC(=O)c2cc3ccccc3n2Cc2cc(-c3ccc(Cl)s3)on2)CC1,CS(=O)(=O)N1CCC([*:1])CC1,6.87,3.257,1.1,CPD_177,CC(C)N1CC(NC(=O)c2cc3ccccc3n2Cc2cc(-c3ccc(Cl)s3)on2)C1,CC(C)N1CC([*:1])C1,6.65,2.16,190.0,-0.23,-1.1,2.24,0.23,2.4955159787106154,0.08377295990388502
CC(C)N1CCC(NC(=O)c2cc3cc(C(=O)O[*:1])ccc3n2Cc2cc(-c3ccc(Cl)s3)on2)CC1,CPD_194,Cc1oc(=O)oc1COC(=O)c1ccc2c(c1)cc(C(=O)NC1CCN(C(C)C)CC1)n2Cc1cc(-c2ccc(Cl)s2)on1,Cc1oc(=O)oc1C[*:1],7.96,3.174,10.0,CPD_371,CC(C)N1CCC(NC(=O)c2cc3cc(C(=O)OCC4CCOC4)ccc3n2Cc2cc(-c3ccc(Cl)s3)on2)CC1,C1CC(C[*:1])CO1,7.73,1.959,78.0,-0.23,-1.21,0.89,0.23,1.5020652449211385,0.13127365014900028
CC(C)N1CCC(NC(=O)c2cc3cc(C(=O)O[*:1])ccc3n2Cc2cc(-c3ccc(Cl)s3)on2)CC1,CPD_171,CCOC(=O)c1ccc2c(c1)cc(C(=O)NC1CCN(C(C)C)CC1)n2Cc1cc(-c2ccc(Cl)s2)on1,CC[*:1],7.96,2.492,130.0,CPD_371,CC(C)N1CCC(NC(=O)c2cc3cc(C(=O)OCC4CCOC4)ccc3n2Cc2cc(-c3ccc(Cl)s3)on2)CC1,C1CC(C[*:1])CO1,7.73,1.959,78.0,-0.23,-0.53,-0.22,0.23,0.5738466694161429,0.27917816328977835
CC(C)N1CCC(NC(=O)c2cc3cc(C(=O)O[*:1])ccc3n2Cc2cc(-c3ccc(Cl)s3)on2)CC1,CPD_171,CCOC(=O)c1ccc2c(c1)cc(C(=O)NC1CCN(C(C)C)CC1)n2Cc1cc(-c2ccc(Cl)s2)on1,CC[*:1],7.96,2.492,130.0,CPD_362,CC(C)N1CCC(NC(=O)c2cc3cc(C(=O)OC4CCOC4=O)ccc3n2Cc2cc(-c3ccc(Cl)s3)on2)CC1,O=C1OCCC1[*:1],7.73,0.55,170.0,-0.23,-1.94,0.12,0.23,1.9437077969694931,0.10484532184173959
O=C(Cn1c([*:1])nc2ccccc21)Nc1ccc(Cl)cn1,CPD_601,O=C(Cn1c(C(=O)Nc2ccc(N3CCNCC3=O)cc2)nc2ccccc21)Nc1ccc(Cl)cn1,O=C1CNCCN1c1ccc(NC(=O)[*:1])cc1,6.3,2.591,8.7,CPD_988,O=C(Cn1c(C(=O)N2CCC(Nc3ccncc3)CC2)nc2ccccc21)Nc1ccc(Cl)cn1,O=C(N1CCC(Nc2ccncc2)CC1)[*:1],6.07,2.834,31.0,-0.23,0.24,0.55,0.23,0.6000833275470999,0.2705617114779334
CC(C)N1CCC(NC(=O)c2cc3cc(C(=O)O[*:1])ccc3n2Cc2cc(-c3ccc(Cl)s3)on2)CC1,CPD_194,Cc1oc(=O)oc1COC(=O)c1ccc2c(c1)cc(C(=O)NC1CCN(C(C)C)CC1)n2Cc1cc(-c2ccc(Cl)s2)on1,Cc1oc(=O)oc1C[*:1],7.96,3.174,10.0,CPD_362,CC(C)N1CCC(NC(=O)c2cc3cc(C(=O)OC4CCOC4=O)ccc3n2Cc2cc(-c3ccc(Cl)s3)on2)CC1,O=C1OCCC1[*:1],7.73,0.55,170.0,-0.23,-2.62,1.23,0.23,2.8943565778942997,0.07314692030063127
CC(C)N1CCC(NC(=O)c2nc3cc(C(=O)N4CC(O)C4)ccc3n2[*:1])CC1,CPD_349,CC(C)N1CCC(NC(=O)c2nc3cc(C(=O)N4CC(O)C4)ccc3n2Cc2cc(-c3ccc(Cl)s3)on2)CC1,Clc1ccc(-c2cc(C[*:1])no2)s1,7.73,0.123,330.0,CPD_381,CC(C)N1CCC(NC(=O)c2nc3cc(C(=O)N4CC(O)C4)ccc3n2CC(=O)Nc2ccc(Cl)cn2)CC1,O=C(C[*:1])Nc1ccc(Cl)cn1,7.5,-0.694,3300.0,-0.23,-0.82,1.0,0.23,1.2932130528261767,0.1490396932418291
Clc1ccc(-c2cc(Cn3c([*:1])nc4ccccc43)no2)s1,CPD_557,O=C(Nc1ccc(N2CCS(=O)(=O)CC2)cc1)c1nc2ccccc2n1Cc1cc(-c2ccc(Cl)s2)on1,O=C(Nc1ccc(N2CCS(=O)(=O)CC2)cc1)[*:1],5.0,3.236,0.4,CPD_986,CNC(=O)CN1CCN(C(=O)c2nc3ccccc3n2Cc2cc(-c3ccc(Cl)s3)on2)CC1,CNC(=O)CN1CCN(C(=O)[*:1])CC1,4.77,2.886,2.4,-0.23,-0.35,0.78,0.23,0.85492689745966,0.20815856734847668
Clc1ccc(-c2cc(Cn3c([*:1])nc4ccccc43)no2)s1,CPD_421,Cc1ccc(=O)n(-c2ccc(NC(=O)c3nc4ccccc4n3Cc3cc(-c4ccc(Cl)s4)on3)cc2)n1,Cc1ccc(=O)n(-c2ccc(NC(=O)[*:1])cc2)n1,5.0,3.824,0.3,CPD_983,O=C(c1nc2ccccc2n1Cc1cc(-c2ccc(Cl)s2)on1)N1CCC(Nc2ccncc2)CC1,O=C(N1CCC(Nc2ccncc2)CC1)[*:1],4.77,3.65,2.4,-0.23,-0.17,0.9,0.23,0.9159148432032315,0.19726998188658323
CC(C)N1CCC(NC(=O)c2nc3cc([*:1])ccc3n2CC(=O)Nc2ccc(Cl)cn2)CC1,CPD_381,CC(C)N1CCC(NC(=O)c2nc3cc(C(=O)N4CC(O)C4)ccc3n2CC(=O)Nc2ccc(Cl)cn2)CC1,O=C(N1CC(O)C1)[*:1],7.5,-0.694,3300.0,CPD_547,CC(C)N1CCC(NC(=O)c2nc3cc(C(=O)N4CCCOCC4)ccc3n2CC(=O)Nc2ccc(Cl)cn2)CC1,O=C(N1CCCOCC1)[*:1],7.28,0.367,1100.0,-0.23,1.06,-0.48,0.23,1.1636150566231085,0.16270341697507934
CCOC(=O)OC(C)OC(=O)c1cccc2c1nc(C(=O)NC1CCN(C(C)C)CC1)n2[*:1],CPD_316,CCOC(=O)OC(C)OC(=O)c1cccc2c1nc(C(=O)NC1CCN(C(C)C)CC1)n2Cc1cc(-c2ccc(Cl)s2)on1,Clc1ccc(-c2cc(C[*:1])no2)s1,8.18,4.088,3.5,CPD_401,CCOC(=O)OC(C)OC(=O)c1cccc2c1nc(C(=O)NC1CCN(C(C)C)CC1)n2CC(=O)Nc1ccc(Cl)cn1,O=C(C[*:1])Nc1ccc(Cl)cn1,7.96,3.271,32.0,-0.23,-0.82,0.96,0.23,1.2625371281669304,0.1520623829437767
Clc1ccc(-c2cc(Cn3c([*:1])nc4ccccc43)no2)s1,CPD_421,Cc1ccc(=O)n(-c2ccc(NC(=O)c3nc4ccccc4n3Cc3cc(-c4ccc(Cl)s4)on3)cc2)n1,Cc1ccc(=O)n(-c2ccc(NC(=O)[*:1])cc2)n1,5.0,3.824,0.3,CPD_986,CNC(=O)CN1CCN(C(=O)c2nc3ccccc3n2Cc2cc(-c3ccc(Cl)s3)on2)CC1,CNC(=O)CN1CCN(C(=O)[*:1])CC1,4.77,2.886,2.4,-0.23,-0.94,0.9,0.23,1.3013838787997951,0.14825473123901228
CC(C)N1CCC(NC(=O)c2nc3c([*:1])cccc3n2Cc2cc(-c3ccc(Cl)s3)on2)CC1,CPD_305,COC(=O)c1cccc2c1nc(C(=O)NC1CCN(C(C)C)CC1)n2Cc1cc(-c2ccc(Cl)s2)on1,COC(=O)[*:1],8.42,3.133,16.0,CPD_316,CCOC(=O)OC(C)OC(=O)c1cccc2c1nc(C(=O)NC1CCN(C(C)C)CC1)n2Cc1cc(-c2ccc(Cl)s2)on1,CCOC(=O)OC(C)OC(=O)[*:1],8.18,4.088,3.5,-0.23,0.96,-0.66,0.23,1.1649892703368558,0.16254540216071436
Clc1ccc(-c2cc(Cn3c([*:1])nc4ccccc43)no2)s1,CPD_458,O=C(Nc1ccc(-n2ncccc2=O)cc1)c1nc2ccccc2n1Cc1cc(-c2ccc(Cl)s2)on1,O=C(Nc1ccc(-n2ncccc2=O)cc1)[*:1],5.0,4.288,0.2,CPD_983,O=C(c1nc2ccccc2n1Cc1cc(-c2ccc(Cl)s2)on1)N1CCC(Nc2ccncc2)CC1,O=C(N1CCC(Nc2ccncc2)CC1)[*:1],4.77,3.65,2.4,-0.23,-0.64,1.08,0.23,1.2553883861180173,0.15278449210911396
Clc1ccc(-c2cc(Cn3c([*:1])nc4ccccc43)no2)s1,CPD_458,O=C(Nc1ccc(-n2ncccc2=O)cc1)c1nc2ccccc2n1Cc1cc(-c2ccc(Cl)s2)on1,O=C(Nc1ccc(-n2ncccc2=O)cc1)[*:1],5.0,4.288,0.2,CPD_986,CNC(=O)CN1CCN(C(=O)c2nc3ccccc3n2Cc2cc(-c3ccc(Cl)s3)on2)CC1,CNC(=O)CN1CCN(C(=O)[*:1])CC1,4.77,2.886,2.4,-0.23,-1.4,1.08,0.23,1.7681628884240275,0.11396503291149396
CC(C)N1CCC(NC(=O)c2nc3c([*:1])cccc3n2CC(=O)Nc2ccc(Cl)cn2)CC1,CPD_353,CC(C)N1CCC(NC(=O)c2nc3c(C(=O)NCCO)cccc3n2CC(=O)Nc2ccc(Cl)cn2)CC1,O=C(NCCO)[*:1],8.06,0.477,1200.0,CPD_516,CC(C)N1CCC(NC(=O)c2nc3c(C(=O)OCC4CC4)cccc3n2CC(=O)Nc2ccc(Cl)cn2)CC1,O=C(OCC1CC1)[*:1],7.83,3.211,33.0,-0.23,2.73,-1.56,0.23,3.1442805218364343,0.0677610464192162
Clc1ccc(-c2cc(Cn3c([*:1])nc4ccccc43)no2)s1,CPD_557,O=C(Nc1ccc(N2CCS(=O)(=O)CC2)cc1)c1nc2ccccc2n1Cc1cc(-c2ccc(Cl)s2)on1,O=C(Nc1ccc(N2CCS(=O)(=O)CC2)cc1)[*:1],5.0,3.236,0.4,CPD_983,O=C(c1nc2ccccc2n1Cc1cc(-c2ccc(Cl)s2)on1)N1CCC(Nc2ccncc2)CC1,O=C(N1CCC(Nc2ccncc2)CC1)[*:1],4.77,3.65,2.4,-0.23,0.41,0.78,0.23,0.8811923740024081,0.2033252745385909
CC(C)N1CCC(NC(=O)c2cc3cc(C(=O)OCC[*:1])ccc3n2Cc2cc(-c3ccc(Cl)s3)on2)CC1,CPD_363,CC(C)N1CCC(NC(=O)c2cc3cc(C(=O)OCCN4CCCC4=O)ccc3n2Cc2cc(-c3ccc(Cl)s3)on2)CC1,O=C1CCCN1[*:1],8.03,1.653,110.0,CPD_366,CC(C)N1CCC(NC(=O)c2cc3cc(C(=O)OCCN4CCOCC4)ccc3n2Cc2cc(-c3ccc(Cl)s3)on2)CC1,C1CN([*:1])CCO1,7.79,1.706,740.0,-0.24,0.05,0.83,0.24,0.8315046602394961,0.221913052086944
CC(C)N1CCC(NC(=O)c2cc3cc([*:1])ccc3n2Cc2cc(-c3ccc(Cl)s3)on2)CC1,CPD_361,CC(C)N1CCC(NC(=O)c2cc3cc(C(=O)OCC4COC(=O)O4)ccc3n2Cc2cc(-c3ccc(Cl)s3)on2)CC1,O=C1OCC(COC(=O)[*:1])O1,7.86,1.042,660.0,CPD_503,CC(C)ONC(=O)c1ccc2c(c1)cc(C(=O)NC1CCN(C(C)C)CC1)n2Cc1cc(-c2ccc(Cl)s2)on1,CC(C)ONC(=O)[*:1],7.61,2.516,57.0,-0.24,1.47,-1.06,0.24,1.8123189564753772,0.11637385150654576
CC(C)N1CCC(NC(=O)c2cc3cc([*:1])ccc3n2Cc2cc(-c3ccc(Cl)s3)on2)CC1,CPD_262,CC(C)N1CCC(NC(=O)c2cc3cc(-c4n[nH]c(=O)o4)ccc3n2Cc2cc(-c3ccc(Cl)s3)on2)CC1,O=c1[nH]nc([*:1])o1,8.48,0.297,310.0,CPD_404,CC(C)N1CCC(NC(=O)c2cc3cc(C(=O)OCCO)ccc3n2Cc2cc(-c3ccc(Cl)s3)on2)CC1,O=C(OCCO)[*:1],8.24,0.885,1400.0,-0.24,0.59,0.65,0.24,0.8778382538941898,0.21279647074510033
O=C(N[*:1])c1cc2ccccc2n1Cc1cc(-c2ccc(Cl)s2)on1,CPD_17,CCCN1CCC(NC(=O)c2cc3ccccc3n2Cc2cc(-c3ccc(Cl)s3)on2)CC1,CCCN1CCC([*:1])CC1,7.2,2.84,77.0,CPD_208,O=C(NC1CN(c2cc[n+]([O-])cc2)C1)c1cc2ccccc2n1Cc1cc(-c2ccc(Cl)s2)on1,[O-][n+]1ccc(N2CC([*:1])C2)cc1,6.96,1.058,17.0,-0.24,-1.78,-0.66,0.24,1.8984203960134858,0.11170998024657251
CC(C)N1CCC(NC(=O)c2cc3cc([*:1])ccc3n2Cc2cc(-c3ccc(Cl)s3)on2)CC1,CPD_99,CC(C)OC(=O)c1ccc2c(c1)cc(C(=O)NC1CCN(C(C)C)CC1)n2Cc1cc(-c2ccc(Cl)s2)on1,CC(C)OC(=O)[*:1],7.47,2.832,69.0,CPD_344,CC(C)N1CCC(NC(=O)c2cc3cc(C(=O)N4CC(O)C4)ccc3n2Cc2cc(-c3ccc(Cl)s3)on2)CC1,O=C(N1CC(O)C1)[*:1],7.23,-1.036,6400.0,-0.24,-3.87,1.97,0.24,4.34255685052021,0.05225847122019069
CC(C)N1CCC(NC(=O)c2cc3c([*:1])cccc3n2Cc2cc(-c3ccc(Cl)s3)on2)CC1,CPD_186,Cc1oc(=O)oc1COC(=O)c1cccc2c1cc(C(=O)NC1CCN(C(C)C)CC1)n2Cc1cc(-c2ccc(Cl)s2)on1,Cc1oc(=O)oc1COC(=O)[*:1],8.75,3.186,9.7,CPD_230,CC(=O)OC(C)OC(=O)c1cccc2c1cc(C(=O)NC1CCN(C(C)C)CC1)n2Cc1cc(-c2ccc(Cl)s2)on1,CC(=O)OC(C)OC(=O)[*:1],8.51,2.282,120.0,-0.24,-0.9,1.09,0.24,1.4135416513141734,0.14427050853244552
CC(C)N1CCC(NC(=O)c2cc3cc([*:1])ccc3n2Cc2cc(-c3ccc(Cl)s3)on2)CC1,CPD_143,CC(C)N1CCC(NC(=O)c2cc3cc(CO)ccc3n2Cc2cc(-c3ccc(Cl)s3)on2)CC1,OC[*:1],8.54,0.77,2500.0,CPD_181,CC(C)N1CCC(NC(=O)c2cc3cc(OCC(=O)O)ccc3n2Cc2cc(-c3ccc(Cl)s3)on2)CC1,O=C(O)CO[*:1],8.3,0.774,4.7,-0.24,0.0,-2.73,0.24,2.73,0.08053691275167785
CC(C)N1CCC(NC(=O)c2cc3c([*:1])cccc3n2Cc2cc(-c3ccc(Cl)s3)on2)CC1,CPD_154,CC(C)N1CCC(NC(=O)c2cc3c(CO)cccc3n2Cc2cc(-c3ccc(Cl)s3)on2)CC1,OC[*:1],8.7,0.769,2500.0,CPD_231,COC(=O)OC(C)OC(=O)c1cccc2c1cc(C(=O)NC1CCN(C(C)C)CC1)n2Cc1cc(-c2ccc(Cl)s2)on1,COC(=O)OC(C)OC(=O)[*:1],8.46,2.396,110.0,-0.24,1.63,-1.36,0.24,2.1228518554058358,0.10114411460337548
O=C(N[*:1])c1cc2ccccc2n1Cc1cc(-c2ccc(Cl)s2)on1,CPD_24,O=C(NC1CCN(c2ccnc(Cl)n2)CC1)c1cc2ccccc2n1Cc1cc(-c2ccc(Cl)s2)on1,Clc1nccc(N2CCC([*:1])CC2)n1,6.7,3.331,2.1,CPD_180,CC(C)CN1CC(NC(=O)c2cc3ccccc3n2Cc2cc(-c3ccc(Cl)s3)on2)C1,CC(C)CN1CC([*:1])C1,6.46,2.966,47.0,-0.24,-0.36,1.35,0.24,1.3971757226634023,0.145703944453438
CC(C)N1CCC(NC(=O)c2cc3c([*:1])cccc3n2Cc2cc(-c3ccc(Cl)s3)on2)CC1,CPD_174,CC(C)N1CCC(NC(=O)c2cc3c(C(=O)O)cccc3n2Cc2cc(-c3ccc(Cl)s3)on2)CC1,O=C(O)[*:1],8.25,1.328,5.5,CPD_184,CCOC(=O)COc1cccc2c1cc(C(=O)NC1CCN(C(C)C)CC1)n2Cc1cc(-c2ccc(Cl)s2)on1,CCOC(=O)CO[*:1],8.01,1.723,260.0,-0.24,0.4,1.67,0.24,1.7172361514946044,0.12199857135487287
CC(C)N1CCC(NC(=O)c2cc3cc([*:1])ccc3n2CC(=O)Nc2ccc(Cl)cn2)CC1,CPD_170,CC(C)N1CCC(NC(=O)c2cc3cc(S(C)(=O)=O)ccc3n2CC(=O)Nc2ccc(Cl)cn2)CC1,CS(=O)(=O)[*:1],7.72,-0.686,15000.0,CPD_332,CC(OC(=O)OC1CCCCC1)OC(=O)c1ccc2c(c1)cc(C(=O)NC1CCN(C(C)C)CC1)n2CC(=O)Nc1ccc(Cl)cn1,CC(OC(=O)OC1CCCCC1)OC(=O)[*:1],7.48,3.475,140.0,-0.24,4.16,-2.03,0.24,4.628876753598004,0.04919165048041196
CC(C)N1CCC(NC(=O)c2cc3cc([*:1])ccc3n2Cc2cc(-c3ccc(Cl)s3)on2)CC1,CPD_344,CC(C)N1CCC(NC(=O)c2cc3cc(C(=O)N4CC(O)C4)ccc3n2Cc2cc(-c3ccc(Cl)s3)on2)CC1,O=C(N1CC(O)C1)[*:1],7.23,-1.036,6400.0,CPD_373,CC(C)N1CCC(NC(=O)c2cc3cc(C(=O)N4CCCC4CO)ccc3n2Cc2cc(-c3ccc(Cl)s3)on2)CC1,O=C(N1CCCC1CO)[*:1],6.98,-0.415,2900.0,-0.24,0.62,-0.34,0.24,0.7071067811865476,0.25075571996519175
CC(C)N1CCC(NC(=O)c2cc3cc([*:1])ccc3n2Cc2cc(-c3ccc(Cl)s3)on2)CC1,CPD_37,CC(C)N1CCC(NC(=O)c2cc3cc(C#N)ccc3n2Cc2cc(-c3ccc(Cl)s3)on2)CC1,N#C[*:1],8.7,1.433,130.0,CPD_338,CC(C)N1CCC(NC(=O)c2cc3cc(NS(C)(=O)=O)ccc3n2Cc2cc(-c3ccc(Cl)s3)on2)CC1,CS(=O)(=O)N[*:1],8.46,0.697,170.0,-0.24,-0.74,0.12,0.24,0.7496665925596524,0.2400800444731063
CC(C)N1CCC(NC(=O)c2cc3cc(OC[*:1])ccc3n2CC(=O)Nc2ccc(Cl)cn2)CC1,CPD_743,COCCOc1ccc2c(c1)cc(C(=O)NC1CCN(C(C)C)CC1)n2CC(=O)Nc1ccc(Cl)cn1,COC[*:1],8.39,0.599,20000.0,CPD_781,CC(C)N1CCC(NC(=O)c2cc3cc(OCCO)ccc3n2CC(=O)Nc2ccc(Cl)cn2)CC1,OC[*:1],8.14,-0.041,55000.0,-0.25,-0.64,0.44,0.25,0.776659513557904,0.24350819010444977
Clc1ccc(-c2cc(Cn3c([*:1])cc4ccccc43)no2)s1,CPD_31,O=C(NC1CCN(c2ccncn2)CC1)c1cc2ccccc2n1Cc1cc(-c2ccc(Cl)s2)on1,O=C(NC1CCN(c2ccncn2)CC1)[*:1],7.01,3.217,2.8,CPD_57,CCN1CC[C@H](NC(=O)c2cc3ccccc3n2Cc2cc(-c3ccc(Cl)s3)on2)C1,CCN1CC[C@H](NC(=O)[*:1])C1,6.76,1.624,680.0,-0.25,-1.59,2.39,0.25,2.8705748553207946,0.0801134443462341
CC(C)N1CCC(NC(=O)c2cc3cc([*:1])ccc3n2Cc2cc(-c3ccc(Cl)s3)on2)CC1,CPD_162,CC(OC(=O)c1ccc2c(c1)cc(C(=O)NC1CCN(C(C)C)CC1)n2Cc1cc(-c2ccc(Cl)s2)on1)OC(=O)C(C)(C)C,CC(OC(=O)C(C)(C)C)OC(=O)[*:1],7.04,3.499,26.0,CPD_604,CC(C)N1CCC(NC(=O)c2cc3cc(C(=O)N4CCC(O)CC4)ccc3n2Cc2cc(-c3ccc(Cl)s3)on2)CC1,O=C(N1CCC(O)CC1)[*:1],6.79,-0.266,3400.0,-0.25,-3.77,2.12,0.25,4.325193637283769,0.0546424959946442
CC(C)N1CCC(NC(=O)c2nc3c([*:1])cccc3n2CC(=O)Nc2ccc(Cl)cn2)CC1,CPD_529,CC(C)N1CCC(NC(=O)c2nc3c(CO)cccc3n2CC(=O)Nc2ccc(Cl)cn2)CC1,OC[*:1],8.14,1.111,1100.0,CPD_638,CC(C)N1CCC(NC(=O)c2nc3c(C(=O)N(C)CCO)cccc3n2CC(=O)Nc2ccc(Cl)cn2)CC1,CN(CCO)C(=O)[*:1],7.89,-0.092,2900.0,-0.25,-1.2,0.42,0.25,1.2713772060250255,0.1643247966447367
CC(C)N1CCC(NC(=O)c2nc3c([*:1])cccc3n2CC(=O)Nc2ccc(Cl)cn2)CC1,CPD_322,CC(C)N1CCC(NC(=O)c2nc3c(C(=O)O)cccc3n2CC(=O)Nc2ccc(Cl)cn2)CC1,O=C(O)[*:1],7.95,1.375,1.9,CPD_609,CC(C)N1CCC(NC(=O)c2nc3c(C(=O)N4CCOCC4)cccc3n2CC(=O)Nc2ccc(Cl)cn2)CC1,O=C(N1CCOCC1)[*:1],7.71,-0.016,1600.0,-0.25,-1.39,2.93,0.25,3.242992445257929,0.07157186965560114
CC(C)N1CCC(NC(=O)c2nc3c([*:1])cccc3n2CC(=O)Nc2ccc(Cl)cn2)CC1,CPD_353,CC(C)N1CCC(NC(=O)c2nc3c(C(=O)NCCO)cccc3n2CC(=O)Nc2ccc(Cl)cn2)CC1,O=C(NCCO)[*:1],8.06,0.477,1200.0,CPD_528,COCCOC(=O)c1cccc2c1nc(C(=O)NC1CCN(C(C)C)CC1)n2CC(=O)Nc1ccc(Cl)cn1,COCCOC(=O)[*:1],7.81,1.899,260.0,-0.25,1.42,-0.66,0.25,1.5658863304850708,0.13767381570256024
CC(C)N1CCC(NC(=O)c2cc3cc(C(=O)O[*:1])ccc3n2Cc2cc(-c3ccc(Cl)s3)on2)CC1,CPD_112,COC(=O)c1ccc2c(c1)cc(C(=O)NC1CCN(C(C)C)CC1)n2Cc1cc(-c2ccc(Cl)s2)on1,C[*:1],8.29,1.96,260.0,CPD_363,CC(C)N1CCC(NC(=O)c2cc3cc(C(=O)OCCN4CCCC4=O)ccc3n2Cc2cc(-c3ccc(Cl)s3)on2)CC1,O=C1CCCN1CC[*:1],8.03,1.653,110.0,-0.25,-0.31,-0.37,0.25,0.48270073544588676,0.34120342440745866
CC(C)N1CCC(NC(=O)c2nc3c([*:1])cccc3n2CC(=O)Nc2ccc(Cl)cn2)CC1,CPD_322,CC(C)N1CCC(NC(=O)c2nc3c(C(=O)O)cccc3n2CC(=O)Nc2ccc(Cl)cn2)CC1,O=C(O)[*:1],7.95,1.375,1.9,CPD_350,CC(OC(=O)OC1CCCCC1)OC(=O)c1cccc2c1nc(C(=O)NC1CCN(C(C)C)CC1)n2CC(=O)Nc1ccc(Cl)cn1,CC(OC(=O)OC1CCCCC1)OC(=O)[*:1],7.7,4.799,4.2,-0.25,3.42,0.34,0.25,3.4368590311503904,0.06780839676476426
CC(C)N1CCC(NC(=O)c2cc3cc([*:1])ccc3n2Cc2cc(-c3ccc(Cl)s3)on2)CC1,CPD_179,CC(C)OC(=O)COc1ccc2c(c1)cc(C(=O)NC1CCN(C(C)C)CC1)n2Cc1cc(-c2ccc(Cl)s2)on1,CC(C)OC(=O)CO[*:1],7.48,2.057,140.0,CPD_344,CC(C)N1CCC(NC(=O)c2cc3cc(C(=O)N4CC(O)C4)ccc3n2Cc2cc(-c3ccc(Cl)s3)on2)CC1,O=C(N1CC(O)C1)[*:1],7.23,-1.036,6400.0,-0.25,-3.09,1.66,0.25,3.5076630396889605,0.06653071266887563
CC(C)N1CCC(NC(=O)c2cc3cc([*:1])ccc3n2CC(=O)Nc2ccc(Cl)cn2)CC1,CPD_416,CC(C)N1CCC(NC(=O)c2cc3cc(C(=O)O)ccc3n2CC(=O)Nc2ccc(Cl)cn2)CC1,O=C(O)[*:1],8.09,0.362,8.8,CPD_541,CC(C)N1CCC(NC(=O)c2cc3cc(C(=O)N4CCOCC4)ccc3n2CC(=O)Nc2ccc(Cl)cn2)CC1,O=C(N1CCOCC1)[*:1],7.84,-1.329,79000.0,-0.25,-1.69,3.95,0.25,4.296347285776605,0.0549891999632613
CC(C)N1CCC(NC(=O)c2nc3c([*:1])cccc3n2CC(=O)Nc2ccc(Cl)cn2)CC1,CPD_401,CCOC(=O)OC(C)OC(=O)c1cccc2c1nc(C(=O)NC1CCN(C(C)C)CC1)n2CC(=O)Nc1ccc(Cl)cn1,CCOC(=O)OC(C)OC(=O)[*:1],7.96,3.271,32.0,CPD_609,CC(C)N1CCC(NC(=O)c2nc3c(C(=O)N4CCOCC4)cccc3n2CC(=O)Nc2ccc(Cl)cn2)CC1,O=C(N1CCOCC1)[*:1],7.71,-0.016,1600.0,-0.25,-3.29,1.7,0.25,3.703255324710949,0.06323902188591356
CC(C)N1CCC(NC(=O)c2nc3c([*:1])nccc3n2CC(=O)Nc2ccc(Cl)cn2)CC1,CPD_767,COCCOc1nccc2c1nc(C(=O)NC1CCN(C(C)C)CC1)n2CC(=O)Nc1ccc(Cl)cn1,COCCO[*:1],7.61,1.182,1300.0,CPD_835,CC(C)N1CCC(NC(=O)c2nc3c(O)nccc3n2CC(=O)Nc2ccc(Cl)cn2)CC1,O[*:1],7.36,0.654,1100.0,-0.26,-0.53,-0.07,0.26,0.5346026561849464,0.33137792480110195
CC(C)N1CCC(NC(=O)c2nc3c([*:1])cccc3n2CC(=O)Nc2ccc(Cl)cn2)CC1,CPD_546,CC(C)N1CCC(NC(=O)c2nc3c(C(=O)N4CCCOCC4)cccc3n2CC(=O)Nc2ccc(Cl)cn2)CC1,O=C(N1CCCOCC1)[*:1],7.97,0.371,1100.0,CPD_609,CC(C)N1CCC(NC(=O)c2nc3c(C(=O)N4CCOCC4)cccc3n2CC(=O)Nc2ccc(Cl)cn2)CC1,O=C(N1CCOCC1)[*:1],7.71,-0.016,1600.0,-0.26,-0.39,0.16,0.26,0.42154477816715985,0.38716703405782604
CC(C)N1CCC(NC(=O)c2cc3cc([*:1])ccc3n2Cc2cc(-c3ccc(Cl)s3)on2)CC1,CPD_181,CC(C)N1CCC(NC(=O)c2cc3cc(OCC(=O)O)ccc3n2Cc2cc(-c3ccc(Cl)s3)on2)CC1,O=C(O)CO[*:1],8.3,0.774,4.7,CPD_363,CC(C)N1CCC(NC(=O)c2cc3cc(C(=O)OCCN4CCCC4=O)ccc3n2Cc2cc(-c3ccc(Cl)s3)on2)CC1,O=C1CCCN1CCOC(=O)[*:1],8.03,1.653,110.0,-0.26,0.88,1.37,0.26,1.6282813024781682,0.1384244200572944
CC(C)N1CCC(NC(=O)c2cc3cc([*:1])ccc3n2CC(=O)Nc2ccc(Cl)cn2)CC1,CPD_359,CC(C)N1CCC(NC(=O)c2cc3cc(C(=O)OCC(=O)O)ccc3n2CC(=O)Nc2ccc(Cl)cn2)CC1,O=C(O)COC(=O)[*:1],8.35,0.3,9.7,CPD_416,CC(C)N1CCC(NC(=O)c2cc3cc(C(=O)O)ccc3n2CC(=O)Nc2ccc(Cl)cn2)CC1,O=C(O)[*:1],8.09,0.362,8.8,-0.26,0.06,-0.04,0.26,0.07211102550927978,0.8071751024011737
CC(C)N1CCC(NC(=O)c2cc3cc([*:1])ccc3n2Cc2cc(-c3ccc(Cl)s3)on2)CC1,CPD_365,CC(C)N1CCC(NC(=O)c2cc3cc(C(=O)OC4CCOC4)ccc3n2Cc2cc(-c3ccc(Cl)s3)on2)CC1,O=C(OC1CCOC1)[*:1],7.58,1.734,120.0,CPD_368,CC(C)N1CCC(NC(=O)c2cc3cc(C(=O)NCCN4CCNC4=O)ccc3n2Cc2cc(-c3ccc(Cl)s3)on2)CC1,O=C1NCCN1CCNC(=O)[*:1],7.32,0.289,190.0,-0.26,-1.45,0.2,0.26,1.4637281168304448,0.1517160146038056
O=C(O)c1ccc2c(c1)cc([*:1])n2Cc1cc(-c2ccc(Cl)s2)on1,CPD_185,O=C(O)c1ccc2c(c1)cc(C(=O)NC1CCN(c3ccncc3)CC1)n2Cc1cc(-c2ccc(Cl)s2)on1,O=C(NC1CCN(c2ccncc2)CC1)[*:1],7.27,1.378,1.9,CPD_695,O=C(O)c1ccc2c(c1)cc(C(=O)NC1CCN(C3CC3)CC1)n2Cc1cc(-c2ccc(Cl)s2)on1,O=C(NC1CCN(C2CC2)CC1)[*:1],7.01,0.814,12.0,-0.26,-0.56,0.8,0.26,0.9765244492586963,0.21198109842583437
CC(C)N1CCC(NC(=O)c2cc3cc([*:1])ccc3n2Cc2cc(-c3ccc(Cl)s3)on2)CC1,CPD_252,CC(C)N1CCC(NC(=O)c2cc3cc(C(=O)NCCO)ccc3n2Cc2cc(-c3ccc(Cl)s3)on2)CC1,O=C(NCCO)[*:1],7.49,0.126,4400.0,CPD_344,CC(C)N1CCC(NC(=O)c2cc3cc(C(=O)N4CC(O)C4)ccc3n2Cc2cc(-c3ccc(Cl)s3)on2)CC1,O=C(N1CC(O)C1)[*:1],7.23,-1.036,6400.0,-0.26,-1.16,0.16,0.26,1.1709824934643558,0.18297199381121151
CC(C)N1CCC(NC(=O)c2nc3ccc(C(=O)O[*:1])cc3n2CC(=O)Nc2ccc(Cl)cn2)CC1,CPD_317,COC(=O)c1ccc2nc(C(=O)NC3CCN(C(C)C)CC3)n(CC(=O)Nc3ccc(Cl)cn3)c2c1,C[*:1],6.43,2.305,160.0,CPD_399,CCOC(=O)OC(C)OC(=O)c1ccc2nc(C(=O)NC3CCN(C(C)C)CC3)n(CC(=O)Nc3ccc(Cl)cn3)c2c1,CCOC(=O)OC(C)[*:1],6.16,3.259,33.0,-0.26,0.95,-0.69,0.26,1.1741379816699569,0.1825665794652297
CC(C)N1CCC(NC(=O)c2nc3c([*:1])cccc3n2Cc2cc(-c3ccc(Cl)s3)on2)CC1,CPD_305,COC(=O)c1cccc2c1nc(C(=O)NC1CCN(C(C)C)CC1)n2Cc1cc(-c2ccc(Cl)s2)on1,COC(=O)[*:1],8.42,3.133,16.0,CPD_471,COC1CN(C(=O)c2cccc3c2nc(C(=O)NC2CCN(C(C)C)CC2)n3Cc2cc(-c3ccc(Cl)s3)on2)C1,COC1CN(C(=O)[*:1])C1,8.16,0.766,180.0,-0.26,-2.37,1.05,0.26,2.5921805492673538,0.09147905824175097
CC(C)N1CCC(NC(=O)c2cc3cc([*:1])ccc3n2Cc2cc(-c3ccc(Cl)s3)on2)CC1,CPD_37,CC(C)N1CCC(NC(=O)c2cc3cc(C#N)ccc3n2Cc2cc(-c3ccc(Cl)s3)on2)CC1,N#C[*:1],8.7,1.433,130.0,CPD_148,CC(C)N1CCC(NC(=O)c2cc3cc(C(N)=O)ccc3n2Cc2cc(-c3ccc(Cl)s3)on2)CC1,NC(=O)[*:1],8.44,0.497,390.0,-0.26,-0.94,0.48,0.26,1.0554619841567008,0.19916321053803354
CC(C)N1CCC(NC(=O)c2cc3cc(C(=O)O[*:1])ccc3n2Cc2cc(-c3ccc(Cl)s3)on2)CC1,CPD_162,CC(OC(=O)c1ccc2c(c1)cc(C(=O)NC1CCN(C(C)C)CC1)n2Cc1cc(-c2ccc(Cl)s2)on1)OC(=O)C(C)(C)C,CC(OC(=O)C(C)(C)C)[*:1],7.04,3.499,26.0,CPD_213,CC(OC(=O)OC1CCCCC1)OC(=O)c1ccc2c(c1)cc(C(=O)NC1CCN(C(C)C)CC1)n2Cc1cc(-c2ccc(Cl)s2)on1,CC(OC(=O)OC1CCCCC1)[*:1],6.77,4.442,4.4,-0.27,0.94,-0.77,0.27,1.2151131634543344,0.18428610617586302
CC(C)N1CCC(NC(=O)c2cc3cc([*:1])ccc3n2CC(=O)Nc2ccc(Cl)cn2)CC1,CPD_324,CC(C)N1CCC(NC(=O)c2cc3cc(C(=O)NCCO)ccc3n2CC(=O)Nc2ccc(Cl)cn2)CC1,O=C(NCCO)[*:1],8.11,-0.841,140000.0,CPD_541,CC(C)N1CCC(NC(=O)c2cc3cc(C(=O)N4CCOCC4)ccc3n2CC(=O)Nc2ccc(Cl)cn2)CC1,O=C(N1CCOCC1)[*:1],7.84,-1.329,79000.0,-0.27,-0.49,-0.25,0.27,0.5500909015790026,0.3374616552533558
CC(C)N1CCC(NC(=O)c2nc3cc(C(=O)O[*:1])ccc3n2CC(=O)Nc2ccc(Cl)cn2)CC1,CPD_319,COC(=O)c1ccc2c(c1)nc(C(=O)NC1CCN(C(C)C)CC1)n2CC(=O)Nc1ccc(Cl)cn1,C[*:1],7.72,2.303,160.0,CPD_389,CC(OC(=O)OC1CCCCC1)OC(=O)c1ccc2c(c1)nc(C(=O)NC1CCN(C(C)C)CC1)n2CC(=O)Nc1ccc(Cl)cn1,CC(OC(=O)OC1CCCCC1)[*:1],7.45,4.785,4.3,-0.27,2.48,-1.57,0.27,2.935183128869475,0.08476749658530051
CC(C)N1CCC(NC(=O)c2nc3cc([*:1])ccc3n2CC(=O)Nc2ccc(Cl)cn2)CC1,CPD_900,CC(C)N1CCC(NC(=O)c2nc3cc(O)ccc3n2CC(=O)Nc2ccc(Cl)cn2)CC1,O[*:1],8.14,1.553,42.0,CPD_925,CC(C)N1CCC(NC(=O)c2nc3cc(OCCCO)ccc3n2CC(=O)Nc2ccc(Cl)cn2)CC1,OCCCO[*:1],7.87,2.044,310.0,-0.27,0.49,0.87,0.27,0.9984988733093293,0.21625970657412402
CC(C)N1CCC(NC(=O)c2cc3cc([*:1])ccc3n2Cc2cc(-c3ccc(Cl)s3)on2)CC1,CPD_38,CC(C)N1CCC(NC(=O)c2cc3cc(Br)ccc3n2Cc2cc(-c3ccc(Cl)s3)on2)CC1,Br[*:1],8.06,2.851,68.0,CPD_366,CC(C)N1CCC(NC(=O)c2cc3cc(C(=O)OCCN4CCOCC4)ccc3n2Cc2cc(-c3ccc(Cl)s3)on2)CC1,O=C(OCCN1CCOCC1)[*:1],7.79,1.706,740.0,-0.27,-1.15,1.04,0.27,1.5505160431288674,0.14995700873112155
CC(C)N1CCC(NC(=O)c2nc3c([*:1])cccc3n2CC(=O)Nc2ccc(Cl)cn2)CC1,CPD_597,COCCOc1cccc2c1nc(C(=O)NC1CCN(C(C)C)CC1)n2CC(=O)Nc1ccc(Cl)cn1,COCCO[*:1],8.16,1.933,370.0,CPD_638,CC(C)N1CCC(NC(=O)c2nc3c(C(=O)N(C)CCO)cccc3n2CC(=O)Nc2ccc(Cl)cn2)CC1,CN(CCO)C(=O)[*:1],7.89,-0.092,2900.0,-0.27,-2.02,0.89,0.27,2.2073740054644118,0.10987338492211873
CC(C)N1CCC(NC(=O)c2nc3cc([*:1])ccc3n2Cc2cc(-c3ccc(Cl)s3)on2)CC1,CPD_347,CC(C)N1CCC(NC(=O)c2nc3cc(S(=O)(=O)CCO)ccc3n2Cc2cc(-c3ccc(Cl)s3)on2)CC1,O=S(=O)(CCO)[*:1],7.59,1.099,90.0,CPD_354,CC(OC(=O)OC1CCCCC1)OC(=O)c1ccc2c(c1)nc(C(=O)NC1CCN(C(C)C)CC1)n2Cc1cc(-c2ccc(Cl)s2)on1,CC(OC(=O)OC1CCCCC1)OC(=O)[*:1],7.32,5.603,0.5,-0.27,4.5,-2.26,0.27,5.035633028726378,0.051081866359734586
CC(C)N1CCC(NC(=O)c2cc3cc([*:1])ccc3n2Cc2cc(-c3ccc(Cl)s3)on2)CC1,CPD_148,CC(C)N1CCC(NC(=O)c2cc3cc(C(N)=O)ccc3n2Cc2cc(-c3ccc(Cl)s3)on2)CC1,NC(=O)[*:1],8.44,0.497,390.0,CPD_364,CC(C)N1CCC(NC(=O)c2cc3cc(C(=O)OCCN4CCNC4=O)ccc3n2Cc2cc(-c3ccc(Cl)s3)on2)CC1,O=C1NCCN1CCOC(=O)[*:1],8.16,1.632,44.0,-0.27,1.13,-0.95,0.27,1.4762791064023089,0.1564057625436362
CC(C)N1CCC(NC(=O)c2cc3cc([*:1])ccc3n2Cc2cc(-c3ccc(Cl)s3)on2)CC1,CPD_38,CC(C)N1CCC(NC(=O)c2cc3cc(Br)ccc3n2Cc2cc(-c3ccc(Cl)s3)on2)CC1,Br[*:1],8.06,2.851,68.0,CPD_259,CCOC(=O)COc1ccc2c(c1)cc(C(=O)NC1CCN(C(C)C)CC1)n2Cc1cc(-c2ccc(Cl)s2)on1,CCOC(=O)CO[*:1],7.79,1.709,270.0,-0.27,-1.14,0.6,0.27,1.2882546332150333,0.1755236058907138
CC(C)N1CCC(NC(=O)c2cc3c([*:1])cccc3n2Cc2cc(-c3ccc(Cl)s3)on2)CC1,CPD_133,CC(C)N1CCC(NC(=O)c2cc3c(Cl)cccc3n2Cc2cc(-c3ccc(Cl)s3)on2)CC1,Cl[*:1],8.16,2.601,74.0,CPD_155,CC(C)N1CCC(NC(=O)c2cc3c(C(=O)OCOC(=O)C(C)(C)C)cccc3n2Cc2cc(-c3ccc(Cl)s3)on2)CC1,CC(C)(C)C(=O)OCOC(=O)[*:1],7.88,3.166,45.0,-0.27,0.56,-0.22,0.27,0.6016643582596529,0.31702629959968714
CC(C)N1CCC(NC(=O)c2cc3cc(C(=O)OC(C)[*:1])ccc3n2CC(=O)Nc2ccc(Cl)cn2)CC1,CPD_370,COCCOC(=O)OC(C)OC(=O)c1ccc2c(c1)cc(C(=O)NC1CCN(C(C)C)CC1)n2CC(=O)Nc1ccc(Cl)cn1,COCCOC(=O)O[*:1],8.05,1.425,5200.0,CPD_374,CC(C)OC(=O)OC(C)OC(=O)c1ccc2c(c1)cc(C(=O)NC1CCN(C(C)C)CC1)n2CC(=O)Nc1ccc(Cl)cn1,CC(C)OC(=O)O[*:1],7.77,2.294,1000.0,-0.28,0.87,-0.72,0.28,1.1292918134831227,0.2030027273872645
O=C(N[*:1])c1cc2ccccc2n1Cc1cc(-c2ccc(Cl)s2)on1,CPD_22,NC(=O)N1CCC(NC(=O)c2cc3ccccc3n2Cc2cc(-c3ccc(Cl)s3)on2)CC1,NC(=O)N1CCC([*:1])CC1,5.97,1.914,8.7,CPD_27,O=CN1CCC(NC(=O)c2cc3ccccc3n2Cc2cc(-c3ccc(Cl)s3)on2)CC1,O=CN1CCC([*:1])CC1,5.69,2.671,2.4,-0.28,0.76,-0.56,0.28,0.9440338976964757,0.2344992052069666
CC(C)N1CCC(NC(=O)c2nc3c(OCCO)cccc3n2C[*:1])CC1,CPD_773,CC(C)N1CCC(NC(=O)c2nc3c(OCCO)cccc3n2Cc2nnc(-c3ccc(Cl)s3)s2)CC1,Clc1ccc(-c2nnc([*:1])s2)s1,8.65,2.624,18.0,CPD_784,CC(C)N1CCC(NC(=O)c2nc3c(OCCO)cccc3n2CC(=O)Nc2ccc(Br)cn2)CC1,O=C(Nc1ccc(Br)cn1)[*:1],8.38,1.539,770.0,-0.28,-1.09,1.63,0.28,1.9608671551127577,0.12664713904337666
CC(C)N1CCC(NC(=O)c2nc3c(OCCO)cccc3n2C[*:1])CC1,CPD_737,CC(C)N1CCC(NC(=O)c2nc3c(OCCO)cccc3n2Cc2cc3ccc(Cl)cc3s2)CC1,Clc1ccc2cc([*:1])sc2c1,8.65,4.197,8.2,CPD_784,CC(C)N1CCC(NC(=O)c2nc3c(OCCO)cccc3n2CC(=O)Nc2ccc(Br)cn2)CC1,O=C(Nc1ccc(Br)cn1)[*:1],8.38,1.539,770.0,-0.28,-2.66,1.97,0.28,3.3100604224092347,0.07865035049335282
CC(C)N1CCC(NC(=O)c2cc3cc([*:1])ccc3n2CC(=O)Nc2ccc(Cl)cn2)CC1,CPD_268,COC(=O)c1ccc2c(c1)cc(C(=O)NC1CCN(C(C)C)CC1)n2CC(=O)Nc1ccc(Cl)cn1,COC(=O)[*:1],8.12,0.993,8500.0,CPD_541,CC(C)N1CCC(NC(=O)c2cc3cc(C(=O)N4CCOCC4)ccc3n2CC(=O)Nc2ccc(Cl)cn2)CC1,O=C(N1CCOCC1)[*:1],7.84,-1.329,79000.0,-0.28,-2.32,0.97,0.28,2.5146172671005025,0.10127984199912803
CC(C)N1CCC(NC(=O)c2nc3c([*:1])cccc3n2CC(=O)Nc2ccc(Cl)cn2)CC1,CPD_529,CC(C)N1CCC(NC(=O)c2nc3c(CO)cccc3n2CC(=O)Nc2ccc(Cl)cn2)CC1,OC[*:1],8.14,1.111,1100.0,CPD_600,COCCOCc1cccc2c1nc(C(=O)NC1CCN(C(C)C)CC1)n2CC(=O)Nc1ccc(Cl)cn1,COCCOC[*:1],7.87,1.696,550.0,-0.28,0.58,-0.3,0.28,0.6529931086925803,0.3100798857760992
O=C(Cn1c([*:1])cc2ccccc21)Nc1ccc(Cl)cc1,CPD_108,CC(C)N1CCC(CNC(=O)c2cc3ccccc3n2CC(=O)Nc2ccc(Cl)cc2)CC1,CC(C)N1CCC(CNC(=O)[*:1])CC1,5.96,1.748,3500.0,CPD_172,CN(C)C1CCN(C(=O)c2cc3ccccc3n2CC(=O)Nc2ccc(Cl)cc2)CC1,CN(C)C1CCN(C(=O)[*:1])CC1,5.68,0.737,5600.0,-0.28,-1.01,0.2,0.28,1.0296115772464878,0.2188164009913959
CC(C)N1CCC(NC(=O)c2cc3cc([*:1])ccc3n2Cc2cc(-c3ccc(Cl)s3)on2)CC1,CPD_361,CC(C)N1CCC(NC(=O)c2cc3cc(C(=O)OCC4COC(=O)O4)ccc3n2Cc2cc(-c3ccc(Cl)s3)on2)CC1,O=C1OCC(COC(=O)[*:1])O1,7.86,1.042,660.0,CPD_365,CC(C)N1CCC(NC(=O)c2cc3cc(C(=O)OC4CCOC4)ccc3n2Cc2cc(-c3ccc(Cl)s3)on2)CC1,O=C(OC1CCOC1)[*:1],7.58,1.734,120.0,-0.28,0.69,-0.74,0.28,1.0117806086301515,0.2219086250691245
CC(C)N1CCC(NC(=O)c2nc3c([*:1])cccc3n2Cc2cc(-c3ccc(Cl)s3)on2)CC1,CPD_333,CC(C)N1CCC(NC(=O)c2nc3c(C(=O)O)cccc3n2Cc2cc(-c3ccc(Cl)s3)on2)CC1,O=C(O)[*:1],8.44,2.191,0.6,CPD_471,COC1CN(C(=O)c2cccc3c2nc(C(=O)NC2CCN(C(C)C)CC2)n3Cc2cc(-c3ccc(Cl)s3)on2)C1,COC1CN(C(=O)[*:1])C1,8.16,0.766,180.0,-0.28,-1.42,2.48,0.28,2.8577613616255646,0.09009700791618747
CC(C)N1CCC(NC(=O)c2cc3cc([*:1])ccc3n2Cc2cc(-c3ccc(Cl)s3)on2)CC1,CPD_158,CC(C)N1CCC(NC(=O)c2cc3cc(-c4noc(O)n4)ccc3n2Cc2cc(-c3ccc(Cl)s3)on2)CC1,Oc1nc([*:1])no1,8.24,0.316,300.0,CPD_171,CCOC(=O)c1ccc2c(c1)cc(C(=O)NC1CCN(C(C)C)CC1)n2Cc1cc(-c2ccc(Cl)s2)on1,CCOC(=O)[*:1],7.96,2.492,130.0,-0.28,2.18,-0.36,0.28,2.2095248357961492,0.11384312771509945
CC(C)N1CCC(NC(=O)c2cc3cc([*:1])ccc3n2Cc2cc(-c3ccc(Cl)s3)on2)CC1,CPD_158,CC(C)N1CCC(NC(=O)c2cc3cc(-c4noc(O)n4)ccc3n2Cc2cc(-c3ccc(Cl)s3)on2)CC1,Oc1nc([*:1])no1,8.24,0.316,300.0,CPD_194,Cc1oc(=O)oc1COC(=O)c1ccc2c(c1)cc(C(=O)NC1CCN(C(C)C)CC1)n2Cc1cc(-c2ccc(Cl)s2)on1,Cc1oc(=O)oc1COC(=O)[*:1],7.96,3.174,10.0,-0.28,2.86,-1.48,0.28,3.2202484376209237,0.08068586587764819
CC(C)N1CCC(NC(=O)c2cc3cc([*:1])ccc3n2Cc2cc(-c3ccc(Cl)s3)on2)CC1,CPD_85,CC(C)N1CCC(NC(=O)c2cc3cc(C(=O)O)ccc3n2Cc2cc(-c3ccc(Cl)s3)on2)CC1,O=C(O)[*:1],8.07,1.328,5.5,CPD_259,CCOC(=O)COc1ccc2c(c1)cc(C(=O)NC1CCN(C(C)C)CC1)n2Cc1cc(-c2ccc(Cl)s2)on1,CCOC(=O)CO[*:1],7.79,1.709,270.0,-0.28,0.38,1.69,0.28,1.7321951391226105,0.14125753538268584
CC(C)N1CCC(NC(=O)c2cc3cc([*:1])ccc3n2Cc2cc(-c3ccc(Cl)s3)on2)CC1,CPD_85,CC(C)N1CCC(NC(=O)c2cc3cc(C(=O)O)ccc3n2Cc2cc(-c3ccc(Cl)s3)on2)CC1,O=C(O)[*:1],8.07,1.328,5.5,CPD_366,CC(C)N1CCC(NC(=O)c2cc3cc(C(=O)OCCN4CCOCC4)ccc3n2Cc2cc(-c3ccc(Cl)s3)on2)CC1,O=C(OCCN1CCOCC1)[*:1],7.79,1.706,740.0,-0.28,0.38,2.13,0.28,2.163631207022121,0.11600778080154887
CC(C)N1CCC(NC(=O)c2nc3c([*:1])cccc3n2CC(=O)Nc2ccc(Cl)cn2)CC1,CPD_356,CC(C)N1CCC(NC(=O)c2nc3c(C(=O)N4CC(O)C4)cccc3n2CC(=O)Nc2ccc(Cl)cn2)CC1,O=C(N1CC(O)C1)[*:1],7.99,-0.688,3200.0,CPD_609,CC(C)N1CCC(NC(=O)c2nc3c(C(=O)N4CCOCC4)cccc3n2CC(=O)Nc2ccc(Cl)cn2)CC1,O=C(N1CCOCC1)[*:1],7.71,-0.016,1600.0,-0.28,0.67,-0.3,0.28,0.7340980860893183,0.28452448384762613
CC(C)N1CCC(NC(=O)c2cc3cc([*:1])ccc3n2CC(=O)Nc2ccc(Cl)cn2)CC1,CPD_359,CC(C)N1CCC(NC(=O)c2cc3cc(C(=O)OCC(=O)O)ccc3n2CC(=O)Nc2ccc(Cl)cn2)CC1,O=C(O)COC(=O)[*:1],8.35,0.3,9.7,CPD_408,CC(C)N1CCC(NC(=O)c2cc3cc(C(=O)N4CC(O)C4)ccc3n2CC(=O)Nc2ccc(Cl)cn2)CC1,O=C(N1CC(O)C1)[*:1],8.06,-2.004,210000.0,-0.29,-2.3,4.34,0.29,4.911781754109195,0.05618215062446927
CC(C)N1CCC(NC(=O)c2cc3cc(C(=O)O[*:1])ccc3n2CC(=O)Nc2ccc(Cl)cn2)CC1,CPD_268,COC(=O)c1ccc2c(c1)cc(C(=O)NC1CCN(C(C)C)CC1)n2CC(=O)Nc1ccc(Cl)cn1,C[*:1],8.12,0.993,8500.0,CPD_315,CCOC(=O)OC(C)OC(=O)c1ccc2c(c1)cc(C(=O)NC1CCN(C(C)C)CC1)n2CC(=O)Nc1ccc(Cl)cn1,CCOC(=O)OC(C)[*:1],7.83,1.946,1900.0,-0.29,0.95,-0.65,0.29,1.1510864433221337,0.20698223252548023
O=C(N[*:1])c1cc2ccccc2n1Cc1cc(-c2ccc(Cl)s2)on1,CPD_25,O=C(NC1CCN(CC(F)(F)F)CC1)c1cc2ccccc2n1Cc1cc(-c2ccc(Cl)s2)on1,FC(F)(F)CN1CCC([*:1])CC1,5.99,4.567,1.3,CPD_27,O=CN1CCC(NC(=O)c2cc3ccccc3n2Cc2cc(-c3ccc(Cl)s3)on2)CC1,O=CN1CCC([*:1])CC1,5.69,2.671,2.4,-0.29,-1.9,0.27,0.29,1.9190883252211193,0.1336967225483716
O=C(Cn1c([*:1])nc2cc(OCCO)ccc21)Nc1ccc(Cl)cn1,CPD_785,CC(C)N1CCC(NC(=O)c2nc3cc(OCCO)ccc3n2CC(=O)Nc2ccc(Cl)cn2)CC1,CC(C)N1CCC(NC(=O)[*:1])CC1,8.03,1.28,760.0,CPD_898,CC(C)N1CCC(N(C)C(=O)c2nc3cc(OCCO)ccc3n2CC(=O)Nc2ccc(Cl)cn2)CC1,CC(C)N1CCC(N(C)C(=O)[*:1])CC1,7.74,1.224,920.0,-0.29,-0.06,0.08,0.29,0.1,0.8285714285714285
CC(C)N1CCC(NC(=O)c2cc3cc([*:1])ccc3n2Cc2cc(-c3ccc(Cl)s3)on2)CC1,CPD_338,CC(C)N1CCC(NC(=O)c2cc3cc(NS(C)(=O)=O)ccc3n2Cc2cc(-c3ccc(Cl)s3)on2)CC1,CS(=O)(=O)N[*:1],8.46,0.697,170.0,CPD_364,CC(C)N1CCC(NC(=O)c2cc3cc(C(=O)OCCN4CCNC4=O)ccc3n2Cc2cc(-c3ccc(Cl)s3)on2)CC1,O=C1NCCN1CCOC(=O)[*:1],8.16,1.632,44.0,-0.29,0.93,-0.59,0.29,1.1013627921806692,0.2145981831659227
CCN(CC)C(=O)N1CCN(C(=O)c2nc3ccccc3n2C[*:1])CC1,CPD_979,CCN(CC)C(=O)N1CCN(C(=O)c2nc3ccccc3n2Cc2cc(-c3ccc(Cl)s3)on2)CC1,Clc1ccc(-c2cc([*:1])no2)s1,5.92,4.096,0.6,CPD_991,CCN(CC)C(=O)N1CCN(C(=O)c2nc3ccccc3n2CC(=O)Nc2ccc(Cl)cn2)CC1,O=C(Nc1ccc(Cl)cn1)[*:1],5.63,3.28,6.5,-0.29,-0.82,1.03,0.29,1.3165485179058156,0.1851203436633269
O=C(N[*:1])c1cc2ccccc2n1Cc1cc(-c2ccc(Cl)s2)on1,CPD_177,CC(C)N1CC(NC(=O)c2cc3ccccc3n2Cc2cc(-c3ccc(Cl)s3)on2)C1,CC(C)N1CC([*:1])C1,6.65,2.16,190.0,CPD_211,O=C(NCC1CN(c2ccncc2)C1)c1cc2ccccc2n1Cc1cc(-c2ccc(Cl)s2)on1,c1cc(N2CC(C[*:1])C2)ccn1,6.35,1.589,190.0,-0.29,-0.57,0.0,0.29,0.57,0.35365853658536583
CC(C)N1CCC(NC(=O)c2cc3c([*:1])cccc3n2Cc2cc(-c3ccc(Cl)s3)on2)CC1,CPD_186,Cc1oc(=O)oc1COC(=O)c1cccc2c1cc(C(=O)NC1CCN(C(C)C)CC1)n2Cc1cc(-c2ccc(Cl)s2)on1,Cc1oc(=O)oc1COC(=O)[*:1],8.75,3.186,9.7,CPD_231,COC(=O)OC(C)OC(=O)c1cccc2c1cc(C(=O)NC1CCN(C(C)C)CC1)n2Cc1cc(-c2ccc(Cl)s2)on1,COC(=O)OC(C)OC(=O)[*:1],8.46,2.396,110.0,-0.29,-0.79,1.05,0.29,1.3140015220691337,0.185421814434258
Cc1cc(C(=O)O)cc2cc(C(=O)NC3CCN(C4CC4)CC3)n([*:1])c12,CPD_718,Cc1cc(C(=O)O)cc2cc(C(=O)NC3CCN(C4CC4)CC3)n(Cc3nnc(-c4ccc(Cl)s4)s3)c12,Clc1ccc(-c2nnc(C[*:1])s2)s1,8.44,1.625,3.5,CPD_802,Cc1cc(C(=O)O)cc2cc(C(=O)NC3CCN(C4CC4)CC3)n(CC(=O)Nc3ccc(Br)cn3)c12,O=C(C[*:1])Nc1ccc(Br)cn1,8.15,0.553,6.7,-0.29,-1.07,0.28,0.29,1.1060289327137875,0.21385974370003305
CC(C)N1CCC(NC(=O)c2nc3c([*:1])cccc3n2CC(=O)Nc2ccc(Cl)cn2)CC1,CPD_597,COCCOc1cccc2c1nc(C(=O)NC1CCN(C(C)C)CC1)n2CC(=O)Nc1ccc(Cl)cn1,COCCO[*:1],8.16,1.933,370.0,CPD_600,COCCOCc1cccc2c1nc(C(=O)NC1CCN(C(C)C)CC1)n2CC(=O)Nc1ccc(Cl)cn1,COCCOC[*:1],7.87,1.696,550.0,-0.29,-0.24,0.17,0.29,0.29410882339705485,0.5329816160477462
CC(C)N1CCC(NC(=O)c2nc3ccc([*:1])cc3n2Cc2cc(-c3ccc(Cl)s3)on2)CC1,CPD_289,COC(=O)c1ccc2nc(C(=O)NC3CCN(C(C)C)CC3)n(Cc3cc(-c4ccc(Cl)s4)on3)c2c1,COC(=O)[*:1],6.76,3.123,16.0,CPD_419,CC(C)N1CCC(NC(=O)c2nc3ccc(C(=O)N(C)CCO)cc3n2Cc2cc(-c3ccc(Cl)s3)on2)CC1,CN(CCO)C(=O)[*:1],6.46,0.72,300.0,-0.3,-2.4,1.27,0.3,2.7153084539329964,0.10116991357243092
CC(C)N1CCC(NC(=O)c2cc3cc(C(=O)O[*:1])ccc3n2CC(=O)Nc2ccc(Cl)cn2)CC1,CPD_359,CC(C)N1CCC(NC(=O)c2cc3cc(C(=O)OCC(=O)O)ccc3n2CC(=O)Nc2ccc(Cl)cn2)CC1,O=C(O)C[*:1],8.35,0.3,9.7,CPD_370,COCCOC(=O)OC(C)OC(=O)c1ccc2c(c1)cc(C(=O)NC1CCN(C(C)C)CC1)n2CC(=O)Nc1ccc(Cl)cn1,COCCOC(=O)OC(C)[*:1],8.05,1.425,5200.0,-0.3,1.12,2.73,0.3,2.950813447170119,0.0937261745964089
CC(C)N1CCC(NC(=O)c2nc3cc([*:1])ccc3n2CC(=O)Nc2ccc(Cl)cn2)CC1,CPD_785,CC(C)N1CCC(NC(=O)c2nc3cc(OCCO)ccc3n2CC(=O)Nc2ccc(Cl)cn2)CC1,OCCO[*:1],8.03,1.28,760.0,CPD_944,CC(C)N1CCC(NC(=O)c2nc3cc(OC(C)(C)CO)ccc3n2CC(=O)Nc2ccc(Cl)cn2)CC1,CC(C)(CO)O[*:1],7.73,1.966,380.0,-0.3,0.69,-0.3,0.3,0.7523961722390671,0.29928286670317744
CC(C)N1CCC(NC(=O)c2nc3c([*:1])cccc3n2CCc2ccc(Cl)cc2)CC1,CPD_466,CC(C)N1CCC(NC(=O)c2nc3c(C(=O)O)cccc3n2CCc2ccc(Cl)cc2)CC1,O=C(O)[*:1],7.19,2.565,2.3,CPD_527,CC(C)N1CCC(NC(=O)c2nc3c(C(=O)N4CC(O)C4)cccc3n2CCc2ccc(Cl)cc2)CC1,O=C(N1CC(O)C1)[*:1],6.89,0.47,1100.0,-0.3,-2.09,2.68,0.3,3.3986026540329775,0.08222325872300604
O=C(N[*:1])c1cc2ccccc2n1Cc1cc(-c2ccc(Cl)s2)on1,CPD_57,CCN1CC[C@H](NC(=O)c2cc3ccccc3n2Cc2cc(-c3ccc(Cl)s3)on2)C1,CCN1CC[C@H]([*:1])C1,6.76,1.624,680.0,CPD_180,CC(C)CN1CC(NC(=O)c2cc3ccccc3n2Cc2cc(-c3ccc(Cl)s3)on2)C1,CC(C)CN1CC([*:1])C1,6.46,2.966,47.0,-0.3,1.34,-1.16,0.3,1.772343081911626,0.14834278252947272
CC(C)N1CCC(NC(=O)c2nc3cc([*:1])ccc3n2CC(=O)Nc2ccc(Cl)cn2)CC1,CPD_389,CC(OC(=O)OC1CCCCC1)OC(=O)c1ccc2c(c1)nc(C(=O)NC1CCN(C(C)C)CC1)n2CC(=O)Nc1ccc(Cl)cn1,CC(OC(=O)OC1CCCCC1)OC(=O)[*:1],7.45,4.785,4.3,CPD_444,CC(C)N1CCC(NC(=O)c2nc3cc(S(=O)(=O)CCO)ccc3n2CC(=O)Nc2ccc(Cl)cn2)CC1,O=S(=O)(CCO)[*:1],7.15,0.282,890.0,-0.3,-4.5,2.32,0.3,5.062845049969434,0.056466920675905266
CC(C)N1CCC(NC(=O)c2nc3c(C(=O)N4CC(O)C4)cccc3n2C[*:1])CC1,CPD_320,CC(C)N1CCC(NC(=O)c2nc3c(C(=O)N4CC(O)C4)cccc3n2Cc2cc(-c3ccc(Cl)s3)on2)CC1,Clc1ccc(-c2cc([*:1])no2)s1,8.1,0.129,330.0,CPD_756,CC(C)N1CCC(NC(=O)c2nc3c(C(=O)N4CC(O)C4)cccc3n2Cc2cc3ccc(Cl)cc3s2)CC1,Clc1ccc2cc([*:1])sc2c1,7.8,2.225,35.0,-0.3,2.1,-0.97,0.3,2.3132012450281967,0.11704114165124783
O=C(N[*:1])c1cc2ccccc2n1Cc1cc(-c2ccc(Cl)s2)on1,CPD_73,CCC(CC)N1CCC(NC(=O)c2cc3ccccc3n2Cc2cc(-c3ccc(Cl)s3)on2)CC1,CCC(CC)N1CCC([*:1])CC1,6.66,3.315,49.0,CPD_211,O=C(NCC1CN(c2ccncc2)C1)c1cc2ccccc2n1Cc1cc(-c2ccc(Cl)s2)on1,c1cc(N2CC(C[*:1])C2)ccn1,6.35,1.589,190.0,-0.3,-1.73,0.59,0.3,1.827840255602223,0.14438068527700681
CC(C)N1CCC(NC(=O)c2cc3cc([*:1])ccc3n2Cc2cc(-c3ccc(Cl)s3)on2)CC1,CPD_143,CC(C)N1CCC(NC(=O)c2cc3cc(CO)ccc3n2Cc2cc(-c3ccc(Cl)s3)on2)CC1,OC[*:1],8.54,0.77,2500.0,CPD_158,CC(C)N1CCC(NC(=O)c2cc3cc(-c4noc(O)n4)ccc3n2Cc2cc(-c3ccc(Cl)s3)on2)CC1,Oc1nc([*:1])no1,8.24,0.316,300.0,-0.3,-0.45,-0.92,0.3,1.0241581909060729,0.23544957144345283
CC(C)N1CCC(NC(=O)c2cc3cc([*:1])ccc3n2CC(=O)Nc2ccc(Cl)cc2)CC1,CPD_169,CC(C)N1CCC(NC(=O)c2cc3cc(C(=O)O)ccc3n2CC(=O)Nc2ccc(Cl)cc2)CC1,O=C(O)[*:1],8.4,0.738,14.0,CPD_173,CC(C)OC(=O)c1ccc2c(c1)cc(C(=O)NC1CCN(C(C)C)CC1)n2CC(=O)Nc1ccc(Cl)cc1,CC(C)OC(=O)[*:1],8.1,2.236,630.0,-0.3,1.5,1.65,0.3,2.229910312097776,0.12097211682878467
CC(C)N1CCC(NC(=O)c2cc3cc([*:1])ccc3n2Cc2cc(-c3ccc(Cl)s3)on2)CC1,CPD_143,CC(C)N1CCC(NC(=O)c2cc3cc(CO)ccc3n2Cc2cc(-c3ccc(Cl)s3)on2)CC1,OC[*:1],8.54,0.77,2500.0,CPD_404,CC(C)N1CCC(NC(=O)c2cc3cc(C(=O)OCCO)ccc3n2Cc2cc(-c3ccc(Cl)s3)on2)CC1,O=C(OCCO)[*:1],8.24,0.885,1400.0,-0.3,0.11,-0.25,0.3,0.27313000567495327,0.5734712150814858
CC(C)N1CCC(NC(=O)c2cc3cc([*:1])ccc3n2Cc2cc(-c3ccc(Cl)s3)on2)CC1,CPD_262,CC(C)N1CCC(NC(=O)c2cc3cc(-c4n[nH]c(=O)o4)ccc3n2Cc2cc(-c3ccc(Cl)s3)on2)CC1,O=c1[nH]nc([*:1])o1,8.48,0.297,310.0,CPD_364,CC(C)N1CCC(NC(=O)c2cc3cc(C(=O)OCCN4CCNC4=O)ccc3n2Cc2cc(-c3ccc(Cl)s3)on2)CC1,O=C1NCCN1CCOC(=O)[*:1],8.16,1.632,44.0,-0.31,1.33,-0.85,0.31,1.5784169284444463,0.16954557528831088
CC(C)N1CCC(NC(=O)c2cc3cc(C(=O)O)ccc3n2C[*:1])CC1,CPD_169,CC(C)N1CCC(NC(=O)c2cc3cc(C(=O)O)ccc3n2CC(=O)Nc2ccc(Cl)cc2)CC1,O=C(Nc1ccc(Cl)cc1)[*:1],8.4,0.738,14.0,CPD_416,CC(C)N1CCC(NC(=O)c2cc3cc(C(=O)O)ccc3n2CC(=O)Nc2ccc(Cl)cn2)CC1,O=C(Nc1ccc(Cl)cn1)[*:1],8.09,0.362,8.8,-0.31,-0.38,-0.2,0.31,0.42941821107167777,0.4562727270895825
CC(C)N1CCC(NC(=O)c2cc3cc([*:1])ccc3n2Cc2cc(-c3ccc(Cl)s3)on2)CC1,CPD_162,CC(OC(=O)c1ccc2c(c1)cc(C(=O)NC1CCN(C(C)C)CC1)n2Cc1cc(-c2ccc(Cl)s2)on1)OC(=O)C(C)(C)C,CC(OC(=O)C(C)(C)C)OC(=O)[*:1],7.04,3.499,26.0,CPD_342,CC(C)N1CCC(NC(=O)c2cc3cc(C(=O)N(C)CCO)ccc3n2Cc2cc(-c3ccc(Cl)s3)on2)CC1,CN(CCO)C(=O)[*:1],6.73,-0.441,32000.0,-0.31,-3.94,3.09,0.31,5.007164866468848,0.05896714443506162
CC(C)N1CCC(NC(=O)c2cc3cc([*:1])ccc3n2Cc2cc(-c3ccc(Cl)s3)on2)CC1,CPD_364,CC(C)N1CCC(NC(=O)c2cc3cc(C(=O)OCCN4CCNC4=O)ccc3n2Cc2cc(-c3ccc(Cl)s3)on2)CC1,O=C1NCCN1CCOC(=O)[*:1],8.16,1.632,44.0,CPD_877,CC(C)N1CCC(NC(=O)c2cc3cc(OC(C)(C)C(=O)O)ccc3n2Cc2cc(-c3ccc(Cl)s3)on2)CC1,CC(C)(O[*:1])C(=O)O,7.85,1.472,1.6,-0.31,-0.16,-1.44,0.31,1.4488616221019865,0.1824751327400284
CC(C)N1CCC(NC(=O)c2cc3cc(C(=O)O[*:1])ccc3n2Cc2cc(-c3ccc(Cl)s3)on2)CC1,CPD_363,CC(C)N1CCC(NC(=O)c2cc3cc(C(=O)OCCN4CCCC4=O)ccc3n2Cc2cc(-c3ccc(Cl)s3)on2)CC1,O=C1CCCN1CC[*:1],8.03,1.653,110.0,CPD_371,CC(C)N1CCC(NC(=O)c2cc3cc(C(=O)OCC4CCOC4)ccc3n2Cc2cc(-c3ccc(Cl)s3)on2)CC1,C1CC(C[*:1])CO1,7.73,1.959,78.0,-0.31,0.31,-0.15,0.31,0.3443835071544513,0.521548791762565
O=C(c1nc2ccccc2n1[*:1])N1CCN(Cc2ccncc2)CC1,CPD_978,O=C(c1nc2ccccc2n1Cc1cc(-c2ccc(Cl)s2)on1)N1CCN(Cc2ccncc2)CC1,Clc1ccc(-c2cc(C[*:1])no2)s1,5.93,3.205,2.8,CPD_981,O=C(Cn1c(C(=O)N2CCN(Cc3ccncc3)CC2)nc2ccccc21)Nc1ccc(Cl)cn1,O=C(C[*:1])Nc1ccc(Cl)cn1,5.62,2.389,26.0,-0.31,-0.82,0.97,0.31,1.270157470552372,0.20392624185661296
CC(C)N1CCC(NC(=O)c2nc3ccc([*:1])cc3n2CC(=O)Nc2ccc(Cl)cn2)CC1,CPD_450,CC(C)N1CCC(NC(=O)c2nc3ccc(S(=O)(=O)CCO)cc3n2CC(=O)Nc2ccc(Cl)cn2)CC1,O=S(=O)(CCO)[*:1],6.65,0.285,880.0,CPD_943,CC(C)N1CCC(NC(=O)c2nc3ccc(OC(C)(C)CO)cc3n2CC(=O)Nc2ccc(Cl)cn2)CC1,CC(C)(CO)O[*:1],6.34,1.969,380.0,-0.31,1.68,-0.36,0.31,1.7181385275931622,0.15750923812212506
CC(C)N1CCC(NC(=O)c2cc3cc(OCC[*:1])ncc3n2CC(=O)Nc2ccc(Cl)cn2)CC1,CPD_878,CC(C)N1CCC(NC(=O)c2cc3cc(OCCCO)ncc3n2CC(=O)Nc2ccc(Cl)cn2)CC1,OC[*:1],7.77,-0.264,180000.0,CPD_927,COCCOc1cc2cc(C(=O)NC3CCN(C(C)C)CC3)n(CC(=O)Nc3ccc(Cl)cn3)c2cn1,CO[*:1],7.45,-0.378,150000.0,-0.32,-0.11,-0.08,0.32,0.13601470508735444,0.8289839630010586
O=C(N[*:1])c1cc2ccccc2n1Cc1cc(-c2ccc(Cl)s2)on1,CPD_17,CCCN1CCC(NC(=O)c2cc3ccccc3n2Cc2cc(-c3ccc(Cl)s3)on2)CC1,CCCN1CCC([*:1])CC1,7.2,2.84,77.0,CPD_23,CS(=O)(=O)N1CCC(NC(=O)c2cc3ccccc3n2Cc2cc(-c3ccc(Cl)s3)on2)CC1,CS(=O)(=O)N1CCC([*:1])CC1,6.87,3.257,1.1,-0.32,0.42,-1.85,0.32,1.8970766985021983,0.14903985508446538
CC(C)N1CCC(NC(=O)c2cc3c([*:1])cccc3n2Cc2cc(-c3ccc(Cl)s3)on2)CC1,CPD_133,CC(C)N1CCC(NC(=O)c2cc3c(Cl)cccc3n2Cc2cc(-c3ccc(Cl)s3)on2)CC1,Cl[*:1],8.16,2.601,74.0,CPD_396,CC(C)N1CCC(NC(=O)c2cc3c(C(=O)N4CC(O)C4)cccc3n2Cc2cc(-c3ccc(Cl)s3)on2)CC1,O=C(N1CC(O)C1)[*:1],7.83,-1.031,6300.0,-0.32,-3.63,1.93,0.32,4.111179879304723,0.07337463917012653
Clc1ccc(-c2cc(Cn3c([*:1])nc4ccccc43)no2)s1,CPD_458,O=C(Nc1ccc(-n2ncccc2=O)cc1)c1nc2ccccc2n1Cc1cc(-c2ccc(Cl)s2)on1,O=C(Nc1ccc(-n2ncccc2=O)cc1)[*:1],5.0,4.288,0.2,CPD_987,NC(=O)N1CCN(C(=O)c2nc3ccccc3n2Cc2cc(-c3ccc(Cl)s3)on2)CC1,NC(=O)N1CCN(C(=O)[*:1])CC1,4.68,1.327,15.0,-0.32,-2.96,1.88,0.32,3.5065652710308988,0.08518419804061696
CC(C)N1CCC(NC(=O)c2nc3c([*:1])cccc3n2Cc2cc(-c3ccc(Cl)s3)on2)CC1,CPD_305,COC(=O)c1cccc2c1nc(C(=O)NC1CCN(C(C)C)CC1)n2Cc1cc(-c2ccc(Cl)s2)on1,COC(=O)[*:1],8.42,3.133,16.0,CPD_320,CC(C)N1CCC(NC(=O)c2nc3c(C(=O)N4CC(O)C4)cccc3n2Cc2cc(-c3ccc(Cl)s3)on2)CC1,O=C(N1CC(O)C1)[*:1],8.1,0.129,330.0,-0.32,-3.0,1.31,0.32,3.2735454785293574,0.0908176159354016
Clc1ccc(-c2cc(Cn3c([*:1])nc4ccccc43)no2)s1,CPD_557,O=C(Nc1ccc(N2CCS(=O)(=O)CC2)cc1)c1nc2ccccc2n1Cc1cc(-c2ccc(Cl)s2)on1,O=C(Nc1ccc(N2CCS(=O)(=O)CC2)cc1)[*:1],5.0,3.236,0.4,CPD_987,NC(=O)N1CCN(C(=O)c2nc3ccccc3n2Cc2cc(-c3ccc(Cl)s3)on2)CC1,NC(=O)N1CCN(C(=O)[*:1])CC1,4.68,1.327,15.0,-0.32,-1.91,1.57,0.32,2.47244817943673,0.11754126393186573
Clc1ccc(-c2cc(Cn3c([*:1])nc4ccccc43)no2)s1,CPD_421,Cc1ccc(=O)n(-c2ccc(NC(=O)c3nc4ccccc4n3Cc3cc(-c4ccc(Cl)s4)on3)cc2)n1,Cc1ccc(=O)n(-c2ccc(NC(=O)[*:1])cc2)n1,5.0,3.824,0.3,CPD_987,NC(=O)N1CCN(C(=O)c2nc3ccccc3n2Cc2cc(-c3ccc(Cl)s3)on2)CC1,NC(=O)N1CCN(C(=O)[*:1])CC1,4.68,1.327,15.0,-0.32,-2.5,1.7,0.32,3.023243291566195,0.09776236334906993
Cc1cc(C(=O)O)cc2cc(C(=O)NC3CCN(C4CC4)CC3)n([*:1])c12,CPD_684,Cc1cc(C(=O)O)cc2cc(C(=O)NC3CCN(C4CC4)CC3)n(Cc3cc(-c4ccc(Cl)s4)on3)c12,Clc1ccc(-c2cc(C[*:1])no2)s1,8.46,1.274,6.1,CPD_802,Cc1cc(C(=O)O)cc2cc(C(=O)NC3CCN(C4CC4)CC3)n(CC(=O)Nc3ccc(Br)cn3)c12,O=C(C[*:1])Nc1ccc(Br)cn1,8.15,0.553,6.7,-0.32,-0.72,0.04,0.32,0.7211102550927979,0.32951974126709355
O=C(N[*:1])c1cc2ccccc2n1Cc1cc(-c2ccc(Cl)s2)on1,CPD_60,CC(C)N1CC[C@@H](NC(=O)c2cc3ccccc3n2Cc2cc(-c3ccc(Cl)s3)on2)C1,CC(C)N1CC[C@@H]([*:1])C1,7.32,1.909,390.0,CPD_63,CC(C)N1CC[C@H](NC(=O)c2cc3ccccc3n2Cc2cc(-c3ccc(Cl)s3)on2)C1,CC(C)N1CC[C@H]([*:1])C1,6.99,1.909,390.0,-0.32,0.0,0.0,0.32,0.0,1.28
O=C(N[*:1])c1cc2ccnc(OCC3CC3)c2n1Cc1cc(-c2ccc(Cl)s2)on1,CPD_946,CCN1CCC(NC(=O)c2cc3ccnc(OCC4CC4)c3n2Cc2cc(-c3ccc(Cl)s3)on2)CC1,CCN1CCC([*:1])CC1,7.13,2.006,100.0,CPD_948,O=C(Nc1ccc(N2CCCC2=O)cc1)c1cc2ccnc(OCC3CC3)c2n1Cc1cc(-c2ccc(Cl)s2)on1,O=C1CCCN1c1ccc([*:1])cc1,6.81,3.813,0.0,-0.32,1.81,-3.0,0.32,3.503726587506508,0.08524861695176546
CC(C)N1CCC(NC(=O)c2cc3cc([*:1])ccc3n2Cc2cc(-c3ccc(Cl)s3)on2)CC1,CPD_112,COC(=O)c1ccc2c(c1)cc(C(=O)NC1CCN(C(C)C)CC1)n2Cc1cc(-c2ccc(Cl)s2)on1,COC(=O)[*:1],8.29,1.96,260.0,CPD_194,Cc1oc(=O)oc1COC(=O)c1ccc2c(c1)cc(C(=O)NC1CCN(C(C)C)CC1)n2Cc1cc(-c2ccc(Cl)s2)on1,Cc1oc(=O)oc1COC(=O)[*:1],7.96,3.174,10.0,-0.33,1.21,-1.41,0.33,1.8580096878111265,0.15654577012056284
CC(C)N1CCC(NC(=O)c2cc3cc([*:1])ccc3n2CC(=O)Nc2ccc(Cl)cn2)CC1,CPD_681,COCCOCCOc1ccc2c(c1)cc(C(=O)NC1CCN(C(C)C)CC1)n2CC(=O)Nc1ccc(Cl)cn1,COCCOCCO[*:1],8.47,0.241,36000.0,CPD_781,CC(C)N1CCC(NC(=O)c2cc3cc(OCCO)ccc3n2CC(=O)Nc2ccc(Cl)cn2)CC1,OCCO[*:1],8.14,-0.041,55000.0,-0.33,-0.28,0.18,0.33,0.3328663395418648,0.5661675372425543
COC(=O)c1ccc2nc(C(=O)NC3CCN(C(C)C)CC3)n(C[*:1])c2c1,CPD_289,COC(=O)c1ccc2nc(C(=O)NC3CCN(C(C)C)CC3)n(Cc3cc(-c4ccc(Cl)s4)on3)c2c1,Clc1ccc(-c2cc([*:1])no2)s1,6.76,3.123,16.0,CPD_317,COC(=O)c1ccc2nc(C(=O)NC3CCN(C(C)C)CC3)n(CC(=O)Nc3ccc(Cl)cn3)c2c1,O=C(Nc1ccc(Cl)cn1)[*:1],6.43,2.305,160.0,-0.33,-0.82,1.0,0.33,1.2932130528261767,0.21383955986871134
CC(C)N1CCC(NC(=O)c2cc3cc([*:1])ccc3n2Cc2cc(-c3ccc(Cl)s3)on2)CC1,CPD_38,CC(C)N1CCC(NC(=O)c2cc3cc(Br)ccc3n2Cc2cc(-c3ccc(Cl)s3)on2)CC1,Br[*:1],8.06,2.851,68.0,CPD_362,CC(C)N1CCC(NC(=O)c2cc3cc(C(=O)OC4CCOC4=O)ccc3n2Cc2cc(-c3ccc(Cl)s3)on2)CC1,O=C1OCCC1OC(=O)[*:1],7.73,0.55,170.0,-0.33,-2.3,0.4,0.33,2.33452350598575,0.12768311034344274
CC(C)N1CCC(NC(=O)c2cc3cc([*:1])ccc3n2Cc2cc(-c3ccc(Cl)s3)on2)CC1,CPD_112,COC(=O)c1ccc2c(c1)cc(C(=O)NC1CCN(C(C)C)CC1)n2Cc1cc(-c2ccc(Cl)s2)on1,COC(=O)[*:1],8.29,1.96,260.0,CPD_171,CCOC(=O)c1ccc2c(c1)cc(C(=O)NC1CCN(C(C)C)CC1)n2Cc1cc(-c2ccc(Cl)s2)on1,CCOC(=O)[*:1],7.96,2.492,130.0,-0.33,0.53,-0.3,0.33,0.6090155991434045,0.38416066056200876
CC(C)N1CCC(NC(=O)c2cc3cc([*:1])ccc3n2Cc2cc(-c3ccc(Cl)s3)on2)CC1,CPD_38,CC(C)N1CCC(NC(=O)c2cc3cc(Br)ccc3n2Cc2cc(-c3ccc(Cl)s3)on2)CC1,Br[*:1],8.06,2.851,68.0,CPD_371,CC(C)N1CCC(NC(=O)c2cc3cc(C(=O)OCC4CCOC4)ccc3n2Cc2cc(-c3ccc(Cl)s3)on2)CC1,O=C(OCC1CCOC1)[*:1],7.73,1.959,78.0,-0.33,-0.89,0.06,0.33,0.8920201791439475,0.2889616190909747
CC(C)N1CCC(NC(=O)c2cc3cc([*:1])ccc3n2CC(=O)Nc2ccc(Cl)cn2)CC1,CPD_315,CCOC(=O)OC(C)OC(=O)c1ccc2c(c1)cc(C(=O)NC1CCN(C(C)C)CC1)n2CC(=O)Nc1ccc(Cl)cn1,CCOC(=O)OC(C)OC(=O)[*:1],7.83,1.946,1900.0,CPD_345,CC(C)N1CCC(NC(=O)c2cc3cc(C(=O)N(C)CCO)ccc3n2CC(=O)Nc2ccc(Cl)cn2)CC1,CN(CCO)C(=O)[*:1],7.5,-1.408,1040000.0,-0.33,-3.35,2.74,0.33,4.327828554829778,0.07208657905107387
Cc1cc(C(=O)O)cc2c1nc(C(=O)NC1CCN(C3CC3)CC1)n2[*:1],CPD_699,Cc1cc(C(=O)O)cc2c1nc(C(=O)NC1CCN(C3CC3)CC1)n2Cc1cc(-c2ccc(Cl)s2)on1,Clc1ccc(-c2cc(C[*:1])no2)s1,6.84,2.134,0.6,CPD_701,Cc1cc(C(=O)O)cc2c1nc(C(=O)NC1CCN(C3CC3)CC1)n2Cc1nnc(-c2ccc(Cl)s2)s1,Clc1ccc(-c2nnc(C[*:1])s2)s1,6.51,2.634,0.3,-0.33,0.5,-0.3,0.33,0.58309518948453,0.39611319830592767
CC(C)N1CCC(NC(=O)c2cc3cc([*:1])ccc3n2Cc2cc(-c3ccc(Cl)s3)on2)CC1,CPD_85,CC(C)N1CCC(NC(=O)c2cc3cc(C(=O)O)ccc3n2Cc2cc(-c3ccc(Cl)s3)on2)CC1,O=C(O)[*:1],8.07,1.328,5.5,CPD_371,CC(C)N1CCC(NC(=O)c2cc3cc(C(=O)OCC4CCOC4)ccc3n2Cc2cc(-c3ccc(Cl)s3)on2)CC1,O=C(OCC1CCOC1)[*:1],7.73,1.959,78.0,-0.34,0.63,1.15,0.34,1.31125893705248,0.21777297277919203
CC(C)N1CCC(NC(=O)c2cc3cc([*:1])ccc3n2Cc2cc(-c3ccc(Cl)s3)on2)CC1,CPD_181,CC(C)N1CCC(NC(=O)c2cc3cc(OCC(=O)O)ccc3n2Cc2cc(-c3ccc(Cl)s3)on2)CC1,O=C(O)CO[*:1],8.3,0.774,4.7,CPD_194,Cc1oc(=O)oc1COC(=O)c1ccc2c(c1)cc(C(=O)NC1CCN(C(C)C)CC1)n2Cc1cc(-c2ccc(Cl)s2)on1,Cc1oc(=O)oc1COC(=O)[*:1],7.96,3.174,10.0,-0.34,2.4,0.33,0.34,2.4225812679866903,0.12721783396174474
O=C(O)c1ccc2c(c1)cc(C(=O)N[*:1])n2Cc1cc(-c2ccc(Cl)s2)on1,CPD_212,O=C(O)c1ccc2c(c1)cc(C(=O)NC1CN(c3ccncc3)C1)n2Cc1cc(-c2ccc(Cl)s2)on1,c1cc(N2CC([*:1])C2)ccn1,7.36,0.473,7.5,CPD_695,O=C(O)c1ccc2c(c1)cc(C(=O)NC1CCN(C3CC3)CC1)n2Cc1cc(-c2ccc(Cl)s2)on1,C1CC1N1CCC([*:1])CC1,7.01,0.814,12.0,-0.34,0.34,0.2,0.34,0.3944616584663204,0.5275721146997737
O=C(N[*:1])c1cc2ccccc2n1Cc1cc(-c2ccc(Cl)s2)on1,CPD_63,CC(C)N1CC[C@H](NC(=O)c2cc3ccccc3n2Cc2cc(-c3ccc(Cl)s3)on2)C1,CC(C)N1CC[C@H]([*:1])C1,6.99,1.909,390.0,CPD_73,CCC(CC)N1CCC(NC(=O)c2cc3ccccc3n2Cc2cc(-c3ccc(Cl)s3)on2)CC1,CCC(CC)N1CCC([*:1])CC1,6.66,3.315,49.0,-0.34,1.41,-0.9,0.34,1.672752223134078,0.1768298566550616
CC(C)N1CCC(NC(=O)c2nc3cc([*:1])ccc3n2CC(=O)Nc2ccc(Cl)cn2)CC1,CPD_785,CC(C)N1CCC(NC(=O)c2nc3cc(OCCO)ccc3n2CC(=O)Nc2ccc(Cl)cn2)CC1,OCCO[*:1],8.03,1.28,760.0,CPD_836,CC(C)N1CCC(NC(=O)c2nc3cc(OCCN4CCOCC4)ccc3n2CC(=O)Nc2ccc(Cl)cn2)CC1,C1CN(CCO[*:1])CCO1,7.7,1.561,370.0,-0.34,0.28,-0.31,0.34,0.41773197148410846,0.5091863420053293
CC(C)N1CCC(NC(=O)c2cc3cc([*:1])ccc3n2Cc2cc(-c3ccc(Cl)s3)on2)CC1,CPD_368,CC(C)N1CCC(NC(=O)c2cc3cc(C(=O)NCCN4CCNC4=O)ccc3n2Cc2cc(-c3ccc(Cl)s3)on2)CC1,O=C1NCCN1CCNC(=O)[*:1],7.32,0.289,190.0,CPD_373,CC(C)N1CCC(NC(=O)c2cc3cc(C(=O)N4CCCC4CO)ccc3n2Cc2cc(-c3ccc(Cl)s3)on2)CC1,O=C(N1CCCC1CO)[*:1],6.98,-0.415,2900.0,-0.34,-0.7,1.18,0.34,1.3720058308913996,0.20961700230950928
CC(C)N1CCC(NC(=O)c2cc3cc([*:1])ccc3n2Cc2cc(-c3ccc(Cl)s3)on2)CC1,CPD_171,CCOC(=O)c1ccc2c(c1)cc(C(=O)NC1CCN(C(C)C)CC1)n2Cc1cc(-c2ccc(Cl)s2)on1,CCOC(=O)[*:1],7.96,2.492,130.0,CPD_503,CC(C)ONC(=O)c1ccc2c(c1)cc(C(=O)NC1CCN(C(C)C)CC1)n2Cc1cc(-c2ccc(Cl)s2)on1,CC(C)ONC(=O)[*:1],7.61,2.516,57.0,-0.34,0.02,-0.36,0.34,0.36055512754639896,0.5568702720855649
CC(C)N1CCC(NC(=O)c2cc3c([*:1])cccc3n2Cc2cc(-c3ccc(Cl)s3)on2)CC1,CPD_175,CCOC(=O)OC(C)OC(=O)c1cccc2c1cc(C(=O)NC1CCN(C(C)C)CC1)n2Cc1cc(-c2ccc(Cl)s2)on1,CCOC(=O)OC(C)OC(=O)[*:1],8.17,2.927,56.0,CPD_396,CC(C)N1CCC(NC(=O)c2cc3c(C(=O)N4CC(O)C4)cccc3n2Cc2cc(-c3ccc(Cl)s3)on2)CC1,O=C(N1CC(O)C1)[*:1],7.83,-1.031,6300.0,-0.34,-3.96,2.05,0.34,4.459159113554931,0.07219972649073116
CC(C)N1CCC(NC(=O)c2cc3cc([*:1])ccc3n2CC(=O)Nc2ccc(Cl)cn2)CC1,CPD_324,CC(C)N1CCC(NC(=O)c2cc3cc(C(=O)NCCO)ccc3n2CC(=O)Nc2ccc(Cl)cn2)CC1,O=C(NCCO)[*:1],8.11,-0.841,140000.0,CPD_374,CC(C)OC(=O)OC(C)OC(=O)c1ccc2c(c1)cc(C(=O)NC1CCN(C(C)C)CC1)n2CC(=O)Nc1ccc(Cl)cn1,CC(C)OC(=O)OC(C)OC(=O)[*:1],7.77,2.294,1000.0,-0.34,3.13,-2.15,0.34,3.797288506289718,0.08400686026499485
Clc1ccc(-c2cc(Cn3c([*:1])cc4ccccc43)no2)s1,CPD_27,O=CN1CCC(NC(=O)c2cc3ccccc3n2Cc2cc(-c3ccc(Cl)s3)on2)CC1,O=CN1CCC(NC(=O)[*:1])CC1,5.69,2.671,2.4,CPD_250,O=C(c1cc2ccccc2n1Cc1cc(-c2ccc(Cl)s2)on1)N1CCC(N2CCCC2=O)CC1,O=C1CCCN1C1CCN(C(=O)[*:1])CC1,5.35,2.607,2.1,-0.34,-0.06,-0.06,0.34,0.08485281374238571,1.0153714887448257
CC(C)N1CCC(NC(=O)c2cc3cc([*:1])ccc3n2Cc2cc(-c3ccc(Cl)s3)on2)CC1,CPD_85,CC(C)N1CCC(NC(=O)c2cc3cc(C(=O)O)ccc3n2Cc2cc(-c3ccc(Cl)s3)on2)CC1,O=C(O)[*:1],8.07,1.328,5.5,CPD_362,CC(C)N1CCC(NC(=O)c2cc3cc(C(=O)OC4CCOC4=O)ccc3n2Cc2cc(-c3ccc(Cl)s3)on2)CC1,O=C1OCCC1OC(=O)[*:1],7.73,0.55,170.0,-0.34,-0.78,1.49,0.34,1.6818144963104582,0.17600033577207366
CC(C)N1CCC(NC(=O)c2cc3nc([*:1])ccc3n2Cc2cc(-c3ccc(Cl)s3)on2)CC1,CPD_321,CC(C)N1CCC(NC(=O)c2cc3nc(C(=O)O)ccc3n2Cc2cc(-c3ccc(Cl)s3)on2)CC1,O=C(O)[*:1],7.98,0.334,9.6,CPD_410,CC(C)N1CCC(NC(=O)c2cc3nc(O)ccc3n2Cc2cc(-c3ccc(Cl)s3)on2)CC1,O[*:1],7.63,1.019,330.0,-0.35,0.68,1.54,0.35,1.6834488409215174,0.1810236674445358
CC(C)N1CCC(NC(=O)c2cc3cc([*:1])ccc3n2Cc2cc(-c3ccc(Cl)s3)on2)CC1,CPD_344,CC(C)N1CCC(NC(=O)c2cc3cc(C(=O)N4CC(O)C4)ccc3n2Cc2cc(-c3ccc(Cl)s3)on2)CC1,O=C(N1CC(O)C1)[*:1],7.23,-1.036,6400.0,CPD_673,CC(C)N1CCC(NC(=O)c2cc3cc(C(=O)N4CCC(F)(F)CC4)ccc3n2Cc2cc(-c3ccc(Cl)s3)on2)CC1,O=C(N1CCC(F)(F)CC1)[*:1],6.88,0.623,560.0,-0.35,1.66,-1.06,0.35,1.9695684806576288,0.15768830880870122
O=C(N[*:1])c1cc2ccccc2n1Cc1cc(-c2ccc(Cl)s2)on1,CPD_31,O=C(NC1CCN(c2ccncn2)CC1)c1cc2ccccc2n1Cc1cc(-c2ccc(Cl)s2)on1,c1cc(N2CCC([*:1])CC2)ncn1,7.01,3.217,2.8,CPD_73,CCC(CC)N1CCC(NC(=O)c2cc3ccccc3n2Cc2cc(-c3ccc(Cl)s3)on2)CC1,CCC(CC)N1CCC([*:1])CC1,6.66,3.315,49.0,-0.35,0.1,1.24,0.35,1.244025723206719,0.2342663814708448
O=C(Cn1c([*:1])nc2ccccc21)Nc1ccc(Cl)cn1,CPD_427,CCN1CCN(c2ccc(NC(=O)c3nc4ccccc4n3CC(=O)Nc3ccc(Cl)cn3)cc2)C(=O)C1=O,CCN1CCN(c2ccc(NC(=O)[*:1])cc2)C(=O)C1=O,4.97,2.222,7.3,CPD_977,CNC(=O)CN1CCN(C(=O)c2nc3ccccc3n2CC(=O)Nc2ccc(Cl)cn2)CC1,CNC(=O)CN1CCN(C(=O)[*:1])CC1,4.62,2.07,26.0,-0.35,-0.15,0.55,0.35,0.570087712549569,0.4267836167327586
O=C(N[*:1])c1cc2ccccc2n1Cc1cc(-c2ccc(Cl)s2)on1,CPD_24,O=C(NC1CCN(c2ccnc(Cl)n2)CC1)c1cc2ccccc2n1Cc1cc(-c2ccc(Cl)s2)on1,Clc1nccc(N2CCC([*:1])CC2)n1,6.7,3.331,2.1,CPD_211,O=C(NCC1CN(c2ccncc2)C1)c1cc2ccccc2n1Cc1cc(-c2ccc(Cl)s2)on1,c1cc(N2CC(C[*:1])C2)ccn1,6.35,1.589,190.0,-0.35,-1.74,1.96,0.35,2.6209158704544486,0.1219123150218251
CC(C)N1CCC(NC(=O)c2nc3cc([*:1])ccc3n2CC(=O)Nc2ccc(Cl)cn2)CC1,CPD_381,CC(C)N1CCC(NC(=O)c2nc3cc(C(=O)N4CC(O)C4)ccc3n2CC(=O)Nc2ccc(Cl)cn2)CC1,O=C(N1CC(O)C1)[*:1],7.5,-0.694,3300.0,CPD_444,CC(C)N1CCC(NC(=O)c2nc3cc(S(=O)(=O)CCO)ccc3n2CC(=O)Nc2ccc(Cl)cn2)CC1,O=S(=O)(CCO)[*:1],7.15,0.282,890.0,-0.35,0.98,-0.57,0.35,1.1337107214805724,0.25294304262201533
CC(C)N1CCC(NC(=O)c2cc3cc([*:1])ccc3n2Cc2cc(-c3ccc(Cl)s3)on2)CC1,CPD_194,Cc1oc(=O)oc1COC(=O)c1ccc2c(c1)cc(C(=O)NC1CCN(C(C)C)CC1)n2Cc1cc(-c2ccc(Cl)s2)on1,Cc1oc(=O)oc1COC(=O)[*:1],7.96,3.174,10.0,CPD_503,CC(C)ONC(=O)c1ccc2c(c1)cc(C(=O)NC1CCN(C(C)C)CC1)n2Cc1cc(-c2ccc(Cl)s2)on1,CC(C)ONC(=O)[*:1],7.61,2.516,57.0,-0.35,-0.66,0.76,0.35,1.0065783625729297,0.2785341610397868
O=C(N[*:1])c1cc2ccccc2n1Cc1cc(-c2ccc(Cl)s2)on1,CPD_63,CC(C)N1CC[C@H](NC(=O)c2cc3ccccc3n2Cc2cc(-c3ccc(Cl)s3)on2)C1,CC(C)N1CC[C@H]([*:1])C1,6.99,1.909,390.0,CPD_177,CC(C)N1CC(NC(=O)c2cc3ccccc3n2Cc2cc(-c3ccc(Cl)s3)on2)C1,CC(C)N1CC([*:1])C1,6.65,2.16,190.0,-0.35,0.25,-0.31,0.35,0.39824615503479754,0.5399183586074832
CC(C)N1CCC(NC(=O)c2cc3cc(C(=O)O[*:1])ccc3n2CC(=O)Nc2ccc(Cl)cn2)CC1,CPD_315,CCOC(=O)OC(C)OC(=O)c1ccc2c(c1)cc(C(=O)NC1CCN(C(C)C)CC1)n2CC(=O)Nc1ccc(Cl)cn1,CCOC(=O)OC(C)[*:1],7.83,1.946,1900.0,CPD_332,CC(OC(=O)OC1CCCCC1)OC(=O)c1ccc2c(c1)cc(C(=O)NC1CCN(C(C)C)CC1)n2CC(=O)Nc1ccc(Cl)cn1,CC(OC(=O)OC1CCCCC1)[*:1],7.48,3.475,140.0,-0.35,1.53,-1.13,0.35,1.9020515240129536,0.16263551132240142
CC(C)N1CCC(NC(=O)c2cc3cc(C(=O)O[*:1])ccc3n2CC(=O)Nc2ccc(Cl)cn2)CC1,CPD_268,COC(=O)c1ccc2c(c1)cc(C(=O)NC1CCN(C(C)C)CC1)n2CC(=O)Nc1ccc(Cl)cn1,C[*:1],8.12,0.993,8500.0,CPD_374,CC(C)OC(=O)OC(C)OC(=O)c1ccc2c(c1)cc(C(=O)NC1CCN(C(C)C)CC1)n2CC(=O)Nc1ccc(Cl)cn1,CC(C)OC(=O)OC(C)[*:1],7.77,2.294,1000.0,-0.35,1.3,-0.93,0.35,1.5984054554461458,0.18935239504339227
O=C(N[*:1])c1cc2ccccc2n1Cc1cc(-c2ccc(Cl)s2)on1,CPD_58,CCN1CC[C@@H](NC(=O)c2cc3ccccc3n2Cc2cc(-c3ccc(Cl)s3)on2)C1,CCN1CC[C@@H]([*:1])C1,7.0,1.624,680.0,CPD_73,CCC(CC)N1CCC(NC(=O)c2cc3ccccc3n2Cc2cc(-c3ccc(Cl)s3)on2)CC1,CCC(CC)N1CCC([*:1])CC1,6.66,3.315,49.0,-0.35,1.69,-1.14,0.35,2.0385534086699812,0.15293503689887947
CC(C)N1CCC(NC(=O)c2nc3c([*:1])cccc3n2CC(=O)Nc2ccc(Cl)cn2)CC1,CPD_353,CC(C)N1CCC(NC(=O)c2nc3c(C(=O)NCCO)cccc3n2CC(=O)Nc2ccc(Cl)cn2)CC1,O=C(NCCO)[*:1],8.06,0.477,1200.0,CPD_609,CC(C)N1CCC(NC(=O)c2nc3c(C(=O)N4CCOCC4)cccc3n2CC(=O)Nc2ccc(Cl)cn2)CC1,O=C(N1CCOCC1)[*:1],7.71,-0.016,1600.0,-0.35,-0.49,0.12,0.35,0.5044799302251776,0.46389570613964654
Clc1ccc(-c2cc(Cn3c([*:1])cc4ccccc43)no2)s1,CPD_250,O=C(c1cc2ccccc2n1Cc1cc(-c2ccc(Cl)s2)on1)N1CCC(N2CCCC2=O)CC1,O=C1CCCN1C1CCN(C(=O)[*:1])CC1,5.35,2.607,2.1,CPD_394,Nc1nc(CNC(=O)c2cc3ccccc3n2Cc2cc(-c3ccc(Cl)s3)on2)c[nH]1,Nc1nc(CNC(=O)[*:1])c[nH]1,5.0,1.539,34.0,-0.35,-1.07,1.21,0.35,1.615239920259526,0.18764342120197686
CC(C)N1CCC(NC(=O)c2cc3c([*:1])cccc3n2Cc2cc(-c3ccc(Cl)s3)on2)CC1,CPD_161,CC(OC(=O)c1cccc2c1cc(C(=O)NC1CCN(C(C)C)CC1)n2Cc1cc(-c2ccc(Cl)s2)on1)OC(=O)C(C)(C)C,CC(OC(=O)C(C)(C)C)OC(=O)[*:1],7.78,3.512,26.0,CPD_406,CC(C)N1CCC(NC(=O)c2cc3c(C(=O)N(C)CCO)cccc3n2Cc2cc(-c3ccc(Cl)s3)on2)CC1,CN(CCO)C(=O)[*:1],7.43,-0.435,32000.0,-0.35,-3.95,3.09,0.35,5.015037387697125,0.06647626108370078
O=C(N[*:1])c1cc2ccccc2n1Cc1cc(-c2ccc(Cl)s2)on1,CPD_60,CC(C)N1CC[C@@H](NC(=O)c2cc3ccccc3n2Cc2cc(-c3ccc(Cl)s3)on2)C1,CC(C)N1CC[C@@H]([*:1])C1,7.32,1.909,390.0,CPD_208,O=C(NC1CN(c2cc[n+]([O-])cc2)C1)c1cc2ccccc2n1Cc1cc(-c2ccc(Cl)s2)on1,[O-][n+]1ccc(N2CC([*:1])C2)cc1,6.96,1.058,17.0,-0.36,-0.85,-1.36,0.36,1.6037767924496227,0.19419813726564558
Clc1ccc(-c2cc(Cn3c([*:1])cc4ccccc43)no2)s1,CPD_31,O=C(NC1CCN(c2ccncn2)CC1)c1cc2ccccc2n1Cc1cc(-c2ccc(Cl)s2)on1,O=C(NC1CCN(c2ccncn2)CC1)[*:1],7.01,3.217,2.8,CPD_177,CC(C)N1CC(NC(=O)c2cc3ccccc3n2Cc2cc(-c3ccc(Cl)s3)on2)C1,CC(C)N1CC(NC(=O)[*:1])C1,6.65,2.16,190.0,-0.36,-1.06,1.83,0.36,2.1148285982556603,0.15223090598005387
CC(C)N1CCC(NC(=O)c2nc3ccc([*:1])cc3n2CC(=O)Nc2ccc(Cl)cn2)CC1,CPD_317,COC(=O)c1ccc2nc(C(=O)NC3CCN(C(C)C)CC3)n(CC(=O)Nc3ccc(Cl)cn3)c2c1,COC(=O)[*:1],6.43,2.305,160.0,CPD_387,CC(OC(=O)OC1CCCCC1)OC(=O)c1ccc2nc(C(=O)NC3CCN(C(C)C)CC3)n(CC(=O)Nc3ccc(Cl)cn3)c2c1,CC(OC(=O)OC1CCCCC1)OC(=O)[*:1],6.06,4.788,4.3,-0.36,2.48,-1.57,0.36,2.935183128869475,0.11302332878040067
CC(C)N1CCC(NC(=O)c2nc3c(C(=O)O)cccc3n2[*:1])CC1,CPD_467,COc1cccc(Cn2c(C(=O)NC3CCN(C(C)C)CC3)nc3c(C(=O)O)cccc32)c1,COc1cccc(C[*:1])c1,6.25,1.47,4.5,CPD_671,CC(C)N1CCC(NC(=O)c2nc3c(C(=O)O)cccc3n2Cc2n[nH]c3ccc(Cl)cc23)CC1,Clc1ccc2[nH]nc(C[*:1])c2c1,5.89,1.751,1.1,-0.36,0.28,-0.61,0.36,0.6711929677819933,0.39079759897298355
Clc1ccc(-c2cc(Cn3c([*:1])cc4ccccc43)no2)s1,CPD_58,CCN1CC[C@@H](NC(=O)c2cc3ccccc3n2Cc2cc(-c3ccc(Cl)s3)on2)C1,CCN1CC[C@@H](NC(=O)[*:1])C1,7.0,1.624,680.0,CPD_177,CC(C)N1CC(NC(=O)c2cc3ccccc3n2Cc2cc(-c3ccc(Cl)s3)on2)C1,CC(C)N1CC(NC(=O)[*:1])C1,6.65,2.16,190.0,-0.36,0.54,-0.55,0.36,0.7707788269017255,0.3526718918070375
CC(C)N1CCC(NC(=O)c2nc3c([*:1])nccc3n2CC(=O)Nc2ccc(Cl)cn2)CC1,CPD_833,COc1nccc2c1nc(C(=O)NC1CCN(C(C)C)CC1)n2CC(=O)Nc1ccc(Cl)cn1,CO[*:1],7.93,1.509,890.0,CPD_834,CC(C)N1CCC(NC(=O)c2nc3c(OCCO)nccc3n2CC(=O)Nc2ccc(Cl)cn2)CC1,OCCO[*:1],7.57,0.542,2600.0,-0.36,-0.97,0.47,0.36,1.0778682665335315,0.2711112307396264
CC(C)N1CCC(NC(=O)c2nc3c([*:1])c(F)ccc3n2Cc2cc(-c3ccc(Cl)s3)on2)CC1,CPD_696,CC(C)N1CCC(NC(=O)c2nc3c(C(=O)O)c(F)ccc3n2Cc2cc(-c3ccc(Cl)s3)on2)CC1,O=C(O)[*:1],8.28,2.153,0.6,CPD_702,CC(C)N1CCC(NC(=O)c2nc3c(C(=O)N4CC(O)C4)c(F)ccc3n2Cc2cc(-c3ccc(Cl)s3)on2)CC1,O=C(N1CC(O)C1)[*:1],7.92,-0.19,510.0,-0.36,-2.34,2.93,0.36,3.749733323851178,0.09000600061340361
COc1cccc(Cn2c(C(=O)NC3CCN(C(C)C)CC3)cc3c([*:1])cccc32)c1,CPD_542,COc1cccc(Cn2c(C(=O)NC3CCN(C(C)C)CC3)cc3c(C(=O)OCCO)cccc32)c1,O=C(OCCO)[*:1],7.19,0.143,53000.0,CPD_680,COc1cccc(Cn2c(C(=O)NC3CCN(C(C)C)CC3)cc3c(C(=O)N4CCC(F)(F)CC4)cccc32)c1,O=C(N1CCC(F)(F)CC1)[*:1],6.83,-0.127,22000.0,-0.36,-0.27,-0.38,0.36,0.46615448083226657,0.502684839144806
CC(C)N1CCC(NC(=O)c2cc3c([*:1])cccc3n2Cc2cc(-c3ccc(Cl)s3)on2)CC1,CPD_161,CC(OC(=O)c1cccc2c1cc(C(=O)NC1CCN(C(C)C)CC1)n2Cc1cc(-c2ccc(Cl)s2)on1)OC(=O)C(C)(C)C,CC(OC(=O)C(C)(C)C)OC(=O)[*:1],7.78,3.512,26.0,CPD_675,CC(C)N1CCC(NC(=O)c2cc3c(C(=O)N4CCC(F)(F)CC4)cccc3n2Cc2cc(-c3ccc(Cl)s3)on2)CC1,O=C(N1CCC(F)(F)CC1)[*:1],7.41,0.626,560.0,-0.37,-2.89,1.33,0.37,3.1813519138881823,0.1078292198775789
CC(C)N1CCC(NC(=O)c2cc3cc(C(=O)OC[*:1])ccc3n2Cc2cc(-c3ccc(Cl)s3)on2)CC1,CPD_364,CC(C)N1CCC(NC(=O)c2cc3cc(C(=O)OCCN4CCNC4=O)ccc3n2Cc2cc(-c3ccc(Cl)s3)on2)CC1,O=C1NCCN1C[*:1],8.16,1.632,44.0,CPD_366,CC(C)N1CCC(NC(=O)c2cc3cc(C(=O)OCCN4CCOCC4)ccc3n2Cc2cc(-c3ccc(Cl)s3)on2)CC1,C1CN(C[*:1])CCO1,7.79,1.706,740.0,-0.37,0.07,1.23,0.37,1.2319902597017558,0.24966425897728972
CC(C)N1CCC(NC(=O)c2nc3cc(O[*:1])ccc3n2CC(=O)Nc2ccc(Cl)cn2)CC1,CPD_942,CCOCC(O)COc1ccc2c(c1)nc(C(=O)NC1CCN(C(C)C)CC1)n2CC(=O)Nc1ccc(Cl)cn1,CCOCC(O)C[*:1],8.1,1.877,390.0,CPD_944,CC(C)N1CCC(NC(=O)c2nc3cc(OC(C)(C)CO)ccc3n2CC(=O)Nc2ccc(Cl)cn2)CC1,CC(C)(CO)[*:1],7.73,1.966,380.0,-0.37,0.09,-0.01,0.37,0.09055385138137416,1.0864654694086844
CC(C)N1CCC(NC(=O)c2cc3cc([*:1])ccc3n2Cc2cc(-c3ccc(Cl)s3)on2)CC1,CPD_143,CC(C)N1CCC(NC(=O)c2cc3cc(CO)ccc3n2Cc2cc(-c3ccc(Cl)s3)on2)CC1,OC[*:1],8.54,0.77,2500.0,CPD_364,CC(C)N1CCC(NC(=O)c2cc3cc(C(=O)OCCN4CCNC4=O)ccc3n2Cc2cc(-c3ccc(Cl)s3)on2)CC1,O=C1NCCN1CCOC(=O)[*:1],8.16,1.632,44.0,-0.37,0.86,-1.75,0.37,1.9498974332000132,0.16818965939779787
O=C(Cn1c([*:1])nc2ccccc21)Nc1ccc(Cl)cn1,CPD_981,O=C(Cn1c(C(=O)N2CCN(Cc3ccncc3)CC2)nc2ccccc21)Nc1ccc(Cl)cn1,O=C(N1CCN(Cc2ccncc2)CC1)[*:1],5.62,2.389,26.0,CPD_989,O=C(Cn1c(C(=O)N2CCN(C(=O)N3CCCC3)CC2)nc2ccccc21)Nc1ccc(Cl)cn1,O=C(N1CCCC1)N1CCN(C(=O)[*:1])CC1,5.26,2.656,7.4,-0.37,0.27,-0.55,0.37,0.6126989472816157,0.42888657876061925
CC(C)N1CCC(NC(=O)c2nc3cc(C(=O)O)ccc3n2C[*:1])CC1,CPD_288,CC(C)N1CCC(NC(=O)c2nc3cc(C(=O)O)ccc3n2Cc2cnc(-c3ccc(Cl)s3)s2)CC1,Clc1ccc(-c2ncc([*:1])s2)s1,7.03,3.024,0.4,CPD_596,CC(C)N1CCC(NC(=O)c2nc3cc(C(=O)O)ccc3n2CCc2ccc(Cl)cc2)CC1,Clc1ccc(C[*:1])cc1,6.66,2.566,2.3,-0.37,-0.46,0.76,0.37,0.8883692925805123,0.32502633583980955
CC(C)N1CCC(NC(=O)c2nc3c([*:1])cccc3n2Cc2cc3ccc(Cl)cc3s2)CC1,CPD_754,CC(C)N1CCC(NC(=O)c2nc3c(C(=O)O)cccc3n2Cc2cc3ccc(Cl)cc3s2)CC1,O=C(O)[*:1],8.25,4.311,0.2,CPD_766,CC(C)N1CCC(NC(=O)c2nc3c(C(=O)N4CCN(C)CC4)cccc3n2Cc2cc3ccc(Cl)cc3s2)CC1,CN1CCN(C(=O)[*:1])CC1,7.87,3.286,13.0,-0.37,-1.02,1.81,0.37,2.0776188293332343,0.15896073503838667
CC(C)N1CCC(NC(=O)c2nc3cc([*:1])ccc3n2CC(=O)Nc2ccc(Cl)cn2)CC1,CPD_341,CC(C)N1CCC(NC(=O)c2nc3cc(C(=O)O)ccc3n2CC(=O)Nc2ccc(Cl)cn2)CC1,O=C(O)[*:1],7.65,1.376,1.9,CPD_547,CC(C)N1CCC(NC(=O)c2nc3cc(C(=O)N4CCCOCC4)ccc3n2CC(=O)Nc2ccc(Cl)cn2)CC1,O=C(N1CCCOCC1)[*:1],7.28,0.367,1100.0,-0.37,-1.01,2.76,0.37,2.938996427354072,0.11602396190421294
CC(C)N1CCC(NC(=O)c2cc3cc([*:1])ccc3n2Cc2cc(-c3ccc(Cl)s3)on2)CC1,CPD_158,CC(C)N1CCC(NC(=O)c2cc3cc(-c4noc(O)n4)ccc3n2Cc2cc(-c3ccc(Cl)s3)on2)CC1,Oc1nc([*:1])no1,8.24,0.316,300.0,CPD_361,CC(C)N1CCC(NC(=O)c2cc3cc(C(=O)OCC4COC(=O)O4)ccc3n2Cc2cc(-c3ccc(Cl)s3)on2)CC1,O=C1OCC(COC(=O)[*:1])O1,7.86,1.042,660.0,-0.38,0.73,0.34,0.38,0.8052949770115296,0.36008889294263013
Clc1ccc(-c2cc(Cn3c([*:1])nc4ccccc43)no2)s1,CPD_116,O=C(NC1CCN(c2ccncn2)CC1)c1nc2ccccc2n1Cc1cc(-c2ccc(Cl)s2)on1,O=C(NC1CCN(c2ccncn2)CC1)[*:1],7.23,3.606,0.7,CPD_605,O=C(Nc1ccc(N2CCNCC2=O)cc1)c1nc2ccccc2n1Cc1cc(-c2ccc(Cl)s2)on1,O=C1CNCCN1c1ccc(NC(=O)[*:1])cc1,6.85,3.407,0.8,-0.38,-0.2,0.06,0.38,0.208806130178211,0.8282365360994612
CC(C)N1CCC(NC(=O)c2cc3cc([*:1])ccc3n2CC(=O)Nc2ccc(Cl)cn2)CC1,CPD_168,CC(C)N1CCC(NC(=O)c2cc3cc(Cl)ccc3n2CC(=O)Nc2ccc(Cl)cn2)CC1,Cl[*:1],8.52,1.704,2300.0,CPD_781,CC(C)N1CCC(NC(=O)c2cc3cc(OCCO)ccc3n2CC(=O)Nc2ccc(Cl)cn2)CC1,OCCO[*:1],8.14,-0.041,55000.0,-0.38,-1.74,1.38,0.38,2.2208106627986095,0.15379567755693022
CC(C)N1CCC(NC(=O)c2cc3cc([*:1])ccc3n2CC(=O)Nc2ccc(Cl)cn2)CC1,CPD_359,CC(C)N1CCC(NC(=O)c2cc3cc(C(=O)OCC(=O)O)ccc3n2CC(=O)Nc2ccc(Cl)cn2)CC1,O=C(O)COC(=O)[*:1],8.35,0.3,9.7,CPD_674,CC(C)N1CCC(NC(=O)c2cc3cc(C(=O)N4CCC(F)(F)CC4)ccc3n2CC(=O)Nc2ccc(Cl)cn2)CC1,O=C(N1CCC(F)(F)CC1)[*:1],7.96,-0.344,18000.0,-0.38,-0.64,3.27,0.38,3.332041416309227,0.10608475889470166
CC(C)N1CCC(NC(=O)c2cc3cc(C(=O)O[*:1])ccc3n2Cc2cc(-c3ccc(Cl)s3)on2)CC1,CPD_194,Cc1oc(=O)oc1COC(=O)c1ccc2c(c1)cc(C(=O)NC1CCN(C(C)C)CC1)n2Cc1cc(-c2ccc(Cl)s2)on1,Cc1oc(=O)oc1C[*:1],7.96,3.174,10.0,CPD_365,CC(C)N1CCC(NC(=O)c2cc3cc(C(=O)OC4CCOC4)ccc3n2Cc2cc(-c3ccc(Cl)s3)on2)CC1,C1CC([*:1])CO1,7.58,1.734,120.0,-0.38,-1.44,1.08,0.38,1.8,0.1853658536585366
O=C(N[*:1])c1cc2ccccc2n1Cc1cc(-c2ccc(Cl)s2)on1,CPD_180,CC(C)CN1CC(NC(=O)c2cc3ccccc3n2Cc2cc(-c3ccc(Cl)s3)on2)C1,CC(C)CN1CC([*:1])C1,6.46,2.966,47.0,CPD_204,CC(C)N1CC(CNC(=O)c2cc3ccccc3n2Cc2cc(-c3ccc(Cl)s3)on2)C1,CC(C)N1CC(C[*:1])C1,6.08,1.854,360.0,-0.38,-1.11,0.88,0.38,1.4165097952361643,0.2280214620317605
CC(C)N1CCC(NC(=O)c2cc3cc(C(=O)O[*:1])ccc3n2Cc2cc(-c3ccc(Cl)s3)on2)CC1,CPD_171,CCOC(=O)c1ccc2c(c1)cc(C(=O)NC1CCN(C(C)C)CC1)n2Cc1cc(-c2ccc(Cl)s2)on1,CC[*:1],7.96,2.492,130.0,CPD_365,CC(C)N1CCC(NC(=O)c2cc3cc(C(=O)OC4CCOC4)ccc3n2Cc2cc(-c3ccc(Cl)s3)on2)CC1,C1CC([*:1])CO1,7.58,1.734,120.0,-0.38,-0.76,-0.03,0.38,0.7605918747922568,0.37601727213383257
CC(C)N1CCC(NC(=O)c2cc3c([*:1])cccc3n2Cc2cc(-c3ccc(Cl)s3)on2)CC1,CPD_133,CC(C)N1CCC(NC(=O)c2cc3c(Cl)cccc3n2Cc2cc(-c3ccc(Cl)s3)on2)CC1,Cl[*:1],8.16,2.601,74.0,CPD_161,CC(OC(=O)c1cccc2c1cc(C(=O)NC1CCN(C(C)C)CC1)n2Cc1cc(-c2ccc(Cl)s2)on1)OC(=O)C(C)(C)C,CC(OC(=O)C(C)(C)C)OC(=O)[*:1],7.78,3.512,26.0,-0.38,0.91,-0.45,0.38,1.0151847122568387,0.30035140032806384
CC(C)N1CCC(NC(=O)c2cc3cc([*:1])ccc3n2Cc2cc(-c3ccc(Cl)s3)on2)CC1,CPD_404,CC(C)N1CCC(NC(=O)c2cc3cc(C(=O)OCCO)ccc3n2Cc2cc(-c3ccc(Cl)s3)on2)CC1,O=C(OCCO)[*:1],8.24,0.885,1400.0,CPD_877,CC(C)N1CCC(NC(=O)c2cc3cc(OC(C)(C)C(=O)O)ccc3n2Cc2cc(-c3ccc(Cl)s3)on2)CC1,CC(C)(O[*:1])C(=O)O,7.85,1.472,1.6,-0.38,0.59,-2.94,0.38,2.998616347584332,0.11697287686265805
CC(C)N1CCC(NC(=O)c2nc3c(C(=O)NCCO)cccc3n2C[*:1])CC1,CPD_323,CC(C)N1CCC(NC(=O)c2nc3c(C(=O)NCCO)cccc3n2Cc2cc(-c3ccc(Cl)s3)on2)CC1,Clc1ccc(-c2cc([*:1])no2)s1,9.16,1.295,130.0,CPD_769,CC(C)N1CCC(NC(=O)c2nc3c(C(=O)NCCO)cccc3n2Cc2cc3ccc(Cl)cc3s2)CC1,Clc1ccc2cc([*:1])sc2c1,8.77,3.391,14.0,-0.39,2.1,-0.97,0.39,2.3132012450281967,0.1521534841466222
Clc1ccc(-c2cc(Cn3c([*:1])cc4ccccc43)no2)s1,CPD_26,CN1CCC(NC(=O)c2cc3ccccc3n2Cc2cc(-c3ccc(Cl)s3)on2)CC1,CN1CCC(NC(=O)[*:1])CC1,7.4,2.01,210.0,CPD_31,O=C(NC1CCN(c2ccncn2)CC1)c1cc2ccccc2n1Cc1cc(-c2ccc(Cl)s2)on1,O=C(NC1CCN(c2ccncn2)CC1)[*:1],7.01,3.217,2.8,-0.39,1.21,-1.88,0.39,2.235732542143626,0.15689539939951663
Clc1ccc(-c2cc(Cn3c([*:1])cc4ccccc43)no2)s1,CPD_18,COC(=O)N1CCC(NC(=O)c2cc3ccccc3n2Cc2cc(-c3ccc(Cl)s3)on2)CC1,COC(=O)N1CCC(NC(=O)[*:1])CC1,5.75,3.257,1.6,CPD_250,O=C(c1cc2ccccc2n1Cc1cc(-c2ccc(Cl)s2)on1)N1CCC(N2CCCC2=O)CC1,O=C1CCCN1C1CCN(C(=O)[*:1])CC1,5.35,2.607,2.1,-0.39,-0.65,0.12,0.39,0.6609841147864297,0.42810845290253086
Clc1ccc(-c2cc(Cn3c([*:1])cc4ccccc43)no2)s1,CPD_16,CC(C)CN1CCC(NC(=O)c2cc3ccccc3n2Cc2cc(-c3ccc(Cl)s3)on2)CC1,CC(C)CN1CCC(NC(=O)[*:1])CC1,6.85,3.104,48.0,CPD_180,CC(C)CN1CC(NC(=O)c2cc3ccccc3n2Cc2cc(-c3ccc(Cl)s3)on2)C1,CC(C)CN1CC(NC(=O)[*:1])C1,6.46,2.966,47.0,-0.39,-0.14,-0.01,0.39,0.14035668847618202,0.999086249866566
CC(C)N1CCC(NC(=O)c2cc3cc([*:1])ccc3n2Cc2cc(-c3ccc(Cl)s3)on2)CC1,CPD_158,CC(C)N1CCC(NC(=O)c2cc3cc(-c4noc(O)n4)ccc3n2Cc2cc(-c3ccc(Cl)s3)on2)CC1,Oc1nc([*:1])no1,8.24,0.316,300.0,CPD_877,CC(C)N1CCC(NC(=O)c2cc3cc(OC(C)(C)C(=O)O)ccc3n2Cc2cc(-c3ccc(Cl)s3)on2)CC1,CC(C)(O[*:1])C(=O)O,7.85,1.472,1.6,-0.39,1.16,-2.27,0.39,2.549215565620138,0.13932474682906368
CC(C)N1CCC(NC(=O)c2cc3c([*:1])cccc3n2Cc2cc(-c3ccc(Cl)s3)on2)CC1,CPD_132,CC(C)N1CCC(NC(=O)c2cc3c(C(F)(F)F)cccc3n2Cc2cc(-c3ccc(Cl)s3)on2)CC1,FC(F)(F)[*:1],7.82,2.572,90.0,CPD_406,CC(C)N1CCC(NC(=O)c2cc3c(C(=O)N(C)CCO)cccc3n2Cc2cc(-c3ccc(Cl)s3)on2)CC1,CN(CCO)C(=O)[*:1],7.43,-0.435,32000.0,-0.39,-3.01,2.55,0.39,3.9449461339795246,0.0929690126032745
CC(C)N1CCC(NC(=O)c2nc3cc([*:1])ccc3n2CC(=O)Nc2ccc(Cl)cn2)CC1,CPD_876,CC(C)N1CCC(NC(=O)c2nc3cc(OCc4nn[nH]n4)ccc3n2CC(=O)Nc2ccc(Cl)cn2)CC1,C(O[*:1])c1nn[nH]n1,8.54,0.205,12.0,CPD_900,CC(C)N1CCC(NC(=O)c2nc3cc(O)ccc3n2CC(=O)Nc2ccc(Cl)cn2)CC1,O[*:1],8.14,1.553,42.0,-0.39,1.35,0.54,0.39,1.4539944979263162,0.22887397845158083
CC(C)N1CCC(NC(=O)c2nc3c([*:1])cccc3n2CCc2ccc(Cl)cc2)CC1,CPD_466,CC(C)N1CCC(NC(=O)c2nc3c(C(=O)O)cccc3n2CCc2ccc(Cl)cc2)CC1,O=C(O)[*:1],7.19,2.565,2.3,CPD_526,COC1CN(C(=O)c2cccc3c2nc(C(=O)NC2CCN(C(C)C)CC2)n3CCc2ccc(Cl)cc2)C1,COC1CN(C(=O)[*:1])C1,6.8,1.108,540.0,-0.4,-1.46,2.37,0.4,2.7836127604248406,0.13185598545016083
O=C(O)c1ccc2c(c1)cc(C(=O)N[*:1])n2Cc1cc(-c2ccc(Cl)s2)on1,CPD_264,O=C(O)c1ccc2c(c1)cc(C(=O)NC1CCN(c3ccncc3F)CC1)n2Cc1cc(-c2ccc(Cl)s2)on1,Fc1cnccc1N1CCC([*:1])CC1,6.15,1.713,1.2,CPD_283,O=C(O)c1ccc2c(c1)cc(C(=O)NC1CCN(c3ccccn3)CC1)n2Cc1cc(-c2ccc(Cl)s2)on1,c1ccc(N2CCC([*:1])CC2)nc1,5.76,1.179,8.9,-0.4,-0.53,0.87,0.4,1.0187246929372038,0.31527722462307134
O=C(N[*:1])c1cc2ccccc2n1Cc1cc(-c2ccc(Cl)s2)on1,CPD_26,CN1CCC(NC(=O)c2cc3ccccc3n2Cc2cc(-c3ccc(Cl)s3)on2)CC1,CN1CCC([*:1])CC1,7.4,2.01,210.0,CPD_58,CCN1CC[C@@H](NC(=O)c2cc3ccccc3n2Cc2cc(-c3ccc(Cl)s3)on2)C1,CCN1CC[C@@H]([*:1])C1,7.0,1.624,680.0,-0.4,-0.39,0.51,0.4,0.6420280367709809,0.4484163989373531
CC(C)N1CCC(NC(=O)c2cc3cc([*:1])ccc3n2Cc2cc(-c3ccc(Cl)s3)on2)CC1,CPD_148,CC(C)N1CCC(NC(=O)c2cc3cc(C(N)=O)ccc3n2Cc2cc(-c3ccc(Cl)s3)on2)CC1,NC(=O)[*:1],8.44,0.497,390.0,CPD_363,CC(C)N1CCC(NC(=O)c2cc3cc(C(=O)OCCN4CCCC4=O)ccc3n2Cc2cc(-c3ccc(Cl)s3)on2)CC1,O=C1CCCN1CCOC(=O)[*:1],8.03,1.653,110.0,-0.4,1.16,-0.55,0.4,1.2837834708392222,0.26079300475257877
O=C(N[*:1])c1cc2ccccc2n1Cc1cc(-c2ccc(Cl)s2)on1,CPD_26,CN1CCC(NC(=O)c2cc3ccccc3n2Cc2cc(-c3ccc(Cl)s3)on2)CC1,CN1CCC([*:1])CC1,7.4,2.01,210.0,CPD_63,CC(C)N1CC[C@H](NC(=O)c2cc3ccccc3n2Cc2cc(-c3ccc(Cl)s3)on2)C1,CC(C)N1CC[C@H]([*:1])C1,6.99,1.909,390.0,-0.4,-0.1,0.27,0.4,0.2879236009777594,0.7436000191717526
CC(C)N1CCC(NC(=O)c2cc3cc([*:1])ccc3n2Cc2cc(-c3ccc(Cl)s3)on2)CC1,CPD_37,CC(C)N1CCC(NC(=O)c2cc3cc(C#N)ccc3n2Cc2cc(-c3ccc(Cl)s3)on2)CC1,N#C[*:1],8.7,1.433,130.0,CPD_181,CC(C)N1CCC(NC(=O)c2cc3cc(OCC(=O)O)ccc3n2Cc2cc(-c3ccc(Cl)s3)on2)CC1,O=C(O)CO[*:1],8.3,0.774,4.7,-0.4,-0.66,-1.44,0.4,1.5840454538932902,0.21809710285581238
CC(C)N1CCC(NC(=O)c2cc3cc([*:1])ccc3n2Cc2cc(-c3ccc(Cl)s3)on2)CC1,CPD_167,CCOC(=O)OC(C)OC(=O)c1ccc2c(c1)cc(C(=O)NC1CCN(C(C)C)CC1)n2Cc1cc(-c2ccc(Cl)s2)on1,CCOC(=O)OC(C)OC(=O)[*:1],7.38,2.914,58.0,CPD_373,CC(C)N1CCC(NC(=O)c2cc3cc(C(=O)N4CCCC4CO)ccc3n2Cc2cc(-c3ccc(Cl)s3)on2)CC1,O=C(N1CCCC1CO)[*:1],6.98,-0.415,2900.0,-0.4,-3.33,1.7,0.4,3.7388367174831263,0.10027986311066445
CC(C)N1CCC(NC(=O)c2cc3ccccc3n2CC(=O)N[*:1])CC1,CPD_146,CC(C)N1CCC(NC(=O)c2cc3ccccc3n2CC(=O)Nc2ccc(Cl)s2)CC1,Clc1ccc([*:1])s1,7.82,1.184,1900.0,CPD_861,C#Cc1ccc(NC(=O)Cn2c(C(=O)NC3CCN(C(C)C)CC3)cc3ccccc32)cc1,C#Cc1ccc([*:1])cc1,7.42,0.573,1600.0,-0.4,-0.61,-0.07,0.4,0.6140032573203501,0.4629612175775517
Clc1ccc(-c2cc(Cn3c([*:1])nc4ccccc43)no2)s1,CPD_533,O=C(Nc1ccc(N2CCOC2=O)cc1)c1nc2ccccc2n1Cc1cc(-c2ccc(Cl)s2)on1,O=C1OCCN1c1ccc(NC(=O)[*:1])cc1,6.33,4.952,0.1,CPD_978,O=C(c1nc2ccccc2n1Cc1cc(-c2ccc(Cl)s2)on1)N1CCN(Cc2ccncc2)CC1,O=C(N1CCN(Cc2ccncc2)CC1)[*:1],5.93,3.205,2.8,-0.4,-1.75,1.45,0.4,2.272663635472702,0.15856255839080471
CC(C)N1CCC(NC(=O)c2cc3cc([*:1])ccc3n2Cc2cc(-c3ccc(Cl)s3)on2)CC1,CPD_162,CC(OC(=O)c1ccc2c(c1)cc(C(=O)NC1CCN(C(C)C)CC1)n2Cc1cc(-c2ccc(Cl)s2)on1)OC(=O)C(C)(C)C,CC(OC(=O)C(C)(C)C)OC(=O)[*:1],7.04,3.499,26.0,CPD_335,CC(C)N1CCC(NC(=O)c2cc3cc(C(=O)N(CCO)CCO)ccc3n2Cc2cc(-c3ccc(Cl)s3)on2)CC1,O=C(N(CCO)CCO)[*:1],6.64,-1.074,41000.0,-0.4,-4.57,3.2,0.4,5.578969438883852,0.0686227650005647
CC(C)N1CCC(NC(=O)c2cc3c([*:1])cccc3n2Cc2cc(-c3ccc(Cl)s3)on2)CC1,CPD_396,CC(C)N1CCC(NC(=O)c2cc3c(C(=O)N4CC(O)C4)cccc3n2Cc2cc(-c3ccc(Cl)s3)on2)CC1,O=C(N1CC(O)C1)[*:1],7.83,-1.031,6300.0,CPD_406,CC(C)N1CCC(NC(=O)c2cc3c(C(=O)N(C)CCO)cccc3n2Cc2cc(-c3ccc(Cl)s3)on2)CC1,CN(CCO)C(=O)[*:1],7.43,-0.435,32000.0,-0.4,0.6,0.71,0.4,0.929569792968769,0.33910668311814823
CC(C)N1CCC(NC(=O)c2cc3c([*:1])cccc3n2Cc2cc(-c3ccc(Cl)s3)on2)CC1,CPD_39,CC(C)N1CCC(NC(=O)c2cc3c(Br)cccc3n2Cc2cc(-c3ccc(Cl)s3)on2)CC1,Br[*:1],7.82,2.781,71.0,CPD_406,CC(C)N1CCC(NC(=O)c2cc3c(C(=O)N(C)CCO)cccc3n2Cc2cc(-c3ccc(Cl)s3)on2)CC1,CN(CCO)C(=O)[*:1],7.43,-0.435,32000.0,-0.4,-3.22,2.65,0.4,4.170239801258436,0.09049282798777582
CC(C)N1CCC(NC(=O)c2cc3cc([*:1])ccc3n2CC(=O)Nc2ccc(Cl)cn2)CC1,CPD_168,CC(C)N1CCC(NC(=O)c2cc3cc(Cl)ccc3n2CC(=O)Nc2ccc(Cl)cn2)CC1,Cl[*:1],8.52,1.704,2300.0,CPD_268,COC(=O)c1ccc2c(c1)cc(C(=O)NC1CCN(C(C)C)CC1)n2CC(=O)Nc1ccc(Cl)cn1,COC(=O)[*:1],8.12,0.993,8500.0,-0.4,-0.71,0.57,0.4,0.910494371207203,0.34468068947538316
Clc1ccc(-c2cc(Cn3c([*:1])nc4ccccc43)no2)s1,CPD_533,O=C(Nc1ccc(N2CCOC2=O)cc1)c1nc2ccccc2n1Cc1cc(-c2ccc(Cl)s2)on1,O=C1OCCN1c1ccc(NC(=O)[*:1])cc1,6.33,4.952,0.1,CPD_979,CCN(CC)C(=O)N1CCN(C(=O)c2nc3ccccc3n2Cc2cc(-c3ccc(Cl)s3)on2)CC1,CCN(CC)C(=O)N1CCN(C(=O)[*:1])CC1,5.92,4.096,0.6,-0.41,-0.86,0.78,0.41,1.1610340218959994,0.2905670548248617
CC(C)N1CCC(NC(=O)c2nc3cc([*:1])ccc3n2CC(=O)Nc2ccc(Cl)cn2)CC1,CPD_900,CC(C)N1CCC(NC(=O)c2nc3cc(O)ccc3n2CC(=O)Nc2ccc(Cl)cn2)CC1,O[*:1],8.14,1.553,42.0,CPD_944,CC(C)N1CCC(NC(=O)c2nc3cc(OC(C)(C)CO)ccc3n2CC(=O)Nc2ccc(Cl)cn2)CC1,CC(C)(CO)O[*:1],7.73,1.966,380.0,-0.41,0.41,0.96,0.41,1.0438869670610893,0.3168746655909722
O=C(N[*:1])c1cc2ccccc2n1Cc1cc(-c2ccc(Cl)s2)on1,CPD_57,CCN1CC[C@H](NC(=O)c2cc3ccccc3n2Cc2cc(-c3ccc(Cl)s3)on2)C1,CCN1CC[C@H]([*:1])C1,6.76,1.624,680.0,CPD_211,O=C(NCC1CN(c2ccncc2)C1)c1cc2ccccc2n1Cc1cc(-c2ccc(Cl)s2)on1,c1cc(N2CC(C[*:1])C2)ccn1,6.35,1.589,190.0,-0.41,-0.04,-0.55,0.41,0.5514526271584895,0.5115710974129994
CC(C)N1CCC(NC(=O)c2cc3cc([*:1])ccc3n2Cc2cc(-c3ccc(Cl)s3)on2)CC1,CPD_37,CC(C)N1CCC(NC(=O)c2cc3cc(C#N)ccc3n2Cc2cc(-c3ccc(Cl)s3)on2)CC1,N#C[*:1],8.7,1.433,130.0,CPD_112,COC(=O)c1ccc2c(c1)cc(C(=O)NC1CCN(C(C)C)CC1)n2Cc1cc(-c2ccc(Cl)s2)on1,COC(=O)[*:1],8.29,1.96,260.0,-0.41,0.53,0.3,0.41,0.6090155991434045,0.4772905176679502
Clc1ccc(-c2cc(Cn3c([*:1])nc4ccccc43)no2)s1,CPD_976,O=C(CN1CCN(C(=O)c2nc3ccccc3n2Cc2cc(-c3ccc(Cl)s3)on2)CC1)N1CCCC1,O=C(CN1CCN(C(=O)[*:1])CC1)N1CCCC1,5.18,3.591,0.7,CPD_983,O=C(c1nc2ccccc2n1Cc1cc(-c2ccc(Cl)s2)on1)N1CCC(Nc2ccncc2)CC1,O=C(N1CCC(Nc2ccncc2)CC1)[*:1],4.77,3.65,2.4,-0.41,0.06,0.54,0.41,0.543323108288245,0.5168133837480895
CC(C)N1CCC(NC(=O)c2nc3cc([*:1])ccc3n2Cc2cc(-c3ccc(Cl)s3)on2)CC1,CPD_347,CC(C)N1CCC(NC(=O)c2nc3cc(S(=O)(=O)CCO)ccc3n2Cc2cc(-c3ccc(Cl)s3)on2)CC1,O=S(=O)(CCO)[*:1],7.59,1.099,90.0,CPD_351,CC(C)N1CCC(NC(=O)c2nc3cc(C(=O)N(C)CCO)ccc3n2Cc2cc(-c3ccc(Cl)s3)on2)CC1,CN(CCO)C(=O)[*:1],7.19,0.719,300.0,-0.41,-0.38,0.52,0.41,0.6440496875241848,0.45858748760975226
CC(C)N1CCC(NC(=O)c2nc3c([*:1])cccc3n2Cc2cc(-c3ccc(Cl)s3)on2)CC1,CPD_392,CC(C)N1CCC(NC(=O)c2nc3c(C(=O)OCC(=O)O)cccc3n2Cc2cc(-c3ccc(Cl)s3)on2)CC1,O=C(O)COC(=O)[*:1],8.57,2.129,0.6,CPD_471,COC1CN(C(=O)c2cccc3c2nc(C(=O)NC2CCN(C(C)C)CC2)n3Cc2cc(-c3ccc(Cl)s3)on2)C1,COC1CN(C(=O)[*:1])C1,8.16,0.766,180.0,-0.41,-1.36,2.48,0.41,2.8284271247461903,0.13318489715224413
CC(C)N1CCC(NC(=O)c2cc3cc([*:1])ccc3n2Cc2cc(-c3ccc(Cl)s3)on2)CC1,CPD_117,CC(C)N1CCC(NC(=O)c2cc3cc(C(=O)OCOC(=O)C(C)(C)C)ccc3n2Cc2cc(-c3ccc(Cl)s3)on2)CC1,CC(C)(C)C(=O)OCOC(=O)[*:1],7.45,3.152,47.0,CPD_162,CC(OC(=O)c1ccc2c(c1)cc(C(=O)NC1CCN(C(C)C)CC1)n2Cc1cc(-c2ccc(Cl)s2)on1)OC(=O)C(C)(C)C,CC(OC(=O)C(C)(C)C)OC(=O)[*:1],7.04,3.499,26.0,-0.41,0.35,-0.26,0.41,0.4360045871318328,0.5976636420380208
COc1cccc(Cn2c(C(=O)NC3CCN(C(C)C)CC3)cc3c([*:1])cccc32)c1,CPD_904,COCCOc1cccc2c1cc(C(=O)NC1CCN(C(C)C)CC1)n2Cc1cccc(OC)c1,COCCO[*:1],7.61,0.826,23000.0,CPD_923,COc1cccc(Cn2c(C(=O)NC3CCN(C(C)C)CC3)cc3c(OCCCO)cccc32)c1,OCCCO[*:1],7.2,0.96,26000.0,-0.41,0.13,0.05,0.41,0.1392838827718412,1.0532159643513945
CC(C)N1CCC(NC(=O)c2cc3c([*:1])cccc3n2Cc2cc(-c3ccc(Cl)s3)on2)CC1,CPD_132,CC(C)N1CCC(NC(=O)c2cc3c(C(F)(F)F)cccc3n2Cc2cc(-c3ccc(Cl)s3)on2)CC1,FC(F)(F)[*:1],7.82,2.572,90.0,CPD_675,CC(C)N1CCC(NC(=O)c2cc3c(C(=O)N4CCC(F)(F)CC4)cccc3n2Cc2cc(-c3ccc(Cl)s3)on2)CC1,O=C(N1CCC(F)(F)CC1)[*:1],7.41,0.626,560.0,-0.41,-1.95,0.79,0.41,2.103948668575353,0.1741754208464276
CC(C)N1CCC(NC(=O)c2cc3cc([*:1])ccc3n2CC(=O)Nc2ccc(Cl)cn2)CC1,CPD_370,COCCOC(=O)OC(C)OC(=O)c1ccc2c(c1)cc(C(=O)NC1CCN(C(C)C)CC1)n2CC(=O)Nc1ccc(Cl)cn1,COCCOC(=O)OC(C)OC(=O)[*:1],8.05,1.425,5200.0,CPD_393,CC(C)N1CCC(NC(=O)c2cc3cc(C(=O)N4CCCOCC4)ccc3n2CC(=O)Nc2ccc(Cl)cn2)CC1,O=C(N1CCCOCC1)[*:1],7.64,-0.942,58000.0,-0.41,-2.37,1.05,0.41,2.5921805492673538,0.14425543799660728
CC(C)N1CCC(NC(=O)c2cc3cc([*:1])ccc3n2Cc2cc(-c3ccc(Cl)s3)on2)CC1,CPD_362,CC(C)N1CCC(NC(=O)c2cc3cc(C(=O)OC4CCOC4=O)ccc3n2Cc2cc(-c3ccc(Cl)s3)on2)CC1,O=C1OCCC1OC(=O)[*:1],7.73,0.55,170.0,CPD_368,CC(C)N1CCC(NC(=O)c2cc3cc(C(=O)NCCN4CCNC4=O)ccc3n2Cc2cc(-c3ccc(Cl)s3)on2)CC1,O=C1NCCN1CCNC(=O)[*:1],7.32,0.289,190.0,-0.41,-0.26,0.05,0.41,0.26476404589747454,0.7964814234163892
CC(C)N1CCC(NC(=O)c2c([*:1])c3ccccc3n2Cc2cc(-c3ccc(Cl)s3)on2)CC1,CPD_9,CC(C)N1CCC(NC(=O)c2c(F)c3ccccc3n2Cc2cc(-c3ccc(Cl)s3)on2)CC1,F[*:1],8.55,1.738,140.0,CPD_764,Cc1c(C(=O)NC2CCN(C(C)C)CC2)n(Cc2cc(-c3ccc(Cl)s3)on2)c2ccccc12,C[*:1],8.14,2.409,230.0,-0.41,0.67,0.22,0.41,0.7051950084905594,0.42923172373764784
CC(C)N1CCC(NC(=O)c2nc3c([*:1])cccc3n2Cc2cc3ccc(Cl)cc3s2)CC1,CPD_737,CC(C)N1CCC(NC(=O)c2nc3c(OCCO)cccc3n2Cc2cc3ccc(Cl)cc3s2)CC1,OCCO[*:1],8.65,4.197,8.2,CPD_754,CC(C)N1CCC(NC(=O)c2nc3c(C(=O)O)cccc3n2Cc2cc3ccc(Cl)cc3s2)CC1,O=C(O)[*:1],8.25,4.311,0.2,-0.41,0.11,-1.61,0.41,1.613753388842298,0.21998618618457802
CC(C)N1CCC(NC(=O)c2nc3ccc([*:1])cc3n2CC(=O)Nc2ccc(Cl)cn2)CC1,CPD_450,CC(C)N1CCC(NC(=O)c2nc3ccc(S(=O)(=O)CCO)cc3n2CC(=O)Nc2ccc(Cl)cn2)CC1,O=S(=O)(CCO)[*:1],6.65,0.285,880.0,CPD_837,CC(C)N1CCC(NC(=O)c2nc3ccc(OCCN4CCOCC4)cc3n2CC(=O)Nc2ccc(Cl)cn2)CC1,C1CN(CCO[*:1])CCO1,6.23,1.562,360.0,-0.42,1.28,-0.39,0.42,1.3380956617521784,0.2644676955647655
Clc1ccc(-c2cc(Cn3c([*:1])cc4ccccc43)no2)s1,CPD_23,CS(=O)(=O)N1CCC(NC(=O)c2cc3ccccc3n2Cc2cc(-c3ccc(Cl)s3)on2)CC1,CS(=O)(=O)N1CCC(NC(=O)[*:1])CC1,6.87,3.257,1.1,CPD_180,CC(C)CN1CC(NC(=O)c2cc3ccccc3n2Cc2cc(-c3ccc(Cl)s3)on2)C1,CC(C)CN1CC(NC(=O)[*:1])C1,6.46,2.966,47.0,-0.42,-0.29,1.63,0.42,1.6555965692160635,0.22040341947759817
COC(=O)c1cccc2c1nc(C(=O)N[*:1])n2CC(=O)Nc1ccc(Cl)cn1,CPD_307,COC(=O)c1cccc2c1nc(C(=O)NC1CCN(C(C)C)CC1)n2CC(=O)Nc1ccc(Cl)cn1,CC(C)N1CCC([*:1])CC1,7.93,2.316,160.0,CPD_358,COC(=O)c1cccc2c1nc(C(=O)Nc1ccc(N3CCOCC3=O)cc1)n2CC(=O)Nc1ccc(Cl)cn1,O=C1COCCN1c1ccc([*:1])cc1,7.5,2.855,3.2,-0.42,0.54,-1.7,0.42,1.7837040113202638,0.20651972836860336
CC(C)N1CCC(NC(=O)c2cc3ccccc3n2CC(=O)N[*:1])CC1,CPD_858,CC(C)N1CCC(NC(=O)c2cc3ccccc3n2CC(=O)Nc2ccc(Cl)c(F)c2)CC1,Fc1cc([*:1])ccc1Cl,7.84,2.002,750.0,CPD_861,C#Cc1ccc(NC(=O)Cn2c(C(=O)NC3CCN(C(C)C)CC3)cc3ccccc32)cc1,C#Cc1ccc([*:1])cc1,7.42,0.573,1600.0,-0.42,-1.43,0.33,0.42,1.4675830470538966,0.24452966086292574
CC(C)N1CCC(NC(=O)c2cc3c([*:1])cccc3n2Cc2cc(-c3ccc(Cl)s3)on2)CC1,CPD_39,CC(C)N1CCC(NC(=O)c2cc3c(Br)cccc3n2Cc2cc(-c3ccc(Cl)s3)on2)CC1,Br[*:1],7.82,2.781,71.0,CPD_675,CC(C)N1CCC(NC(=O)c2cc3c(C(=O)N4CCC(F)(F)CC4)cccc3n2Cc2cc(-c3ccc(Cl)s3)on2)CC1,O=C(N1CCC(F)(F)CC1)[*:1],7.41,0.626,560.0,-0.42,-2.16,0.9,0.42,2.34,0.16216216216216217
Clc1ccc(-c2cc(Cn3c([*:1])nc4ccccc43)no2)s1,CPD_978,O=C(c1nc2ccccc2n1Cc1cc(-c2ccc(Cl)s2)on1)N1CCN(Cc2ccncc2)CC1,O=C(N1CCN(Cc2ccncc2)CC1)[*:1],5.93,3.205,2.8,CPD_990,O=C(NC1CCN(c2ccccc2)CC1)c1nc2ccccc2n1Cc1cc(-c2ccc(Cl)s2)on1,O=C(NC1CCN(c2ccccc2)CC1)[*:1],5.51,5.578,0.1,-0.42,2.37,-1.45,0.42,2.7783808234293583,0.13868797370219418
Clc1ccc(-c2cc(Cn3c([*:1])nc4ccccc43)no2)s1,CPD_976,O=C(CN1CCN(C(=O)c2nc3ccccc3n2Cc2cc(-c3ccc(Cl)s3)on2)CC1)N1CCCC1,O=C(CN1CCN(C(=O)[*:1])CC1)N1CCCC1,5.18,3.591,0.7,CPD_986,CNC(=O)CN1CCN(C(=O)c2nc3ccccc3n2Cc2cc(-c3ccc(Cl)s3)on2)CC1,CNC(=O)CN1CCN(C(=O)[*:1])CC1,4.77,2.886,2.4,-0.42,-0.71,0.54,0.42,0.8920201791439475,0.3677693333885132
CC(C)N1CCC(NC(=O)c2cc3cc([*:1])ccc3n2Cc2cc(-c3ccc(Cl)s3)on2)CC1,CPD_363,CC(C)N1CCC(NC(=O)c2cc3cc(C(=O)OCCN4CCCC4=O)ccc3n2Cc2cc(-c3ccc(Cl)s3)on2)CC1,O=C1CCCN1CCOC(=O)[*:1],8.03,1.653,110.0,CPD_503,CC(C)ONC(=O)c1ccc2c(c1)cc(C(=O)NC1CCN(C(C)C)CC1)n2Cc1cc(-c2ccc(Cl)s2)on1,CC(C)ONC(=O)[*:1],7.61,2.516,57.0,-0.42,0.86,-0.29,0.42,0.9075791976461337,0.3628261468883029
CC(C)N1CCC(NC(=O)c2cc3c([*:1])cccc3n2Cc2cc(-c3ccc(Cl)s3)on2)CC1,CPD_396,CC(C)N1CCC(NC(=O)c2cc3c(C(=O)N4CC(O)C4)cccc3n2Cc2cc(-c3ccc(Cl)s3)on2)CC1,O=C(N1CC(O)C1)[*:1],7.83,-1.031,6300.0,CPD_675,CC(C)N1CCC(NC(=O)c2cc3c(C(=O)N4CCC(F)(F)CC4)cccc3n2Cc2cc(-c3ccc(Cl)s3)on2)CC1,O=C(N1CCC(F)(F)CC1)[*:1],7.41,0.626,560.0,-0.42,1.66,-1.05,0.42,1.9642046736529266,0.18968436161192673
Clc1ccc(-c2cc(Cn3c([*:1])nc4ccccc43)no2)s1,CPD_979,CCN(CC)C(=O)N1CCN(C(=O)c2nc3ccccc3n2Cc2cc(-c3ccc(Cl)s3)on2)CC1,CCN(CC)C(=O)N1CCN(C(=O)[*:1])CC1,5.92,4.096,0.6,CPD_990,O=C(NC1CCN(c2ccccc2)CC1)c1nc2ccccc2n1Cc1cc(-c2ccc(Cl)s2)on1,O=C(NC1CCN(c2ccccc2)CC1)[*:1],5.51,5.578,0.1,-0.42,1.48,-0.78,0.42,1.6729614460590536,0.21841311528151247
CC(C)N1CCC(NC(=O)c2cc3cc([*:1])ccc3n2CC(=O)Nc2ccc(Cl)cn2)CC1,CPD_168,CC(C)N1CCC(NC(=O)c2cc3cc(Cl)ccc3n2CC(=O)Nc2ccc(Cl)cn2)CC1,Cl[*:1],8.52,1.704,2300.0,CPD_324,CC(C)N1CCC(NC(=O)c2cc3cc(C(=O)NCCO)ccc3n2CC(=O)Nc2ccc(Cl)cn2)CC1,O=C(NCCO)[*:1],8.11,-0.841,140000.0,-0.42,-2.54,1.78,0.42,3.1016124838541645,0.12531281644977757
CC(C)N1CCC(NC(=O)c2nc3cc([*:1])ccc3n2Cc2cc(-c3ccc(Cl)s3)on2)CC1,CPD_349,CC(C)N1CCC(NC(=O)c2nc3cc(C(=O)N4CC(O)C4)ccc3n2Cc2cc(-c3ccc(Cl)s3)on2)CC1,O=C(N1CC(O)C1)[*:1],7.73,0.123,330.0,CPD_354,CC(OC(=O)OC1CCCCC1)OC(=O)c1ccc2c(c1)nc(C(=O)NC1CCN(C(C)C)CC1)n2Cc1cc(-c2ccc(Cl)s2)on1,CC(OC(=O)OC1CCCCC1)OC(=O)[*:1],7.32,5.603,0.5,-0.42,5.48,-2.82,0.42,6.163018740844458,0.06549177804908378
CC(C)N1CCC(NC(=O)c2nc3c([*:1])cccc3n2Cc2cc(-c3ccc(Cl)s3)on2)CC1,CPD_320,CC(C)N1CCC(NC(=O)c2nc3c(C(=O)N4CC(O)C4)cccc3n2Cc2cc(-c3ccc(Cl)s3)on2)CC1,O=C(N1CC(O)C1)[*:1],8.1,0.129,330.0,CPD_595,CC(C)N1CCC(NC(=O)c2nc3c(C(=O)N4CCC(O)CC4)cccc3n2Cc2cc(-c3ccc(Cl)s3)on2)CC1,O=C(N1CCC(O)CC1)[*:1],7.68,0.896,160.0,-0.42,0.77,-0.31,0.42,0.8300602387778853,0.3888671991807053
CC(C)N1CCC(NC(=O)c2cc3c([*:1])cccc3n2Cc2cc(-c3ccc(Cl)s3)on2)CC1,CPD_174,CC(C)N1CCC(NC(=O)c2cc3c(C(=O)O)cccc3n2Cc2cc(-c3ccc(Cl)s3)on2)CC1,O=C(O)[*:1],8.25,1.328,5.5,CPD_396,CC(C)N1CCC(NC(=O)c2cc3c(C(=O)N4CC(O)C4)cccc3n2Cc2cc(-c3ccc(Cl)s3)on2)CC1,O=C(N1CC(O)C1)[*:1],7.83,-1.031,6300.0,-0.42,-2.36,3.06,0.42,3.8643498806396916,0.10208174126763842
Clc1ccc(-c2cc(Cn3c([*:1])cc4ccccc43)no2)s1,CPD_19,CC(=O)N1CCC(NC(=O)c2cc3ccccc3n2Cc2cc(-c3ccc(Cl)s3)on2)CC1,CC(=O)N1CCC(NC(=O)[*:1])CC1,6.12,3.157,3.8,CPD_27,O=CN1CCC(NC(=O)c2cc3ccccc3n2Cc2cc(-c3ccc(Cl)s3)on2)CC1,O=CN1CCC(NC(=O)[*:1])CC1,5.69,2.671,2.4,-0.42,-0.49,-0.2,0.42,0.5292447448959696,0.5389834230528826
CC(C)N1CCC(NC(=O)c2cc3cc([*:1])ccc3n2Cc2cc(-c3ccc(Cl)s3)on2)CC1,CPD_338,CC(C)N1CCC(NC(=O)c2cc3cc(NS(C)(=O)=O)ccc3n2Cc2cc(-c3ccc(Cl)s3)on2)CC1,CS(=O)(=O)N[*:1],8.46,0.697,170.0,CPD_363,CC(C)N1CCC(NC(=O)c2cc3cc(C(=O)OCCN4CCCC4=O)ccc3n2Cc2cc(-c3ccc(Cl)s3)on2)CC1,O=C1CCCN1CCOC(=O)[*:1],8.03,1.653,110.0,-0.42,0.96,-0.19,0.42,0.9786214794290998,0.34184653860614594
CC(C)N1CCC(NC(=O)c2cc3cc(C(=O)O[*:1])ccc3n2Cc2cc(-c3ccc(Cl)s3)on2)CC1,CPD_99,CC(C)OC(=O)c1ccc2c(c1)cc(C(=O)NC1CCN(C(C)C)CC1)n2Cc1cc(-c2ccc(Cl)s2)on1,CC(C)[*:1],7.47,2.832,69.0,CPD_162,CC(OC(=O)c1ccc2c(c1)cc(C(=O)NC1CCN(C(C)C)CC1)n2Cc1cc(-c2ccc(Cl)s2)on1)OC(=O)C(C)(C)C,CC(OC(=O)C(C)(C)C)[*:1],7.04,3.499,26.0,-0.43,0.67,-0.42,0.43,0.7907591289387687,0.413159959921234
CC(C)N1CCC(NC(=O)c2cc3cc(C(=O)O[*:1])ccc3n2Cc2cc(-c3ccc(Cl)s3)on2)CC1,CPD_112,COC(=O)c1ccc2c(c1)cc(C(=O)NC1CCN(C(C)C)CC1)n2Cc1cc(-c2ccc(Cl)s2)on1,C[*:1],8.29,1.96,260.0,CPD_361,CC(C)N1CCC(NC(=O)c2cc3cc(C(=O)OCC4COC(=O)O4)ccc3n2Cc2cc(-c3ccc(Cl)s3)on2)CC1,O=C1OCC(C[*:1])O1,7.86,1.042,660.0,-0.43,-0.92,0.4,0.43,1.0031948963187562,0.3431230060568547
CC(C)N1CCC(NC(=O)c2nc3c([*:1])cccc3n2CC(=O)Nc2ccc(Cl)cn2)CC1,CPD_529,CC(C)N1CCC(NC(=O)c2nc3c(CO)cccc3n2CC(=O)Nc2ccc(Cl)cn2)CC1,OC[*:1],8.14,1.111,1100.0,CPD_609,CC(C)N1CCC(NC(=O)c2nc3c(C(=O)N4CCOCC4)cccc3n2CC(=O)Nc2ccc(Cl)cn2)CC1,O=C(N1CCOCC1)[*:1],7.71,-0.016,1600.0,-0.43,-1.13,0.16,0.43,1.1412712210513327,0.3090698589129622
O=C(Cn1c([*:1])nc2ccccc21)Nc1ccc(Cl)cn1,CPD_981,O=C(Cn1c(C(=O)N2CCN(Cc3ccncc3)CC2)nc2ccccc21)Nc1ccc(Cl)cn1,O=C(N1CCN(Cc2ccncc2)CC1)[*:1],5.62,2.389,26.0,CPD_985,O=C(Cn1c(C(=O)N2CCN(CC(=O)N3CCCC3)CC2)nc2ccccc21)Nc1ccc(Cl)cn1,O=C(CN1CCN(C(=O)[*:1])CC1)N1CCCC1,5.2,2.775,6.7,-0.43,0.39,-0.59,0.43,0.7072481884034769,0.44920429749484825
Cc1cc(C(=O)O)cc2cc(C(=O)NC3CCN(C4CC4)CC3)n(C[*:1])c12,CPD_718,Cc1cc(C(=O)O)cc2cc(C(=O)NC3CCN(C4CC4)CC3)n(Cc3nnc(-c4ccc(Cl)s4)s3)c12,Clc1ccc(-c2nnc([*:1])s2)s1,8.44,1.625,3.5,CPD_744,Cc1cc(C(=O)O)cc2cc(C(=O)NC3CCN(C4CC4)CC3)n(CC(=O)Nc3ccc(Cl)cn3)c12,O=C(Nc1ccc(Cl)cn1)[*:1],8.0,0.308,9.7,-0.43,-1.32,0.44,0.43,1.3914021704740869,0.2619711413417974
CC(C)N1CCC(NC(=O)c2cc3cc([*:1])ccc3n2Cc2cc(-c3ccc(Cl)s3)on2)CC1,CPD_262,CC(C)N1CCC(NC(=O)c2cc3cc(-c4n[nH]c(=O)o4)ccc3n2Cc2cc(-c3ccc(Cl)s3)on2)CC1,O=c1[nH]nc([*:1])o1,8.48,0.297,310.0,CPD_363,CC(C)N1CCC(NC(=O)c2cc3cc(C(=O)OCCN4CCCC4=O)ccc3n2Cc2cc(-c3ccc(Cl)s3)on2)CC1,O=C1CCCN1CCOC(=O)[*:1],8.03,1.653,110.0,-0.44,1.36,-0.45,0.44,1.432515270424717,0.2615132282804963
CC(C)N1CCC(NC(=O)c2nc3cc(OC[*:1])ccc3n2CC(=O)Nc2ccc(Cl)cn2)CC1,CPD_876,CC(C)N1CCC(NC(=O)c2nc3cc(OCc4nn[nH]n4)ccc3n2CC(=O)Nc2ccc(Cl)cn2)CC1,n1nc([*:1])n[nH]1,8.54,0.205,12.0,CPD_942,CCOCC(O)COc1ccc2c(c1)nc(C(=O)NC1CCN(C(C)C)CC1)n2CC(=O)Nc1ccc(Cl)cn1,CCOCC(O)[*:1],8.1,1.877,390.0,-0.44,1.67,1.51,0.44,2.251443981093023,0.17589840241304905
CC(C)N1CCC(NC(=O)c2cc3ccccc3n2CC(=O)N[*:1])CC1,CPD_856,CC(C)N1CCC(NC(=O)c2cc3ccccc3n2CC(=O)Nc2ccc(I)cc2)CC1,Ic1ccc([*:1])cc1,7.64,2.023,2600.0,CPD_857,CC(C)N1CCC(NC(=O)c2cc3ccccc3n2CC(=O)Nc2ccc(F)cc2)CC1,Fc1ccc([*:1])cc1,7.2,0.778,6500.0,-0.44,-1.25,0.4,0.44,1.3124404748406688,0.2816107282710206
CC(C)N1CCC(NC(=O)c2cc3cc([*:1])ccc3n2Cc2cc(-c3ccc(Cl)s3)on2)CC1,CPD_181,CC(C)N1CCC(NC(=O)c2cc3cc(OCC(=O)O)ccc3n2Cc2cc(-c3ccc(Cl)s3)on2)CC1,O=C(O)CO[*:1],8.3,0.774,4.7,CPD_877,CC(C)N1CCC(NC(=O)c2cc3cc(OC(C)(C)C(=O)O)ccc3n2Cc2cc(-c3ccc(Cl)s3)on2)CC1,CC(C)(O[*:1])C(=O)O,7.85,1.472,1.6,-0.44,0.7,-0.47,0.44,0.8431488599292535,0.4025069376447742
Clc1ccc(-c2cc(Cn3c([*:1])cc4ccccc43)no2)s1,CPD_26,CN1CCC(NC(=O)c2cc3ccccc3n2Cc2cc(-c3ccc(Cl)s3)on2)CC1,CN1CCC(NC(=O)[*:1])CC1,7.4,2.01,210.0,CPD_208,O=C(NC1CN(c2cc[n+]([O-])cc2)C1)c1cc2ccccc2n1Cc1cc(-c2ccc(Cl)s2)on1,O=C(NC1CN(c2cc[n+]([O-])cc2)C1)[*:1],6.96,1.058,17.0,-0.44,-0.95,-1.09,0.44,1.4458907289280198,0.25945067833357754
CC(C)N1CCC(NC(=O)c2cc3cc([*:1])ccc3n2Cc2cc(-c3ccc(Cl)s3)on2)CC1,CPD_38,CC(C)N1CCC(NC(=O)c2cc3cc(Br)ccc3n2Cc2cc(-c3ccc(Cl)s3)on2)CC1,Br[*:1],8.06,2.851,68.0,CPD_503,CC(C)ONC(=O)c1ccc2c(c1)cc(C(=O)NC1CCN(C(C)C)CC1)n2Cc1cc(-c2ccc(Cl)s2)on1,CC(C)ONC(=O)[*:1],7.61,2.516,57.0,-0.44,-0.33,-0.08,0.44,0.3395585369269929,0.7463211410582742
CC(C)N1CCC(NC(=O)c2nc3cc(S(=O)(=O)CCO)ccc3n2[*:1])CC1,CPD_347,CC(C)N1CCC(NC(=O)c2nc3cc(S(=O)(=O)CCO)ccc3n2Cc2cc(-c3ccc(Cl)s3)on2)CC1,Clc1ccc(-c2cc(C[*:1])no2)s1,7.59,1.099,90.0,CPD_444,CC(C)N1CCC(NC(=O)c2nc3cc(S(=O)(=O)CCO)ccc3n2CC(=O)Nc2ccc(Cl)cn2)CC1,O=C(C[*:1])Nc1ccc(Cl)cn1,7.15,0.282,890.0,-0.44,-0.82,1.0,0.44,1.2932130528261767,0.28511941315828176
Clc1ccc(-c2cc(Cn3c([*:1])nc4ccccc43)no2)s1,CPD_984,O=C(c1nc2ccccc2n1Cc1cc(-c2ccc(Cl)s2)on1)N1CCC(N2CCCC2=O)CC1,O=C1CCCN1C1CCN(C(=O)[*:1])CC1,5.21,3.149,1.2,CPD_986,CNC(=O)CN1CCN(C(=O)c2nc3ccccc3n2Cc2cc(-c3ccc(Cl)s3)on2)CC1,CNC(=O)CN1CCN(C(=O)[*:1])CC1,4.77,2.886,2.4,-0.44,-0.26,0.3,0.44,0.3969886648255842,0.6800737384149003
CC(C)N1CCC(NC(=O)c2cc3cc([*:1])ccc3n2CC(=O)Nc2ccc(Cl)cn2)CC1,CPD_168,CC(C)N1CCC(NC(=O)c2cc3cc(Cl)ccc3n2CC(=O)Nc2ccc(Cl)cn2)CC1,Cl[*:1],8.52,1.704,2300.0,CPD_416,CC(C)N1CCC(NC(=O)c2cc3cc(C(=O)O)ccc3n2CC(=O)Nc2ccc(Cl)cn2)CC1,O=C(O)[*:1],8.09,0.362,8.8,-0.44,-1.34,-2.42,0.44,2.766224864323217,0.1458777179395501
CC(C)N1CCC(NC(=O)c2cc3cc(C(=O)OC[*:1])ccc3n2Cc2cc(-c3ccc(Cl)s3)on2)CC1,CPD_364,CC(C)N1CCC(NC(=O)c2cc3cc(C(=O)OCCN4CCNC4=O)ccc3n2Cc2cc(-c3ccc(Cl)s3)on2)CC1,O=C1NCCN1C[*:1],8.16,1.632,44.0,CPD_371,CC(C)N1CCC(NC(=O)c2cc3cc(C(=O)OCC4CCOC4)ccc3n2Cc2cc(-c3ccc(Cl)s3)on2)CC1,C1CC([*:1])CO1,7.73,1.959,78.0,-0.44,0.33,0.25,0.44,0.41400483088968904,0.6626457813724808
CC(C)N1CCC(NC(=O)c2cc3cc([*:1])ccc3n2Cc2cc(-c3ccc(Cl)s3)on2)CC1,CPD_368,CC(C)N1CCC(NC(=O)c2cc3cc(C(=O)NCCN4CCNC4=O)ccc3n2Cc2cc(-c3ccc(Cl)s3)on2)CC1,O=C1NCCN1CCNC(=O)[*:1],7.32,0.289,190.0,CPD_673,CC(C)N1CCC(NC(=O)c2cc3cc(C(=O)N4CCC(F)(F)CC4)ccc3n2Cc2cc(-c3ccc(Cl)s3)on2)CC1,O=C(N1CCC(F)(F)CC1)[*:1],6.88,0.623,560.0,-0.44,0.33,0.47,0.44,0.5742821606144491,0.5337977952501222
CC(C)N1CCC(NC(=O)c2cc3cc([*:1])ccc3n2Cc2cc(-c3ccc(Cl)s3)on2)CC1,CPD_112,COC(=O)c1ccc2c(c1)cc(C(=O)NC1CCN(C(C)C)CC1)n2Cc1cc(-c2ccc(Cl)s2)on1,COC(=O)[*:1],8.29,1.96,260.0,CPD_877,CC(C)N1CCC(NC(=O)c2cc3cc(OC(C)(C)C(=O)O)ccc3n2Cc2cc(-c3ccc(Cl)s3)on2)CC1,CC(C)(O[*:1])C(=O)O,7.85,1.472,1.6,-0.44,-0.49,-2.21,0.44,2.2636695871968593,0.17504289435695877
O=C(Cn1c([*:1])nc2ccccc21)Nc1ccc(Cl)cn1,CPD_988,O=C(Cn1c(C(=O)N2CCC(Nc3ccncc3)CC2)nc2ccccc21)Nc1ccc(Cl)cn1,O=C(N1CCC(Nc2ccncc2)CC1)[*:1],6.07,2.834,31.0,CPD_991,CCN(CC)C(=O)N1CCN(C(=O)c2nc3ccccc3n2CC(=O)Nc2ccc(Cl)cn2)CC1,CCN(CC)C(=O)N1CCN(C(=O)[*:1])CC1,5.63,3.28,6.5,-0.44,0.45,-0.68,0.44,0.8154140052758476,0.41298499721343446
CC(C)N1CCC(NC(=O)c2nc3cc([*:1])ccc3n2CC(=O)Nc2ccc(Cl)cn2)CC1,CPD_319,COC(=O)c1ccc2c(c1)nc(C(=O)NC1CCN(C(C)C)CC1)n2CC(=O)Nc1ccc(Cl)cn1,COC(=O)[*:1],7.72,2.303,160.0,CPD_547,CC(C)N1CCC(NC(=O)c2nc3cc(C(=O)N4CCCOCC4)ccc3n2CC(=O)Nc2ccc(Cl)cn2)CC1,O=C(N1CCCOCC1)[*:1],7.28,0.367,1100.0,-0.44,-1.94,0.84,0.44,2.11404824921287,0.18612141277002353
Clc1ccc(-c2cc(Cn3c([*:1])cc4ccccc43)no2)s1,CPD_22,NC(=O)N1CCC(NC(=O)c2cc3ccccc3n2Cc2cc(-c3ccc(Cl)s3)on2)CC1,NC(=O)N1CCC(NC(=O)[*:1])CC1,5.97,1.914,8.7,CPD_43,O=C(c1cc2ccccc2n1Cc1cc(-c2ccc(Cl)s2)on1)N1CCC(Oc2ccncc2)CC1,O=C(N1CCC(Oc2ccncc2)CC1)[*:1],5.53,3.739,1.1,-0.44,1.82,-0.9,0.44,2.0303694245136774,0.19295119258750654
CC(C)N1CCC(NC(=O)c2cc3cc([*:1])ccc3n2Cc2cc(-c3ccc(Cl)s3)on2)CC1,CPD_344,CC(C)N1CCC(NC(=O)c2cc3cc(C(=O)N4CC(O)C4)ccc3n2Cc2cc(-c3ccc(Cl)s3)on2)CC1,O=C(N1CC(O)C1)[*:1],7.23,-1.036,6400.0,CPD_604,CC(C)N1CCC(NC(=O)c2cc3cc(C(=O)N4CCC(O)CC4)ccc3n2Cc2cc(-c3ccc(Cl)s3)on2)CC1,O=C(N1CCC(O)CC1)[*:1],6.79,-0.266,3400.0,-0.44,0.77,-0.27,0.44,0.8159656855530139,0.4127712608044525
CC(C)N1CCC(NC(=O)c2nc3cc([*:1])ccc3n2CC(=O)Nc2ccc(Cl)cn2)CC1,CPD_397,CCOC(=O)OC(C)OC(=O)c1ccc2c(c1)nc(C(=O)NC1CCN(C(C)C)CC1)n2CC(=O)Nc1ccc(Cl)cn1,CCOC(=O)OC(C)OC(=O)[*:1],7.72,3.257,33.0,CPD_547,CC(C)N1CCC(NC(=O)c2nc3cc(C(=O)N4CCCOCC4)ccc3n2CC(=O)Nc2ccc(Cl)cn2)CC1,O=C(N1CCCOCC1)[*:1],7.28,0.367,1100.0,-0.44,-2.89,1.52,0.44,3.2653483734511393,0.12516540418099067
Clc1ccc(-c2cc(Cn3c([*:1])cc4ccccc43)no2)s1,CPD_17,CCCN1CCC(NC(=O)c2cc3ccccc3n2Cc2cc(-c3ccc(Cl)s3)on2)CC1,CCCN1CCC(NC(=O)[*:1])CC1,7.2,2.84,77.0,CPD_57,CCN1CC[C@H](NC(=O)c2cc3ccccc3n2Cc2cc(-c3ccc(Cl)s3)on2)C1,CCN1CC[C@H](NC(=O)[*:1])C1,6.76,1.624,680.0,-0.44,-1.22,0.95,0.44,1.5462535367784935,0.24495428456559748
Clc1ccc(-c2cc(Cn3c([*:1])nc4ccccc43)no2)s1,CPD_164,CC(C)N1CCC(NC(=O)c2nc3ccccc3n2Cc2cc(-c3ccc(Cl)s3)on2)CC1,CC(C)N1CCC(NC(=O)[*:1])CC1,9.15,3.124,26.0,CPD_606,O=C(Nc1ccc(-n2ccncc2=O)cc1)c1nc2ccccc2n1Cc1cc(-c2ccc(Cl)s2)on1,O=C(Nc1ccc(-n2ccncc2=O)cc1)[*:1],8.71,3.934,0.3,-0.44,0.81,-1.94,0.44,2.102308255228048,0.1870503149500462
CC(C)N1CCC(NC(=O)c2cc3cc([*:1])ccc3n2Cc2cc(-c3ccc(Cl)s3)on2)CC1,CPD_181,CC(C)N1CCC(NC(=O)c2cc3cc(OCC(=O)O)ccc3n2Cc2cc(-c3ccc(Cl)s3)on2)CC1,O=C(O)CO[*:1],8.3,0.774,4.7,CPD_361,CC(C)N1CCC(NC(=O)c2cc3cc(C(=O)OCC4COC(=O)O4)ccc3n2Cc2cc(-c3ccc(Cl)s3)on2)CC1,O=C1OCC(COC(=O)[*:1])O1,7.86,1.042,660.0,-0.44,0.27,2.15,0.44,2.1668871682669586,0.18205235468873968
CC(C)N1CCC(NC(=O)c2cc3cc([*:1])ccc3n2Cc2cc(-c3ccc(Cl)s3)on2)CC1,CPD_85,CC(C)N1CCC(NC(=O)c2cc3cc(C(=O)O)ccc3n2Cc2cc(-c3ccc(Cl)s3)on2)CC1,O=C(O)[*:1],8.07,1.328,5.5,CPD_503,CC(C)ONC(=O)c1ccc2c(c1)cc(C(=O)NC1CCN(C(C)C)CC1)n2Cc1cc(-c2ccc(Cl)s2)on1,CC(C)ONC(=O)[*:1],7.61,2.516,57.0,-0.45,1.19,1.02,0.45,1.567322557739791,0.24761702213153963
CC(C)N1CCC(NC(=O)c2cc3cc([*:1])ccc3n2Cc2cc(-c3ccc(Cl)s3)on2)CC1,CPD_158,CC(C)N1CCC(NC(=O)c2cc3cc(-c4noc(O)n4)ccc3n2Cc2cc(-c3ccc(Cl)s3)on2)CC1,Oc1nc([*:1])no1,8.24,0.316,300.0,CPD_366,CC(C)N1CCC(NC(=O)c2cc3cc(C(=O)OCCN4CCOCC4)ccc3n2Cc2cc(-c3ccc(Cl)s3)on2)CC1,O=C(OCCN1CCOCC1)[*:1],7.79,1.706,740.0,-0.45,1.39,0.39,0.45,1.443675863897433,0.2656942863698101
CC(C)N1CCC(NC(=O)c2cc3c([*:1])cccc3n2Cc2cc(-c3ccc(Cl)s3)on2)CC1,CPD_154,CC(C)N1CCC(NC(=O)c2cc3c(CO)cccc3n2Cc2cc(-c3ccc(Cl)s3)on2)CC1,OC[*:1],8.7,0.769,2500.0,CPD_174,CC(C)N1CCC(NC(=O)c2cc3c(C(=O)O)cccc3n2Cc2cc(-c3ccc(Cl)s3)on2)CC1,O=C(O)[*:1],8.25,1.328,5.5,-0.45,0.56,-2.66,0.45,2.718308297452664,0.1516015032488977
CC(C)N1CCC(NC(=O)c2cc3c([*:1])cccc3n2Cc2cc(-c3ccc(Cl)s3)on2)CC1,CPD_155,CC(C)N1CCC(NC(=O)c2cc3c(C(=O)OCOC(=O)C(C)(C)C)cccc3n2Cc2cc(-c3ccc(Cl)s3)on2)CC1,CC(C)(C)C(=O)OCOC(=O)[*:1],7.88,3.166,45.0,CPD_406,CC(C)N1CCC(NC(=O)c2cc3c(C(=O)N(C)CCO)cccc3n2Cc2cc(-c3ccc(Cl)s3)on2)CC1,CN(CCO)C(=O)[*:1],7.43,-0.435,32000.0,-0.45,-3.6,2.85,0.45,4.5915683595041905,0.09294508857168818
CC(C)N1CCC(NC(=O)c2cc3cc([*:1])ccc3n2Cc2cc(-c3ccc(Cl)s3)on2)CC1,CPD_363,CC(C)N1CCC(NC(=O)c2cc3cc(C(=O)OCCN4CCCC4=O)ccc3n2Cc2cc(-c3ccc(Cl)s3)on2)CC1,O=C1CCCN1CCOC(=O)[*:1],8.03,1.653,110.0,CPD_365,CC(C)N1CCC(NC(=O)c2cc3cc(C(=O)OC4CCOC4)ccc3n2Cc2cc(-c3ccc(Cl)s3)on2)CC1,O=C(OC1CCOC1)[*:1],7.58,1.734,120.0,-0.45,0.08,0.04,0.45,0.08944271909999159,1.3257023193578676
O=C(N[*:1])c1nc2ccccc2n1Cc1cc(-c2ccc(Cl)s2)on1,CPD_438,CCN1CCN(c2ccc(NC(=O)c3nc4ccccc4n3Cc3cc(-c4ccc(Cl)s4)on3)cc2)C(=O)C1=O,CCN1CCN(c2ccc([*:1])cc2)C(=O)C1=O,5.96,3.038,0.7,CPD_990,O=C(NC1CCN(c2ccccc2)CC1)c1nc2ccccc2n1Cc1cc(-c2ccc(Cl)s2)on1,c1ccc(N2CCC([*:1])CC2)cc1,5.51,5.578,0.1,-0.45,2.54,-0.85,0.45,2.678451044913832,0.1536648532272941
CC(C)N1CCC(NC(=O)c2cc3cc([*:1])ccc3n2Cc2cc(-c3ccc(Cl)s3)on2)CC1,CPD_158,CC(C)N1CCC(NC(=O)c2cc3cc(-c4noc(O)n4)ccc3n2Cc2cc(-c3ccc(Cl)s3)on2)CC1,Oc1nc([*:1])no1,8.24,0.316,300.0,CPD_259,CCOC(=O)COc1ccc2c(c1)cc(C(=O)NC1CCN(C(C)C)CC1)n2Cc1cc(-c2ccc(Cl)s2)on1,CCOC(=O)CO[*:1],7.79,1.709,270.0,-0.45,1.39,-0.05,0.45,1.3908989898623119,0.274239915302623
CC(C)N1CCC(NC(=O)c2nc3c([*:1])cccc3n2Cc2cc3ccc(Cl)cc3s2)CC1,CPD_754,CC(C)N1CCC(NC(=O)c2nc3c(C(=O)O)cccc3n2Cc2cc3ccc(Cl)cc3s2)CC1,O=C(O)[*:1],8.25,4.311,0.2,CPD_756,CC(C)N1CCC(NC(=O)c2nc3c(C(=O)N4CC(O)C4)cccc3n2Cc2cc3ccc(Cl)cc3s2)CC1,O=C(N1CC(O)C1)[*:1],7.8,2.225,35.0,-0.45,-2.09,2.24,0.45,3.0636089828827697,0.13580359128810351
CC(C)N1CCC(NC(=O)c2nc3c([*:1])cccc3n2CC(=O)Nc2ccc(Cl)cn2)CC1,CPD_597,COCCOc1cccc2c1nc(C(=O)NC1CCN(C(C)C)CC1)n2CC(=O)Nc1ccc(Cl)cn1,COCCO[*:1],8.16,1.933,370.0,CPD_609,CC(C)N1CCC(NC(=O)c2nc3c(C(=O)N4CCOCC4)cccc3n2CC(=O)Nc2ccc(Cl)cn2)CC1,O=C(N1CCOCC1)[*:1],7.71,-0.016,1600.0,-0.45,-1.95,0.64,0.45,2.0523401277566053,0.195453310557758
CC(C)N1CCC(NC(=O)c2cc3cc([*:1])ccc3n2Cc2cc(-c3ccc(Cl)s3)on2)CC1,CPD_259,CCOC(=O)COc1ccc2c(c1)cc(C(=O)NC1CCN(C(C)C)CC1)n2Cc1cc(-c2ccc(Cl)s2)on1,CCOC(=O)CO[*:1],7.79,1.709,270.0,CPD_368,CC(C)N1CCC(NC(=O)c2cc3cc(C(=O)NCCN4CCNC4=O)ccc3n2Cc2cc(-c3ccc(Cl)s3)on2)CC1,O=C1NCCN1CCNC(=O)[*:1],7.32,0.289,190.0,-0.46,-1.42,-0.15,0.46,1.4279005567615695,0.27415212310783343
O=C(Cn1c(C(=O)Nc2ccc([*:1])cc2)nc2ccccc21)Nc1ccc(Cl)cn1,CPD_530,O=C(Cn1c(=O)ccn(-c2ccc(NC(=O)c3nc4ccccc4n3CC(=O)Nc3ccc(Cl)cn3)cc2)c1=O)Nc1ccc(Cl)cn1,O=C(Cn1c(=O)ccn([*:1])c1=O)Nc1ccc(Cl)cn1,6.75,4.229,0.2,CPD_601,O=C(Cn1c(C(=O)Nc2ccc(N3CCNCC3=O)cc2)nc2ccccc21)Nc1ccc(Cl)cn1,O=C1CNCCN1[*:1],6.3,2.591,8.7,-0.46,-1.64,1.64,0.46,2.3193102422918757,0.17903637810187956
Cc1cc(C(=O)O)cc2cc(C(=O)NC3CCN(C4CC4)CC3)n([*:1])c12,CPD_684,Cc1cc(C(=O)O)cc2cc(C(=O)NC3CCN(C4CC4)CC3)n(Cc3cc(-c4ccc(Cl)s4)on3)c12,Clc1ccc(-c2cc(C[*:1])no2)s1,8.46,1.274,6.1,CPD_744,Cc1cc(C(=O)O)cc2cc(C(=O)NC3CCN(C4CC4)CC3)n(CC(=O)Nc3ccc(Cl)cn3)c12,O=C(C[*:1])Nc1ccc(Cl)cn1,8.0,0.308,9.7,-0.46,-0.97,0.2,0.46,0.9904039579888602,0.37084693017734727
CC(C)N1CCC(NC(=O)c2nc3c([*:1])cccc3n2Cc2cc(-c3ccc(Cl)s3)on2)CC1,CPD_391,CC(C)N1CCC(NC(=O)c2nc3c(C(=O)OCCO)cccc3n2Cc2cc(-c3ccc(Cl)s3)on2)CC1,O=C(OCCO)[*:1],8.62,2.057,54.0,CPD_471,COC1CN(C(=O)c2cccc3c2nc(C(=O)NC2CCN(C(C)C)CC2)n3Cc2cc(-c3ccc(Cl)s3)on2)C1,COC1CN(C(=O)[*:1])C1,8.16,0.766,180.0,-0.46,-1.29,0.52,0.46,1.3908630414242806,0.2803402772730604
CC(C)N1CCC(NC(=O)c2cc3cc([*:1])ccc3n2Cc2cc(-c3ccc(Cl)s3)on2)CC1,CPD_37,CC(C)N1CCC(NC(=O)c2cc3cc(C#N)ccc3n2Cc2cc(-c3ccc(Cl)s3)on2)CC1,N#C[*:1],8.7,1.433,130.0,CPD_404,CC(C)N1CCC(NC(=O)c2cc3cc(C(=O)OCCO)ccc3n2Cc2cc(-c3ccc(Cl)s3)on2)CC1,O=C(OCCO)[*:1],8.24,0.885,1400.0,-0.46,-0.55,1.03,0.46,1.1676472069936192,0.32448129388658997
CC(C)N1CCC(NC(=O)c2nc3ccc([*:1])cc3n2Cc2cc(-c3ccc(Cl)s3)on2)CC1,CPD_390,CC(C)N1CCC(NC(=O)c2nc3ccc(C(=O)OCCO)cc3n2Cc2cc(-c3ccc(Cl)s3)on2)CC1,O=C(OCCO)[*:1],6.92,2.047,55.0,CPD_419,CC(C)N1CCC(NC(=O)c2nc3ccc(C(=O)N(C)CCO)cc3n2Cc2cc(-c3ccc(Cl)s3)on2)CC1,CN(CCO)C(=O)[*:1],6.46,0.72,300.0,-0.46,-1.33,0.74,0.46,1.5220052562327109,0.25959290943524715
CC(C)N1CCC(NC(=O)c2cc3cc([*:1])ccc3n2Cc2cc(-c3ccc(Cl)s3)on2)CC1,CPD_37,CC(C)N1CCC(NC(=O)c2cc3cc(C#N)ccc3n2Cc2cc(-c3ccc(Cl)s3)on2)CC1,N#C[*:1],8.7,1.433,130.0,CPD_158,CC(C)N1CCC(NC(=O)c2cc3cc(-c4noc(O)n4)ccc3n2Cc2cc(-c3ccc(Cl)s3)on2)CC1,Oc1nc([*:1])no1,8.24,0.316,300.0,-0.46,-1.12,0.36,0.46,1.1764352935882194,0.3224822058649875
Clc1ccc(-c2cc(Cn3c([*:1])cc4ccccc43)no2)s1,CPD_25,O=C(NC1CCN(CC(F)(F)F)CC1)c1cc2ccccc2n1Cc1cc(-c2ccc(Cl)s2)on1,O=C(NC1CCN(CC(F)(F)F)CC1)[*:1],5.99,4.567,1.3,CPD_43,O=C(c1cc2ccccc2n1Cc1cc(-c2ccc(Cl)s2)on1)N1CCC(Oc2ccncc2)CC1,O=C(N1CCC(Oc2ccncc2)CC1)[*:1],5.53,3.739,1.1,-0.46,-0.83,-0.07,0.46,0.8329465769183519,0.42476702895999036
O=C(Cn1c([*:1])nc2ccccc21)Nc1ccc(Cl)cn1,CPD_521,O=C(Cn1c(C(=O)Nc2ccc(N3CCOC3=O)cc2)nc2ccccc21)Nc1ccc(Cl)cn1,O=C1OCCN1c1ccc(NC(=O)[*:1])cc1,6.1,4.136,1.0,CPD_981,O=C(Cn1c(C(=O)N2CCN(Cc3ccncc3)CC2)nc2ccccc21)Nc1ccc(Cl)cn1,O=C(N1CCN(Cc2ccncc2)CC1)[*:1],5.62,2.389,26.0,-0.47,-1.75,1.41,0.47,2.247353999707211,0.18819919004478444
COCCOc1nccc2c1nc(C(=O)NC1CCN(C(C)C)CC1)n2C[*:1],CPD_820,COCCOc1nccc2c1nc(C(=O)NC1CCN(C(C)C)CC1)n2Cc1nnc(-c2ccc(Cl)s2)s1,Clc1ccc(-c2nnc([*:1])s2)s1,8.19,2.524,31.0,CPD_842,COCCOc1nccc2c1nc(C(=O)NC1CCN(C(C)C)CC1)n2CC(=O)Nc1ccc(Br)cn1,O=C(Nc1ccc(Br)cn1)[*:1],7.72,1.427,1300.0,-0.47,-1.1,1.62,0.47,1.9581624038878902,0.2128466634394624
CC(C)N1CCC(NC(=O)c2c([*:1])c3ccccc3n2Cc2cc(-c3ccc(Cl)s3)on2)CC1,CPD_4,CC(C)N1CCC(NC(=O)c2c(Br)c3ccccc3n2Cc2cc(-c3ccc(Cl)s3)on2)CC1,Br[*:1],8.61,2.455,81.0,CPD_764,Cc1c(C(=O)NC2CCN(C(C)C)CC2)n(Cc2cc(-c3ccc(Cl)s3)on2)c2ccccc12,C[*:1],8.14,2.409,230.0,-0.47,-0.05,0.45,0.47,0.45276925690687087,0.6687828122542405
CC(C)N1CCC(NC(=O)c2c([*:1])c3ccccc3n2Cc2cc(-c3ccc(Cl)s3)on2)CC1,CPD_5,CC(C)N1CCC(NC(=O)c2c(Cl)c3ccccc3n2Cc2cc(-c3ccc(Cl)s3)on2)CC1,Cl[*:1],8.61,2.269,86.0,CPD_764,Cc1c(C(=O)NC2CCN(C(C)C)CC2)n(Cc2cc(-c3ccc(Cl)s3)on2)c2ccccc12,C[*:1],8.14,2.409,230.0,-0.47,0.14,0.43,0.47,0.4522167621838005,0.6693090015942693
Cc1cc(C(=O)O)cc2c1nc(C(=O)NC1CCN(C3CC3)CC1)n2[*:1],CPD_699,Cc1cc(C(=O)O)cc2c1nc(C(=O)NC1CCN(C3CC3)CC1)n2Cc1cc(-c2ccc(Cl)s2)on1,Clc1ccc(-c2cc(C[*:1])no2)s1,6.84,2.134,0.6,CPD_710,Cc1cc(C(=O)O)cc2c1nc(C(=O)NC1CCN(C3CC3)CC1)n2Cc1cc2ccc(Cl)cc2s1,Clc1ccc2cc(C[*:1])sc2c1,6.37,4.254,0.2,-0.47,2.12,-0.48,0.47,2.1736605070709643,0.19392154909022433
CC(C)N1CCC(NC(=O)c2cc3cc([*:1])ccc3n2Cc2cc(-c3ccc(Cl)s3)on2)CC1,CPD_171,CCOC(=O)c1ccc2c(c1)cc(C(=O)NC1CCN(C(C)C)CC1)n2Cc1cc(-c2ccc(Cl)s2)on1,CCOC(=O)[*:1],7.96,2.492,130.0,CPD_252,CC(C)N1CCC(NC(=O)c2cc3cc(C(=O)NCCO)ccc3n2Cc2cc(-c3ccc(Cl)s3)on2)CC1,O=C(NCCO)[*:1],7.49,0.126,4400.0,-0.47,-2.37,1.53,0.47,2.820957284327432,0.15304673965953072
CC(C)N1CCC(NC(=O)c2cc3cc([*:1])ccc3n2Cc2cc(-c3ccc(Cl)s3)on2)CC1,CPD_366,CC(C)N1CCC(NC(=O)c2cc3cc(C(=O)OCCN4CCOCC4)ccc3n2Cc2cc(-c3ccc(Cl)s3)on2)CC1,O=C(OCCN1CCOCC1)[*:1],7.79,1.706,740.0,CPD_368,CC(C)N1CCC(NC(=O)c2cc3cc(C(=O)NCCN4CCNC4=O)ccc3n2Cc2cc(-c3ccc(Cl)s3)on2)CC1,O=C1NCCN1CCNC(=O)[*:1],7.32,0.289,190.0,-0.47,-1.42,-0.59,0.47,1.5376930773076922,0.26290866478480246
O=C(Cn1c([*:1])nc2ccccc21)Nc1ccc(Cl)cn1,CPD_521,O=C(Cn1c(C(=O)Nc2ccc(N3CCOC3=O)cc2)nc2ccccc21)Nc1ccc(Cl)cn1,O=C1OCCN1c1ccc(NC(=O)[*:1])cc1,6.1,4.136,1.0,CPD_991,CCN(CC)C(=O)N1CCN(C(=O)c2nc3ccccc3n2CC(=O)Nc2ccc(Cl)cn2)CC1,CCN(CC)C(=O)N1CCN(C(=O)[*:1])CC1,5.63,3.28,6.5,-0.47,-0.86,0.81,0.47,1.1813974775662932,0.3283504458867069
CC(C)N1CCC(NC(=O)c2cc3cc([*:1])ccc3n2Cc2cc(-c3ccc(Cl)s3)on2)CC1,CPD_117,CC(C)N1CCC(NC(=O)c2cc3cc(C(=O)OCOC(=O)C(C)(C)C)ccc3n2Cc2cc(-c3ccc(Cl)s3)on2)CC1,CC(C)(C)C(=O)OCOC(=O)[*:1],7.45,3.152,47.0,CPD_373,CC(C)N1CCC(NC(=O)c2cc3cc(C(=O)N4CCCC4CO)ccc3n2Cc2cc(-c3ccc(Cl)s3)on2)CC1,O=C(N1CCCC1CO)[*:1],6.98,-0.415,2900.0,-0.47,-3.57,1.79,0.47,3.993619911809335,0.11075449964122919
CC(C)N1CCC(NC(=O)c2cc3cc([*:1])ccc3n2CC(=O)Nc2ccc(Cl)cn2)CC1,CPD_324,CC(C)N1CCC(NC(=O)c2cc3cc(C(=O)NCCO)ccc3n2CC(=O)Nc2ccc(Cl)cn2)CC1,O=C(NCCO)[*:1],8.11,-0.841,140000.0,CPD_393,CC(C)N1CCC(NC(=O)c2cc3cc(C(=O)N4CCCOCC4)ccc3n2CC(=O)Nc2ccc(Cl)cn2)CC1,O=C(N1CCCOCC1)[*:1],7.64,-0.942,58000.0,-0.47,-0.1,-0.38,0.47,0.39293765408777004,0.7310195584467019
CC(C)N1CCC(NC(=O)c2cc3ccccc3n2[*:1])CC1,CPD_8,CC(C)N1CCC(NC(=O)c2cc3ccccc3n2Cc2cnc(-c3ccc(Cl)s3)s2)CC1,Clc1ccc(-c2ncc(C[*:1])s2)s1,7.16,2.78,44.0,CPD_855,CC(C)N1CCC(NC(=O)c2cc3ccccc3n2CC(=O)Nc2ccccc2)CC1,O=C(C[*:1])Nc1ccccc1,6.69,0.388,27000.0,-0.47,-2.39,2.79,0.47,3.6737174632788516,0.11978436378220893
CC(C)N1CCC(NC(=O)c2cc3cc([*:1])ccc3n2CC(=O)Nc2ccc(Cl)cn2)CC1,CPD_168,CC(C)N1CCC(NC(=O)c2cc3cc(Cl)ccc3n2CC(=O)Nc2ccc(Cl)cn2)CC1,Cl[*:1],8.52,1.704,2300.0,CPD_370,COCCOC(=O)OC(C)OC(=O)c1ccc2c(c1)cc(C(=O)NC1CCN(C(C)C)CC1)n2CC(=O)Nc1ccc(Cl)cn1,COCCOC(=O)OC(C)OC(=O)[*:1],8.05,1.425,5200.0,-0.47,-0.28,0.35,0.47,0.4482186966202994,0.6731415275400341
CC(C)N1CCC(NC(=O)c2cc3cc([*:1])ccc3n2Cc2cc(-c3ccc(Cl)s3)on2)CC1,CPD_38,CC(C)N1CCC(NC(=O)c2cc3cc(Br)ccc3n2Cc2cc(-c3ccc(Cl)s3)on2)CC1,Br[*:1],8.06,2.851,68.0,CPD_365,CC(C)N1CCC(NC(=O)c2cc3cc(C(=O)OC4CCOC4)ccc3n2Cc2cc(-c3ccc(Cl)s3)on2)CC1,O=C(OC1CCOC1)[*:1],7.58,1.734,120.0,-0.47,-1.12,0.25,0.47,1.1475626344561765,0.33629977534630334
CC(C)N1CCC(NC(=O)c2cc3cc([*:1])ccc3n2Cc2cc(-c3ccc(Cl)s3)on2)CC1,CPD_194,Cc1oc(=O)oc1COC(=O)c1ccc2c(c1)cc(C(=O)NC1CCN(C(C)C)CC1)n2Cc1cc(-c2ccc(Cl)s2)on1,Cc1oc(=O)oc1COC(=O)[*:1],7.96,3.174,10.0,CPD_252,CC(C)N1CCC(NC(=O)c2cc3cc(C(=O)NCCO)ccc3n2Cc2cc(-c3ccc(Cl)s3)on2)CC1,O=C(NCCO)[*:1],7.49,0.126,4400.0,-0.47,-3.05,2.64,0.47,4.0338691104199205,0.1097139029894237
CC(C)N1CCC(NC(=O)c2cc3cc([*:1])ccc3n2CC(=O)Nc2ccc(Cl)cn2)CC1,CPD_168,CC(C)N1CCC(NC(=O)c2cc3cc(Cl)ccc3n2CC(=O)Nc2ccc(Cl)cn2)CC1,Cl[*:1],8.52,1.704,2300.0,CPD_408,CC(C)N1CCC(NC(=O)c2cc3cc(C(=O)N4CC(O)C4)ccc3n2CC(=O)Nc2ccc(Cl)cn2)CC1,O=C(N1CC(O)C1)[*:1],8.06,-2.004,210000.0,-0.47,-3.71,1.96,0.47,4.195914679780798,0.10571502915642388
CC(C)N1CCC(NC(=O)c2nc3c([*:1])cccc3n2Cc2cc(-c3ccc(Cl)s3)on2)CC1,CPD_471,COC1CN(C(=O)c2cccc3c2nc(C(=O)NC2CCN(C(C)C)CC2)n3Cc2cc(-c3ccc(Cl)s3)on2)C1,COC1CN(C(=O)[*:1])C1,8.16,0.766,180.0,CPD_595,CC(C)N1CCC(NC(=O)c2nc3c(C(=O)N4CCC(O)CC4)cccc3n2Cc2cc(-c3ccc(Cl)s3)on2)CC1,O=C(N1CCC(O)CC1)[*:1],7.68,0.896,160.0,-0.48,0.13,-0.05,0.48,0.1392838827718412,1.233033324118706
CC(C)N1CCC(NC(=O)c2cc3cc([*:1])ccc3n2Cc2cc(-c3ccc(Cl)s3)on2)CC1,CPD_171,CCOC(=O)c1ccc2c(c1)cc(C(=O)NC1CCN(C(C)C)CC1)n2Cc1cc(-c2ccc(Cl)s2)on1,CCOC(=O)[*:1],7.96,2.492,130.0,CPD_179,CC(C)OC(=O)COc1ccc2c(c1)cc(C(=O)NC1CCN(C(C)C)CC1)n2Cc1cc(-c2ccc(Cl)s2)on1,CC(C)OC(=O)CO[*:1],7.48,2.057,140.0,-0.48,-0.44,0.03,0.48,0.4410215414239989,0.6946237869963597
CC(C)N1CCC(NC(=O)c2cc3c([*:1])cccc3n2Cc2cc(-c3ccc(Cl)s3)on2)CC1,CPD_155,CC(C)N1CCC(NC(=O)c2cc3c(C(=O)OCOC(=O)C(C)(C)C)cccc3n2Cc2cc(-c3ccc(Cl)s3)on2)CC1,CC(C)(C)C(=O)OCOC(=O)[*:1],7.88,3.166,45.0,CPD_675,CC(C)N1CCC(NC(=O)c2cc3c(C(=O)N4CCC(F)(F)CC4)cccc3n2Cc2cc(-c3ccc(Cl)s3)on2)CC1,O=C(N1CCC(F)(F)CC1)[*:1],7.41,0.626,560.0,-0.48,-2.54,1.09,0.48,2.764000723588907,0.15925676335884958
CC(C)N1CCC(NC(=O)c2cc3cc([*:1])ccc3n2Cc2cc(-c3ccc(Cl)s3)on2)CC1,CPD_148,CC(C)N1CCC(NC(=O)c2cc3cc(C(N)=O)ccc3n2Cc2cc(-c3ccc(Cl)s3)on2)CC1,NC(=O)[*:1],8.44,0.497,390.0,CPD_171,CCOC(=O)c1ccc2c(c1)cc(C(=O)NC1CCN(C(C)C)CC1)n2Cc1cc(-c2ccc(Cl)s2)on1,CCOC(=O)[*:1],7.96,2.492,130.0,-0.48,2.0,-0.48,0.48,2.0567936211491906,0.20808103317056825
CC(C)N1CCC(NC(=O)c2cc3cc([*:1])ccc3n2Cc2cc(-c3ccc(Cl)s3)on2)CC1,CPD_85,CC(C)N1CCC(NC(=O)c2cc3cc(C(=O)O)ccc3n2Cc2cc(-c3ccc(Cl)s3)on2)CC1,O=C(O)[*:1],8.07,1.328,5.5,CPD_365,CC(C)N1CCC(NC(=O)c2cc3cc(C(=O)OC4CCOC4)ccc3n2Cc2cc(-c3ccc(Cl)s3)on2)CC1,O=C(OC1CCOC1)[*:1],7.58,1.734,120.0,-0.48,0.41,1.34,0.48,1.4013208055259867,0.2906764078752754
CC(C)N1CCC(NC(=O)c2cc3cc([*:1])ccc3n2Cc2cc(-c3ccc(Cl)s3)on2)CC1,CPD_148,CC(C)N1CCC(NC(=O)c2cc3cc(C(N)=O)ccc3n2Cc2cc(-c3ccc(Cl)s3)on2)CC1,NC(=O)[*:1],8.44,0.497,390.0,CPD_194,Cc1oc(=O)oc1COC(=O)c1ccc2c(c1)cc(C(=O)NC1CCN(C(C)C)CC1)n2Cc1cc(-c2ccc(Cl)s2)on1,Cc1oc(=O)oc1COC(=O)[*:1],7.96,3.174,10.0,-0.48,2.68,-1.59,0.48,3.116167517961767,0.14259539890357048
CC(C)N1CCC(NC(=O)c2cc3cc([*:1])ccc3n2CC(=O)Nc2ccc(Cl)cn2)CC1,CPD_268,COC(=O)c1ccc2c(c1)cc(C(=O)NC1CCN(C(C)C)CC1)n2CC(=O)Nc1ccc(Cl)cn1,COC(=O)[*:1],8.12,0.993,8500.0,CPD_393,CC(C)N1CCC(NC(=O)c2cc3cc(C(=O)N4CCCOCC4)ccc3n2CC(=O)Nc2ccc(Cl)cn2)CC1,O=C(N1CCCOCC1)[*:1],7.64,-0.942,58000.0,-0.49,-1.94,0.83,0.49,2.110094784600919,0.2076187800579614
COC(=O)c1cccc2c1nc(C(=O)NC1CCN(C(C)C)CC1)n2[*:1],CPD_305,COC(=O)c1cccc2c1nc(C(=O)NC1CCN(C(C)C)CC1)n2Cc1cc(-c2ccc(Cl)s2)on1,Clc1ccc(-c2cc(C[*:1])no2)s1,8.42,3.133,16.0,CPD_307,COC(=O)c1cccc2c1nc(C(=O)NC1CCN(C(C)C)CC1)n2CC(=O)Nc1ccc(Cl)cn1,O=C(C[*:1])Nc1ccc(Cl)cn1,7.93,2.316,160.0,-0.49,-0.82,1.0,0.49,1.2932130528261767,0.31751934647172286
CC(C)N1CCC(NC(=O)c2cc3cc([*:1])ccc3n2Cc2cc(-c3ccc(Cl)s3)on2)CC1,CPD_99,CC(C)OC(=O)c1ccc2c(c1)cc(C(=O)NC1CCN(C(C)C)CC1)n2Cc1cc(-c2ccc(Cl)s2)on1,CC(C)OC(=O)[*:1],7.47,2.832,69.0,CPD_373,CC(C)N1CCC(NC(=O)c2cc3cc(C(=O)N4CCCC4CO)ccc3n2Cc2cc(-c3ccc(Cl)s3)on2)CC1,O=C(N1CCCC1CO)[*:1],6.98,-0.415,2900.0,-0.49,-3.25,1.62,0.49,3.631377149236912,0.12624385138566996
CC(C)N1CCC(NC(=O)c2cc3cc(C(=O)O[*:1])ccc3n2Cc2cc(-c3ccc(Cl)s3)on2)CC1,CPD_112,COC(=O)c1ccc2c(c1)cc(C(=O)NC1CCN(C(C)C)CC1)n2Cc1cc(-c2ccc(Cl)s2)on1,C[*:1],8.29,1.96,260.0,CPD_366,CC(C)N1CCC(NC(=O)c2cc3cc(C(=O)OCCN4CCOCC4)ccc3n2Cc2cc(-c3ccc(Cl)s3)on2)CC1,C1CN(CC[*:1])CCO1,7.79,1.706,740.0,-0.5,-0.25,0.45,0.5,0.51478150704935,0.653781498887284
CC(C)N1CCC(NC(=O)c2nc3c([*:1])cccc3n2Cc2cc(-c3ccc(Cl)s3)on2)CC1,CPD_316,CCOC(=O)OC(C)OC(=O)c1cccc2c1nc(C(=O)NC1CCN(C(C)C)CC1)n2Cc1cc(-c2ccc(Cl)s2)on1,CCOC(=O)OC(C)OC(=O)[*:1],8.18,4.088,3.5,CPD_595,CC(C)N1CCC(NC(=O)c2nc3c(C(=O)N4CCC(O)CC4)cccc3n2Cc2cc(-c3ccc(Cl)s3)on2)CC1,O=C(N1CCC(O)CC1)[*:1],7.68,0.896,160.0,-0.5,-3.19,1.66,0.5,3.596067296366963,0.13000292544862785
CC(C)N1CCC(NC(=O)c2cc3cc([*:1])ccc3n2Cc2cc(-c3ccc(Cl)s3)on2)CC1,CPD_143,CC(C)N1CCC(NC(=O)c2cc3cc(CO)ccc3n2Cc2cc(-c3ccc(Cl)s3)on2)CC1,OC[*:1],8.54,0.77,2500.0,CPD_363,CC(C)N1CCC(NC(=O)c2cc3cc(C(=O)OCCN4CCCC4=O)ccc3n2Cc2cc(-c3ccc(Cl)s3)on2)CC1,O=C1CCCN1CCOC(=O)[*:1],8.03,1.653,110.0,-0.5,0.88,-1.36,0.5,1.619876538505327,0.2673973333018401
CC(C)N1CCC(NC(=O)c2cc3cc([*:1])ccc3n2Cc2cc(-c3ccc(Cl)s3)on2)CC1,CPD_112,COC(=O)c1ccc2c(c1)cc(C(=O)NC1CCN(C(C)C)CC1)n2Cc1cc(-c2ccc(Cl)s2)on1,COC(=O)[*:1],8.29,1.96,260.0,CPD_259,CCOC(=O)COc1ccc2c(c1)cc(C(=O)NC1CCN(C(C)C)CC1)n2Cc1cc(-c2ccc(Cl)s2)on1,CCOC(=O)CO[*:1],7.79,1.709,270.0,-0.5,-0.25,0.02,0.5,0.25079872407968906,0.9984050996113122
CC(C)N1CCC(NC(=O)c2cc3cc([*:1])ccc3n2Cc2cc(-c3ccc(Cl)s3)on2)CC1,CPD_167,CCOC(=O)OC(C)OC(=O)c1ccc2c(c1)cc(C(=O)NC1CCN(C(C)C)CC1)n2Cc1cc(-c2ccc(Cl)s2)on1,CCOC(=O)OC(C)OC(=O)[*:1],7.38,2.914,58.0,CPD_673,CC(C)N1CCC(NC(=O)c2cc3cc(C(=O)N4CCC(F)(F)CC4)ccc3n2Cc2cc(-c3ccc(Cl)s3)on2)CC1,O=C(N1CCC(F)(F)CC1)[*:1],6.88,0.623,560.0,-0.5,-2.29,0.98,0.5,2.4908833774386148,0.1824229385736417
CC(C)N1CCC(NC(=O)c2nc3cc([*:1])ccc3n2CC(=O)Nc2ccc(Cl)cn2)CC1,CPD_341,CC(C)N1CCC(NC(=O)c2nc3cc(C(=O)O)ccc3n2CC(=O)Nc2ccc(Cl)cn2)CC1,O=C(O)[*:1],7.65,1.376,1.9,CPD_444,CC(C)N1CCC(NC(=O)c2nc3cc(S(=O)(=O)CCO)ccc3n2CC(=O)Nc2ccc(Cl)cn2)CC1,O=S(=O)(CCO)[*:1],7.15,0.282,890.0,-0.5,-1.09,2.67,0.5,2.8839209420509433,0.15954454794663173
CC(C)N1CCC(NC(=O)c2cc3cc([*:1])ccc3n2Cc2cc(-c3ccc(Cl)s3)on2)CC1,CPD_179,CC(C)OC(=O)COc1ccc2c(c1)cc(C(=O)NC1CCN(C(C)C)CC1)n2Cc1cc(-c2ccc(Cl)s2)on1,CC(C)OC(=O)CO[*:1],7.48,2.057,140.0,CPD_373,CC(C)N1CCC(NC(=O)c2cc3cc(C(=O)N4CCCC4CO)ccc3n2Cc2cc(-c3ccc(Cl)s3)on2)CC1,O=C(N1CCCC1CO)[*:1],6.98,-0.415,2900.0,-0.5,-2.47,1.32,0.5,2.800589223717038,0.16390276216565378
CC(C)N1CCC(NC(=O)c2cc3cc([*:1])ccc3n2Cc2cc(-c3ccc(Cl)s3)on2)CC1,CPD_252,CC(C)N1CCC(NC(=O)c2cc3cc(C(=O)NCCO)ccc3n2Cc2cc(-c3ccc(Cl)s3)on2)CC1,O=C(NCCO)[*:1],7.49,0.126,4400.0,CPD_373,CC(C)N1CCC(NC(=O)c2cc3cc(C(=O)N4CCCC4CO)ccc3n2Cc2cc(-c3ccc(Cl)s3)on2)CC1,O=C(N1CCCC1CO)[*:1],6.98,-0.415,2900.0,-0.5,-0.54,-0.18,0.5,0.5692099788303083,0.6103441277826162
Clc1ccc(-c2cc(Cn3c([*:1])cc4ccccc43)no2)s1,CPD_17,CCCN1CCC(NC(=O)c2cc3ccccc3n2Cc2cc(-c3ccc(Cl)s3)on2)CC1,CCCN1CCC(NC(=O)[*:1])CC1,7.2,2.84,77.0,CPD_24,O=C(NC1CCN(c2ccnc(Cl)n2)CC1)c1cc2ccccc2n1Cc1cc(-c2ccc(Cl)s2)on1,O=C(NC1CCN(c2ccnc(Cl)n2)CC1)[*:1],6.7,3.331,2.1,-0.5,0.49,-1.56,0.5,1.6351452534866742,0.26523155129570203
Clc1ccc(-c2cc(Cn3c([*:1])cc4ccccc43)no2)s1,CPD_16,CC(C)CN1CCC(NC(=O)c2cc3ccccc3n2Cc2cc(-c3ccc(Cl)s3)on2)CC1,CC(C)CN1CCC(NC(=O)[*:1])CC1,6.85,3.104,48.0,CPD_211,O=C(NCC1CN(c2ccncc2)C1)c1cc2ccccc2n1Cc1cc(-c2ccc(Cl)s2)on1,O=C(NCC1CN(c2ccncc2)C1)[*:1],6.35,1.589,190.0,-0.5,-1.52,0.6,0.5,1.6341358572652398,0.26537364493754356
CC(C)N1CCC(NC(=O)c2cc3cc([*:1])ccc3n2Cc2cc(-c3ccc(Cl)s3)on2)CC1,CPD_158,CC(C)N1CCC(NC(=O)c2cc3cc(-c4noc(O)n4)ccc3n2Cc2cc(-c3ccc(Cl)s3)on2)CC1,Oc1nc([*:1])no1,8.24,0.316,300.0,CPD_362,CC(C)N1CCC(NC(=O)c2cc3cc(C(=O)OC4CCOC4=O)ccc3n2Cc2cc(-c3ccc(Cl)s3)on2)CC1,O=C1OCCC1OC(=O)[*:1],7.73,0.55,170.0,-0.51,0.23,-0.25,0.51,0.3397057550292606,0.864838091964516
CC(C)N1CCC(NC(=O)c2cc3cc([*:1])ccc3n2CC(=O)Nc2ccc(Cl)cn2)CC1,CPD_359,CC(C)N1CCC(NC(=O)c2cc3cc(C(=O)OCC(=O)O)ccc3n2CC(=O)Nc2ccc(Cl)cn2)CC1,O=C(O)COC(=O)[*:1],8.35,0.3,9.7,CPD_541,CC(C)N1CCC(NC(=O)c2cc3cc(C(=O)N4CCOCC4)ccc3n2CC(=O)Nc2ccc(Cl)cn2)CC1,O=C(N1CCOCC1)[*:1],7.84,-1.329,79000.0,-0.51,-1.63,3.91,0.51,4.236153915995026,0.11368312580217887
CC(C)N1CCC(NC(=O)c2cc3cc(OC[*:1])ccc3n2Cc2cc(-c3ccc(Cl)s3)on2)CC1,CPD_181,CC(C)N1CCC(NC(=O)c2cc3cc(OCC(=O)O)ccc3n2Cc2cc(-c3ccc(Cl)s3)on2)CC1,O=C(O)[*:1],8.3,0.774,4.7,CPD_259,CCOC(=O)COc1ccc2c(c1)cc(C(=O)NC1CCN(C(C)C)CC1)n2Cc1cc(-c2ccc(Cl)s2)on1,CCOC(=O)[*:1],7.79,1.709,270.0,-0.51,0.94,1.76,0.51,1.9952944644838766,0.22714169925913621
COCCOc1cccc2nc([*:1])n(CC(=O)Nc3ccc(Cl)cn3)c12,CPD_792,COCCOc1cccc2nc(C(=O)NC3CCN(C(C)C)CC3)n(CC(=O)Nc3ccc(Cl)cn3)c12,CC(C)N1CCC(NC(=O)[*:1])CC1,7.69,1.914,390.0,CPD_822,COCCOc1cccc2nc(C(=O)N(C)C3CCN(C(C)C)CC3)n(CC(=O)Nc3ccc(Cl)cn3)c12,CC(C)N1CCC(N(C)C(=O)[*:1])CC1,7.18,1.869,450.0,-0.51,-0.04,0.06,0.51,0.07211102550927978,1.5833050085561486
CC(C)N1CCC(NC(=O)c2cc3cc([*:1])ccc3n2Cc2cc(-c3ccc(Cl)s3)on2)CC1,CPD_158,CC(C)N1CCC(NC(=O)c2cc3cc(-c4noc(O)n4)ccc3n2Cc2cc(-c3ccc(Cl)s3)on2)CC1,Oc1nc([*:1])no1,8.24,0.316,300.0,CPD_371,CC(C)N1CCC(NC(=O)c2cc3cc(C(=O)OCC4CCOC4)ccc3n2Cc2cc(-c3ccc(Cl)s3)on2)CC1,O=C(OCC1CCOC1)[*:1],7.73,1.959,78.0,-0.51,1.64,-0.59,0.51,1.7428998823799373,0.25590849019016143
Clc1ccc(-c2cc(Cn3c([*:1])nc4ccccc43)no2)s1,CPD_976,O=C(CN1CCN(C(=O)c2nc3ccccc3n2Cc2cc(-c3ccc(Cl)s3)on2)CC1)N1CCCC1,O=C(CN1CCN(C(=O)[*:1])CC1)N1CCCC1,5.18,3.591,0.7,CPD_987,NC(=O)N1CCN(C(=O)c2nc3ccccc3n2Cc2cc(-c3ccc(Cl)s3)on2)CC1,NC(=O)N1CCN(C(=O)[*:1])CC1,4.68,1.327,15.0,-0.51,-2.26,1.33,0.51,2.6223081436017392,0.1775575511060885
CC(C)N1CCC(NC(=O)c2cc3cc([*:1])ccc3n2Cc2cc(-c3ccc(Cl)s3)on2)CC1,CPD_181,CC(C)N1CCC(NC(=O)c2cc3cc(OCC(=O)O)ccc3n2Cc2cc(-c3ccc(Cl)s3)on2)CC1,O=C(O)CO[*:1],8.3,0.774,4.7,CPD_366,CC(C)N1CCC(NC(=O)c2cc3cc(C(=O)OCCN4CCOCC4)ccc3n2Cc2cc(-c3ccc(Cl)s3)on2)CC1,O=C(OCCN1CCOCC1)[*:1],7.79,1.706,740.0,-0.51,0.93,2.2,0.51,2.388493248891443,0.19329213755399047
Clc1ccc(-c2cc(Cn3c([*:1])cc4ccccc43)no2)s1,CPD_23,CS(=O)(=O)N1CCC(NC(=O)c2cc3ccccc3n2Cc2cc(-c3ccc(Cl)s3)on2)CC1,CS(=O)(=O)N1CCC(NC(=O)[*:1])CC1,6.87,3.257,1.1,CPD_211,O=C(NCC1CN(c2ccncc2)C1)c1cc2ccccc2n1Cc1cc(-c2ccc(Cl)s2)on1,O=C(NCC1CN(c2ccncc2)C1)[*:1],6.35,1.589,190.0,-0.52,-1.67,2.24,0.52,2.7940114530903415,0.17082721534181008
CC(C)N1CCC(NC(=O)c2nc3c([*:1])cccc3n2Cc2cc(-c3ccc(Cl)s3)on2)CC1,CPD_320,CC(C)N1CCC(NC(=O)c2nc3c(C(=O)N4CC(O)C4)cccc3n2Cc2cc(-c3ccc(Cl)s3)on2)CC1,O=C(N1CC(O)C1)[*:1],8.1,0.129,330.0,CPD_346,CC(C)N1CCC(NC(=O)c2nc3c(C(=O)N(C)CCO)cccc3n2Cc2cc(-c3ccc(Cl)s3)on2)CC1,CN(CCO)C(=O)[*:1],7.58,0.725,300.0,-0.52,0.6,-0.04,0.52,0.6013318551349163,0.6108076384826363
COc1ccc(OC)c2c1cc([*:1])n2Cc1cc(-c2ccc(Cl)s2)on1,CPD_137,COc1ccc(OC)c2c1cc(C(=O)NC1CCN(C(C)C)CC1)n2Cc1cc(-c2ccc(Cl)s2)on1,CC(C)N1CCC(NC(=O)[*:1])CC1,8.22,1.902,290.0,CPD_141,COc1ccc(OC)c2c1cc(C(=O)N(CC(=O)O)C1CCN(C(C)C)CC1)n2Cc1cc(-c2ccc(Cl)s2)on1,CC(C)N1CCC(N(CC(=O)O)C(=O)[*:1])CC1,7.7,1.22,2.4,-0.52,-0.68,-2.08,0.52,2.188332698654389,0.21326047929676115
Clc1ccc(-c2cc(Cn3c([*:1])cc4ccccc43)no2)s1,CPD_43,O=C(c1cc2ccccc2n1Cc1cc(-c2ccc(Cl)s2)on1)N1CCC(Oc2ccncc2)CC1,O=C(N1CCC(Oc2ccncc2)CC1)[*:1],5.53,3.739,1.1,CPD_47,O=C(Nc1nc(-c2cccnc2)cs1)c1cc2ccccc2n1Cc1cc(-c2ccc(Cl)s2)on1,O=C(Nc1nc(-c2cccnc2)cs1)[*:1],5.0,5.297,0.1,-0.53,1.56,-1.04,0.53,1.8748866632412744,0.24942506777822443
Clc1ccc(-c2cc(Cn3c([*:1])cc4ccccc43)no2)s1,CPD_43,O=C(c1cc2ccccc2n1Cc1cc(-c2ccc(Cl)s2)on1)N1CCC(Oc2ccncc2)CC1,O=C(N1CCC(Oc2ccncc2)CC1)[*:1],5.53,3.739,1.1,CPD_86,O=C(NCC1CC(C(=O)N2CCCC2)=NO1)c1cc2ccccc2n1Cc1cc(-c2ccc(Cl)s2)on1,O=C(C1=NOC(CNC(=O)[*:1])C1)N1CCCC1,5.0,1.879,5.1,-0.53,-1.86,0.67,0.53,1.9769926656414283,0.2379891088897444
Clc1ccc(-c2cc(Cn3c([*:1])cc4c(Cl)ccc(Cl)c43)no2)s1,CPD_131,CC(C)N1CCC(NC(=O)c2cc3c(Cl)ccc(Cl)c3n2Cc2cc(-c3ccc(Cl)s3)on2)CC1,CC(C)N1CCC(NC(=O)[*:1])CC1,7.61,3.165,14.0,CPD_139,CCOC(=O)CN(C(=O)c1cc2c(Cl)ccc(Cl)c2n1Cc1cc(-c2ccc(Cl)s2)on1)C1CCN(C(C)C)CC1,CCOC(=O)CN(C(=O)[*:1])C1CCN(C(C)C)CC1,7.08,3.955,18.0,-0.53,0.79,0.11,0.53,0.7976214641043708,0.5059079239590666
Clc1ccc(-c2cc(Cn3c([*:1])cc4ccccc43)no2)s1,CPD_43,O=C(c1cc2ccccc2n1Cc1cc(-c2ccc(Cl)s2)on1)N1CCC(Oc2ccncc2)CC1,O=C(N1CCC(Oc2ccncc2)CC1)[*:1],5.53,3.739,1.1,CPD_46,O=C(Nc1ccc(-c2c[nH]cn2)cc1)c1cc2ccccc2n1Cc1cc(-c2ccc(Cl)s2)on1,O=C(Nc1ccc(-c2c[nH]cn2)cc1)[*:1],5.0,4.299,0.0,-0.53,0.56,-1.04,0.53,1.181185844818672,0.3703222763967106
CC(C)N1CCC(NC(=O)c2cc3cc([*:1])ccc3n2Cc2cc(-c3ccc(Cl)s3)on2)CC1,CPD_37,CC(C)N1CCC(NC(=O)c2cc3cc(C#N)ccc3n2Cc2cc(-c3ccc(Cl)s3)on2)CC1,N#C[*:1],8.7,1.433,130.0,CPD_364,CC(C)N1CCC(NC(=O)c2cc3cc(C(=O)OCCN4CCNC4=O)ccc3n2Cc2cc(-c3ccc(Cl)s3)on2)CC1,O=C1NCCN1CCOC(=O)[*:1],8.16,1.632,44.0,-0.53,0.2,-0.47,0.53,0.5107837115648853,0.6966500359344217
CC(C)N1CCC(NC(=O)c2cc3c([*:1])cccc3n2Cc2cc(-c3ccc(Cl)s3)on2)CC1,CPD_154,CC(C)N1CCC(NC(=O)c2cc3c(CO)cccc3n2Cc2cc(-c3ccc(Cl)s3)on2)CC1,OC[*:1],8.7,0.769,2500.0,CPD_175,CCOC(=O)OC(C)OC(=O)c1cccc2c1cc(C(=O)NC1CCN(C(C)C)CC1)n2Cc1cc(-c2ccc(Cl)s2)on1,CCOC(=O)OC(C)OC(=O)[*:1],8.17,2.927,56.0,-0.53,2.16,-1.65,0.53,2.7181059581995695,0.17856505376293708
CC(C)N1CCC(NC(=O)c2cc3cc([*:1])ccc3n2Cc2cc(-c3ccc(Cl)s3)on2)CC1,CPD_368,CC(C)N1CCC(NC(=O)c2cc3cc(C(=O)NCCN4CCNC4=O)ccc3n2Cc2cc(-c3ccc(Cl)s3)on2)CC1,O=C1NCCN1CCNC(=O)[*:1],7.32,0.289,190.0,CPD_604,CC(C)N1CCC(NC(=O)c2cc3cc(C(=O)N4CCC(O)CC4)ccc3n2Cc2cc(-c3ccc(Cl)s3)on2)CC1,O=C(N1CCC(O)CC1)[*:1],6.79,-0.266,3400.0,-0.53,-0.55,1.25,0.53,1.3656500283747663,0.3280413398272545
Clc1ccc(-c2cc(Cn3c([*:1])nc4ccccc43)no2)s1,CPD_984,O=C(c1nc2ccccc2n1Cc1cc(-c2ccc(Cl)s2)on1)N1CCC(N2CCCC2=O)CC1,O=C1CCCN1C1CCN(C(=O)[*:1])CC1,5.21,3.149,1.2,CPD_987,NC(=O)N1CCN(C(=O)c2nc3ccccc3n2Cc2cc(-c3ccc(Cl)s3)on2)CC1,NC(=O)N1CCN(C(=O)[*:1])CC1,4.68,1.327,15.0,-0.53,-1.82,1.1,0.53,2.126593520163174,0.22300826603432414
Clc1ccc(-c2cc(Cn3c([*:1])nc4ccccc43)no2)s1,CPD_559,O=C1CCN(c2ccc(NC(=O)c3nc4ccccc4n3Cc3cc(-c4ccc(Cl)s4)on3)cc2)CC1,O=C1CCN(c2ccc(NC(=O)[*:1])cc2)CC1,6.68,4.038,0.4,CPD_980,O=C(c1nc2ccccc2n1Cc1cc(-c2ccc(Cl)s2)on1)N1CCN(C(=O)N2CCCC2)CC1,O=C(N1CCCC1)N1CCN(C(=O)[*:1])CC1,6.15,3.472,0.9,-0.53,-0.57,0.35,0.53,0.6688796603276257,0.576789347814086
Clc1ccc(-c2cc(Cn3c([*:1])cc4ccccc43)no2)s1,CPD_43,O=C(c1cc2ccccc2n1Cc1cc(-c2ccc(Cl)s2)on1)N1CCC(Oc2ccncc2)CC1,O=C(N1CCC(Oc2ccncc2)CC1)[*:1],5.53,3.739,1.1,CPD_394,Nc1nc(CNC(=O)c2cc3ccccc3n2Cc2cc(-c3ccc(Cl)s3)on2)c[nH]1,Nc1nc(CNC(=O)[*:1])c[nH]1,5.0,1.539,34.0,-0.53,-2.2,1.49,0.53,2.6570848687988873,0.1823132188841046
O=C(NC1CCN([*:1])CC1)c1cc2ccccc2n1Cc1cc(-c2ccc(Cl)s2)on1,CPD_17,CCCN1CCC(NC(=O)c2cc3ccccc3n2Cc2cc(-c3ccc(Cl)s3)on2)CC1,CCC[*:1],7.2,2.84,77.0,CPD_73,CCC(CC)N1CCC(NC(=O)c2cc3ccccc3n2Cc2cc(-c3ccc(Cl)s3)on2)CC1,CCC(CC)[*:1],6.66,3.315,49.0,-0.54,0.48,-0.2,0.54,0.52,0.7012987012987013
COc1cccc(Cn2c(C(=O)NC3CCN(C(C)C)CC3)cc3c(OC[*:1])cccc32)c1,CPD_908,COc1cccc(Cn2c(C(=O)NC3CCN(C(C)C)CC3)cc3c(OCCO)cccc32)c1,OC[*:1],7.74,0.186,65000.0,CPD_923,COc1cccc(Cn2c(C(=O)NC3CCN(C(C)C)CC3)cc3c(OCCCO)cccc32)c1,OCC[*:1],7.2,0.96,26000.0,-0.54,0.77,-0.4,0.54,0.8676981041814025,0.48313582887884904
CC(C)N1CCC(NC(=O)c2cc3ccccc3n2C[*:1])CC1,CPD_83,CC(C)N1CCC(NC(=O)c2cc3ccccc3n2CC(=O)Nc2ccc(Cl)cc2)CC1,O=C(Nc1ccc(Cl)cc1)[*:1],8.38,1.359,3800.0,CPD_858,CC(C)N1CCC(NC(=O)c2cc3ccccc3n2CC(=O)Nc2ccc(Cl)c(F)c2)CC1,O=C(Nc1ccc(Cl)c(F)c1)[*:1],7.84,2.002,750.0,-0.54,0.64,-0.7,0.54,0.94847245611035,0.4505735590724992
O=C(N[*:1])c1cc2ccccc2n1Cc1cc(-c2ccc(Cl)s2)on1,CPD_63,CC(C)N1CC[C@H](NC(=O)c2cc3ccccc3n2Cc2cc(-c3ccc(Cl)s3)on2)C1,CC(C)N1CC[C@H]([*:1])C1,6.99,1.909,390.0,CPD_180,CC(C)CN1CC(NC(=O)c2cc3ccccc3n2Cc2cc(-c3ccc(Cl)s3)on2)C1,CC(C)CN1CC([*:1])C1,6.46,2.966,47.0,-0.54,1.06,-0.92,0.54,1.4035668847618201,0.3265667720950893
O=C(O)c1ccc2c(c1)cc([*:1])n2Cc1cc(-c2ccc(Cl)s2)on1,CPD_183,CC(C)N1CC(NC(=O)c2cc3cc(C(=O)O)ccc3n2Cc2cc(-c3ccc(Cl)s3)on2)C1,CC(C)N1CC(NC(=O)[*:1])C1,6.3,1.025,8.9,CPD_283,O=C(O)c1ccc2c(c1)cc(C(=O)NC1CCN(c3ccccn3)CC1)n2Cc1cc(-c2ccc(Cl)s2)on1,O=C(NC1CCN(c2ccccn2)CC1)[*:1],5.76,1.179,8.9,-0.54,0.15,0.0,0.54,0.15,1.35
CC(C)N1CCC(NC(=O)c2nc3ccc([*:1])cc3n2CC(=O)Nc2ccc(Cl)cn2)CC1,CPD_317,COC(=O)c1ccc2nc(C(=O)NC3CCN(C(C)C)CC3)n(CC(=O)Nc3ccc(Cl)cn3)c2c1,COC(=O)[*:1],6.43,2.305,160.0,CPD_376,CC(C)N1CCC(NC(=O)c2nc3ccc(C(=O)N4CC(O)C4)cc3n2CC(=O)Nc2ccc(Cl)cn2)CC1,O=C(N1CC(O)C1)[*:1],5.89,-0.693,3300.0,-0.54,-3.0,1.31,0.54,3.2735454785293574,0.1532547268909902
CC(C)N1CCC(NC(=O)c2cc3cc([*:1])ccc3n2Cc2cc(-c3ccc(Cl)s3)on2)CC1,CPD_361,CC(C)N1CCC(NC(=O)c2cc3cc(C(=O)OCC4COC(=O)O4)ccc3n2Cc2cc(-c3ccc(Cl)s3)on2)CC1,O=C1OCC(COC(=O)[*:1])O1,7.86,1.042,660.0,CPD_368,CC(C)N1CCC(NC(=O)c2cc3cc(C(=O)NCCN4CCNC4=O)ccc3n2Cc2cc(-c3ccc(Cl)s3)on2)CC1,O=C1NCCN1CCNC(=O)[*:1],7.32,0.289,190.0,-0.54,-0.75,-0.54,0.54,0.9241753080449618,0.45989725409838217
CC(C)N1CCC(NC(=O)c2nc3c([*:1])cccc3n2Cc2cc(-c3ccc(Cl)s3)on2)CC1,CPD_323,CC(C)N1CCC(NC(=O)c2nc3c(C(=O)NCCO)cccc3n2Cc2cc(-c3ccc(Cl)s3)on2)CC1,O=C(NCCO)[*:1],9.16,1.295,130.0,CPD_391,CC(C)N1CCC(NC(=O)c2nc3c(C(=O)OCCO)cccc3n2Cc2cc(-c3ccc(Cl)s3)on2)CC1,O=C(OCCO)[*:1],8.62,2.057,54.0,-0.54,0.76,-0.38,0.54,0.8497058314499201,0.4910404078589186
Clc1ccc(-c2cc(Cn3c([*:1])cc4ccccc43)no2)s1,CPD_58,CCN1CC[C@@H](NC(=O)c2cc3ccccc3n2Cc2cc(-c3ccc(Cl)s3)on2)C1,CCN1CC[C@@H](NC(=O)[*:1])C1,7.0,1.624,680.0,CPD_180,CC(C)CN1CC(NC(=O)c2cc3ccccc3n2Cc2cc(-c3ccc(Cl)s3)on2)C1,CC(C)CN1CC(NC(=O)[*:1])C1,6.46,2.966,47.0,-0.55,1.34,-1.16,0.55,1.772343081911626,0.27196176797070004
CC(C)N1CCC(NC(=O)c2nc3cc([*:1])ccc3n2Cc2cc(-c3ccc(Cl)s3)on2)CC1,CPD_349,CC(C)N1CCC(NC(=O)c2nc3cc(C(=O)N4CC(O)C4)ccc3n2Cc2cc(-c3ccc(Cl)s3)on2)CC1,O=C(N1CC(O)C1)[*:1],7.73,0.123,330.0,CPD_351,CC(C)N1CCC(NC(=O)c2nc3cc(C(=O)N(C)CCO)ccc3n2Cc2cc(-c3ccc(Cl)s3)on2)CC1,CN(CCO)C(=O)[*:1],7.19,0.719,300.0,-0.55,0.6,-0.04,0.55,0.6013318551349163,0.6460465407027884
Clc1ccc(-c2cc(Cn3c([*:1])cc4ccccc43)no2)s1,CPD_17,CCCN1CCC(NC(=O)c2cc3ccccc3n2Cc2cc(-c3ccc(Cl)s3)on2)CC1,CCCN1CCC(NC(=O)[*:1])CC1,7.2,2.84,77.0,CPD_177,CC(C)N1CC(NC(=O)c2cc3ccccc3n2Cc2cc(-c3ccc(Cl)s3)on2)C1,CC(C)N1CC(NC(=O)[*:1])C1,6.65,2.16,190.0,-0.55,-0.68,0.39,0.55,0.7839005038906405,0.5319660817750947
O=C(O)c1cc([*:1])c2c(c1)nc(C(=O)NC1CCN(C3CC3)CC1)n2Cc1cc(-c2ccc(Cl)s2)on1,CPD_726,O=C(O)c1cc(Cl)c2c(c1)nc(C(=O)NC1CCN(C3CC3)CC1)n2Cc1cc(-c2ccc(Cl)s2)on1,Cl[*:1],8.09,2.677,0.3,CPD_851,O=C(O)c1cc(C2CC2)c2c(c1)nc(C(=O)NC1CCN(C3CC3)CC1)n2Cc1cc(-c2ccc(Cl)s2)on1,C1CC1[*:1],7.54,2.725,0.2,-0.55,0.05,-0.18,0.55,0.18681541692269404,1.259113068569503
Clc1ccc(-c2cc(Cn3c([*:1])nc4ccccc43)no2)s1,CPD_116,O=C(NC1CCN(c2ccncn2)CC1)c1nc2ccccc2n1Cc1cc(-c2ccc(Cl)s2)on1,O=C(NC1CCN(c2ccncn2)CC1)[*:1],7.23,3.606,0.7,CPD_559,O=C1CCN(c2ccc(NC(=O)c3nc4ccccc4n3Cc3cc(-c4ccc(Cl)s4)on3)cc2)CC1,O=C1CCN(c2ccc(NC(=O)[*:1])cc2)CC1,6.68,4.038,0.4,-0.55,0.43,-0.24,0.55,0.49244289008980524,0.7407977197188493
CC(C)N1CCC(NC(=O)c2cc3cc([*:1])ccc3n2Cc2cc(-c3ccc(Cl)s3)on2)CC1,CPD_364,CC(C)N1CCC(NC(=O)c2cc3cc(C(=O)OCCN4CCNC4=O)ccc3n2Cc2cc(-c3ccc(Cl)s3)on2)CC1,O=C1NCCN1CCOC(=O)[*:1],8.16,1.632,44.0,CPD_503,CC(C)ONC(=O)c1ccc2c(c1)cc(C(=O)NC1CCN(C(C)C)CC1)n2Cc1cc(-c2ccc(Cl)s2)on1,CC(C)ONC(=O)[*:1],7.61,2.516,57.0,-0.55,0.88,0.11,0.55,0.8868483523128404,0.4837936378067159
CC(C)N1CCC(NC(=O)c2cc3c([*:1])cccc3n2Cc2cc(-c3ccc(Cl)s3)on2)CC1,CPD_182,CC(C)N1CCC(NC(=O)c2cc3c(-c4nnc(O)o4)cccc3n2Cc2cc(-c3ccc(Cl)s3)on2)CC1,Oc1nnc([*:1])o1,8.57,0.305,310.0,CPD_184,CCOC(=O)COc1cccc2c1cc(C(=O)NC1CCN(C(C)C)CC1)n2Cc1cc(-c2ccc(Cl)s2)on1,CCOC(=O)CO[*:1],8.01,1.723,260.0,-0.55,1.42,-0.08,0.55,1.422251735804882,0.328897849662136
O=C(Cn1c(C(=O)Nc2ccc([*:1])cc2)nc2ccccc21)Nc1ccc(Cl)cn1,CPD_423,O=C(Cn1c(C(=O)Nc2ccc(-n3ccc(=O)cc3)cc2)nc2ccccc21)Nc1ccc(Cl)cn1,O=c1ccn([*:1])cc1,7.3,3.099,3.9,CPD_530,O=C(Cn1c(=O)ccn(-c2ccc(NC(=O)c3nc4ccccc4n3CC(=O)Nc3ccc(Cl)cn3)cc2)c1=O)Nc1ccc(Cl)cn1,O=C(Cn1c(=O)ccn([*:1])c1=O)Nc1ccc(Cl)cn1,6.75,4.229,0.2,-0.55,1.13,-1.29,0.55,1.7149344010777787,0.2799075631727561
CC(C)N1CCC(NC(=O)c2cc3cc(C(=O)O[*:1])ccc3n2Cc2cc(-c3ccc(Cl)s3)on2)CC1,CPD_112,COC(=O)c1ccc2c(c1)cc(C(=O)NC1CCN(C(C)C)CC1)n2Cc1cc(-c2ccc(Cl)s2)on1,C[*:1],8.29,1.96,260.0,CPD_371,CC(C)N1CCC(NC(=O)c2cc3cc(C(=O)OCC4CCOC4)ccc3n2Cc2cc(-c3ccc(Cl)s3)on2)CC1,C1CC(C[*:1])CO1,7.73,1.959,78.0,-0.56,-0.0,-0.52,0.56,0.52,0.7272727272727273
CC(C)N1CCC(NC(=O)c2cc3cc(C(=O)O[*:1])ccc3n2Cc2cc(-c3ccc(Cl)s3)on2)CC1,CPD_112,COC(=O)c1ccc2c(c1)cc(C(=O)NC1CCN(C(C)C)CC1)n2Cc1cc(-c2ccc(Cl)s2)on1,C[*:1],8.29,1.96,260.0,CPD_362,CC(C)N1CCC(NC(=O)c2cc3cc(C(=O)OC4CCOC4=O)ccc3n2Cc2cc(-c3ccc(Cl)s3)on2)CC1,O=C1OCCC1[*:1],7.73,0.55,170.0,-0.56,-1.41,-0.18,0.56,1.421442928857856,0.3350398570788557
CC(C)N1CCC(NC(=O)c2cc3ccccc3n2[*:1])CC1,CPD_83,CC(C)N1CCC(NC(=O)c2cc3ccccc3n2CC(=O)Nc2ccc(Cl)cc2)CC1,O=C(C[*:1])Nc1ccc(Cl)cc1,8.38,1.359,3800.0,CPD_146,CC(C)N1CCC(NC(=O)c2cc3ccccc3n2CC(=O)Nc2ccc(Cl)s2)CC1,O=C(C[*:1])Nc1ccc(Cl)s1,7.82,1.184,1900.0,-0.56,-0.18,-0.3,0.56,0.34985711369071804,0.9335556538698181
O=C(N[*:1])c1cc2ccccc2n1Cc1cc(-c2ccc(Cl)s2)on1,CPD_31,O=C(NC1CCN(c2ccncn2)CC1)c1cc2ccccc2n1Cc1cc(-c2ccc(Cl)s2)on1,c1cc(N2CCC([*:1])CC2)ncn1,7.01,3.217,2.8,CPD_180,CC(C)CN1CC(NC(=O)c2cc3ccccc3n2Cc2cc(-c3ccc(Cl)s3)on2)C1,CC(C)CN1CC([*:1])C1,6.46,2.966,47.0,-0.56,-0.25,1.22,0.56,1.2453513560437472,0.37449392595034836
CC(C)N1CCC(NC(=O)c2cc3ccccc3n2[*:1])CC1,CPD_853,Cc1ccc(NC(=O)Cn2c(C(=O)NC3CCN(C(C)C)CC3)cc3ccccc32)cc1,Cc1ccc(NC(=O)C[*:1])cc1,7.25,0.85,14000.0,CPD_855,CC(C)N1CCC(NC(=O)c2cc3ccccc3n2CC(=O)Nc2ccccc2)CC1,O=C(C[*:1])Nc1ccccc1,6.69,0.388,27000.0,-0.56,-0.46,0.29,0.56,0.543783044972901,0.7054824407582527
O=C(Cn1c(C(=O)N[*:1])nc2c(C(=O)O)cccc21)Nc1ccc(Cl)cn1,CPD_322,CC(C)N1CCC(NC(=O)c2nc3c(C(=O)O)cccc3n2CC(=O)Nc2ccc(Cl)cn2)CC1,CC(C)N1CCC([*:1])CC1,7.95,1.375,1.9,CPD_435,O=C(Cn1c(C(=O)Nc2ccc(N3CCOCC3=O)cc2)nc2c(C(=O)O)cccc21)Nc1ccc(Cl)cn1,O=C1COCCN1c1ccc([*:1])cc1,7.4,-0.541,7300.0,-0.56,-1.92,3.58,0.56,4.062363843872186,0.12985917243410547
CC(C)N1CCC(NC(=O)c2cc3cc([*:1])ccc3n2Cc2cc(-c3ccc(Cl)s3)on2)CC1,CPD_259,CCOC(=O)COc1ccc2c(c1)cc(C(=O)NC1CCN(C(C)C)CC1)n2Cc1cc(-c2ccc(Cl)s2)on1,CCOC(=O)CO[*:1],7.79,1.709,270.0,CPD_344,CC(C)N1CCC(NC(=O)c2cc3cc(C(=O)N4CC(O)C4)ccc3n2Cc2cc(-c3ccc(Cl)s3)on2)CC1,O=C(N1CC(O)C1)[*:1],7.23,-1.036,6400.0,-0.56,-2.75,1.37,0.56,3.072360655912649,0.16855484939703774
CC(C)N1CCC(NC(=O)c2cc3cc([*:1])ccc3n2CC(=O)Nc2ccc(Cl)cn2)CC1,CPD_168,CC(C)N1CCC(NC(=O)c2cc3cc(Cl)ccc3n2CC(=O)Nc2ccc(Cl)cn2)CC1,Cl[*:1],8.52,1.704,2300.0,CPD_674,CC(C)N1CCC(NC(=O)c2cc3cc(C(=O)N4CCC(F)(F)CC4)ccc3n2CC(=O)Nc2ccc(Cl)cn2)CC1,O=C(N1CCC(F)(F)CC1)[*:1],7.96,-0.344,18000.0,-0.56,-2.05,0.89,0.56,2.2348601745970598,0.2253647934499206
CC(C)N1CCC(NC(=O)c2nc3cc([*:1])ccc3n2CC(=O)Nc2ccc(Cl)cn2)CC1,CPD_319,COC(=O)c1ccc2c(c1)nc(C(=O)NC1CCN(C(C)C)CC1)n2CC(=O)Nc1ccc(Cl)cn1,COC(=O)[*:1],7.72,2.303,160.0,CPD_444,CC(C)N1CCC(NC(=O)c2nc3cc(S(=O)(=O)CCO)ccc3n2CC(=O)Nc2ccc(Cl)cn2)CC1,O=S(=O)(CCO)[*:1],7.15,0.282,890.0,-0.57,-2.02,0.75,0.57,2.154738963308549,0.23703196425767897
O=C(N[*:1])c1cc2ccccc2n1Cc1cc(-c2ccc(Cl)s2)on1,CPD_177,CC(C)N1CC(NC(=O)c2cc3ccccc3n2Cc2cc(-c3ccc(Cl)s3)on2)C1,CC(C)N1CC([*:1])C1,6.65,2.16,190.0,CPD_204,CC(C)N1CC(CNC(=O)c2cc3ccccc3n2Cc2cc(-c3ccc(Cl)s3)on2)C1,CC(C)N1CC(C[*:1])C1,6.08,1.854,360.0,-0.57,-0.31,0.28,0.57,0.41773197148410846,0.8536359263030519
CC(C)N1CCC(NC(=O)c2cc3cc([*:1])ccc3n2Cc2cc(-c3ccc(Cl)s3)on2)CC1,CPD_38,CC(C)N1CCC(NC(=O)c2cc3cc(Br)ccc3n2Cc2cc(-c3ccc(Cl)s3)on2)CC1,Br[*:1],8.06,2.851,68.0,CPD_252,CC(C)N1CCC(NC(=O)c2cc3cc(C(=O)NCCO)ccc3n2Cc2cc(-c3ccc(Cl)s3)on2)CC1,O=C(NCCO)[*:1],7.49,0.126,4400.0,-0.57,-2.73,1.81,0.57,3.2755152266475576,0.1616784961504812
CC(C)N1CCC(NC(=O)c2cc3cc([*:1])ccc3n2Cc2cc(-c3ccc(Cl)s3)on2)CC1,CPD_181,CC(C)N1CCC(NC(=O)c2cc3cc(OCC(=O)O)ccc3n2Cc2cc(-c3ccc(Cl)s3)on2)CC1,O=C(O)CO[*:1],8.3,0.774,4.7,CPD_362,CC(C)N1CCC(NC(=O)c2cc3cc(C(=O)OC4CCOC4=O)ccc3n2Cc2cc(-c3ccc(Cl)s3)on2)CC1,O=C1OCCC1OC(=O)[*:1],7.73,0.55,170.0,-0.57,-0.22,1.56,0.57,1.5754364474646383,0.3122540917771621
CC(C)N1CCC(NC(=O)c2cc3ccccc3n2C[*:1])CC1,CPD_146,CC(C)N1CCC(NC(=O)c2cc3ccccc3n2CC(=O)Nc2ccc(Cl)s2)CC1,O=C(Nc1ccc(Cl)s1)[*:1],7.82,1.184,1900.0,CPD_853,Cc1ccc(NC(=O)Cn2c(C(=O)NC3CCN(C(C)C)CC3)cc3ccccc32)cc1,Cc1ccc(NC(=O)[*:1])cc1,7.25,0.85,14000.0,-0.57,-0.33,0.87,0.57,0.9304837451562493,0.4828529002104595
CC(C)N1CCC(NC(=O)c2cc3cc([*:1])ccc3n2Cc2cc(-c3ccc(Cl)s3)on2)CC1,CPD_117,CC(C)N1CCC(NC(=O)c2cc3cc(C(=O)OCOC(=O)C(C)(C)C)ccc3n2Cc2cc(-c3ccc(Cl)s3)on2)CC1,CC(C)(C)C(=O)OCOC(=O)[*:1],7.45,3.152,47.0,CPD_673,CC(C)N1CCC(NC(=O)c2cc3cc(C(=O)N4CCC(F)(F)CC4)ccc3n2Cc2cc(-c3ccc(Cl)s3)on2)CC1,O=C(N1CCC(F)(F)CC1)[*:1],6.88,0.623,560.0,-0.57,-2.53,1.08,0.57,2.750872588834314,0.1899447521100574
CC(C)N1CCC(NC(=O)c2nc3cc([*:1])ccc3n2CC(=O)Nc2ccc(Cl)cn2)CC1,CPD_397,CCOC(=O)OC(C)OC(=O)c1ccc2c(c1)nc(C(=O)NC1CCN(C(C)C)CC1)n2CC(=O)Nc1ccc(Cl)cn1,CCOC(=O)OC(C)OC(=O)[*:1],7.72,3.257,33.0,CPD_444,CC(C)N1CCC(NC(=O)c2nc3cc(S(=O)(=O)CCO)ccc3n2CC(=O)Nc2ccc(Cl)cn2)CC1,O=S(=O)(CCO)[*:1],7.15,0.282,890.0,-0.57,-2.98,1.43,0.57,3.3053441575727027,0.1603220320558641
CC(C)N1CCC(NC(=O)c2cc3cc([*:1])ccc3n2Cc2cc(-c3ccc(Cl)s3)on2)CC1,CPD_181,CC(C)N1CCC(NC(=O)c2cc3cc(OCC(=O)O)ccc3n2Cc2cc(-c3ccc(Cl)s3)on2)CC1,O=C(O)CO[*:1],8.3,0.774,4.7,CPD_371,CC(C)N1CCC(NC(=O)c2cc3cc(C(=O)OCC4CCOC4)ccc3n2Cc2cc(-c3ccc(Cl)s3)on2)CC1,O=C(OCC1CCOC1)[*:1],7.73,1.959,78.0,-0.57,1.19,1.22,0.57,1.7042593699317012,0.29167059847328286
CC(C)N1CCC(NC(=O)c2cc3cc([*:1])ccc3n2Cc2cc(-c3ccc(Cl)s3)on2)CC1,CPD_38,CC(C)N1CCC(NC(=O)c2cc3cc(Br)ccc3n2Cc2cc(-c3ccc(Cl)s3)on2)CC1,Br[*:1],8.06,2.851,68.0,CPD_179,CC(C)OC(=O)COc1ccc2c(c1)cc(C(=O)NC1CCN(C(C)C)CC1)n2Cc1cc(-c2ccc(Cl)s2)on1,CC(C)OC(=O)CO[*:1],7.48,2.057,140.0,-0.57,-0.79,0.31,0.57,0.8486459803710851,0.5188204482461889
CC(C)N1CCC(NC(=O)c2cc3cc(C(=O)O[*:1])ccc3n2Cc2cc(-c3ccc(Cl)s3)on2)CC1,CPD_364,CC(C)N1CCC(NC(=O)c2cc3cc(C(=O)OCCN4CCNC4=O)ccc3n2Cc2cc(-c3ccc(Cl)s3)on2)CC1,O=C1NCCN1CC[*:1],8.16,1.632,44.0,CPD_365,CC(C)N1CCC(NC(=O)c2cc3cc(C(=O)OC4CCOC4)ccc3n2Cc2cc(-c3ccc(Cl)s3)on2)CC1,C1CC([*:1])CO1,7.58,1.734,120.0,-0.58,0.1,0.44,0.58,0.45122056690713913,0.8271291906884526
Clc1ccc(-c2cc(Cn3c([*:1])cc4ccccc43)no2)s1,CPD_73,CCC(CC)N1CCC(NC(=O)c2cc3ccccc3n2Cc2cc(-c3ccc(Cl)s3)on2)CC1,CCC(CC)N1CCC(NC(=O)[*:1])CC1,6.66,3.315,49.0,CPD_204,CC(C)N1CC(CNC(=O)c2cc3ccccc3n2Cc2cc(-c3ccc(Cl)s3)on2)C1,CC(C)N1CC(CNC(=O)[*:1])C1,6.08,1.854,360.0,-0.58,-1.46,0.87,0.58,1.6995587662684688,0.29750321459154705
CC(C)N1CCC(NC(=O)c2cc3c(C(=O)N4CCC(F)(F)CC4)cccc3n2C[*:1])CC1,CPD_675,CC(C)N1CCC(NC(=O)c2cc3c(C(=O)N4CCC(F)(F)CC4)cccc3n2Cc2cc(-c3ccc(Cl)s3)on2)CC1,Clc1ccc(-c2cc([*:1])no2)s1,7.41,0.626,560.0,CPD_680,COc1cccc(Cn2c(C(=O)NC3CCN(C(C)C)CC3)cc3c(C(=O)N4CCC(F)(F)CC4)cccc32)c1,COc1cccc([*:1])c1,6.83,-0.127,22000.0,-0.58,-0.75,1.59,0.58,1.7580102388780334,0.28884314869035344
CC(C)N1CCC(NC(=O)c2cc3cc([*:1])ccc3n2Cc2cc(-c3ccc(Cl)s3)on2)CC1,CPD_143,CC(C)N1CCC(NC(=O)c2cc3cc(CO)ccc3n2Cc2cc(-c3ccc(Cl)s3)on2)CC1,OC[*:1],8.54,0.77,2500.0,CPD_194,Cc1oc(=O)oc1COC(=O)c1ccc2c(c1)cc(C(=O)NC1CCN(C(C)C)CC1)n2Cc1cc(-c2ccc(Cl)s2)on1,Cc1oc(=O)oc1COC(=O)[*:1],7.96,3.174,10.0,-0.58,2.4,-2.4,0.58,3.394112549695428,0.15916083603083991
CC(C)N1CCC(NC(=O)c2nc3c([*:1])nccc3n2CC(=O)Nc2ccc(Cl)cn2)CC1,CPD_833,COc1nccc2c1nc(C(=O)NC1CCN(C(C)C)CC1)n2CC(=O)Nc1ccc(Cl)cn1,CO[*:1],7.93,1.509,890.0,CPD_835,CC(C)N1CCC(NC(=O)c2nc3c(O)nccc3n2CC(=O)Nc2ccc(Cl)cn2)CC1,O[*:1],7.36,0.654,1100.0,-0.58,-0.85,0.09,0.58,0.854751425854324,0.5250049797867204
CC(C)N1CCC(NC(=O)c2cc3cc([*:1])ccc3n2Cc2cc(-c3ccc(Cl)s3)on2)CC1,CPD_85,CC(C)N1CCC(NC(=O)c2cc3cc(C(=O)O)ccc3n2Cc2cc(-c3ccc(Cl)s3)on2)CC1,O=C(O)[*:1],8.07,1.328,5.5,CPD_252,CC(C)N1CCC(NC(=O)c2cc3cc(C(=O)NCCO)ccc3n2Cc2cc(-c3ccc(Cl)s3)on2)CC1,O=C(NCCO)[*:1],7.49,0.126,4400.0,-0.58,-1.2,2.9,0.58,3.138470965295043,0.1711686497952618
CC(C)N1CCC(NC(=O)c2cc3cc(C(=O)O[*:1])ccc3n2CC(=O)Nc2ccc(Cl)cn2)CC1,CPD_359,CC(C)N1CCC(NC(=O)c2cc3cc(C(=O)OCC(=O)O)ccc3n2CC(=O)Nc2ccc(Cl)cn2)CC1,O=C(O)C[*:1],8.35,0.3,9.7,CPD_374,CC(C)OC(=O)OC(C)OC(=O)c1ccc2c(c1)cc(C(=O)NC1CCN(C(C)C)CC1)n2CC(=O)Nc1ccc(Cl)cn1,CC(C)OC(=O)OC(C)[*:1],7.77,2.294,1000.0,-0.58,1.99,2.01,0.58,2.8284624798642812,0.18840573948641082
CC(C)N1CCC(NC(=O)c2cc3cc([*:1])ccc3n2Cc2cc(-c3ccc(Cl)s3)on2)CC1,CPD_143,CC(C)N1CCC(NC(=O)c2cc3cc(CO)ccc3n2Cc2cc(-c3ccc(Cl)s3)on2)CC1,OC[*:1],8.54,0.77,2500.0,CPD_171,CCOC(=O)c1ccc2c(c1)cc(C(=O)NC1CCN(C(C)C)CC1)n2Cc1cc(-c2ccc(Cl)s2)on1,CCOC(=O)[*:1],7.96,2.492,130.0,-0.58,1.72,-1.28,0.58,2.1440149253211835,0.24227083710523925
CC(C)N1CCC(NC(=O)c2cc3cc([*:1])ccc3n2Cc2cc(-c3ccc(Cl)s3)on2)CC1,CPD_148,CC(C)N1CCC(NC(=O)c2cc3cc(C(N)=O)ccc3n2Cc2cc(-c3ccc(Cl)s3)on2)CC1,NC(=O)[*:1],8.44,0.497,390.0,CPD_361,CC(C)N1CCC(NC(=O)c2cc3cc(C(=O)OCC4COC(=O)O4)ccc3n2Cc2cc(-c3ccc(Cl)s3)on2)CC1,O=C1OCC(COC(=O)[*:1])O1,7.86,1.042,660.0,-0.58,0.55,0.23,0.58,0.5961543424315553,0.6854541434288222
CC(C)N1CCC(NC(=O)c2cc3cc([*:1])ccc3n2Cc2cc(-c3ccc(Cl)s3)on2)CC1,CPD_148,CC(C)N1CCC(NC(=O)c2cc3cc(C(N)=O)ccc3n2Cc2cc(-c3ccc(Cl)s3)on2)CC1,NC(=O)[*:1],8.44,0.497,390.0,CPD_877,CC(C)N1CCC(NC(=O)c2cc3cc(OC(C)(C)C(=O)O)ccc3n2Cc2cc(-c3ccc(Cl)s3)on2)CC1,CC(C)(O[*:1])C(=O)O,7.85,1.472,1.6,-0.58,0.97,-2.39,0.58,2.5793410011086166,0.20499473190850429
CC(C)N1CCC(NC(=O)c2cc3cc([*:1])ccc3n2Cc2cc(-c3ccc(Cl)s3)on2)CC1,CPD_85,CC(C)N1CCC(NC(=O)c2cc3cc(C(=O)O)ccc3n2Cc2cc(-c3ccc(Cl)s3)on2)CC1,O=C(O)[*:1],8.07,1.328,5.5,CPD_179,CC(C)OC(=O)COc1ccc2c(c1)cc(C(=O)NC1CCN(C(C)C)CC1)n2Cc1cc(-c2ccc(Cl)s2)on1,CC(C)OC(=O)CO[*:1],7.48,2.057,140.0,-0.58,0.73,1.41,0.58,1.587765725792064,0.3156006186534054
CC(C)N1CCC(NC(=O)c2cc3c([*:1])cccc3n2Cc2cc(-c3ccc(Cl)s3)on2)CC1,CPD_184,CCOC(=O)COc1cccc2c1cc(C(=O)NC1CCN(C(C)C)CC1)n2Cc1cc(-c2ccc(Cl)s2)on1,CCOC(=O)CO[*:1],8.01,1.723,260.0,CPD_406,CC(C)N1CCC(NC(=O)c2cc3c(C(=O)N(C)CCO)cccc3n2Cc2cc(-c3ccc(Cl)s3)on2)CC1,CN(CCO)C(=O)[*:1],7.43,-0.435,32000.0,-0.59,-2.16,2.09,0.59,3.0056114186634306,0.18122555923526662
CC(C)N1CCC(NC(=O)c2nc3c([*:1])cccc3n2Cc2cc(-c3ccc(Cl)s3)on2)CC1,CPD_320,CC(C)N1CCC(NC(=O)c2nc3c(C(=O)N4CC(O)C4)cccc3n2Cc2cc(-c3ccc(Cl)s3)on2)CC1,O=C(N1CC(O)C1)[*:1],8.1,0.129,330.0,CPD_337,CC(OC(=O)OC1CCCCC1)OC(=O)c1cccc2c1nc(C(=O)NC1CCN(C(C)C)CC1)n2Cc1cc(-c2ccc(Cl)s2)on1,CC(OC(=O)OC1CCCCC1)OC(=O)[*:1],7.51,5.617,0.5,-0.59,5.49,-2.82,0.59,6.171912183432295,0.09187294736326726
CC(C)N1CCC(NC(=O)c2cc3cc([*:1])ccc3n2Cc2cc(-c3ccc(Cl)s3)on2)CC1,CPD_38,CC(C)N1CCC(NC(=O)c2cc3cc(Br)ccc3n2Cc2cc(-c3ccc(Cl)s3)on2)CC1,Br[*:1],8.06,2.851,68.0,CPD_99,CC(C)OC(=O)c1ccc2c(c1)cc(C(=O)NC1CCN(C(C)C)CC1)n2Cc1cc(-c2ccc(Cl)s2)on1,CC(C)OC(=O)[*:1],7.47,2.832,69.0,-0.59,-0.02,0.01,0.59,0.022360679774997897,2.166245144076633
CC(C)N1CCC(NC(=O)c2cc3cc([*:1])ccc3n2Cc2cc(-c3ccc(Cl)s3)on2)CC1,CPD_99,CC(C)OC(=O)c1ccc2c(c1)cc(C(=O)NC1CCN(C(C)C)CC1)n2Cc1cc(-c2ccc(Cl)s2)on1,CC(C)OC(=O)[*:1],7.47,2.832,69.0,CPD_673,CC(C)N1CCC(NC(=O)c2cc3cc(C(=O)N4CCC(F)(F)CC4)ccc3n2Cc2cc(-c3ccc(Cl)s3)on2)CC1,O=C(N1CCC(F)(F)CC1)[*:1],6.88,0.623,560.0,-0.59,-2.21,0.91,0.59,2.3900209204105307,0.22348307751601199
Clc1ccc(-c2cc(Cn3c([*:1])cc4ccccc43)no2)s1,CPD_19,CC(=O)N1CCC(NC(=O)c2cc3ccccc3n2Cc2cc(-c3ccc(Cl)s3)on2)CC1,CC(=O)N1CCC(NC(=O)[*:1])CC1,6.12,3.157,3.8,CPD_43,O=C(c1cc2ccccc2n1Cc1cc(-c2ccc(Cl)s2)on1)N1CCC(Oc2ccncc2)CC1,O=C(N1CCC(Oc2ccncc2)CC1)[*:1],5.53,3.739,1.1,-0.59,0.58,-0.54,0.59,0.792464510246358,0.5659665093640163
CC(C)N1CCC(NC(=O)c2cc3cc([*:1])ccc3n2Cc2cc(-c3ccc(Cl)s3)on2)CC1,CPD_167,CCOC(=O)OC(C)OC(=O)c1ccc2c(c1)cc(C(=O)NC1CCN(C(C)C)CC1)n2Cc1cc(-c2ccc(Cl)s2)on1,CCOC(=O)OC(C)OC(=O)[*:1],7.38,2.914,58.0,CPD_604,CC(C)N1CCC(NC(=O)c2cc3cc(C(=O)N4CCC(O)CC4)ccc3n2Cc2cc(-c3ccc(Cl)s3)on2)CC1,O=C(N1CCC(O)CC1)[*:1],6.79,-0.266,3400.0,-0.59,-3.18,1.77,0.59,3.639409292728698,0.15169398630866976
CC(C)N1CCC(NC(=O)c2nc3c([*:1])cccc3n2Cc2cc(-c3ccc(Cl)s3)on2)CC1,CPD_323,CC(C)N1CCC(NC(=O)c2nc3c(C(=O)NCCO)cccc3n2Cc2cc(-c3ccc(Cl)s3)on2)CC1,O=C(NCCO)[*:1],9.16,1.295,130.0,CPD_392,CC(C)N1CCC(NC(=O)c2nc3c(C(=O)OCC(=O)O)cccc3n2Cc2cc(-c3ccc(Cl)s3)on2)CC1,O=C(O)COC(=O)[*:1],8.57,2.129,0.6,-0.59,0.83,-2.34,0.59,2.4828411145298848,0.21589253647535755
CC(C)N1CCC(NC(=O)c2nc3c([*:1])cccc3n2Cc2cc(-c3ccc(Cl)s3)on2)CC1,CPD_316,CCOC(=O)OC(C)OC(=O)c1cccc2c1nc(C(=O)NC1CCN(C(C)C)CC1)n2Cc1cc(-c2ccc(Cl)s2)on1,CCOC(=O)OC(C)OC(=O)[*:1],8.18,4.088,3.5,CPD_346,CC(C)N1CCC(NC(=O)c2nc3c(C(=O)N(C)CCO)cccc3n2Cc2cc(-c3ccc(Cl)s3)on2)CC1,CN(CCO)C(=O)[*:1],7.58,0.725,300.0,-0.6,-3.36,1.93,0.6,3.874854835990633,0.14545966436559526
CC(C)N1CCC(NC(=O)c2cc3cc([*:1])ccc3n2Cc2cc(-c3ccc(Cl)s3)on2)CC1,CPD_338,CC(C)N1CCC(NC(=O)c2cc3cc(NS(C)(=O)=O)ccc3n2Cc2cc(-c3ccc(Cl)s3)on2)CC1,CS(=O)(=O)N[*:1],8.46,0.697,170.0,CPD_361,CC(C)N1CCC(NC(=O)c2cc3cc(C(=O)OCC4COC(=O)O4)ccc3n2Cc2cc(-c3ccc(Cl)s3)on2)CC1,O=C1OCC(COC(=O)[*:1])O1,7.86,1.042,660.0,-0.6,0.35,0.59,0.6,0.6860029154456998,0.6410236443700561
CC(C)N1CCC(NC(=O)c2cc3cc([*:1])ccc3n2CC(=O)Nc2ccc(Cl)cn2)CC1,CPD_324,CC(C)N1CCC(NC(=O)c2cc3cc(C(=O)NCCO)ccc3n2CC(=O)Nc2ccc(Cl)cn2)CC1,O=C(NCCO)[*:1],8.11,-0.841,140000.0,CPD_345,CC(C)N1CCC(NC(=O)c2cc3cc(C(=O)N(C)CCO)ccc3n2CC(=O)Nc2ccc(Cl)cn2)CC1,CN(CCO)C(=O)[*:1],7.5,-1.408,1040000.0,-0.6,-0.57,0.87,0.6,1.040096149401583,0.46508161448145763
CC(C)N1CCC(NC(=O)c2cc3cc([*:1])ccc3n2Cc2cc(-c3ccc(Cl)s3)on2)CC1,CPD_85,CC(C)N1CCC(NC(=O)c2cc3cc(C(=O)O)ccc3n2Cc2cc(-c3ccc(Cl)s3)on2)CC1,O=C(O)[*:1],8.07,1.328,5.5,CPD_99,CC(C)OC(=O)c1ccc2c(c1)cc(C(=O)NC1CCN(C(C)C)CC1)n2Cc1cc(-c2ccc(Cl)s2)on1,CC(C)OC(=O)[*:1],7.47,2.832,69.0,-0.6,1.5,1.1,0.6,1.8601075237738274,0.28434569956270683
CC(C)N1CCC(NC(=O)c2cc3cc([*:1])ccc3n2Cc2cc(-c3ccc(Cl)s3)on2)CC1,CPD_252,CC(C)N1CCC(NC(=O)c2cc3cc(C(=O)NCCO)ccc3n2Cc2cc(-c3ccc(Cl)s3)on2)CC1,O=C(NCCO)[*:1],7.49,0.126,4400.0,CPD_673,CC(C)N1CCC(NC(=O)c2cc3cc(C(=O)N4CCC(F)(F)CC4)ccc3n2Cc2cc(-c3ccc(Cl)s3)on2)CC1,O=C(N1CCC(F)(F)CC1)[*:1],6.88,0.623,560.0,-0.6,0.5,-0.9,0.6,1.0295630140987,0.468910083668391
CC(C)N1CCC(NC(=O)c2cc3cc([*:1])ccc3n2Cc2cc(-c3ccc(Cl)s3)on2)CC1,CPD_338,CC(C)N1CCC(NC(=O)c2cc3cc(NS(C)(=O)=O)ccc3n2Cc2cc(-c3ccc(Cl)s3)on2)CC1,CS(=O)(=O)N[*:1],8.46,0.697,170.0,CPD_877,CC(C)N1CCC(NC(=O)c2cc3cc(OC(C)(C)C(=O)O)ccc3n2Cc2cc(-c3ccc(Cl)s3)on2)CC1,CC(C)(O[*:1])C(=O)O,7.85,1.472,1.6,-0.6,0.78,-2.03,0.6,2.1746953809671825,0.247453764588221
CC(C)N1CCC(NC(=O)c2cc3cc([*:1])ccc3n2Cc2cc(-c3ccc(Cl)s3)on2)CC1,CPD_365,CC(C)N1CCC(NC(=O)c2cc3cc(C(=O)OC4CCOC4)ccc3n2Cc2cc(-c3ccc(Cl)s3)on2)CC1,O=C(OC1CCOC1)[*:1],7.58,1.734,120.0,CPD_373,CC(C)N1CCC(NC(=O)c2cc3cc(C(=O)N4CCCC4CO)ccc3n2Cc2cc(-c3ccc(Cl)s3)on2)CC1,O=C(N1CCCC1CO)[*:1],6.98,-0.415,2900.0,-0.6,-2.15,1.38,0.6,2.5547798339583,0.21392053405961575
CC(C)N1CCC(NC(=O)c2cc3cc([*:1])ccc3n2Cc2cc(-c3ccc(Cl)s3)on2)CC1,CPD_179,CC(C)OC(=O)COc1ccc2c(c1)cc(C(=O)NC1CCN(C(C)C)CC1)n2Cc1cc(-c2ccc(Cl)s2)on1,CC(C)OC(=O)CO[*:1],7.48,2.057,140.0,CPD_673,CC(C)N1CCC(NC(=O)c2cc3cc(C(=O)N4CCC(F)(F)CC4)ccc3n2Cc2cc(-c3ccc(Cl)s3)on2)CC1,O=C(N1CCC(F)(F)CC1)[*:1],6.88,0.623,560.0,-0.6,-1.43,0.6,0.6,1.5507740002979156,0.33319006155172026
CC(C)N1CCC(NC(=O)c2nc3cc(OC[*:1])ccc3n2CC(=O)Nc2ccc(Cl)cn2)CC1,CPD_876,CC(C)N1CCC(NC(=O)c2nc3cc(OCc4nn[nH]n4)ccc3n2CC(=O)Nc2ccc(Cl)cn2)CC1,n1nc([*:1])n[nH]1,8.54,0.205,12.0,CPD_926,COCCOc1ccc2c(c1)nc(C(=O)NC1CCN(C(C)C)CC1)n2CC(=O)Nc1ccc(Cl)cn1,COC[*:1],7.93,1.91,390.0,-0.61,1.7,1.51,0.61,2.2737853900489378,0.24170042445176834
Clc1ccc(-c2cc(Cn3c([*:1])cc4ccccc43)no2)s1,CPD_208,O=C(NC1CN(c2cc[n+]([O-])cc2)C1)c1cc2ccccc2n1Cc1cc(-c2ccc(Cl)s2)on1,O=C(NC1CN(c2cc[n+]([O-])cc2)C1)[*:1],6.96,1.058,17.0,CPD_211,O=C(NCC1CN(c2ccncc2)C1)c1cc2ccccc2n1Cc1cc(-c2ccc(Cl)s2)on1,O=C(NCC1CN(c2ccncc2)C1)[*:1],6.35,1.589,190.0,-0.61,0.53,1.05,0.61,1.1761802582937702,0.4277159191151486
CC(C)N1CCC(NC(=O)c2cc3c([*:1])cccc3n2Cc2cc(-c3ccc(Cl)s3)on2)CC1,CPD_184,CCOC(=O)COc1cccc2c1cc(C(=O)NC1CCN(C(C)C)CC1)n2Cc1cc(-c2ccc(Cl)s2)on1,CCOC(=O)CO[*:1],8.01,1.723,260.0,CPD_675,CC(C)N1CCC(NC(=O)c2cc3c(C(=O)N4CCC(F)(F)CC4)cccc3n2Cc2cc(-c3ccc(Cl)s3)on2)CC1,O=C(N1CCC(F)(F)CC1)[*:1],7.41,0.626,560.0,-0.61,-1.1,0.33,0.61,1.1484337159801605,0.43620229763443
CC(C)N1CCC(NC(=O)c2cc3cc(C(=O)OC(C)[*:1])ccc3n2Cc2cc(-c3ccc(Cl)s3)on2)CC1,CPD_167,CCOC(=O)OC(C)OC(=O)c1ccc2c(c1)cc(C(=O)NC1CCN(C(C)C)CC1)n2Cc1cc(-c2ccc(Cl)s2)on1,CCOC(=O)O[*:1],7.38,2.914,58.0,CPD_213,CC(OC(=O)OC1CCCCC1)OC(=O)c1ccc2c(c1)cc(C(=O)NC1CCN(C(C)C)CC1)n2Cc1cc(-c2ccc(Cl)s2)on1,O=C(OC1CCCCC1)O[*:1],6.77,4.442,4.4,-0.61,1.53,-1.12,0.61,1.8961276328348786,0.28423286232712747
CC(C)N1CCC(NC(=O)c2cc3cc([*:1])ccc3n2Cc2cc(-c3ccc(Cl)s3)on2)CC1,CPD_38,CC(C)N1CCC(NC(=O)c2cc3cc(Br)ccc3n2Cc2cc(-c3ccc(Cl)s3)on2)CC1,Br[*:1],8.06,2.851,68.0,CPD_117,CC(C)N1CCC(NC(=O)c2cc3cc(C(=O)OCOC(=O)C(C)(C)C)ccc3n2Cc2cc(-c3ccc(Cl)s3)on2)CC1,CC(C)(C)C(=O)OCOC(=O)[*:1],7.45,3.152,47.0,-0.61,0.3,-0.16,0.61,0.33999999999999997,1.033898305084746
Clc1ccc(-c2cc(Cn3c([*:1])cc4ccccc43)no2)s1,CPD_22,NC(=O)N1CCC(NC(=O)c2cc3ccccc3n2Cc2cc(-c3ccc(Cl)s3)on2)CC1,NC(=O)N1CCC(NC(=O)[*:1])CC1,5.97,1.914,8.7,CPD_250,O=C(c1cc2ccccc2n1Cc1cc(-c2ccc(Cl)s2)on1)N1CCC(N2CCCC2=O)CC1,O=C1CCCN1C1CCN(C(=O)[*:1])CC1,5.35,2.607,2.1,-0.61,0.69,-0.62,0.61,0.9276313923105448,0.5179889089090631
O=C(N[*:1])c1cc2ccccc2n1Cc1cc(-c2ccc(Cl)s2)on1,CPD_24,O=C(NC1CCN(c2ccnc(Cl)n2)CC1)c1cc2ccccc2n1Cc1cc(-c2ccc(Cl)s2)on1,Clc1nccc(N2CCC([*:1])CC2)n1,6.7,3.331,2.1,CPD_204,CC(C)N1CC(CNC(=O)c2cc3ccccc3n2Cc2cc(-c3ccc(Cl)s3)on2)C1,CC(C)N1CC(C[*:1])C1,6.08,1.854,360.0,-0.62,-1.48,2.23,0.62,2.6764341949691195,0.21186193117407254
CC(C)N1CCC(NC(=O)c2cc3ccccc3n2C[*:1])CC1,CPD_146,CC(C)N1CCC(NC(=O)c2cc3ccccc3n2CC(=O)Nc2ccc(Cl)s2)CC1,O=C(Nc1ccc(Cl)s1)[*:1],7.82,1.184,1900.0,CPD_857,CC(C)N1CCC(NC(=O)c2cc3ccccc3n2CC(=O)Nc2ccc(F)cc2)CC1,O=C(Nc1ccc(F)cc1)[*:1],7.2,0.778,6500.0,-0.62,-0.41,0.53,0.62,0.6700746227100381,0.6738583857185606
COc1cccc(Cn2c(C(=O)NC3CCN(C(C)C)CC3)cc3c(OCC[*:1])cccc32)c1,CPD_904,COCCOc1cccc2c1cc(C(=O)NC1CCN(C(C)C)CC1)n2Cc1cccc(OC)c1,CO[*:1],7.61,0.826,23000.0,CPD_915,COCCCOc1cccc2c1cc(C(=O)NC1CCN(C(C)C)CC1)n2Cc1cccc(OC)c1,COC[*:1],6.99,1.192,13000.0,-0.62,0.37,-0.25,0.62,0.44654227123532214,0.8901110895975143
CC(C)N1CCC(NC(=O)c2cc3cc([*:1])ccc3n2Cc2cc(-c3ccc(Cl)s3)on2)CC1,CPD_262,CC(C)N1CCC(NC(=O)c2cc3cc(-c4n[nH]c(=O)o4)ccc3n2Cc2cc(-c3ccc(Cl)s3)on2)CC1,O=c1[nH]nc([*:1])o1,8.48,0.297,310.0,CPD_361,CC(C)N1CCC(NC(=O)c2cc3cc(C(=O)OCC4COC(=O)O4)ccc3n2Cc2cc(-c3ccc(Cl)s3)on2)CC1,O=C1OCC(COC(=O)[*:1])O1,7.86,1.042,660.0,-0.62,0.75,0.33,0.62,0.8193900170248598,0.579769766062429
CC(C)N1CCC(NC(=O)c2cc3cc(OC(C)(C)C(=O)O)ccc3n2[*:1])CC1,CPD_843,CC(C)N1CCC(NC(=O)c2cc3cc(OC(C)(C)C(=O)O)ccc3n2CC(=O)Nc2ccc(Cl)cn2)CC1,O=C(C[*:1])Nc1ccc(Cl)cn1,8.47,0.506,7.1,CPD_877,CC(C)N1CCC(NC(=O)c2cc3cc(OC(C)(C)C(=O)O)ccc3n2Cc2cc(-c3ccc(Cl)s3)on2)CC1,Clc1ccc(-c2cc(C[*:1])no2)s1,7.85,1.472,1.6,-0.62,0.97,-0.65,0.62,1.1676472069936192,0.4373443526297517
CC(C)N1CCC(NC(=O)c2cc3cc([*:1])ccc3n2Cc2cc(-c3ccc(Cl)s3)on2)CC1,CPD_85,CC(C)N1CCC(NC(=O)c2cc3cc(C(=O)O)ccc3n2Cc2cc(-c3ccc(Cl)s3)on2)CC1,O=C(O)[*:1],8.07,1.328,5.5,CPD_117,CC(C)N1CCC(NC(=O)c2cc3cc(C(=O)OCOC(=O)C(C)(C)C)ccc3n2Cc2cc(-c3ccc(Cl)s3)on2)CC1,CC(C)(C)C(=O)OCOC(=O)[*:1],7.45,3.152,47.0,-0.62,1.82,0.93,0.62,2.0438444167793204,0.27028860173111174
CC(C)N1CCC(NC(=O)c2cc3cc([*:1])ccc3n2CC(=O)Nc2ccc(Cl)cn2)CC1,CPD_324,CC(C)N1CCC(NC(=O)c2cc3cc(C(=O)NCCO)ccc3n2CC(=O)Nc2ccc(Cl)cn2)CC1,O=C(NCCO)[*:1],8.11,-0.841,140000.0,CPD_332,CC(OC(=O)OC1CCCCC1)OC(=O)c1ccc2c(c1)cc(C(=O)NC1CCN(C(C)C)CC1)n2CC(=O)Nc1ccc(Cl)cn1,CC(OC(=O)OC1CCCCC1)OC(=O)[*:1],7.48,3.475,140.0,-0.62,4.32,-3.0,0.62,5.25950568019467,0.11253278170285745
CC(C)N1CCC(NC(=O)c2cc3cc([*:1])ccc3n2Cc2cc(-c3ccc(Cl)s3)on2)CC1,CPD_404,CC(C)N1CCC(NC(=O)c2cc3cc(C(=O)OCCO)ccc3n2Cc2cc(-c3ccc(Cl)s3)on2)CC1,O=C(OCCO)[*:1],8.24,0.885,1400.0,CPD_503,CC(C)ONC(=O)c1ccc2c(c1)cc(C(=O)NC1CCN(C(C)C)CC1)n2Cc1cc(-c2ccc(Cl)s2)on1,CC(C)ONC(=O)[*:1],7.61,2.516,57.0,-0.62,1.63,-1.39,0.62,2.1421951358361357,0.2591761812036682
CC(C)N1CCC(NC(=O)c2cc3cc([*:1])ccc3n2CC(=O)Nc2ccc(Cl)cn2)CC1,CPD_268,COC(=O)c1ccc2c(c1)cc(C(=O)NC1CCN(C(C)C)CC1)n2CC(=O)Nc1ccc(Cl)cn1,COC(=O)[*:1],8.12,0.993,8500.0,CPD_345,CC(C)N1CCC(NC(=O)c2cc3cc(C(=O)N(C)CCO)ccc3n2CC(=O)Nc2ccc(Cl)cn2)CC1,CN(CCO)C(=O)[*:1],7.5,-1.408,1040000.0,-0.62,-2.4,2.09,0.62,3.1824675960644124,0.1806280708114703
CC(C)N1CCC(NC(=O)c2cc3cc([*:1])ccc3n2Cc2cc(-c3ccc(Cl)s3)on2)CC1,CPD_262,CC(C)N1CCC(NC(=O)c2cc3cc(-c4n[nH]c(=O)o4)ccc3n2Cc2cc(-c3ccc(Cl)s3)on2)CC1,O=c1[nH]nc([*:1])o1,8.48,0.297,310.0,CPD_877,CC(C)N1CCC(NC(=O)c2cc3cc(OC(C)(C)C(=O)O)ccc3n2Cc2cc(-c3ccc(Cl)s3)on2)CC1,CC(C)(O[*:1])C(=O)O,7.85,1.472,1.6,-0.62,1.18,-2.29,0.62,2.5761405241174247,0.21938045709656273
CC(C)N1CCC(NC(=O)c2cc3cc([*:1])ccc3n2Cc2cc(-c3ccc(Cl)s3)on2)CC1,CPD_158,CC(C)N1CCC(NC(=O)c2cc3cc(-c4noc(O)n4)ccc3n2Cc2cc(-c3ccc(Cl)s3)on2)CC1,Oc1nc([*:1])no1,8.24,0.316,300.0,CPD_503,CC(C)ONC(=O)c1ccc2c(c1)cc(C(=O)NC1CCN(C(C)C)CC1)n2Cc1cc(-c2ccc(Cl)s2)on1,CC(C)ONC(=O)[*:1],7.61,2.516,57.0,-0.63,2.2,-0.72,0.63,2.314821807396846,0.24563109927680143
CC(C)N1CCC(NC(=O)c2cc3c(C(=O)N(C)CCO)cccc3n2[*:1])CC1,CPD_406,CC(C)N1CCC(NC(=O)c2cc3c(C(=O)N(C)CCO)cccc3n2Cc2cc(-c3ccc(Cl)s3)on2)CC1,Clc1ccc(-c2cc(C[*:1])no2)s1,7.43,-0.435,32000.0,CPD_524,COc1cccc(Cn2c(C(=O)NC3CCN(C(C)C)CC3)cc3c(C(=O)N(C)CCO)cccc32)c1,COc1cccc(C[*:1])c1,6.8,-1.188,1270000.0,-0.63,-0.75,1.6,0.63,1.7670597047072294,0.3123358215573707
CC(C)N1CCC(NC(=O)c2cc3c([*:1])cccc3n2Cc2cc(-c3ccc(Cl)s3)on2)CC1,CPD_231,COC(=O)OC(C)OC(=O)c1cccc2c1cc(C(=O)NC1CCN(C(C)C)CC1)n2Cc1cc(-c2ccc(Cl)s2)on1,COC(=O)OC(C)OC(=O)[*:1],8.46,2.396,110.0,CPD_396,CC(C)N1CCC(NC(=O)c2cc3c(C(=O)N4CC(O)C4)cccc3n2Cc2cc(-c3ccc(Cl)s3)on2)CC1,O=C(N1CC(O)C1)[*:1],7.83,-1.031,6300.0,-0.63,-3.43,1.76,0.63,3.8551913052402473,0.15346422447982133
CC(C)N1CCC(NC(=O)c2cc3cc([*:1])ccc3n2Cc2cc(-c3ccc(Cl)s3)on2)CC1,CPD_37,CC(C)N1CCC(NC(=O)c2cc3cc(C#N)ccc3n2Cc2cc(-c3ccc(Cl)s3)on2)CC1,N#C[*:1],8.7,1.433,130.0,CPD_85,CC(C)N1CCC(NC(=O)c2cc3cc(C(=O)O)ccc3n2Cc2cc(-c3ccc(Cl)s3)on2)CC1,O=C(O)[*:1],8.07,1.328,5.5,-0.63,-0.1,-1.37,0.63,1.373644786689776,0.3880159041956582
Clc1ccc(-c2cc(Cn3c([*:1])cc4ccccc43)no2)s1,CPD_25,O=C(NC1CCN(CC(F)(F)F)CC1)c1cc2ccccc2n1Cc1cc(-c2ccc(Cl)s2)on1,O=C(NC1CCN(CC(F)(F)F)CC1)[*:1],5.99,4.567,1.3,CPD_250,O=C(c1cc2ccccc2n1Cc1cc(-c2ccc(Cl)s2)on1)N1CCC(N2CCCC2=O)CC1,O=C1CCCN1C1CCN(C(=O)[*:1])CC1,5.35,2.607,2.1,-0.63,-1.96,0.21,0.63,1.971217897646021,0.28362818464035194
CC(C)N1CCC(NC(=O)c2cc3cc([*:1])ccc3n2Cc2cc(-c3ccc(Cl)s3)on2)CC1,CPD_194,Cc1oc(=O)oc1COC(=O)c1ccc2c(c1)cc(C(=O)NC1CCN(C(C)C)CC1)n2Cc1cc(-c2ccc(Cl)s2)on1,Cc1oc(=O)oc1COC(=O)[*:1],7.96,3.174,10.0,CPD_368,CC(C)N1CCC(NC(=O)c2cc3cc(C(=O)NCCN4CCNC4=O)ccc3n2Cc2cc(-c3ccc(Cl)s3)on2)CC1,O=C1NCCN1CCNC(=O)[*:1],7.32,0.289,190.0,-0.64,-2.88,1.28,0.64,3.1516344965747534,0.18814484643909934
CC(C)N1CCC(NC(=O)c2cc3cc([*:1])ccc3n2Cc2cc(-c3ccc(Cl)s3)on2)CC1,CPD_37,CC(C)N1CCC(NC(=O)c2cc3cc(C#N)ccc3n2Cc2cc(-c3ccc(Cl)s3)on2)CC1,N#C[*:1],8.7,1.433,130.0,CPD_38,CC(C)N1CCC(NC(=O)c2cc3cc(Br)ccc3n2Cc2cc(-c3ccc(Cl)s3)on2)CC1,Br[*:1],8.06,2.851,68.0,-0.64,1.42,-0.28,0.64,1.44734239211045,0.37706004573669644
CC(C)N1CCC(NC(=O)c2cc3cc([*:1])ccc3n2CC(=O)Nc2ccc(Cl)cn2)CC1,CPD_268,COC(=O)c1ccc2c(c1)cc(C(=O)NC1CCN(C(C)C)CC1)n2CC(=O)Nc1ccc(Cl)cn1,COC(=O)[*:1],8.12,0.993,8500.0,CPD_332,CC(OC(=O)OC1CCCCC1)OC(=O)c1ccc2c(c1)cc(C(=O)NC1CCN(C(C)C)CC1)n2CC(=O)Nc1ccc(Cl)cn1,CC(OC(=O)OC1CCCCC1)OC(=O)[*:1],7.48,3.475,140.0,-0.64,2.48,-1.78,0.64,3.0526709616334347,0.19378254977100984
Clc1ccc(-c2cc(Cn3c([*:1])nc4ccccc43)no2)s1,CPD_980,O=C(c1nc2ccccc2n1Cc1cc(-c2ccc(Cl)s2)on1)N1CCN(C(=O)N2CCCC2)CC1,O=C(N1CCCC1)N1CCN(C(=O)[*:1])CC1,6.15,3.472,0.9,CPD_990,O=C(NC1CCN(c2ccccc2)CC1)c1nc2ccccc2n1Cc1cc(-c2ccc(Cl)s2)on1,O=C(NC1CCN(c2ccccc2)CC1)[*:1],5.51,5.578,0.1,-0.64,2.11,-0.95,0.64,2.3140008643040737,0.2496099002578574
O=C(N[*:1])c1cc2ccccc2n1Cc1cc(-c2ccc(Cl)s2)on1,CPD_63,CC(C)N1CC[C@H](NC(=O)c2cc3ccccc3n2Cc2cc(-c3ccc(Cl)s3)on2)C1,CC(C)N1CC[C@H]([*:1])C1,6.99,1.909,390.0,CPD_211,O=C(NCC1CN(c2ccncc2)C1)c1cc2ccccc2n1Cc1cc(-c2ccc(Cl)s2)on1,c1cc(N2CC(C[*:1])C2)ccn1,6.35,1.589,190.0,-0.64,-0.32,-0.31,0.64,0.4455333881989093,0.9201571209360437
O=C(N[*:1])c1cc2ccccc2n1Cc1cc(-c2ccc(Cl)s2)on1,CPD_26,CN1CCC(NC(=O)c2cc3ccccc3n2Cc2cc(-c3ccc(Cl)s3)on2)CC1,CN1CCC([*:1])CC1,7.4,2.01,210.0,CPD_57,CCN1CC[C@H](NC(=O)c2cc3ccccc3n2Cc2cc(-c3ccc(Cl)s3)on2)C1,CCN1CC[C@H]([*:1])C1,6.76,1.624,680.0,-0.64,-0.39,0.51,0.64,0.6420280367709809,0.717466238299765
CC(C)N1CCC(NC(=O)c2cc3cc([*:1])ccc3n2Cc2cc(-c3ccc(Cl)s3)on2)CC1,CPD_171,CCOC(=O)c1ccc2c(c1)cc(C(=O)NC1CCN(C(C)C)CC1)n2Cc1cc(-c2ccc(Cl)s2)on1,CCOC(=O)[*:1],7.96,2.492,130.0,CPD_368,CC(C)N1CCC(NC(=O)c2cc3cc(C(=O)NCCN4CCNC4=O)ccc3n2Cc2cc(-c3ccc(Cl)s3)on2)CC1,O=C1NCCN1CCNC(=O)[*:1],7.32,0.289,190.0,-0.64,-2.2,0.16,0.64,2.205810508633958,0.26060642616762775
CC(C)N1CCC(NC(=O)c2nc3ccc(O[*:1])cc3n2CC(=O)Nc2ccc(Cl)cn2)CC1,CPD_790,CC(C)N1CCC(NC(=O)c2nc3ccc(OCCO)cc3n2CC(=O)Nc2ccc(Cl)cn2)CC1,OCC[*:1],6.98,1.282,760.0,CPD_943,CC(C)N1CCC(NC(=O)c2nc3ccc(OC(C)(C)CO)cc3n2CC(=O)Nc2ccc(Cl)cn2)CC1,CC(C)(CO)[*:1],6.34,1.969,380.0,-0.64,0.69,-0.3,0.64,0.7523961722390671,0.6384701156334452
Clc1ccc(-c2cc(Cn3c([*:1])cc4ccccc43)no2)s1,CPD_58,CCN1CC[C@@H](NC(=O)c2cc3ccccc3n2Cc2cc(-c3ccc(Cl)s3)on2)C1,CCN1CC[C@@H](NC(=O)[*:1])C1,7.0,1.624,680.0,CPD_211,O=C(NCC1CN(c2ccncc2)C1)c1cc2ccccc2n1Cc1cc(-c2ccc(Cl)s2)on1,O=C(NCC1CN(c2ccncc2)C1)[*:1],6.35,1.589,190.0,-0.65,-0.04,-0.55,0.65,0.5514526271584895,0.8110273495571944
CC(C)N1CCC(NC(=O)c2cc3cc([*:1])ccc3n2Cc2cc(-c3ccc(Cl)s3)on2)CC1,CPD_167,CCOC(=O)OC(C)OC(=O)c1ccc2c(c1)cc(C(=O)NC1CCN(C(C)C)CC1)n2Cc1cc(-c2ccc(Cl)s2)on1,CCOC(=O)OC(C)OC(=O)[*:1],7.38,2.914,58.0,CPD_342,CC(C)N1CCC(NC(=O)c2cc3cc(C(=O)N(C)CCO)ccc3n2Cc2cc(-c3ccc(Cl)s3)on2)CC1,CN(CCO)C(=O)[*:1],6.73,-0.441,32000.0,-0.65,-3.35,2.74,0.65,4.327828554829778,0.14198871631272125
CC(C)N1CCC(NC(=O)c2cc3cc([*:1])ccc3n2Cc2cc(-c3ccc(Cl)s3)on2)CC1,CPD_148,CC(C)N1CCC(NC(=O)c2cc3cc(C(N)=O)ccc3n2Cc2cc(-c3ccc(Cl)s3)on2)CC1,NC(=O)[*:1],8.44,0.497,390.0,CPD_259,CCOC(=O)COc1ccc2c(c1)cc(C(=O)NC1CCN(C(C)C)CC1)n2Cc1cc(-c2ccc(Cl)s2)on1,CCOC(=O)CO[*:1],7.79,1.709,270.0,-0.65,1.21,-0.16,0.65,1.2205326705991937,0.4420167011557427
CC(C)N1CCC(NC(=O)c2nc3ccc([*:1])cc3n2CC(=O)Nc2ccc(Cl)cn2)CC1,CPD_340,CC(C)N1CCC(NC(=O)c2nc3ccc(C(=O)O)cc3n2CC(=O)Nc2ccc(Cl)cn2)CC1,O=C(O)[*:1],7.63,1.376,1.9,CPD_790,CC(C)N1CCC(NC(=O)c2nc3ccc(OCCO)cc3n2CC(=O)Nc2ccc(Cl)cn2)CC1,OCCO[*:1],6.98,1.282,760.0,-0.65,-0.09,2.6,0.65,2.6015572259706303,0.22794562707004734
CC(C)N1CCC(NC(=O)c2cc3cc([*:1])ccc3n2Cc2cc(-c3ccc(Cl)s3)on2)CC1,CPD_148,CC(C)N1CCC(NC(=O)c2cc3cc(C(N)=O)ccc3n2Cc2cc(-c3ccc(Cl)s3)on2)CC1,NC(=O)[*:1],8.44,0.497,390.0,CPD_366,CC(C)N1CCC(NC(=O)c2cc3cc(C(=O)OCCN4CCOCC4)ccc3n2Cc2cc(-c3ccc(Cl)s3)on2)CC1,O=C(OCCN1CCOCC1)[*:1],7.79,1.706,740.0,-0.65,1.21,0.28,0.65,1.241974234837422,0.4356643598948137
CC(C)N1CCC(NC(=O)c2cc3cc([*:1])ccc3n2Cc2cc(-c3ccc(Cl)s3)on2)CC1,CPD_37,CC(C)N1CCC(NC(=O)c2cc3cc(C#N)ccc3n2Cc2cc(-c3ccc(Cl)s3)on2)CC1,N#C[*:1],8.7,1.433,130.0,CPD_363,CC(C)N1CCC(NC(=O)c2cc3cc(C(=O)OCCN4CCCC4=O)ccc3n2Cc2cc(-c3ccc(Cl)s3)on2)CC1,O=C1CCCN1CCOC(=O)[*:1],8.03,1.653,110.0,-0.66,0.22,-0.07,0.66,0.2308679276123039,1.3725182365086324
O=C(N[*:1])c1cc2ccccc2n1Cc1cc(-c2ccc(Cl)s2)on1,CPD_31,O=C(NC1CCN(c2ccncn2)CC1)c1cc2ccccc2n1Cc1cc(-c2ccc(Cl)s2)on1,c1cc(N2CCC([*:1])CC2)ncn1,7.01,3.217,2.8,CPD_211,O=C(NCC1CN(c2ccncc2)C1)c1cc2ccccc2n1Cc1cc(-c2ccc(Cl)s2)on1,c1cc(N2CC(C[*:1])C2)ccn1,6.35,1.589,190.0,-0.66,-1.63,1.83,0.66,2.450673376849718,0.24438349548580987
O=C(Nc1ccc(-n2ccc(=O)[nH]c2=O)cc1)c1nc2ccccc2n1C[*:1],CPD_519,O=C(Nc1ccc(-n2ccc(=O)[nH]c2=O)cc1)c1nc2ccccc2n1Cc1cc(-c2ccc(Cl)s2)on1,Clc1ccc(-c2cc([*:1])no2)s1,8.2,3.685,0.2,CPD_531,O=C(Cn1c(C(=O)Nc2ccc(-n3ccc(=O)[nH]c3=O)cc2)nc2ccccc21)Nc1ccc(Cl)cn1,O=C(Nc1ccc(Cl)cn1)[*:1],7.54,2.869,2.6,-0.66,-0.82,1.11,0.66,1.3800362314084367,0.40489897542321834
CC(C)N1CCC(NC(=O)c2nc3cc([*:1])ccc3n2CC(=O)Nc2ccc(Cl)cn2)CC1,CPD_876,CC(C)N1CCC(NC(=O)c2nc3cc(OCc4nn[nH]n4)ccc3n2CC(=O)Nc2ccc(Cl)cn2)CC1,C(O[*:1])c1nn[nH]n1,8.54,0.205,12.0,CPD_925,CC(C)N1CCC(NC(=O)c2nc3cc(OCCCO)ccc3n2CC(=O)Nc2ccc(Cl)cn2)CC1,OCCCO[*:1],7.87,2.044,310.0,-0.66,1.84,1.41,0.66,2.3181242417092314,0.2569969120967188
CC(C)N1CCC(NC(=O)c2nc3cc([*:1])ccc3n2Cc2cc(-c3ccc(Cl)s3)on2)CC1,CPD_306,CC(C)N1CCC(NC(=O)c2nc3cc(C(=O)O)ccc3n2Cc2cc(-c3ccc(Cl)s3)on2)CC1,O=C(O)[*:1],8.57,2.192,0.6,CPD_355,CCOC(=O)OC(C)OC(=O)c1ccc2c(c1)nc(C(=O)NC1CCN(C(C)C)CC1)n2Cc1cc(-c2ccc(Cl)s2)on1,CCOC(=O)OC(C)OC(=O)[*:1],7.91,4.074,3.6,-0.66,1.88,0.78,0.66,2.035386941099898,0.2887913587544869
CC(C)N1CCC(NC(=O)c2nc3c(OCCO)nccc3n2[*:1])CC1,CPD_791,CC(C)N1CCC(NC(=O)c2nc3c(OCCO)nccc3n2Cc2cc(-c3ccc(Cl)s3)on2)CC1,Clc1ccc(-c2cc(C[*:1])no2)s1,8.23,1.36,250.0,CPD_834,CC(C)N1CCC(NC(=O)c2nc3c(OCCO)nccc3n2CC(=O)Nc2ccc(Cl)cn2)CC1,O=C(C[*:1])Nc1ccc(Cl)cn1,7.57,0.542,2600.0,-0.66,-0.82,1.02,0.66,1.3087398519186308,0.42341895550281555
O=C(N[*:1])c1cc2ccccc2n1Cc1cc(-c2ccc(Cl)s2)on1,CPD_60,CC(C)N1CC[C@@H](NC(=O)c2cc3ccccc3n2Cc2cc(-c3ccc(Cl)s3)on2)C1,CC(C)N1CC[C@@H]([*:1])C1,7.32,1.909,390.0,CPD_73,CCC(CC)N1CCC(NC(=O)c2cc3ccccc3n2Cc2cc(-c3ccc(Cl)s3)on2)CC1,CCC(CC)N1CCC([*:1])CC1,6.66,3.315,49.0,-0.66,1.41,-0.9,0.66,1.672752223134078,0.3432579570362961
CC(C)N1CCC(NC(=O)c2cc3cc([*:1])ccc3n2Cc2cc(-c3ccc(Cl)s3)on2)CC1,CPD_158,CC(C)N1CCC(NC(=O)c2cc3cc(-c4noc(O)n4)ccc3n2Cc2cc(-c3ccc(Cl)s3)on2)CC1,Oc1nc([*:1])no1,8.24,0.316,300.0,CPD_365,CC(C)N1CCC(NC(=O)c2cc3cc(C(=O)OC4CCOC4)ccc3n2Cc2cc(-c3ccc(Cl)s3)on2)CC1,O=C(OC1CCOC1)[*:1],7.58,1.734,120.0,-0.66,1.42,-0.4,0.66,1.4752626884728022,0.38255043965752844
CC(C)N1CCC(NC(=O)c2cc3cc([*:1])ccc3n2Cc2cc(-c3ccc(Cl)s3)on2)CC1,CPD_117,CC(C)N1CCC(NC(=O)c2cc3cc(C(=O)OCOC(=O)C(C)(C)C)ccc3n2Cc2cc(-c3ccc(Cl)s3)on2)CC1,CC(C)(C)C(=O)OCOC(=O)[*:1],7.45,3.152,47.0,CPD_604,CC(C)N1CCC(NC(=O)c2cc3cc(C(=O)N4CCC(O)CC4)ccc3n2Cc2cc(-c3ccc(Cl)s3)on2)CC1,O=C(N1CCC(O)CC1)[*:1],6.79,-0.266,3400.0,-0.66,-3.42,1.86,0.66,3.8930707674020004,0.15930213048566075
Clc1ccc(-c2cc(Cn3c([*:1])cc4ccccc43)no2)s1,CPD_60,CC(C)N1CC[C@@H](NC(=O)c2cc3ccccc3n2Cc2cc(-c3ccc(Cl)s3)on2)C1,CC(C)N1CC[C@@H](NC(=O)[*:1])C1,7.32,1.909,390.0,CPD_177,CC(C)N1CC(NC(=O)c2cc3ccccc3n2Cc2cc(-c3ccc(Cl)s3)on2)C1,CC(C)N1CC(NC(=O)[*:1])C1,6.65,2.16,190.0,-0.67,0.25,-0.31,0.67,0.39824615503479754,1.0335580007628966
CC(OC(=O)O[*:1])OC(=O)c1cccc2c1nc(C(=O)NC1CCN(C(C)C)CC1)n2Cc1cc(-c2ccc(Cl)s2)on1,CPD_316,CCOC(=O)OC(C)OC(=O)c1cccc2c1nc(C(=O)NC1CCN(C(C)C)CC1)n2Cc1cc(-c2ccc(Cl)s2)on1,CC[*:1],8.18,4.088,3.5,CPD_337,CC(OC(=O)OC1CCCCC1)OC(=O)c1cccc2c1nc(C(=O)NC1CCN(C(C)C)CC1)n2Cc1cc(-c2ccc(Cl)s2)on1,C1CCC([*:1])CC1,7.51,5.617,0.5,-0.67,1.53,-0.85,0.67,1.75025712396779,0.33495693727162495
O=C(Cn1c([*:1])nc2ccccc21)Nc1ccc(Cl)cn1,CPD_601,O=C(Cn1c(C(=O)Nc2ccc(N3CCNCC3=O)cc2)nc2ccccc21)Nc1ccc(Cl)cn1,O=C1CNCCN1c1ccc(NC(=O)[*:1])cc1,6.3,2.591,8.7,CPD_981,O=C(Cn1c(C(=O)N2CCN(Cc3ccncc3)CC2)nc2ccccc21)Nc1ccc(Cl)cn1,O=C(N1CCN(Cc2ccncc2)CC1)[*:1],5.62,2.389,26.0,-0.67,-0.2,0.48,0.67,0.52,0.8701298701298702
O=C(Cn1c([*:1])nc2ccccc21)Nc1ccc(Cl)cn1,CPD_601,O=C(Cn1c(C(=O)Nc2ccc(N3CCNCC3=O)cc2)nc2ccccc21)Nc1ccc(Cl)cn1,O=C1CNCCN1c1ccc(NC(=O)[*:1])cc1,6.3,2.591,8.7,CPD_991,CCN(CC)C(=O)N1CCN(C(=O)c2nc3ccccc3n2CC(=O)Nc2ccc(Cl)cn2)CC1,CCN(CC)C(=O)N1CCN(C(=O)[*:1])CC1,5.63,3.28,6.5,-0.67,0.69,-0.13,0.67,0.7021395872616782,0.7036783355756667
CC(C)N1CCC(NC(=O)c2cc3cc([*:1])ccc3n2Cc2cc(-c3ccc(Cl)s3)on2)CC1,CPD_338,CC(C)N1CCC(NC(=O)c2cc3cc(NS(C)(=O)=O)ccc3n2Cc2cc(-c3ccc(Cl)s3)on2)CC1,CS(=O)(=O)N[*:1],8.46,0.697,170.0,CPD_366,CC(C)N1CCC(NC(=O)c2cc3cc(C(=O)OCCN4CCOCC4)ccc3n2Cc2cc(-c3ccc(Cl)s3)on2)CC1,O=C(OCCN1CCOCC1)[*:1],7.79,1.706,740.0,-0.67,1.01,0.64,0.67,1.1957006314291216,0.46344311224218215
CC(C)N1CCC(NC(=O)c2cc3c([*:1])cccc3n2Cc2cc(-c3ccc(Cl)s3)on2)CC1,CPD_230,CC(=O)OC(C)OC(=O)c1cccc2c1cc(C(=O)NC1CCN(C(C)C)CC1)n2Cc1cc(-c2ccc(Cl)s2)on1,CC(=O)OC(C)OC(=O)[*:1],8.51,2.282,120.0,CPD_396,CC(C)N1CCC(NC(=O)c2cc3c(C(=O)N4CC(O)C4)cccc3n2Cc2cc(-c3ccc(Cl)s3)on2)CC1,O=C(N1CC(O)C1)[*:1],7.83,-1.031,6300.0,-0.68,-3.31,1.72,0.68,3.7302144710458673,0.1708450649950325
Clc1ccc(-c2cc(Cn3c([*:1])cc4ccccc43)no2)s1,CPD_57,CCN1CC[C@H](NC(=O)c2cc3ccccc3n2Cc2cc(-c3ccc(Cl)s3)on2)C1,CCN1CC[C@H](NC(=O)[*:1])C1,6.76,1.624,680.0,CPD_204,CC(C)N1CC(CNC(=O)c2cc3ccccc3n2Cc2cc(-c3ccc(Cl)s3)on2)C1,CC(C)N1CC(CNC(=O)[*:1])C1,6.08,1.854,360.0,-0.68,0.23,-0.28,0.68,0.3623534186398688,1.1104698353940519
CC(C)N1CCC(NC(=O)c2cc3cc([*:1])ccc3n2Cc2cc(-c3ccc(Cl)s3)on2)CC1,CPD_143,CC(C)N1CCC(NC(=O)c2cc3cc(CO)ccc3n2Cc2cc(-c3ccc(Cl)s3)on2)CC1,OC[*:1],8.54,0.77,2500.0,CPD_361,CC(C)N1CCC(NC(=O)c2cc3cc(C(=O)OCC4COC(=O)O4)ccc3n2Cc2cc(-c3ccc(Cl)s3)on2)CC1,O=C1OCC(COC(=O)[*:1])O1,7.86,1.042,660.0,-0.68,0.27,-0.58,0.68,0.6397655820689325,0.764246239350848
CC(C)N1CCC(NC(=O)c2cc3cc([*:1])ccc3n2Cc2cc(-c3ccc(Cl)s3)on2)CC1,CPD_38,CC(C)N1CCC(NC(=O)c2cc3cc(Br)ccc3n2Cc2cc(-c3ccc(Cl)s3)on2)CC1,Br[*:1],8.06,2.851,68.0,CPD_167,CCOC(=O)OC(C)OC(=O)c1ccc2c(c1)cc(C(=O)NC1CCN(C(C)C)CC1)n2Cc1cc(-c2ccc(Cl)s2)on1,CCOC(=O)OC(C)OC(=O)[*:1],7.38,2.914,58.0,-0.68,0.06,-0.07,0.68,0.09219544457292887,1.9871684757483032
CC(C)N1CCC(NC(=O)c2cc3cc([*:1])ccc3n2CC(=O)Nc2ccc(Cl)cn2)CC1,CPD_168,CC(C)N1CCC(NC(=O)c2cc3cc(Cl)ccc3n2CC(=O)Nc2ccc(Cl)cn2)CC1,Cl[*:1],8.52,1.704,2300.0,CPD_541,CC(C)N1CCC(NC(=O)c2cc3cc(C(=O)N4CCOCC4)ccc3n2CC(=O)Nc2ccc(Cl)cn2)CC1,O=C(N1CCOCC1)[*:1],7.84,-1.329,79000.0,-0.68,-3.03,1.54,0.68,3.398896879871468,0.18635769175914696
CC(C)N1CCC(NC(=O)c2cc3cc([*:1])ccc3n2Cc2cc(-c3ccc(Cl)s3)on2)CC1,CPD_181,CC(C)N1CCC(NC(=O)c2cc3cc(OCC(=O)O)ccc3n2Cc2cc(-c3ccc(Cl)s3)on2)CC1,O=C(O)CO[*:1],8.3,0.774,4.7,CPD_503,CC(C)ONC(=O)c1ccc2c(c1)cc(C(=O)NC1CCN(C(C)C)CC1)n2Cc1cc(-c2ccc(Cl)s2)on1,CC(C)ONC(=O)[*:1],7.61,2.516,57.0,-0.68,1.74,1.08,0.68,2.0479257799051216,0.29591904401197694
CC(C)N1CCC(NC(=O)c2cc3cc([*:1])ccc3n2Cc2cc(-c3ccc(Cl)s3)on2)CC1,CPD_99,CC(C)OC(=O)c1ccc2c(c1)cc(C(=O)NC1CCN(C(C)C)CC1)n2Cc1cc(-c2ccc(Cl)s2)on1,CC(C)OC(=O)[*:1],7.47,2.832,69.0,CPD_604,CC(C)N1CCC(NC(=O)c2cc3cc(C(=O)N4CCC(O)CC4)ccc3n2Cc2cc(-c3ccc(Cl)s3)on2)CC1,O=C(N1CCC(O)CC1)[*:1],6.79,-0.266,3400.0,-0.68,-3.1,1.69,0.68,3.5307364670844525,0.17985913747762164
CC(C)N1CCC(NC(=O)c2cc3cc([*:1])ccc3n2Cc2cc(-c3ccc(Cl)s3)on2)CC1,CPD_112,COC(=O)c1ccc2c(c1)cc(C(=O)NC1CCN(C(C)C)CC1)n2Cc1cc(-c2ccc(Cl)s2)on1,COC(=O)[*:1],8.29,1.96,260.0,CPD_503,CC(C)ONC(=O)c1ccc2c(c1)cc(C(=O)NC1CCN(C(C)C)CC1)n2Cc1cc(-c2ccc(Cl)s2)on1,CC(C)ONC(=O)[*:1],7.61,2.516,57.0,-0.68,0.56,-0.66,0.68,0.8655634003352961,0.609557466474445
CC(C)N1CCC(NC(=O)c2cc3cc(C(=O)O[*:1])ccc3n2Cc2cc(-c3ccc(Cl)s3)on2)CC1,CPD_117,CC(C)N1CCC(NC(=O)c2cc3cc(C(=O)OCOC(=O)C(C)(C)C)ccc3n2Cc2cc(-c3ccc(Cl)s3)on2)CC1,CC(C)(C)C(=O)OC[*:1],7.45,3.152,47.0,CPD_213,CC(OC(=O)OC1CCCCC1)OC(=O)c1ccc2c(c1)cc(C(=O)NC1CCN(C(C)C)CC1)n2Cc1cc(-c2ccc(Cl)s2)on1,CC(OC(=O)OC1CCCCC1)[*:1],6.77,4.442,4.4,-0.68,1.29,-1.03,0.68,1.6507574019219178,0.3577521251856917
CC(C)N1CCC(NC(=O)c2cc3cc([*:1])ccc3n2CC(=O)Nc2ccc(Cl)cc2)CC1,CPD_111,CC(C)N1CCC(NC(=O)c2cc3cc([N+](=O)[O-])ccc3n2CC(=O)Nc2ccc(Cl)cc2)CC1,O=[N+]([O-])[*:1],8.32,1.144,1000.0,CPD_149,CC(C)N1CCC(NC(=O)c2cc3cc(S(C)(=O)=O)ccc3n2CC(=O)Nc2ccc(Cl)cc2)CC1,CS(=O)(=O)[*:1],7.64,-0.315,4100.0,-0.68,-1.46,0.61,0.68,1.582308440222702,0.37111655716509806
CC(C)N1CCC(NC(=O)c2cc3c([*:1])cccc3n2Cc2cc(-c3ccc(Cl)s3)on2)CC1,CPD_154,CC(C)N1CCC(NC(=O)c2cc3c(CO)cccc3n2Cc2cc(-c3ccc(Cl)s3)on2)CC1,OC[*:1],8.7,0.769,2500.0,CPD_184,CCOC(=O)COc1cccc2c1cc(C(=O)NC1CCN(C(C)C)CC1)n2Cc1cc(-c2ccc(Cl)s2)on1,CCOC(=O)CO[*:1],8.01,1.723,260.0,-0.68,0.95,-0.98,0.68,1.3648809471891679,0.4210836725664487
O=C(N[*:1])c1cc2ccccc2n1Cc1cc(-c2ccc(Cl)s2)on1,CPD_27,O=CN1CCC(NC(=O)c2cc3ccccc3n2Cc2cc(-c3ccc(Cl)s3)on2)CC1,O=CN1CCC([*:1])CC1,5.69,2.671,2.4,CPD_394,Nc1nc(CNC(=O)c2cc3ccccc3n2Cc2cc(-c3ccc(Cl)s3)on2)c[nH]1,Nc1nc(C[*:1])c[nH]1,5.0,1.539,34.0,-0.69,-1.13,1.15,0.69,1.6122654868228121,0.3705164515383896
O=C(N[*:1])c1cc2ccccc2n1Cc1cc(-c2ccc(Cl)s2)on1,CPD_27,O=CN1CCC(NC(=O)c2cc3ccccc3n2Cc2cc(-c3ccc(Cl)s3)on2)CC1,O=CN1CCC([*:1])CC1,5.69,2.671,2.4,CPD_86,O=C(NCC1CC(C(=O)N2CCCC2)=NO1)c1cc2ccccc2n1Cc1cc(-c2ccc(Cl)s2)on1,O=C(C1=NOC(C[*:1])C1)N1CCCC1,5.0,1.879,5.1,-0.69,-0.79,0.33,0.69,0.8561541917201597,0.6237828371169428
O=C(N[*:1])c1cc2ccccc2n1Cc1cc(-c2ccc(Cl)s2)on1,CPD_27,O=CN1CCC(NC(=O)c2cc3ccccc3n2Cc2cc(-c3ccc(Cl)s3)on2)CC1,O=CN1CCC([*:1])CC1,5.69,2.671,2.4,CPD_47,O=C(Nc1nc(-c2cccnc2)cs1)c1cc2ccccc2n1Cc1cc(-c2ccc(Cl)s2)on1,c1cncc(-c2csc([*:1])n2)c1,5.0,5.297,0.1,-0.69,2.63,-1.38,0.69,2.970067339303942,0.21428123305929128
CC(C)N1CCC(NC(=O)c2cc3cc([*:1])ccc3n2Cc2cc(-c3ccc(Cl)s3)on2)CC1,CPD_85,CC(C)N1CCC(NC(=O)c2cc3cc(C(=O)O)ccc3n2Cc2cc(-c3ccc(Cl)s3)on2)CC1,O=C(O)[*:1],8.07,1.328,5.5,CPD_167,CCOC(=O)OC(C)OC(=O)c1ccc2c(c1)cc(C(=O)NC1CCN(C(C)C)CC1)n2Cc1cc(-c2ccc(Cl)s2)on1,CCOC(=O)OC(C)OC(=O)[*:1],7.38,2.914,58.0,-0.69,1.59,1.02,0.69,1.88904737897174,0.3225735001399031
Clc1ccc(-c2cc(Cn3c([*:1])cc4ccccc43)no2)s1,CPD_27,O=CN1CCC(NC(=O)c2cc3ccccc3n2Cc2cc(-c3ccc(Cl)s3)on2)CC1,O=CN1CCC(NC(=O)[*:1])CC1,5.69,2.671,2.4,CPD_46,O=C(Nc1ccc(-c2c[nH]cn2)cc1)c1cc2ccccc2n1Cc1cc(-c2ccc(Cl)s2)on1,O=C(Nc1ccc(-c2c[nH]cn2)cc1)[*:1],5.0,4.299,0.0,-0.69,1.63,-1.38,0.69,2.1357200191036276,0.2892208618257098
CC(C)N1CCC(NC(=O)c2cc3cc([*:1])ccc3n2Cc2cc(-c3ccc(Cl)s3)on2)CC1,CPD_262,CC(C)N1CCC(NC(=O)c2cc3cc(-c4n[nH]c(=O)o4)ccc3n2Cc2cc(-c3ccc(Cl)s3)on2)CC1,O=c1[nH]nc([*:1])o1,8.48,0.297,310.0,CPD_366,CC(C)N1CCC(NC(=O)c2cc3cc(C(=O)OCCN4CCOCC4)ccc3n2Cc2cc(-c3ccc(Cl)s3)on2)CC1,O=C(OCCN1CCOCC1)[*:1],7.79,1.706,740.0,-0.69,1.41,0.38,0.69,1.4603081866510232,0.4034360622170078
CC(C)N1CCC(NC(=O)c2cc3cc([*:1])ccc3n2CC(=O)Nc2ccc(Cl)cn2)CC1,CPD_168,CC(C)N1CCC(NC(=O)c2cc3cc(Cl)ccc3n2CC(=O)Nc2ccc(Cl)cn2)CC1,Cl[*:1],8.52,1.704,2300.0,CPD_315,CCOC(=O)OC(C)OC(=O)c1ccc2c(c1)cc(C(=O)NC1CCN(C(C)C)CC1)n2CC(=O)Nc1ccc(Cl)cn1,CCOC(=O)OC(C)OC(=O)[*:1],7.83,1.946,1900.0,-0.69,0.24,-0.08,0.69,0.25298221281347033,1.3718178941963592
CC(C)N1CCC(NC(=O)c2cc3cc([*:1])ccc3n2Cc2cc(-c3ccc(Cl)s3)on2)CC1,CPD_179,CC(C)OC(=O)COc1ccc2c(c1)cc(C(=O)NC1CCN(C(C)C)CC1)n2Cc1cc(-c2ccc(Cl)s2)on1,CC(C)OC(=O)CO[*:1],7.48,2.057,140.0,CPD_604,CC(C)N1CCC(NC(=O)c2cc3cc(C(=O)N4CCC(O)CC4)ccc3n2Cc2cc(-c3ccc(Cl)s3)on2)CC1,O=C(N1CCC(O)CC1)[*:1],6.79,-0.266,3400.0,-0.69,-2.32,1.39,0.69,2.7045332314467867,0.23353942770246594
CC(C)N1CCC(NC(=O)c2cc3cc([*:1])ccc3n2Cc2cc(-c3ccc(Cl)s3)on2)CC1,CPD_252,CC(C)N1CCC(NC(=O)c2cc3cc(C(=O)NCCO)ccc3n2Cc2cc(-c3ccc(Cl)s3)on2)CC1,O=C(NCCO)[*:1],7.49,0.126,4400.0,CPD_604,CC(C)N1CCC(NC(=O)c2cc3cc(C(=O)N4CCC(O)CC4)ccc3n2Cc2cc(-c3ccc(Cl)s3)on2)CC1,O=C(N1CCC(O)CC1)[*:1],6.79,-0.266,3400.0,-0.69,-0.39,-0.11,0.69,0.4052159917870962,1.0530878498829532
CC(C)N1CCC(NC(=O)c2cc3cc([*:1])ccc3n2Cc2cc(-c3ccc(Cl)s3)on2)CC1,CPD_143,CC(C)N1CCC(NC(=O)c2cc3cc(CO)ccc3n2Cc2cc(-c3ccc(Cl)s3)on2)CC1,OC[*:1],8.54,0.77,2500.0,CPD_877,CC(C)N1CCC(NC(=O)c2cc3cc(OC(C)(C)C(=O)O)ccc3n2Cc2cc(-c3ccc(Cl)s3)on2)CC1,CC(C)(O[*:1])C(=O)O,7.85,1.472,1.6,-0.69,0.7,-3.19,0.69,3.265899569796965,0.1962513394658329
CC(C)N1CCC(NC(=O)c2cc3cc([*:1])ccc3n2Cc2cc(-c3ccc(Cl)s3)on2)CC1,CPD_365,CC(C)N1CCC(NC(=O)c2cc3cc(C(=O)OC4CCOC4)ccc3n2Cc2cc(-c3ccc(Cl)s3)on2)CC1,O=C(OC1CCOC1)[*:1],7.58,1.734,120.0,CPD_673,CC(C)N1CCC(NC(=O)c2cc3cc(C(=O)N4CCC(F)(F)CC4)ccc3n2Cc2cc(-c3ccc(Cl)s3)on2)CC1,O=C(N1CCC(F)(F)CC1)[*:1],6.88,0.623,560.0,-0.7,-1.11,0.67,0.7,1.2965338406690357,0.45262507783029027
CC(C)N1CCC(NC(=O)c2cc3cc(C(=O)O[*:1])ccc3n2Cc2cc(-c3ccc(Cl)s3)on2)CC1,CPD_99,CC(C)OC(=O)c1ccc2c(c1)cc(C(=O)NC1CCN(C(C)C)CC1)n2Cc1cc(-c2ccc(Cl)s2)on1,CC(C)[*:1],7.47,2.832,69.0,CPD_213,CC(OC(=O)OC1CCCCC1)OC(=O)c1ccc2c(c1)cc(C(=O)NC1CCN(C(C)C)CC1)n2Cc1cc(-c2ccc(Cl)s2)on1,CC(OC(=O)OC1CCCCC1)[*:1],6.77,4.442,4.4,-0.7,1.61,-1.2,0.7,2.0080089641234173,0.31000762668439946
Clc1cc(Cl)c2c(c1)cc([*:1])n2Cc1cc(-c2ccc(Cl)s2)on1,CPD_130,CC(C)N1CCC(NC(=O)c2cc3cc(Cl)cc(Cl)c3n2Cc2cc(-c3ccc(Cl)s3)on2)CC1,CC(C)N1CCC(NC(=O)[*:1])CC1,7.83,3.32,13.0,CPD_136,CC(C)N1CCC(N(CC(=O)O)C(=O)c2cc3cc(Cl)cc(Cl)c3n2Cc2cc(-c3ccc(Cl)s3)on2)CC1,CC(C)N1CCC(N(CC(=O)O)C(=O)[*:1])CC1,7.13,2.627,0.8,-0.7,-0.69,-1.21,0.7,1.3929106216839615,0.42607308685028117
Clc1ccc(-c2cc(Cn3c([*:1])nc4ccccc43)no2)s1,CPD_605,O=C(Nc1ccc(N2CCNCC2=O)cc1)c1nc2ccccc2n1Cc1cc(-c2ccc(Cl)s2)on1,O=C1CNCCN1c1ccc(NC(=O)[*:1])cc1,6.85,3.407,0.8,CPD_980,O=C(c1nc2ccccc2n1Cc1cc(-c2ccc(Cl)s2)on1)N1CCN(C(=O)N2CCCC2)CC1,O=C(N1CCCC1)N1CCN(C(=O)[*:1])CC1,6.15,3.472,0.9,-0.7,0.06,0.05,0.7,0.07810249675906655,2.133479650153429
CC(C)N1CCC(NC(=O)c2cc3cc([*:1])ccc3n2Cc2cc(-c3ccc(Cl)s3)on2)CC1,CPD_148,CC(C)N1CCC(NC(=O)c2cc3cc(C(N)=O)ccc3n2Cc2cc(-c3ccc(Cl)s3)on2)CC1,NC(=O)[*:1],8.44,0.497,390.0,CPD_371,CC(C)N1CCC(NC(=O)c2cc3cc(C(=O)OCC4CCOC4)ccc3n2Cc2cc(-c3ccc(Cl)s3)on2)CC1,O=C(OCC1CCOC1)[*:1],7.73,1.959,78.0,-0.71,1.46,-0.7,0.71,1.6191355718407274,0.3798547364334792
O=C(O)c1ccc2c(c1)cc(C(=O)N[*:1])n2Cc1cc(-c2ccc(Cl)s2)on1,CPD_85,CC(C)N1CCC(NC(=O)c2cc3cc(C(=O)O)ccc3n2Cc2cc(-c3ccc(Cl)s3)on2)CC1,CC(C)N1CCC([*:1])CC1,8.07,1.328,5.5,CPD_212,O=C(O)c1ccc2c(c1)cc(C(=O)NC1CN(c3ccncc3)C1)n2Cc1cc(-c2ccc(Cl)s2)on1,c1cc(N2CC([*:1])C2)ccn1,7.36,0.473,7.5,-0.71,-0.86,0.13,0.71,0.8697700845625814,0.6340587320452922
CC(C)N1CCC(NC(=O)c2cc3cc([*:1])ccc3n2Cc2cc(-c3ccc(Cl)s3)on2)CC1,CPD_181,CC(C)N1CCC(NC(=O)c2cc3cc(OCC(=O)O)ccc3n2Cc2cc(-c3ccc(Cl)s3)on2)CC1,O=C(O)CO[*:1],8.3,0.774,4.7,CPD_365,CC(C)N1CCC(NC(=O)c2cc3cc(C(=O)OC4CCOC4)ccc3n2Cc2cc(-c3ccc(Cl)s3)on2)CC1,O=C(OC1CCOC1)[*:1],7.58,1.734,120.0,-0.71,0.96,1.41,0.71,1.70578427709954,0.363025722373094
Clc1ccc(-c2cc(Cn3c([*:1])cc4ccccc43)no2)s1,CPD_24,O=C(NC1CCN(c2ccnc(Cl)n2)CC1)c1cc2ccccc2n1Cc1cc(-c2ccc(Cl)s2)on1,O=C(NC1CCN(c2ccnc(Cl)n2)CC1)[*:1],6.7,3.331,2.1,CPD_25,O=C(NC1CCN(CC(F)(F)F)CC1)c1cc2ccccc2n1Cc1cc(-c2ccc(Cl)s2)on1,O=C(NC1CCN(CC(F)(F)F)CC1)[*:1],5.99,4.567,1.3,-0.71,1.24,-0.21,0.71,1.257656550891379,0.4709295360274349
CC(C)N1CCC(NC(=O)c2cc3cc([*:1])ccc3n2Cc2cc(-c3ccc(Cl)s3)on2)CC1,CPD_363,CC(C)N1CCC(NC(=O)c2cc3cc(C(=O)OCCN4CCCC4=O)ccc3n2Cc2cc(-c3ccc(Cl)s3)on2)CC1,O=C1CCCN1CCOC(=O)[*:1],8.03,1.653,110.0,CPD_368,CC(C)N1CCC(NC(=O)c2cc3cc(C(=O)NCCN4CCNC4=O)ccc3n2Cc2cc(-c3ccc(Cl)s3)on2)CC1,O=C1NCCN1CCNC(=O)[*:1],7.32,0.289,190.0,-0.71,-1.36,0.24,0.71,1.3810141201305657,0.43531198855786923
CC(C)N1CCC(NC(=O)c2cc3cc(C(=O)O[*:1])ccc3n2Cc2cc(-c3ccc(Cl)s3)on2)CC1,CPD_112,COC(=O)c1ccc2c(c1)cc(C(=O)NC1CCN(C(C)C)CC1)n2Cc1cc(-c2ccc(Cl)s2)on1,C[*:1],8.29,1.96,260.0,CPD_365,CC(C)N1CCC(NC(=O)c2cc3cc(C(=O)OC4CCOC4)ccc3n2Cc2cc(-c3ccc(Cl)s3)on2)CC1,C1CC([*:1])CO1,7.58,1.734,120.0,-0.71,-0.23,-0.34,0.71,0.41048751503547587,1.0749635441055456
CC(C)N1CCC(NC(=O)c2cc3cc([*:1])ccc3n2CC(=O)Nc2ccc(Cl)cn2)CC1,CPD_359,CC(C)N1CCC(NC(=O)c2cc3cc(C(=O)OCC(=O)O)ccc3n2CC(=O)Nc2ccc(Cl)cn2)CC1,O=C(O)COC(=O)[*:1],8.35,0.3,9.7,CPD_393,CC(C)N1CCC(NC(=O)c2cc3cc(C(=O)N4CCCOCC4)ccc3n2CC(=O)Nc2ccc(Cl)cn2)CC1,O=C(N1CCCOCC1)[*:1],7.64,-0.942,58000.0,-0.71,-1.24,3.78,0.71,3.9781905434506273,0.16792053071018148
CC(C)N1CCC(NC(=O)c2cc3cc([*:1])ccc3n2Cc2cc(-c3ccc(Cl)s3)on2)CC1,CPD_148,CC(C)N1CCC(NC(=O)c2cc3cc(C(N)=O)ccc3n2Cc2cc(-c3ccc(Cl)s3)on2)CC1,NC(=O)[*:1],8.44,0.497,390.0,CPD_362,CC(C)N1CCC(NC(=O)c2cc3cc(C(=O)OC4CCOC4=O)ccc3n2Cc2cc(-c3ccc(Cl)s3)on2)CC1,O=C1OCCC1OC(=O)[*:1],7.73,0.55,170.0,-0.71,0.05,-0.36,0.71,0.363455636907725,1.1573779052368494
CC(C)N1CCC(NC(=O)c2nc3c(C(=O)O)c(F)ccc3n2C[*:1])CC1,CPD_696,CC(C)N1CCC(NC(=O)c2nc3c(C(=O)O)c(F)ccc3n2Cc2cc(-c3ccc(Cl)s3)on2)CC1,Clc1ccc(-c2cc([*:1])no2)s1,8.28,2.153,0.6,CPD_752,CC(C)N1CCC(NC(=O)c2nc3c(C(=O)O)c(F)ccc3n2CC(=O)Nc2ccc(Cl)cn2)CC1,O=C(Nc1ccc(Cl)cn1)[*:1],7.57,1.337,2.0,-0.72,-0.82,0.52,0.72,0.9709788875150684,0.5896907861079738
Clc1ccc(-c2cc(Cn3c([*:1])cc4ccccc43)no2)s1,CPD_204,CC(C)N1CC(CNC(=O)c2cc3ccccc3n2Cc2cc(-c3ccc(Cl)s3)on2)C1,CC(C)N1CC(CNC(=O)[*:1])C1,6.08,1.854,360.0,CPD_250,O=C(c1cc2ccccc2n1Cc1cc(-c2ccc(Cl)s2)on1)N1CCC(N2CCCC2=O)CC1,O=C1CCCN1C1CCN(C(=O)[*:1])CC1,5.35,2.607,2.1,-0.72,0.75,-2.23,0.72,2.3527430798963156,0.2766312224826595
Clc1ccc(-c2cc(Cn3c([*:1])nc4ccccc43)no2)s1,CPD_978,O=C(c1nc2ccccc2n1Cc1cc(-c2ccc(Cl)s2)on1)N1CCN(Cc2ccncc2)CC1,O=C(N1CCN(Cc2ccncc2)CC1)[*:1],5.93,3.205,2.8,CPD_984,O=C(c1nc2ccccc2n1Cc1cc(-c2ccc(Cl)s2)on1)N1CCC(N2CCCC2=O)CC1,O=C1CCCN1C1CCN(C(=O)[*:1])CC1,5.21,3.149,1.2,-0.72,-0.06,-0.37,0.72,0.3748332962798262,1.1523073502753192
CC(C)N1CCC(NC(=O)c2cc3cc([*:1])ccc3n2Cc2cc(-c3ccc(Cl)s3)on2)CC1,CPD_179,CC(C)OC(=O)COc1ccc2c(c1)cc(C(=O)NC1CCN(C(C)C)CC1)n2Cc1cc(-c2ccc(Cl)s2)on1,CC(C)OC(=O)CO[*:1],7.48,2.057,140.0,CPD_213,CC(OC(=O)OC1CCCCC1)OC(=O)c1ccc2c(c1)cc(C(=O)NC1CCN(C(C)C)CC1)n2Cc1cc(-c2ccc(Cl)s2)on1,CC(OC(=O)OC1CCCCC1)OC(=O)[*:1],6.77,4.442,4.4,-0.72,2.39,-1.5,0.72,2.8217193340231415,0.23439641507122658
CC(C)N1CCC(NC(=O)c2nc3cc([*:1])ccc3n2Cc2cc(-c3ccc(Cl)s3)on2)CC1,CPD_290,COC(=O)c1ccc2c(c1)nc(C(=O)NC1CCN(C(C)C)CC1)n2Cc1cc(-c2ccc(Cl)s2)on1,COC(=O)[*:1],8.63,3.121,16.0,CPD_355,CCOC(=O)OC(C)OC(=O)c1ccc2c(c1)nc(C(=O)NC1CCN(C(C)C)CC1)n2Cc1cc(-c2ccc(Cl)s2)on1,CCOC(=O)OC(C)OC(=O)[*:1],7.91,4.074,3.6,-0.72,0.95,-0.65,0.72,1.1510864433221337,0.5138869221322269
CC(C)N1CCC(NC(=O)c2nc3c([*:1])cccc3n2Cc2cc(-c3ccc(Cl)s3)on2)CC1,CPD_323,CC(C)N1CCC(NC(=O)c2nc3c(C(=O)NCCO)cccc3n2Cc2cc(-c3ccc(Cl)s3)on2)CC1,O=C(NCCO)[*:1],9.16,1.295,130.0,CPD_333,CC(C)N1CCC(NC(=O)c2nc3c(C(=O)O)cccc3n2Cc2cc(-c3ccc(Cl)s3)on2)CC1,O=C(O)[*:1],8.44,2.191,0.6,-0.72,0.9,-2.34,0.72,2.507109889893141,0.2611430188689017
CC(C)N1CCC(NC(=O)c2cc3cc([*:1])ccc3n2Cc2cc(-c3ccc(Cl)s3)on2)CC1,CPD_117,CC(C)N1CCC(NC(=O)c2cc3cc(C(=O)OCOC(=O)C(C)(C)C)ccc3n2Cc2cc(-c3ccc(Cl)s3)on2)CC1,CC(C)(C)C(=O)OCOC(=O)[*:1],7.45,3.152,47.0,CPD_342,CC(C)N1CCC(NC(=O)c2cc3cc(C(=O)N(C)CCO)ccc3n2Cc2cc(-c3ccc(Cl)s3)on2)CC1,CN(CCO)C(=O)[*:1],6.73,-0.441,32000.0,-0.72,-3.59,2.83,0.72,4.5713236595104485,0.14933658282404297
Clc1ccc(-c2cc(Cn3c([*:1])nc4ccccc43)no2)s1,CPD_979,CCN(CC)C(=O)N1CCN(C(=O)c2nc3ccccc3n2Cc2cc(-c3ccc(Cl)s3)on2)CC1,CCN(CC)C(=O)N1CCN(C(=O)[*:1])CC1,5.92,4.096,0.6,CPD_984,O=C(c1nc2ccccc2n1Cc1cc(-c2ccc(Cl)s2)on1)N1CCC(N2CCCC2=O)CC1,O=C1CCCN1C1CCN(C(=O)[*:1])CC1,5.21,3.149,1.2,-0.72,-0.95,0.3,0.72,0.9962429422585637,0.5777364714259848
O=C(N[*:1])c1cc2ccccc2n1Cc1cc(-c2ccc(Cl)s2)on1,CPD_16,CC(C)CN1CCC(NC(=O)c2cc3ccccc3n2Cc2cc(-c3ccc(Cl)s3)on2)CC1,CC(C)CN1CCC([*:1])CC1,6.85,3.104,48.0,CPD_19,CC(=O)N1CCC(NC(=O)c2cc3ccccc3n2Cc2cc(-c3ccc(Cl)s3)on2)CC1,CC(=O)N1CCC([*:1])CC1,6.12,3.157,3.8,-0.73,0.05,-1.1,0.73,1.101135777277262,0.540286189054262
CC(C)N1CCC(NC(=O)c2cc3cc([*:1])ccc3n2Cc2cc(-c3ccc(Cl)s3)on2)CC1,CPD_503,CC(C)ONC(=O)c1ccc2c(c1)cc(C(=O)NC1CCN(C(C)C)CC1)n2Cc1cc(-c2ccc(Cl)s2)on1,CC(C)ONC(=O)[*:1],7.61,2.516,57.0,CPD_673,CC(C)N1CCC(NC(=O)c2cc3cc(C(=O)N4CCC(F)(F)CC4)ccc3n2Cc2cc(-c3ccc(Cl)s3)on2)CC1,O=C(N1CCC(F)(F)CC1)[*:1],6.88,0.623,560.0,-0.73,-1.89,0.99,0.73,2.133588526403346,0.30626091370791864
CC(C)N1CCC(NC(=O)c2cc3cc([*:1])ccc3n2Cc2cc(-c3ccc(Cl)s3)on2)CC1,CPD_38,CC(C)N1CCC(NC(=O)c2cc3cc(Br)ccc3n2Cc2cc(-c3ccc(Cl)s3)on2)CC1,Br[*:1],8.06,2.851,68.0,CPD_368,CC(C)N1CCC(NC(=O)c2cc3cc(C(=O)NCCN4CCNC4=O)ccc3n2Cc2cc(-c3ccc(Cl)s3)on2)CC1,O=C1NCCN1CCNC(=O)[*:1],7.32,0.289,190.0,-0.73,-2.56,0.45,0.73,2.599249891795708,0.25620778370546
CC(C)N1CCC(NC(=O)c2cc3cc([*:1])ccc3n2Cc2cc(-c3ccc(Cl)s3)on2)CC1,CPD_171,CCOC(=O)c1ccc2c(c1)cc(C(=O)NC1CCN(C(C)C)CC1)n2Cc1cc(-c2ccc(Cl)s2)on1,CCOC(=O)[*:1],7.96,2.492,130.0,CPD_344,CC(C)N1CCC(NC(=O)c2cc3cc(C(=O)N4CC(O)C4)ccc3n2Cc2cc(-c3ccc(Cl)s3)on2)CC1,O=C(N1CC(O)C1)[*:1],7.23,-1.036,6400.0,-0.73,-3.53,1.69,0.73,3.913693907295255,0.17532508783149475
CC(C)N1CCC(NC(=O)c2nc3c([*:1])cccc3n2Cc2cc(-c3ccc(Cl)s3)on2)CC1,CPD_305,COC(=O)c1cccc2c1nc(C(=O)NC1CCN(C(C)C)CC1)n2Cc1cc(-c2ccc(Cl)s2)on1,COC(=O)[*:1],8.42,3.133,16.0,CPD_595,CC(C)N1CCC(NC(=O)c2nc3c(C(=O)N4CCC(O)CC4)cccc3n2Cc2cc(-c3ccc(Cl)s3)on2)CC1,O=C(N1CCC(O)CC1)[*:1],7.68,0.896,160.0,-0.73,-2.24,1.0,0.73,2.4530796970339144,0.27006232957209064
CC(C)N1CCC(NC(=O)c2cc3cc([*:1])ccc3n2Cc2cc(-c3ccc(Cl)s3)on2)CC1,CPD_338,CC(C)N1CCC(NC(=O)c2cc3cc(NS(C)(=O)=O)ccc3n2Cc2cc(-c3ccc(Cl)s3)on2)CC1,CS(=O)(=O)N[*:1],8.46,0.697,170.0,CPD_371,CC(C)N1CCC(NC(=O)c2cc3cc(C(=O)OCC4CCOC4)ccc3n2Cc2cc(-c3ccc(Cl)s3)on2)CC1,O=C(OCC1CCOC1)[*:1],7.73,1.959,78.0,-0.73,1.26,-0.34,0.73,1.305067048086036,0.4694331353098107
CC(C)N1CCC(NC(=O)c2cc3cc([*:1])ccc3n2Cc2cc(-c3ccc(Cl)s3)on2)CC1,CPD_338,CC(C)N1CCC(NC(=O)c2cc3cc(NS(C)(=O)=O)ccc3n2Cc2cc(-c3ccc(Cl)s3)on2)CC1,CS(=O)(=O)N[*:1],8.46,0.697,170.0,CPD_362,CC(C)N1CCC(NC(=O)c2cc3cc(C(=O)OC4CCOC4=O)ccc3n2Cc2cc(-c3ccc(Cl)s3)on2)CC1,O=C1OCCC1OC(=O)[*:1],7.73,0.55,170.0,-0.73,-0.15,0.0,0.73,0.15,1.825
CC(C)N1CCC(NC(=O)c2cc3cc([*:1])ccc3n2Cc2cc(-c3ccc(Cl)s3)on2)CC1,CPD_194,Cc1oc(=O)oc1COC(=O)c1ccc2c(c1)cc(C(=O)NC1CCN(C(C)C)CC1)n2Cc1cc(-c2ccc(Cl)s2)on1,Cc1oc(=O)oc1COC(=O)[*:1],7.96,3.174,10.0,CPD_344,CC(C)N1CCC(NC(=O)c2cc3cc(C(=O)N4CC(O)C4)ccc3n2Cc2cc(-c3ccc(Cl)s3)on2)CC1,O=C(N1CC(O)C1)[*:1],7.23,-1.036,6400.0,-0.73,-4.21,2.81,0.73,5.061640050418442,0.1374340115427234
CC(C)N1CCC(NC(=O)c2cc3c([*:1])cccc3n2Cc2cc(-c3ccc(Cl)s3)on2)CC1,CPD_133,CC(C)N1CCC(NC(=O)c2cc3c(Cl)cccc3n2Cc2cc(-c3ccc(Cl)s3)on2)CC1,Cl[*:1],8.16,2.601,74.0,CPD_406,CC(C)N1CCC(NC(=O)c2cc3c(C(=O)N(C)CCO)cccc3n2Cc2cc(-c3ccc(Cl)s3)on2)CC1,CN(CCO)C(=O)[*:1],7.43,-0.435,32000.0,-0.73,-3.04,2.64,0.73,4.026313450291719,0.1707077856863372
CC(C)N1CCC(NC(=O)c2cc3ccccc3n2CC(=O)Nc2ccc([*:1])cc2)CC1,CPD_83,CC(C)N1CCC(NC(=O)c2cc3ccccc3n2CC(=O)Nc2ccc(Cl)cc2)CC1,Cl[*:1],8.38,1.359,3800.0,CPD_856,CC(C)N1CCC(NC(=O)c2cc3ccccc3n2CC(=O)Nc2ccc(I)cc2)CC1,I[*:1],7.64,2.023,2600.0,-0.74,0.66,-0.16,0.74,0.6791170738539858,0.7964550655930511
Clc1ccc(-c2cc(Cn3c([*:1])cc4ccccc43)no2)s1,CPD_17,CCCN1CCC(NC(=O)c2cc3ccccc3n2Cc2cc(-c3ccc(Cl)s3)on2)CC1,CCCN1CCC(NC(=O)[*:1])CC1,7.2,2.84,77.0,CPD_180,CC(C)CN1CC(NC(=O)c2cc3ccccc3n2Cc2cc(-c3ccc(Cl)s3)on2)C1,CC(C)CN1CC(NC(=O)[*:1])C1,6.46,2.966,47.0,-0.74,0.13,-0.21,0.74,0.2469817807045694,1.4889881857457723
CC(C)N1CCC(NC(=O)c2cc3cc([*:1])ccc3n2Cc2cc(-c3ccc(Cl)s3)on2)CC1,CPD_167,CCOC(=O)OC(C)OC(=O)c1ccc2c(c1)cc(C(=O)NC1CCN(C(C)C)CC1)n2Cc1cc(-c2ccc(Cl)s2)on1,CCOC(=O)OC(C)OC(=O)[*:1],7.38,2.914,58.0,CPD_335,CC(C)N1CCC(NC(=O)c2cc3cc(C(=O)N(CCO)CCO)ccc3n2Cc2cc(-c3ccc(Cl)s3)on2)CC1,O=C(N(CCO)CCO)[*:1],6.64,-1.074,41000.0,-0.74,-3.99,2.85,0.74,4.903325402214297,0.14359659874806943
CC(C)N1CCC(NC(=O)c2cc3cc([*:1])ccc3n2Cc2cc(-c3ccc(Cl)s3)on2)CC1,CPD_85,CC(C)N1CCC(NC(=O)c2cc3cc(C(=O)O)ccc3n2Cc2cc(-c3ccc(Cl)s3)on2)CC1,O=C(O)[*:1],8.07,1.328,5.5,CPD_368,CC(C)N1CCC(NC(=O)c2cc3cc(C(=O)NCCN4CCNC4=O)ccc3n2Cc2cc(-c3ccc(Cl)s3)on2)CC1,O=C1NCCN1CCNC(=O)[*:1],7.32,0.289,190.0,-0.74,-1.04,1.54,0.74,1.8582787734890585,0.35099722546432993
O=C(NC1CCN([*:1])CC1)c1cc2ccccc2n1Cc1cc(-c2ccc(Cl)s2)on1,CPD_26,CN1CCC(NC(=O)c2cc3ccccc3n2Cc2cc(-c3ccc(Cl)s3)on2)CC1,C[*:1],7.4,2.01,210.0,CPD_73,CCC(CC)N1CCC(NC(=O)c2cc3ccccc3n2Cc2cc(-c3ccc(Cl)s3)on2)CC1,CCC(CC)[*:1],6.66,3.315,49.0,-0.74,1.31,-0.63,0.74,1.453616180427282,0.4343701407052858
CC(C)N1CCC(NC(=O)c2cc3cc([*:1])ccc3n2Cc2cc(-c3ccc(Cl)s3)on2)CC1,CPD_37,CC(C)N1CCC(NC(=O)c2cc3cc(C#N)ccc3n2Cc2cc(-c3ccc(Cl)s3)on2)CC1,N#C[*:1],8.7,1.433,130.0,CPD_171,CCOC(=O)c1ccc2c(c1)cc(C(=O)NC1CCN(C(C)C)CC1)n2Cc1cc(-c2ccc(Cl)s2)on1,CCOC(=O)[*:1],7.96,2.492,130.0,-0.74,1.06,0.0,0.74,1.06,0.564885496183206
CC(C)N1CCC(NC(=O)c2cc3cc([*:1])ccc3n2Cc2cc(-c3ccc(Cl)s3)on2)CC1,CPD_37,CC(C)N1CCC(NC(=O)c2cc3cc(C#N)ccc3n2Cc2cc(-c3ccc(Cl)s3)on2)CC1,N#C[*:1],8.7,1.433,130.0,CPD_194,Cc1oc(=O)oc1COC(=O)c1ccc2c(c1)cc(C(=O)NC1CCN(C(C)C)CC1)n2Cc1cc(-c2ccc(Cl)s2)on1,Cc1oc(=O)oc1COC(=O)[*:1],7.96,3.174,10.0,-0.74,1.74,-1.11,0.74,2.063904067538024,0.31980582530690405
CC(C)N1CCC(NC(=O)c2cc3cc([*:1])ccc3n2Cc2cc(-c3ccc(Cl)s3)on2)CC1,CPD_371,CC(C)N1CCC(NC(=O)c2cc3cc(C(=O)OCC4CCOC4)ccc3n2Cc2cc(-c3ccc(Cl)s3)on2)CC1,O=C(OCC1CCOC1)[*:1],7.73,1.959,78.0,CPD_373,CC(C)N1CCC(NC(=O)c2cc3cc(C(=O)N4CCCC4CO)ccc3n2Cc2cc(-c3ccc(Cl)s3)on2)CC1,O=C(N1CCCC1CO)[*:1],6.98,-0.415,2900.0,-0.74,-2.37,1.57,0.74,2.8428506819739936,0.2392614697867339
CC(C)N1CCC(NC(=O)c2cc3c([*:1])cccc3n2Cc2cc(-c3ccc(Cl)s3)on2)CC1,CPD_175,CCOC(=O)OC(C)OC(=O)c1cccc2c1cc(C(=O)NC1CCN(C(C)C)CC1)n2Cc1cc(-c2ccc(Cl)s2)on1,CCOC(=O)OC(C)OC(=O)[*:1],8.17,2.927,56.0,CPD_406,CC(C)N1CCC(NC(=O)c2cc3c(C(=O)N(C)CCO)cccc3n2Cc2cc(-c3ccc(Cl)s3)on2)CC1,CN(CCO)C(=O)[*:1],7.43,-0.435,32000.0,-0.74,-3.36,2.76,0.74,4.348241023678425,0.16093110304340397
CC(C)N1CCC(NC(=O)c2cc3cc([*:1])ccc3n2Cc2cc(-c3ccc(Cl)s3)on2)CC1,CPD_99,CC(C)OC(=O)c1ccc2c(c1)cc(C(=O)NC1CCN(C(C)C)CC1)n2Cc1cc(-c2ccc(Cl)s2)on1,CC(C)OC(=O)[*:1],7.47,2.832,69.0,CPD_342,CC(C)N1CCC(NC(=O)c2cc3cc(C(=O)N(C)CCO)ccc3n2Cc2cc(-c3ccc(Cl)s3)on2)CC1,CN(CCO)C(=O)[*:1],6.73,-0.441,32000.0,-0.74,-3.27,2.67,0.74,4.221587379173857,0.16548933013061634
CC(C)N1CCC(NC(=O)c2cc3c([*:1])cccc3n2Cc2cc(-c3ccc(Cl)s3)on2)CC1,CPD_182,CC(C)N1CCC(NC(=O)c2cc3c(-c4nnc(O)o4)cccc3n2Cc2cc(-c3ccc(Cl)s3)on2)CC1,Oc1nnc([*:1])o1,8.57,0.305,310.0,CPD_396,CC(C)N1CCC(NC(=O)c2cc3c(C(=O)N4CC(O)C4)cccc3n2Cc2cc(-c3ccc(Cl)s3)on2)CC1,O=C(N1CC(O)C1)[*:1],7.83,-1.031,6300.0,-0.74,-1.34,1.31,0.74,1.8739530410338463,0.34840694954338575
COc1cccc(Cn2c(C(=O)NC3CCN(C(C)C)CC3)cc3c(O[*:1])cccc32)c1,CPD_908,COc1cccc(Cn2c(C(=O)NC3CCN(C(C)C)CC3)cc3c(OCCO)cccc32)c1,OCC[*:1],7.74,0.186,65000.0,CPD_915,COCCCOc1cccc2c1cc(C(=O)NC1CCN(C(C)C)CC1)n2Cc1cccc(OC)c1,COCCC[*:1],6.99,1.192,13000.0,-0.75,1.01,-0.7,0.75,1.2288612614937457,0.507146964714223
Clc1ccc(-c2cc(Cn3c([*:1])cc4ccccc43)no2)s1,CPD_18,COC(=O)N1CCC(NC(=O)c2cc3ccccc3n2Cc2cc(-c3ccc(Cl)s3)on2)CC1,COC(=O)N1CCC(NC(=O)[*:1])CC1,5.75,3.257,1.6,CPD_47,O=C(Nc1nc(-c2cccnc2)cs1)c1cc2ccccc2n1Cc1cc(-c2ccc(Cl)s2)on1,O=C(Nc1nc(-c2cccnc2)cs1)[*:1],5.0,5.297,0.1,-0.75,2.04,-1.2,0.75,2.3667699507979223,0.28661289074009166
Clc1ccc(-c2cc(Cn3c([*:1])cc4ccccc43)no2)s1,CPD_18,COC(=O)N1CCC(NC(=O)c2cc3ccccc3n2Cc2cc(-c3ccc(Cl)s3)on2)CC1,COC(=O)N1CCC(NC(=O)[*:1])CC1,5.75,3.257,1.6,CPD_394,Nc1nc(CNC(=O)c2cc3ccccc3n2Cc2cc(-c3ccc(Cl)s3)on2)c[nH]1,Nc1nc(CNC(=O)[*:1])c[nH]1,5.0,1.539,34.0,-0.75,-1.72,1.33,0.75,2.174235497824465,0.3093758839325049
CC(C)N1CCC(NC(=O)c2cc3cc([*:1])ccc3n2Cc2cc(-c3ccc(Cl)s3)on2)CC1,CPD_179,CC(C)OC(=O)COc1ccc2c(c1)cc(C(=O)NC1CCN(C(C)C)CC1)n2Cc1cc(-c2ccc(Cl)s2)on1,CC(C)OC(=O)CO[*:1],7.48,2.057,140.0,CPD_342,CC(C)N1CCC(NC(=O)c2cc3cc(C(=O)N(C)CCO)ccc3n2Cc2cc(-c3ccc(Cl)s3)on2)CC1,CN(CCO)C(=O)[*:1],6.73,-0.441,32000.0,-0.75,-2.5,2.36,0.75,3.437964514069335,0.2033642127354536
Clc1ccc(-c2cc(Cn3c([*:1])cc4ccccc43)no2)s1,CPD_18,COC(=O)N1CCC(NC(=O)c2cc3ccccc3n2Cc2cc(-c3ccc(Cl)s3)on2)CC1,COC(=O)N1CCC(NC(=O)[*:1])CC1,5.75,3.257,1.6,CPD_86,O=C(NCC1CC(C(=O)N2CCCC2)=NO1)c1cc2ccccc2n1Cc1cc(-c2ccc(Cl)s2)on1,O=C(C1=NOC(CNC(=O)[*:1])C1)N1CCCC1,5.0,1.879,5.1,-0.75,-1.38,0.5,0.75,1.4677874505527018,0.43660814948827686
CC(C)N1CCC(NC(=O)c2cc3c([*:1])cccc3n2Cc2cc(-c3ccc(Cl)s3)on2)CC1,CPD_133,CC(C)N1CCC(NC(=O)c2cc3c(Cl)cccc3n2Cc2cc(-c3ccc(Cl)s3)on2)CC1,Cl[*:1],8.16,2.601,74.0,CPD_675,CC(C)N1CCC(NC(=O)c2cc3c(C(=O)N4CCC(F)(F)CC4)cccc3n2Cc2cc(-c3ccc(Cl)s3)on2)CC1,O=C(N1CCC(F)(F)CC1)[*:1],7.41,0.626,560.0,-0.75,-1.98,0.88,0.75,2.166748716395143,0.31033429123682776
CC(C)N1CCC(NC(=O)c2nc3ccc([*:1])cc3n2CC(=O)Nc2ccc(Cl)cn2)CC1,CPD_790,CC(C)N1CCC(NC(=O)c2nc3ccc(OCCO)cc3n2CC(=O)Nc2ccc(Cl)cn2)CC1,OCCO[*:1],6.98,1.282,760.0,CPD_837,CC(C)N1CCC(NC(=O)c2nc3ccc(OCCN4CCOCC4)cc3n2CC(=O)Nc2ccc(Cl)cn2)CC1,C1CN(CCO[*:1])CCO1,6.23,1.562,360.0,-0.75,0.28,-0.32,0.75,0.425205832509386,1.110772395452574
Clc1ccc(-c2cc(Cn3c([*:1])cc4ccccc43)no2)s1,CPD_18,COC(=O)N1CCC(NC(=O)c2cc3ccccc3n2Cc2cc(-c3ccc(Cl)s3)on2)CC1,COC(=O)N1CCC(NC(=O)[*:1])CC1,5.75,3.257,1.6,CPD_46,O=C(Nc1ccc(-c2c[nH]cn2)cc1)c1cc2ccccc2n1Cc1cc(-c2ccc(Cl)s2)on1,O=C(Nc1ccc(-c2c[nH]cn2)cc1)[*:1],5.0,4.299,0.0,-0.75,1.04,-1.2,0.75,1.5879546593023368,0.40806229696911567
CC(C)N1CCC(NC(=O)c2cc3cc([*:1])ccc3n2Cc2cc(-c3ccc(Cl)s3)on2)CC1,CPD_262,CC(C)N1CCC(NC(=O)c2cc3cc(-c4n[nH]c(=O)o4)ccc3n2Cc2cc(-c3ccc(Cl)s3)on2)CC1,O=c1[nH]nc([*:1])o1,8.48,0.297,310.0,CPD_362,CC(C)N1CCC(NC(=O)c2cc3cc(C(=O)OC4CCOC4=O)ccc3n2Cc2cc(-c3ccc(Cl)s3)on2)CC1,O=C1OCCC1OC(=O)[*:1],7.73,0.55,170.0,-0.75,0.25,-0.26,0.75,0.3606937759374287,1.2281114194241347
Clc1ccc(-c2cc(Cn3c([*:1])nc4ccccc43)no2)s1,CPD_438,CCN1CCN(c2ccc(NC(=O)c3nc4ccccc4n3Cc3cc(-c4ccc(Cl)s4)on3)cc2)C(=O)C1=O,CCN1CCN(c2ccc(NC(=O)[*:1])cc2)C(=O)C1=O,5.96,3.038,0.7,CPD_984,O=C(c1nc2ccccc2n1Cc1cc(-c2ccc(Cl)s2)on1)N1CCC(N2CCCC2=O)CC1,O=C1CCCN1C1CCN(C(=O)[*:1])CC1,5.21,3.149,1.2,-0.75,0.11,0.23,0.75,0.25495097567963926,1.4852927038917723
CC(C)N1CCC(NC(=O)c2cc3cc([*:1])ccc3n2Cc2cc(-c3ccc(Cl)s3)on2)CC1,CPD_362,CC(C)N1CCC(NC(=O)c2cc3cc(C(=O)OC4CCOC4=O)ccc3n2Cc2cc(-c3ccc(Cl)s3)on2)CC1,O=C1OCCC1OC(=O)[*:1],7.73,0.55,170.0,CPD_373,CC(C)N1CCC(NC(=O)c2cc3cc(C(=O)N4CCCC4CO)ccc3n2Cc2cc(-c3ccc(Cl)s3)on2)CC1,O=C(N1CCCC1CO)[*:1],6.98,-0.415,2900.0,-0.75,-0.97,1.23,0.75,1.5664609794054878,0.41289078516042144
CC(C)N1CCC(NC(=O)c2cc3cc([*:1])ccc3n2Cc2cc(-c3ccc(Cl)s3)on2)CC1,CPD_262,CC(C)N1CCC(NC(=O)c2cc3cc(-c4n[nH]c(=O)o4)ccc3n2Cc2cc(-c3ccc(Cl)s3)on2)CC1,O=c1[nH]nc([*:1])o1,8.48,0.297,310.0,CPD_371,CC(C)N1CCC(NC(=O)c2cc3cc(C(=O)OCC4CCOC4)ccc3n2Cc2cc(-c3ccc(Cl)s3)on2)CC1,O=C(OCC1CCOC1)[*:1],7.73,1.959,78.0,-0.75,1.66,-0.6,0.75,1.765106229097841,0.3721888152446303
CC(C)N1CCC(NC(=O)c2cc3cc([*:1])ccc3n2Cc2cc(-c3ccc(Cl)s3)on2)CC1,CPD_252,CC(C)N1CCC(NC(=O)c2cc3cc(C(=O)NCCO)ccc3n2Cc2cc(-c3ccc(Cl)s3)on2)CC1,O=C(NCCO)[*:1],7.49,0.126,4400.0,CPD_342,CC(C)N1CCC(NC(=O)c2cc3cc(C(=O)N(C)CCO)ccc3n2Cc2cc(-c3ccc(Cl)s3)on2)CC1,CN(CCO)C(=O)[*:1],6.73,-0.441,32000.0,-0.75,-0.57,0.86,0.75,1.0317460927960909,0.5851392910150383
O=C(Cn1c([*:1])nc2ccccc21)Nc1ccc(Cl)cn1,CPD_981,O=C(Cn1c(C(=O)N2CCN(Cc3ccncc3)CC2)nc2ccccc21)Nc1ccc(Cl)cn1,O=C(N1CCN(Cc2ccncc2)CC1)[*:1],5.62,2.389,26.0,CPD_982,NC(=O)N1CCN(C(=O)c2nc3ccccc3n2CC(=O)Nc2ccc(Cl)cn2)CC1,NC(=O)N1CCN(C(=O)[*:1])CC1,4.87,0.511,160.0,-0.75,-1.88,0.79,0.75,2.039240054530118,0.3276196388910129
O=C(N[*:1])c1cc2ccccc2n1Cc1cc(-c2ccc(Cl)s2)on1,CPD_26,CN1CCC(NC(=O)c2cc3ccccc3n2Cc2cc(-c3ccc(Cl)s3)on2)CC1,CN1CCC([*:1])CC1,7.4,2.01,210.0,CPD_177,CC(C)N1CC(NC(=O)c2cc3ccccc3n2Cc2cc(-c3ccc(Cl)s3)on2)C1,CC(C)N1CC([*:1])C1,6.65,2.16,190.0,-0.75,0.15,-0.04,0.75,0.15524174696260024,1.8507471296367142
Clc1ccc(-c2cc(Cn3c([*:1])nc4ccccc43)no2)s1,CPD_559,O=C1CCN(c2ccc(NC(=O)c3nc4ccccc4n3Cc3cc(-c4ccc(Cl)s4)on3)cc2)CC1,O=C1CCN(c2ccc(NC(=O)[*:1])cc2)CC1,6.68,4.038,0.4,CPD_979,CCN(CC)C(=O)N1CCN(C(=O)c2nc3ccccc3n2Cc2cc(-c3ccc(Cl)s3)on2)CC1,CCN(CC)C(=O)N1CCN(C(=O)[*:1])CC1,5.92,4.096,0.6,-0.75,0.06,0.18,0.75,0.18973665961010275,1.7055662374499219
Clc1ccc(-c2cc(Cn3c([*:1])nc4ccccc43)no2)s1,CPD_559,O=C1CCN(c2ccc(NC(=O)c3nc4ccccc4n3Cc3cc(-c4ccc(Cl)s4)on3)cc2)CC1,O=C1CCN(c2ccc(NC(=O)[*:1])cc2)CC1,6.68,4.038,0.4,CPD_978,O=C(c1nc2ccccc2n1Cc1cc(-c2ccc(Cl)s2)on1)N1CCN(Cc2ccncc2)CC1,O=C(N1CCN(Cc2ccncc2)CC1)[*:1],5.93,3.205,2.8,-0.75,-0.83,0.85,0.75,1.1880235687897778,0.5215491708742926
CC(C)N1CCC(NC(=O)c2cc3cc([*:1])ccc3n2Cc2cc(-c3ccc(Cl)s3)on2)CC1,CPD_143,CC(C)N1CCC(NC(=O)c2cc3cc(CO)ccc3n2Cc2cc(-c3ccc(Cl)s3)on2)CC1,OC[*:1],8.54,0.77,2500.0,CPD_259,CCOC(=O)COc1ccc2c(c1)cc(C(=O)NC1CCN(C(C)C)CC1)n2Cc1cc(-c2ccc(Cl)s2)on1,CCOC(=O)CO[*:1],7.79,1.709,270.0,-0.75,0.94,-0.97,0.75,1.3507405376311175,0.46853314598373325
CC(C)N1CCC(NC(=O)c2cc3cc([*:1])ccc3n2Cc2cc(-c3ccc(Cl)s3)on2)CC1,CPD_143,CC(C)N1CCC(NC(=O)c2cc3cc(CO)ccc3n2Cc2cc(-c3ccc(Cl)s3)on2)CC1,OC[*:1],8.54,0.77,2500.0,CPD_366,CC(C)N1CCC(NC(=O)c2cc3cc(C(=O)OCCN4CCOCC4)ccc3n2Cc2cc(-c3ccc(Cl)s3)on2)CC1,O=C(OCCN1CCOCC1)[*:1],7.79,1.706,740.0,-0.75,0.94,-0.53,0.75,1.0791200118615167,0.5642831296698163
CC(C)N1CCC(NC(=O)c2nc3c(C(=O)O)cccc3n2C[*:1])CC1,CPD_322,CC(C)N1CCC(NC(=O)c2nc3c(C(=O)O)cccc3n2CC(=O)Nc2ccc(Cl)cn2)CC1,O=C(Nc1ccc(Cl)cn1)[*:1],7.95,1.375,1.9,CPD_466,CC(C)N1CCC(NC(=O)c2nc3c(C(=O)O)cccc3n2CCc2ccc(Cl)cc2)CC1,Clc1ccc(C[*:1])cc1,7.19,2.565,2.3,-0.76,1.19,0.08,0.76,1.1926860441876563,0.5267951423401609
CC(C)N1CCC(NC(=O)c2cc3c([*:1])cccc3n2Cc2cc(-c3ccc(Cl)s3)on2)CC1,CPD_175,CCOC(=O)OC(C)OC(=O)c1cccc2c1cc(C(=O)NC1CCN(C(C)C)CC1)n2Cc1cc(-c2ccc(Cl)s2)on1,CCOC(=O)OC(C)OC(=O)[*:1],8.17,2.927,56.0,CPD_675,CC(C)N1CCC(NC(=O)c2cc3c(C(=O)N4CCC(F)(F)CC4)cccc3n2Cc2cc(-c3ccc(Cl)s3)on2)CC1,O=C(N1CCC(F)(F)CC1)[*:1],7.41,0.626,560.0,-0.76,-2.3,1.0,0.76,2.5079872407968904,0.27556327627549365
Clc1ccc(-c2cc(Cn3c([*:1])cc4ccccc43)no2)s1,CPD_19,CC(=O)N1CCC(NC(=O)c2cc3ccccc3n2Cc2cc(-c3ccc(Cl)s3)on2)CC1,CC(=O)N1CCC(NC(=O)[*:1])CC1,6.12,3.157,3.8,CPD_250,O=C(c1cc2ccccc2n1Cc1cc(-c2ccc(Cl)s2)on1)N1CCC(N2CCCC2=O)CC1,O=C1CCCN1C1CCN(C(=O)[*:1])CC1,5.35,2.607,2.1,-0.76,-0.55,-0.26,0.76,0.6083584469702052,0.8854109873126007
CC(C)N1CCC(NC(=O)c2cc3cc([*:1])ccc3n2Cc2cc(-c3ccc(Cl)s3)on2)CC1,CPD_158,CC(C)N1CCC(NC(=O)c2cc3cc(-c4noc(O)n4)ccc3n2Cc2cc(-c3ccc(Cl)s3)on2)CC1,Oc1nc([*:1])no1,8.24,0.316,300.0,CPD_252,CC(C)N1CCC(NC(=O)c2cc3cc(C(=O)NCCO)ccc3n2Cc2cc(-c3ccc(Cl)s3)on2)CC1,O=C(NCCO)[*:1],7.49,0.126,4400.0,-0.76,-0.19,1.17,0.76,1.1853269591129698,0.5294960811365789
CC(C)N1CCC(NC(=O)c2nc3c([*:1])cccc3n2Cc2cc(-c3ccc(Cl)s3)on2)CC1,CPD_333,CC(C)N1CCC(NC(=O)c2nc3c(C(=O)O)cccc3n2Cc2cc(-c3ccc(Cl)s3)on2)CC1,O=C(O)[*:1],8.44,2.191,0.6,CPD_595,CC(C)N1CCC(NC(=O)c2nc3c(C(=O)N4CCC(O)CC4)cccc3n2Cc2cc(-c3ccc(Cl)s3)on2)CC1,O=C(N1CCC(O)CC1)[*:1],7.68,0.896,160.0,-0.76,-1.29,2.43,0.76,2.7511815643464903,0.25323359607051654
CC(C)N1CCC(NC(=O)c2cc3cc([*:1])ccc3n2Cc2cc(-c3ccc(Cl)s3)on2)CC1,CPD_158,CC(C)N1CCC(NC(=O)c2cc3cc(-c4noc(O)n4)ccc3n2Cc2cc(-c3ccc(Cl)s3)on2)CC1,Oc1nc([*:1])no1,8.24,0.316,300.0,CPD_179,CC(C)OC(=O)COc1ccc2c(c1)cc(C(=O)NC1CCN(C(C)C)CC1)n2Cc1cc(-c2ccc(Cl)s2)on1,CC(C)OC(=O)CO[*:1],7.48,2.057,140.0,-0.76,1.74,-0.33,0.76,1.771016657177453,0.37604836026508265
CC(C)N1CCC(NC(=O)c2cc3cc([*:1])ccc3n2CC(=O)Nc2ccc(Cl)cn2)CC1,CPD_168,CC(C)N1CCC(NC(=O)c2cc3cc(Cl)ccc3n2CC(=O)Nc2ccc(Cl)cn2)CC1,Cl[*:1],8.52,1.704,2300.0,CPD_374,CC(C)OC(=O)OC(C)OC(=O)c1ccc2c(c1)cc(C(=O)NC1CCN(C(C)C)CC1)n2CC(=O)Nc1ccc(Cl)cn1,CC(C)OC(=O)OC(C)OC(=O)[*:1],7.77,2.294,1000.0,-0.76,0.59,-0.36,0.76,0.6911584478250989,0.8075154632636685
COCCOc1cc2cc(C(=O)NC3CCN(C(C)C)CC3)n([*:1])c2cn1,CPD_783,COCCOc1cc2cc(C(=O)NC3CCN(C(C)C)CC3)n(CC(=O)Nc3ccc(F)cn3)c2cn1,O=C(C[*:1])Nc1ccc(F)cn1,6.01,-1.216,310000.0,CPD_949,COCCOc1cc2cc(C(=O)NC3CCN(C(C)C)CC3)n(Cc3cccc(OC)c3)c2cn1,COc1cccc(C[*:1])c1,5.24,-0.24,220000.0,-0.77,0.98,-0.15,0.77,0.9914131328563284,0.620260878204447
COCCOc1cc2cc(C(=O)NC3CCN(C(C)C)CC3)n(C[*:1])c2cn1,CPD_383,COCCOc1cc2cc(C(=O)NC3CCN(C(C)C)CC3)n(Cc3cc(-c4ccc(Cl)s4)on3)c2cn1,Clc1ccc(-c2cc([*:1])no2)s1,6.87,0.606,4400.0,CPD_832,COCCOc1cc2cc(C(=O)NC3CCN(C(C)C)CC3)n(Cc3cc4ccc(Cl)nc4s3)c2cn1,Clc1ccc2cc([*:1])sc2n1,6.1,1.337,19000.0,-0.77,0.73,0.64,0.77,0.9708243919473799,0.6307213429539575
O=C(N[*:1])c1cc2ccccc2n1Cc1cc(-c2ccc(Cl)s2)on1,CPD_16,CC(C)CN1CCC(NC(=O)c2cc3ccccc3n2Cc2cc(-c3ccc(Cl)s3)on2)CC1,CC(C)CN1CCC([*:1])CC1,6.85,3.104,48.0,CPD_204,CC(C)N1CC(CNC(=O)c2cc3ccccc3n2Cc2cc(-c3ccc(Cl)s3)on2)C1,CC(C)N1CC(C[*:1])C1,6.08,1.854,360.0,-0.77,-1.25,0.88,0.77,1.528692251566678,0.4329023187242096
Clc1ccc(-c2cc(Cn3c([*:1])nc4ccccc43)no2)s1,CPD_438,CCN1CCN(c2ccc(NC(=O)c3nc4ccccc4n3Cc3cc(-c4ccc(Cl)s4)on3)cc2)C(=O)C1=O,CCN1CCN(c2ccc(NC(=O)[*:1])cc2)C(=O)C1=O,5.96,3.038,0.7,CPD_976,O=C(CN1CCN(C(=O)c2nc3ccccc3n2Cc2cc(-c3ccc(Cl)s3)on2)CC1)N1CCCC1,O=C(CN1CCN(C(=O)[*:1])CC1)N1CCCC1,5.18,3.591,0.7,-0.77,0.55,0.0,0.77,0.55,0.9625
CC(C)N1CCC(NC(=O)c2nc3c([*:1])cccc3n2Cc2cc3ccc(Cl)cc3s2)CC1,CPD_737,CC(C)N1CCC(NC(=O)c2nc3c(OCCO)cccc3n2Cc2cc3ccc(Cl)cc3s2)CC1,OCCO[*:1],8.65,4.197,8.2,CPD_766,CC(C)N1CCC(NC(=O)c2nc3c(C(=O)N4CCN(C)CC4)cccc3n2Cc2cc3ccc(Cl)cc3s2)CC1,CN1CCN(C(=O)[*:1])CC1,7.87,3.286,13.0,-0.78,-0.91,0.2,0.78,0.9317188417113824,0.66005548229255
Clc1cc(Cl)c2c(c1)cc([*:1])n2Cc1cc(-c2ccc(Cl)s2)on1,CPD_130,CC(C)N1CCC(NC(=O)c2cc3cc(Cl)cc(Cl)c3n2Cc2cc(-c3ccc(Cl)s3)on2)CC1,CC(C)N1CCC(NC(=O)[*:1])CC1,7.83,3.32,13.0,CPD_138,CCOC(=O)CN(C(=O)c1cc2cc(Cl)cc(Cl)c2n1Cc1cc(-c2ccc(Cl)s2)on1)C1CCN(C(C)C)CC1,CCOC(=O)CN(C(=O)[*:1])C1CCN(C(C)C)CC1,7.05,4.111,16.0,-0.78,0.79,0.09,0.78,0.7951100552753688,0.7463328824201995
Cc1cc(C(=O)O)cc2nc(C(=O)NC3CCN(C4CC4)CC3)n(C[*:1])c12,CPD_697,Cc1cc(C(=O)O)cc2nc(C(=O)NC3CCN(C4CC4)CC3)n(Cc3cc(-c4ccc(Cl)s4)on3)c12,Clc1ccc(-c2cc([*:1])no2)s1,9.12,2.133,0.6,CPD_700,Cc1cc(C(=O)O)cc2nc(C(=O)NC3CCN(C4CC4)CC3)n(Cc3nnc(-c4ccc(Cl)s4)s3)c12,Clc1ccc(-c2nnc([*:1])s2)s1,8.34,2.633,0.3,-0.79,0.5,-0.3,0.79,0.58309518948453,0.9482709898838875
COCCOc1cc2cc(C(=O)NC3CCN(C(C)C)CC3)n(C[*:1])c2cn1,CPD_705,COCCOc1cc2cc(C(=O)NC3CCN(C(C)C)CC3)n(Cc3cc4ccc(Cl)cc4s3)c2cn1,Clc1ccc2cc([*:1])sc2c1,6.03,2.646,3600.0,CPD_949,COCCOc1cc2cc(C(=O)NC3CCN(C(C)C)CC3)n(Cc3cccc(OC)c3)c2cn1,COc1cccc([*:1])c1,5.24,-0.24,220000.0,-0.79,-2.89,1.79,0.79,3.3994411305389596,0.21647150118114952
O=C(O)c1ccc2c(c1)cc(C(=O)NC1CCN([*:1])CC1)n2Cc1cc(-c2ccc(Cl)s2)on1,CPD_85,CC(C)N1CCC(NC(=O)c2cc3cc(C(=O)O)ccc3n2Cc2cc(-c3ccc(Cl)s3)on2)CC1,CC(C)[*:1],8.07,1.328,5.5,CPD_185,O=C(O)c1ccc2c(c1)cc(C(=O)NC1CCN(c3ccncc3)CC1)n2Cc1cc(-c2ccc(Cl)s2)on1,c1cc([*:1])ccn1,7.27,1.378,1.9,-0.79,0.05,-0.46,0.79,0.46270941205037097,1.108446144589664
CC(C)N1CCC(NC(=O)c2cc3cc([*:1])ccc3n2Cc2cc(-c3ccc(Cl)s3)on2)CC1,CPD_365,CC(C)N1CCC(NC(=O)c2cc3cc(C(=O)OC4CCOC4)ccc3n2Cc2cc(-c3ccc(Cl)s3)on2)CC1,O=C(OC1CCOC1)[*:1],7.58,1.734,120.0,CPD_604,CC(C)N1CCC(NC(=O)c2cc3cc(C(=O)N4CCC(O)CC4)ccc3n2Cc2cc(-c3ccc(Cl)s3)on2)CC1,O=C(N1CCC(O)CC1)[*:1],6.79,-0.266,3400.0,-0.79,-2.0,1.45,0.79,2.470323865407125,0.2904065982900048
CC(C)N1CCC(NC(=O)c2cc3cc([*:1])ccc3n2CC(=O)Nc2ccc(Cl)cn2)CC1,CPD_168,CC(C)N1CCC(NC(=O)c2cc3cc(Cl)ccc3n2CC(=O)Nc2ccc(Cl)cn2)CC1,Cl[*:1],8.52,1.704,2300.0,CPD_170,CC(C)N1CCC(NC(=O)c2cc3cc(S(C)(=O)=O)ccc3n2CC(=O)Nc2ccc(Cl)cn2)CC1,CS(=O)(=O)[*:1],7.72,-0.686,15000.0,-0.8,-2.39,0.81,0.8,2.523529274646918,0.2884411595409763
CC(C)N1CCC(NC(=O)c2nc3cc([*:1])ccc3n2CC(=O)Nc2ccc(Cl)cn2)CC1,CPD_876,CC(C)N1CCC(NC(=O)c2nc3cc(OCc4nn[nH]n4)ccc3n2CC(=O)Nc2ccc(Cl)cn2)CC1,C(O[*:1])c1nn[nH]n1,8.54,0.205,12.0,CPD_944,CC(C)N1CCC(NC(=O)c2nc3cc(OC(C)(C)CO)ccc3n2CC(=O)Nc2ccc(Cl)cn2)CC1,CC(C)(CO)O[*:1],7.73,1.966,380.0,-0.8,1.76,1.5,0.8,2.3124878378058553,0.31219660370564123
CC(C)N1CCC(NC(=O)c2cc3cc([*:1])ccc3n2Cc2cc(-c3ccc(Cl)s3)on2)CC1,CPD_366,CC(C)N1CCC(NC(=O)c2cc3cc(C(=O)OCCN4CCOCC4)ccc3n2Cc2cc(-c3ccc(Cl)s3)on2)CC1,O=C(OCCN1CCOCC1)[*:1],7.79,1.706,740.0,CPD_373,CC(C)N1CCC(NC(=O)c2cc3cc(C(=O)N4CCCC4CO)ccc3n2Cc2cc(-c3ccc(Cl)s3)on2)CC1,O=C(N1CCCC1CO)[*:1],6.98,-0.415,2900.0,-0.8,-2.12,0.59,0.8,2.200568108466539,0.32645491355088513
Clc1ccc(-c2cc(Cn3c([*:1])cc4ccccc43)no2)s1,CPD_23,CS(=O)(=O)N1CCC(NC(=O)c2cc3ccccc3n2Cc2cc(-c3ccc(Cl)s3)on2)CC1,CS(=O)(=O)N1CCC(NC(=O)[*:1])CC1,6.87,3.257,1.1,CPD_204,CC(C)N1CC(CNC(=O)c2cc3ccccc3n2Cc2cc(-c3ccc(Cl)s3)on2)C1,CC(C)N1CC(CNC(=O)[*:1])C1,6.08,1.854,360.0,-0.8,-1.4,2.51,0.8,2.874038969812344,0.25607875181149065
CC(C)N1CCC(NC(=O)c2cc3cc([*:1])ccc3n2Cc2cc(-c3ccc(Cl)s3)on2)CC1,CPD_112,COC(=O)c1ccc2c(c1)cc(C(=O)NC1CCN(C(C)C)CC1)n2Cc1cc(-c2ccc(Cl)s2)on1,COC(=O)[*:1],8.29,1.96,260.0,CPD_252,CC(C)N1CCC(NC(=O)c2cc3cc(C(=O)NCCO)ccc3n2Cc2cc(-c3ccc(Cl)s3)on2)CC1,O=C(NCCO)[*:1],7.49,0.126,4400.0,-0.8,-1.83,1.23,0.8,2.2049489790015553,0.3258723528850549
O=C(Cn1c(C(=O)N[*:1])nc2c(C(=O)O)cccc21)Nc1ccc(Cl)cn1,CPD_435,O=C(Cn1c(C(=O)Nc2ccc(N3CCOCC3=O)cc2)nc2c(C(=O)O)cccc21)Nc1ccc(Cl)cn1,O=C1COCCN1c1ccc([*:1])cc1,7.4,-0.541,7300.0,CPD_610,O=C(Cn1c(C(=O)NC2CCN(C3CC3)CC2)nc2c(C(=O)O)cccc21)Nc1ccc(Cl)cn1,C1CC1N1CCC([*:1])CC1,6.6,0.856,4.2,-0.8,1.4,-3.24,0.8,3.529532546952925,0.21166638732743906
CC(C)N1CCC(NC(=O)c2cc3cc([*:1])ccc3n2Cc2cc(-c3ccc(Cl)s3)on2)CC1,CPD_259,CCOC(=O)COc1ccc2c(c1)cc(C(=O)NC1CCN(C(C)C)CC1)n2Cc1cc(-c2ccc(Cl)s2)on1,CCOC(=O)CO[*:1],7.79,1.709,270.0,CPD_373,CC(C)N1CCC(NC(=O)c2cc3cc(C(=O)N4CCCC4CO)ccc3n2Cc2cc(-c3ccc(Cl)s3)on2)CC1,O=C(N1CCCC1CO)[*:1],6.98,-0.415,2900.0,-0.8,-2.12,1.03,0.8,2.356968391811821,0.30686985024931845
CC(C)N1CCC(NC(=O)c2cc3cc([*:1])ccc3n2Cc2cc(-c3ccc(Cl)s3)on2)CC1,CPD_112,COC(=O)c1ccc2c(c1)cc(C(=O)NC1CCN(C(C)C)CC1)n2Cc1cc(-c2ccc(Cl)s2)on1,COC(=O)[*:1],8.29,1.96,260.0,CPD_179,CC(C)OC(=O)COc1ccc2c(c1)cc(C(=O)NC1CCN(C(C)C)CC1)n2Cc1cc(-c2ccc(Cl)s2)on1,CC(C)OC(=O)CO[*:1],7.48,2.057,140.0,-0.81,0.1,-0.27,0.81,0.2879236009777594,1.505790038822799
CC(C)N1CCC(NC(=O)c2cc3cc([*:1])ccc3n2Cc2cc(-c3ccc(Cl)s3)on2)CC1,CPD_143,CC(C)N1CCC(NC(=O)c2cc3cc(CO)ccc3n2Cc2cc(-c3ccc(Cl)s3)on2)CC1,OC[*:1],8.54,0.77,2500.0,CPD_371,CC(C)N1CCC(NC(=O)c2cc3cc(C(=O)OCC4CCOC4)ccc3n2Cc2cc(-c3ccc(Cl)s3)on2)CC1,O=C(OCC1CCOC1)[*:1],7.73,1.959,78.0,-0.81,1.19,-1.51,0.81,1.9225503894566718,0.3728336999366773
CC(C)N1CCC(NC(=O)c2cc3cc([*:1])ccc3n2Cc2cc(-c3ccc(Cl)s3)on2)CC1,CPD_181,CC(C)N1CCC(NC(=O)c2cc3cc(OCC(=O)O)ccc3n2Cc2cc(-c3ccc(Cl)s3)on2)CC1,O=C(O)CO[*:1],8.3,0.774,4.7,CPD_252,CC(C)N1CCC(NC(=O)c2cc3cc(C(=O)NCCO)ccc3n2Cc2cc(-c3ccc(Cl)s3)on2)CC1,O=C(NCCO)[*:1],7.49,0.126,4400.0,-0.81,-0.65,2.97,0.81,3.0402960382173316,0.24617845646462092
CC(C)N1CCC(NC(=O)c2cc3cc([*:1])ccc3n2Cc2cc(-c3ccc(Cl)s3)on2)CC1,CPD_143,CC(C)N1CCC(NC(=O)c2cc3cc(CO)ccc3n2Cc2cc(-c3ccc(Cl)s3)on2)CC1,OC[*:1],8.54,0.77,2500.0,CPD_362,CC(C)N1CCC(NC(=O)c2cc3cc(C(=O)OC4CCOC4=O)ccc3n2Cc2cc(-c3ccc(Cl)s3)on2)CC1,O=C1OCCC1OC(=O)[*:1],7.73,0.55,170.0,-0.81,-0.22,-1.17,0.81,1.190504094911059,0.5623031568334499
O=C(Cn1c([*:1])nc2ccccc21)Nc1ccc(Cl)cn1,CPD_988,O=C(Cn1c(C(=O)N2CCC(Nc3ccncc3)CC2)nc2ccccc21)Nc1ccc(Cl)cn1,O=C(N1CCC(Nc2ccncc2)CC1)[*:1],6.07,2.834,31.0,CPD_989,O=C(Cn1c(C(=O)N2CCN(C(=O)N3CCCC3)CC2)nc2ccccc21)Nc1ccc(Cl)cn1,O=C(N1CCCC1)N1CCN(C(=O)[*:1])CC1,5.26,2.656,7.4,-0.81,-0.18,-0.62,0.81,0.6456004956627589,0.9044211162484752
CC(C)N1CCC(NC(=O)c2cc3cc([*:1])ccc3n2Cc2cc(-c3ccc(Cl)s3)on2)CC1,CPD_117,CC(C)N1CCC(NC(=O)c2cc3cc(C(=O)OCOC(=O)C(C)(C)C)ccc3n2Cc2cc(-c3ccc(Cl)s3)on2)CC1,CC(C)(C)C(=O)OCOC(=O)[*:1],7.45,3.152,47.0,CPD_335,CC(C)N1CCC(NC(=O)c2cc3cc(C(=O)N(CCO)CCO)ccc3n2Cc2cc(-c3ccc(Cl)s3)on2)CC1,O=C(N(CCO)CCO)[*:1],6.64,-1.074,41000.0,-0.81,-4.23,2.94,0.81,5.151359043980531,0.14996225827695964
CC(C)N1CCC(NC(=O)c2cc3cc([*:1])ccc3n2Cc2cc(-c3ccc(Cl)s3)on2)CC1,CPD_503,CC(C)ONC(=O)c1ccc2c(c1)cc(C(=O)NC1CCN(C(C)C)CC1)n2Cc1cc(-c2ccc(Cl)s2)on1,CC(C)ONC(=O)[*:1],7.61,2.516,57.0,CPD_604,CC(C)N1CCC(NC(=O)c2cc3cc(C(=O)N4CCC(O)CC4)ccc3n2Cc2cc(-c3ccc(Cl)s3)on2)CC1,O=C(N1CCC(O)CC1)[*:1],6.79,-0.266,3400.0,-0.82,-2.78,1.78,0.82,3.3010301422434782,0.2309189072334763
CC(C)N1CCC(NC(=O)c2cc3cc([*:1])ccc3n2Cc2cc(-c3ccc(Cl)s3)on2)CC1,CPD_148,CC(C)N1CCC(NC(=O)c2cc3cc(C(N)=O)ccc3n2Cc2cc(-c3ccc(Cl)s3)on2)CC1,NC(=O)[*:1],8.44,0.497,390.0,CPD_503,CC(C)ONC(=O)c1ccc2c(c1)cc(C(=O)NC1CCN(C(C)C)CC1)n2Cc1cc(-c2ccc(Cl)s2)on1,CC(C)ONC(=O)[*:1],7.61,2.516,57.0,-0.82,2.02,-0.84,0.82,2.1876928486421487,0.3363836426138588
CC(C)N1CCC(NC(=O)c2cc3c([*:1])cccc3n2Cc2cc(-c3ccc(Cl)s3)on2)CC1,CPD_154,CC(C)N1CCC(NC(=O)c2cc3c(CO)cccc3n2Cc2cc(-c3ccc(Cl)s3)on2)CC1,OC[*:1],8.7,0.769,2500.0,CPD_155,CC(C)N1CCC(NC(=O)c2cc3c(C(=O)OCOC(=O)C(C)(C)C)cccc3n2Cc2cc(-c3ccc(Cl)s3)on2)CC1,CC(C)(C)C(=O)OCOC(=O)[*:1],7.88,3.166,45.0,-0.82,2.4,-1.74,0.82,2.96438863848855,0.25510294249471194
CC(C)N1CCC(NC(=O)c2cc3c([*:1])cccc3n2Cc2cc(-c3ccc(Cl)s3)on2)CC1,CPD_174,CC(C)N1CCC(NC(=O)c2cc3c(C(=O)O)cccc3n2Cc2cc(-c3ccc(Cl)s3)on2)CC1,O=C(O)[*:1],8.25,1.328,5.5,CPD_406,CC(C)N1CCC(NC(=O)c2cc3c(C(=O)N(C)CCO)cccc3n2Cc2cc(-c3ccc(Cl)s3)on2)CC1,CN(CCO)C(=O)[*:1],7.43,-0.435,32000.0,-0.82,-1.76,3.76,0.82,4.1515298385053185,0.18629886200622858
Clc1ccc(-c2cc(Cn3c([*:1])nc4ccccc43)no2)s1,CPD_533,O=C(Nc1ccc(N2CCOC2=O)cc1)c1nc2ccccc2n1Cc1cc(-c2ccc(Cl)s2)on1,O=C1OCCN1c1ccc(NC(=O)[*:1])cc1,6.33,4.952,0.1,CPD_990,O=C(NC1CCN(c2ccccc2)CC1)c1nc2ccccc2n1Cc1cc(-c2ccc(Cl)s2)on1,O=C(NC1CCN(c2ccccc2)CC1)[*:1],5.51,5.578,0.1,-0.83,0.63,0.0,0.83,0.63,0.9431818181818181
CC(C)N1CCC(NC(=O)c2nc3c([*:1])cccc3n2Cc2cc(-c3ccc(Cl)s3)on2)CC1,CPD_305,COC(=O)c1cccc2c1nc(C(=O)NC1CCN(C(C)C)CC1)n2Cc1cc(-c2ccc(Cl)s2)on1,COC(=O)[*:1],8.42,3.133,16.0,CPD_346,CC(C)N1CCC(NC(=O)c2nc3c(C(=O)N(C)CCO)cccc3n2Cc2cc(-c3ccc(Cl)s3)on2)CC1,CN(CCO)C(=O)[*:1],7.58,0.725,300.0,-0.83,-2.41,1.27,0.83,2.7241512439657236,0.27907121458062795
CC(C)N1CCC(NC(=O)c2cc3cc([*:1])ccc3n2Cc2cc(-c3ccc(Cl)s3)on2)CC1,CPD_99,CC(C)OC(=O)c1ccc2c(c1)cc(C(=O)NC1CCN(C(C)C)CC1)n2Cc1cc(-c2ccc(Cl)s2)on1,CC(C)OC(=O)[*:1],7.47,2.832,69.0,CPD_335,CC(C)N1CCC(NC(=O)c2cc3cc(C(=O)N(CCO)CCO)ccc3n2Cc2cc(-c3ccc(Cl)s3)on2)CC1,O=C(N(CCO)CCO)[*:1],6.64,-1.074,41000.0,-0.83,-3.91,2.77,0.83,4.791763767132099,0.16462492856386407
CC(C)N1CCC(NC(=O)c2cc3cc([*:1])ccc3n2Cc2cc(-c3ccc(Cl)s3)on2)CC1,CPD_38,CC(C)N1CCC(NC(=O)c2cc3cc(Br)ccc3n2Cc2cc(-c3ccc(Cl)s3)on2)CC1,Br[*:1],8.06,2.851,68.0,CPD_344,CC(C)N1CCC(NC(=O)c2cc3cc(C(=O)N4CC(O)C4)ccc3n2Cc2cc(-c3ccc(Cl)s3)on2)CC1,O=C(N1CC(O)C1)[*:1],7.23,-1.036,6400.0,-0.83,-3.89,1.97,0.83,4.360389890823985,0.1800281580635818
CC(C)N1CCC(NC(=O)c2nc3cc([*:1])ccc3n2Cc2cc(-c3ccc(Cl)s3)on2)CC1,CPD_306,CC(C)N1CCC(NC(=O)c2nc3cc(C(=O)O)ccc3n2Cc2cc(-c3ccc(Cl)s3)on2)CC1,O=C(O)[*:1],8.57,2.192,0.6,CPD_349,CC(C)N1CCC(NC(=O)c2nc3cc(C(=O)N4CC(O)C4)ccc3n2Cc2cc(-c3ccc(Cl)s3)on2)CC1,O=C(N1CC(O)C1)[*:1],7.73,0.123,330.0,-0.83,-2.07,2.74,0.83,3.4340209667385553,0.22529730625686278
CC(C)N1CCC(NC(=O)c2cc3cc(C(=O)O[*:1])ccc3n2Cc2cc(-c3ccc(Cl)s3)on2)CC1,CPD_112,COC(=O)c1ccc2c(c1)cc(C(=O)NC1CCN(C(C)C)CC1)n2Cc1cc(-c2ccc(Cl)s2)on1,C[*:1],8.29,1.96,260.0,CPD_117,CC(C)N1CCC(NC(=O)c2cc3cc(C(=O)OCOC(=O)C(C)(C)C)ccc3n2Cc2cc(-c3ccc(Cl)s3)on2)CC1,CC(C)(C)C(=O)OC[*:1],7.45,3.152,47.0,-0.84,1.19,-0.74,0.84,1.4013208055259865,0.5086837137817319
Clc1ccc(-c2cc(Cn3c([*:1])nc4ccccc43)no2)s1,CPD_425,CN1[C@@H]2CC[C@H]1C[C@@H](NC(=O)c1nc3ccccc3n1Cc1cc(-c3ccc(Cl)s3)on1)C2,CN1[C@@H]2CC[C@H]1C[C@@H](NC(=O)[*:1])C2,7.69,2.187,69.0,CPD_605,O=C(Nc1ccc(N2CCNCC2=O)cc1)c1nc2ccccc2n1Cc1cc(-c2ccc(Cl)s2)on1,O=C1CNCCN1c1ccc(NC(=O)[*:1])cc1,6.85,3.407,0.8,-0.84,1.22,-1.94,0.84,2.2917242417009946,0.33048431699177877
CC(C)N1CCC(NC(=O)c2cc3cc([*:1])ccc3n2Cc2cc(-c3ccc(Cl)s3)on2)CC1,CPD_37,CC(C)N1CCC(NC(=O)c2cc3cc(C#N)ccc3n2Cc2cc(-c3ccc(Cl)s3)on2)CC1,N#C[*:1],8.7,1.433,130.0,CPD_361,CC(C)N1CCC(NC(=O)c2cc3cc(C(=O)OCC4COC(=O)O4)ccc3n2Cc2cc(-c3ccc(Cl)s3)on2)CC1,O=C1OCC(COC(=O)[*:1])O1,7.86,1.042,660.0,-0.84,-0.39,0.71,0.84,0.8100617260431454,0.7924066866704433
CC(C)N1CCC(NC(=O)c2cc3cc([*:1])ccc3n2Cc2cc(-c3ccc(Cl)s3)on2)CC1,CPD_179,CC(C)OC(=O)COc1ccc2c(c1)cc(C(=O)NC1CCN(C(C)C)CC1)n2Cc1cc(-c2ccc(Cl)s2)on1,CC(C)OC(=O)CO[*:1],7.48,2.057,140.0,CPD_335,CC(C)N1CCC(NC(=O)c2cc3cc(C(=O)N(CCO)CCO)ccc3n2Cc2cc(-c3ccc(Cl)s3)on2)CC1,O=C(N(CCO)CCO)[*:1],6.64,-1.074,41000.0,-0.84,-3.13,2.47,0.84,3.987204534507855,0.19824391132385227
O=C(N[*:1])c1cc2ccccc2n1Cc1cc(-c2ccc(Cl)s2)on1,CPD_17,CCCN1CCC(NC(=O)c2cc3ccccc3n2Cc2cc(-c3ccc(Cl)s3)on2)CC1,CCCN1CCC([*:1])CC1,7.2,2.84,77.0,CPD_211,O=C(NCC1CN(c2ccncc2)C1)c1cc2ccccc2n1Cc1cc(-c2ccc(Cl)s2)on1,c1cc(N2CC(C[*:1])C2)ccn1,6.35,1.589,190.0,-0.84,-1.25,0.39,0.84,1.309427355755179,0.5386592693144182
O=C(Cn1c([*:1])nc2ccccc21)Nc1ccc(Cl)cn1,CPD_521,O=C(Cn1c(C(=O)Nc2ccc(N3CCOC3=O)cc2)nc2ccccc21)Nc1ccc(Cl)cn1,O=C1OCCN1c1ccc(NC(=O)[*:1])cc1,6.1,4.136,1.0,CPD_989,O=C(Cn1c(C(=O)N2CCN(C(=O)N3CCCC3)CC2)nc2ccccc21)Nc1ccc(Cl)cn1,O=C(N1CCCC1)N1CCN(C(=O)[*:1])CC1,5.26,2.656,7.4,-0.84,-1.48,0.87,0.84,1.7167702234137217,0.4270961549041619
CC(C)N1CCC(NC(=O)c2cc3cc([*:1])ccc3n2Cc2cc(-c3ccc(Cl)s3)on2)CC1,CPD_338,CC(C)N1CCC(NC(=O)c2cc3cc(NS(C)(=O)=O)ccc3n2Cc2cc(-c3ccc(Cl)s3)on2)CC1,CS(=O)(=O)N[*:1],8.46,0.697,170.0,CPD_503,CC(C)ONC(=O)c1ccc2c(c1)cc(C(=O)NC1CCN(C(C)C)CC1)n2Cc1cc(-c2ccc(Cl)s2)on1,CC(C)ONC(=O)[*:1],7.61,2.516,57.0,-0.84,1.82,-0.47,0.84,1.8797074240423695,0.39442037460977014
CC(C)N1CCC(NC(=O)c2cc3cc([*:1])ccc3n2Cc2cc(-c3ccc(Cl)s3)on2)CC1,CPD_364,CC(C)N1CCC(NC(=O)c2cc3cc(C(=O)OCCN4CCNC4=O)ccc3n2Cc2cc(-c3ccc(Cl)s3)on2)CC1,O=C1NCCN1CCOC(=O)[*:1],8.16,1.632,44.0,CPD_368,CC(C)N1CCC(NC(=O)c2cc3cc(C(=O)NCCN4CCNC4=O)ccc3n2Cc2cc(-c3ccc(Cl)s3)on2)CC1,O=C1NCCN1CCNC(=O)[*:1],7.32,0.289,190.0,-0.84,-1.34,0.64,0.84,1.4849915824677258,0.4841522048223687
COCCOc1cc2cc(C(=O)NC3CCN(C(C)C)CC3)n([*:1])c2cn1,CPD_383,COCCOc1cc2cc(C(=O)NC3CCN(C(C)C)CC3)n(Cc3cc(-c4ccc(Cl)s4)on3)c2cn1,Clc1ccc(-c2cc(C[*:1])no2)s1,6.87,0.606,4400.0,CPD_705,COCCOc1cc2cc(C(=O)NC3CCN(C(C)C)CC3)n(Cc3cc4ccc(Cl)cc4s3)c2cn1,Clc1ccc2cc(C[*:1])sc2c1,6.03,2.646,3600.0,-0.84,2.04,-0.09,0.84,2.0419843290289963,0.366494652411462
CC(C)N1CCC(NC(=O)c2cc3cc([*:1])ccc3n2Cc2cc(-c3ccc(Cl)s3)on2)CC1,CPD_85,CC(C)N1CCC(NC(=O)c2cc3cc(C(=O)O)ccc3n2Cc2cc(-c3ccc(Cl)s3)on2)CC1,O=C(O)[*:1],8.07,1.328,5.5,CPD_344,CC(C)N1CCC(NC(=O)c2cc3cc(C(=O)N4CC(O)C4)ccc3n2Cc2cc(-c3ccc(Cl)s3)on2)CC1,O=C(N1CC(O)C1)[*:1],7.23,-1.036,6400.0,-0.84,-2.36,3.07,0.84,3.8722732341610397,0.203771063266493
CC(C)N1CCC(NC(=O)c2cc3cc([*:1])ccc3n2Cc2cc(-c3ccc(Cl)s3)on2)CC1,CPD_37,CC(C)N1CCC(NC(=O)c2cc3cc(C#N)ccc3n2Cc2cc(-c3ccc(Cl)s3)on2)CC1,N#C[*:1],8.7,1.433,130.0,CPD_877,CC(C)N1CCC(NC(=O)c2cc3cc(OC(C)(C)C(=O)O)ccc3n2Cc2cc(-c3ccc(Cl)s3)on2)CC1,CC(C)(O[*:1])C(=O)O,7.85,1.472,1.6,-0.85,0.04,-1.91,0.85,1.9104188022525321,0.3934422340306235
CC(C)N1CCC(NC(=O)c2cc3cc([*:1])ccc3n2Cc2cc(-c3ccc(Cl)s3)on2)CC1,CPD_252,CC(C)N1CCC(NC(=O)c2cc3cc(C(=O)NCCO)ccc3n2Cc2cc(-c3ccc(Cl)s3)on2)CC1,O=C(NCCO)[*:1],7.49,0.126,4400.0,CPD_335,CC(C)N1CCC(NC(=O)c2cc3cc(C(=O)N(CCO)CCO)ccc3n2Cc2cc(-c3ccc(Cl)s3)on2)CC1,O=C(N(CCO)CCO)[*:1],6.64,-1.074,41000.0,-0.85,-1.2,0.97,0.85,1.5430165261590687,0.474061442044172
CC(C)N1CCC(NC(=O)c2cc3cc([*:1])ccc3n2Cc2cc(-c3ccc(Cl)s3)on2)CC1,CPD_362,CC(C)N1CCC(NC(=O)c2cc3cc(C(=O)OC4CCOC4=O)ccc3n2Cc2cc(-c3ccc(Cl)s3)on2)CC1,O=C1OCCC1OC(=O)[*:1],7.73,0.55,170.0,CPD_673,CC(C)N1CCC(NC(=O)c2cc3cc(C(=O)N4CCC(F)(F)CC4)ccc3n2Cc2cc(-c3ccc(Cl)s3)on2)CC1,O=C(N1CCC(F)(F)CC1)[*:1],6.88,0.623,560.0,-0.85,0.07,0.52,0.85,0.5246903848937963,1.0972125336453324
CC(C)N1CCC(NC(=O)c2cc3c([*:1])cccc3n2Cc2cc(-c3ccc(Cl)s3)on2)CC1,CPD_174,CC(C)N1CCC(NC(=O)c2cc3c(C(=O)O)cccc3n2Cc2cc(-c3ccc(Cl)s3)on2)CC1,O=C(O)[*:1],8.25,1.328,5.5,CPD_675,CC(C)N1CCC(NC(=O)c2cc3c(C(=O)N4CCC(F)(F)CC4)cccc3n2Cc2cc(-c3ccc(Cl)s3)on2)CC1,O=C(N1CCC(F)(F)CC1)[*:1],7.41,0.626,560.0,-0.85,-0.7,2.01,0.85,2.128403157298917,0.35738264027757183
CC(C)N1CCC(NC(=O)c2nc3c([*:1])cccc3n2Cc2cc3ccc(Cl)cc3s2)CC1,CPD_737,CC(C)N1CCC(NC(=O)c2nc3c(OCCO)cccc3n2Cc2cc3ccc(Cl)cc3s2)CC1,OCCO[*:1],8.65,4.197,8.2,CPD_756,CC(C)N1CCC(NC(=O)c2nc3c(C(=O)N4CC(O)C4)cccc3n2Cc2cc3ccc(Cl)cc3s2)CC1,O=C(N1CC(O)C1)[*:1],7.8,2.225,35.0,-0.85,-1.97,0.63,0.85,2.0682843131445927,0.3666504557618447
CC(C)N1CCC(NC(=O)c2cc3cc([*:1])ccc3n2Cc2cc(-c3ccc(Cl)s3)on2)CC1,CPD_371,CC(C)N1CCC(NC(=O)c2cc3cc(C(=O)OCC4CCOC4)ccc3n2Cc2cc(-c3ccc(Cl)s3)on2)CC1,O=C(OCC1CCOC1)[*:1],7.73,1.959,78.0,CPD_673,CC(C)N1CCC(NC(=O)c2cc3cc(C(=O)N4CCC(F)(F)CC4)ccc3n2Cc2cc(-c3ccc(Cl)s3)on2)CC1,O=C(N1CCC(F)(F)CC1)[*:1],6.88,0.623,560.0,-0.85,-1.34,0.86,0.85,1.5922311389996116,0.46139704296909034
COCCOc1cc2cc(C(=O)NC3CCN(C(C)C)CC3)n([*:1])c2cn1,CPD_383,COCCOc1cc2cc(C(=O)NC3CCN(C(C)C)CC3)n(Cc3cc(-c4ccc(Cl)s4)on3)c2cn1,Clc1ccc(-c2cc(C[*:1])no2)s1,6.87,0.606,4400.0,CPD_783,COCCOc1cc2cc(C(=O)NC3CCN(C(C)C)CC3)n(CC(=O)Nc3ccc(F)cn3)c2cn1,O=C(C[*:1])Nc1ccc(F)cn1,6.01,-1.216,310000.0,-0.86,-1.82,1.85,0.86,2.5951685879726583,0.3022667984018473
CC(C)N1CCC(NC(=O)c2cc3cc([*:1])ccc3n2Cc2cc(-c3ccc(Cl)s3)on2)CC1,CPD_262,CC(C)N1CCC(NC(=O)c2cc3cc(-c4n[nH]c(=O)o4)ccc3n2Cc2cc(-c3ccc(Cl)s3)on2)CC1,O=c1[nH]nc([*:1])o1,8.48,0.297,310.0,CPD_503,CC(C)ONC(=O)c1ccc2c(c1)cc(C(=O)NC1CCN(C(C)C)CC1)n2Cc1cc(-c2ccc(Cl)s2)on1,CC(C)ONC(=O)[*:1],7.61,2.516,57.0,-0.86,2.22,-0.74,0.86,2.340085468524601,0.33203537506809944
COCCOc1cc2cc(C(=O)NC3CCN(C(C)C)CC3)n([*:1])c2cn1,CPD_832,COCCOc1cc2cc(C(=O)NC3CCN(C(C)C)CC3)n(Cc3cc4ccc(Cl)nc4s3)c2cn1,Clc1ccc2cc(C[*:1])sc2n1,6.1,1.337,19000.0,CPD_949,COCCOc1cc2cc(C(=O)NC3CCN(C(C)C)CC3)n(Cc3cccc(OC)c3)c2cn1,COc1cccc(C[*:1])c1,5.24,-0.24,220000.0,-0.86,-1.58,1.06,0.86,1.9026297590440449,0.399511340204604
Clc1ccc(-c2cc(Cn3c([*:1])cc4ccccc43)no2)s1,CPD_60,CC(C)N1CC[C@@H](NC(=O)c2cc3ccccc3n2Cc2cc(-c3ccc(Cl)s3)on2)C1,CC(C)N1CC[C@@H](NC(=O)[*:1])C1,7.32,1.909,390.0,CPD_180,CC(C)CN1CC(NC(=O)c2cc3ccccc3n2Cc2cc(-c3ccc(Cl)s3)on2)C1,CC(C)CN1CC(NC(=O)[*:1])C1,6.46,2.966,47.0,-0.86,1.06,-0.92,0.86,1.4035668847618201,0.5200878222255125
Clc1ccc(-c2cc(Cn3c([*:1])cc4ccccc43)no2)s1,CPD_16,CC(C)CN1CCC(NC(=O)c2cc3ccccc3n2Cc2cc(-c3ccc(Cl)s3)on2)CC1,CC(C)CN1CCC(NC(=O)[*:1])CC1,6.85,3.104,48.0,CPD_25,O=C(NC1CCN(CC(F)(F)F)CC1)c1cc2ccccc2n1Cc1cc(-c2ccc(Cl)s2)on1,O=C(NC1CCN(CC(F)(F)F)CC1)[*:1],5.99,4.567,1.3,-0.86,1.46,-1.57,0.86,2.1439449619801345,0.3592396707769995
CC(C)N1CCC(NC(=O)c2nc3c([*:1])cccc3n2Cc2cc(-c3ccc(Cl)s3)on2)CC1,CPD_333,CC(C)N1CCC(NC(=O)c2nc3c(C(=O)O)cccc3n2Cc2cc(-c3ccc(Cl)s3)on2)CC1,O=C(O)[*:1],8.44,2.191,0.6,CPD_346,CC(C)N1CCC(NC(=O)c2nc3c(C(=O)N(C)CCO)cccc3n2Cc2cc(-c3ccc(Cl)s3)on2)CC1,CN(CCO)C(=O)[*:1],7.58,0.725,300.0,-0.86,-1.47,2.7,0.86,3.0742316113136305,0.25870640212706336
CC(C)N1CCC(NC(=O)c2cc3cc([*:1])ccc3n2Cc2cc(-c3ccc(Cl)s3)on2)CC1,CPD_158,CC(C)N1CCC(NC(=O)c2cc3cc(-c4noc(O)n4)ccc3n2Cc2cc(-c3ccc(Cl)s3)on2)CC1,Oc1nc([*:1])no1,8.24,0.316,300.0,CPD_167,CCOC(=O)OC(C)OC(=O)c1ccc2c(c1)cc(C(=O)NC1CCN(C(C)C)CC1)n2Cc1cc(-c2ccc(Cl)s2)on1,CCOC(=O)OC(C)OC(=O)[*:1],7.38,2.914,58.0,-0.86,2.6,-0.71,0.86,2.6951994360343727,0.2920005991709565
CC(C)N1CCC(NC(=O)c2nc3ccc([*:1])cc3n2Cc2cc(-c3ccc(Cl)s3)on2)CC1,CPD_352,CC(C)N1CCC(NC(=O)c2nc3ccc(C(=O)O)cc3n2Cc2cc(-c3ccc(Cl)s3)on2)CC1,O=C(O)[*:1],7.78,2.192,0.6,CPD_390,CC(C)N1CCC(NC(=O)c2nc3ccc(C(=O)OCCO)cc3n2Cc2cc(-c3ccc(Cl)s3)on2)CC1,O=C(OCCO)[*:1],6.92,2.047,55.0,-0.86,-0.15,1.96,0.86,1.9657314160383152,0.38813368523594044
CC(C)N1CCC(NC(=O)c2cc3cc([*:1])ccc3n2Cc2cc(-c3ccc(Cl)s3)on2)CC1,CPD_148,CC(C)N1CCC(NC(=O)c2cc3cc(C(N)=O)ccc3n2Cc2cc(-c3ccc(Cl)s3)on2)CC1,NC(=O)[*:1],8.44,0.497,390.0,CPD_365,CC(C)N1CCC(NC(=O)c2cc3cc(C(=O)OC4CCOC4)ccc3n2Cc2cc(-c3ccc(Cl)s3)on2)CC1,O=C(OC1CCOC1)[*:1],7.58,1.734,120.0,-0.86,1.24,-0.51,0.86,1.3407833531186162,0.5406141561099642
CC(C)N1CCC(NC(=O)c2cc3c([*:1])cccc3n2Cc2cc(-c3ccc(Cl)s3)on2)CC1,CPD_154,CC(C)N1CCC(NC(=O)c2cc3c(CO)cccc3n2Cc2cc(-c3ccc(Cl)s3)on2)CC1,OC[*:1],8.7,0.769,2500.0,CPD_396,CC(C)N1CCC(NC(=O)c2cc3c(C(=O)N4CC(O)C4)cccc3n2Cc2cc(-c3ccc(Cl)s3)on2)CC1,O=C(N1CC(O)C1)[*:1],7.83,-1.031,6300.0,-0.87,-1.8,0.4,0.87,1.8439088914585775,0.41549085709931455
CC(C)N1CCC(NC(=O)c2cc3cc([*:1])ccc3n2Cc2cc(-c3ccc(Cl)s3)on2)CC1,CPD_361,CC(C)N1CCC(NC(=O)c2cc3cc(C(=O)OCC4COC(=O)O4)ccc3n2Cc2cc(-c3ccc(Cl)s3)on2)CC1,O=C1OCC(COC(=O)[*:1])O1,7.86,1.042,660.0,CPD_373,CC(C)N1CCC(NC(=O)c2cc3cc(C(=O)N4CCCC4CO)ccc3n2Cc2cc(-c3ccc(Cl)s3)on2)CC1,O=C(N1CCCC1CO)[*:1],6.98,-0.415,2900.0,-0.87,-1.46,0.64,0.87,1.594114174079134,0.4717712234029317
Clc1ccc(-c2cc(Cn3c([*:1])cc4c(Cl)cccc43)no2)s1,CPD_133,CC(C)N1CCC(NC(=O)c2cc3c(Cl)cccc3n2Cc2cc(-c3ccc(Cl)s3)on2)CC1,CC(C)N1CCC(NC(=O)[*:1])CC1,8.16,2.601,74.0,CPD_140,CCOC(=O)CN(C(=O)c1cc2c(Cl)cccc2n1Cc1cc(-c2ccc(Cl)s2)on1)C1CCN(C(C)C)CC1,CCOC(=O)CN(C(=O)[*:1])C1CCN(C(C)C)CC1,7.29,3.39,93.0,-0.87,0.79,0.1,0.87,0.7963039620647383,0.8314983327437406
CC(C)N1CCC(NC(=O)c2cc3cc([*:1])ccc3n2Cc2cc(-c3ccc(Cl)s3)on2)CC1,CPD_338,CC(C)N1CCC(NC(=O)c2cc3cc(NS(C)(=O)=O)ccc3n2Cc2cc(-c3ccc(Cl)s3)on2)CC1,CS(=O)(=O)N[*:1],8.46,0.697,170.0,CPD_365,CC(C)N1CCC(NC(=O)c2cc3cc(C(=O)OC4CCOC4)ccc3n2Cc2cc(-c3ccc(Cl)s3)on2)CC1,O=C(OC1CCOC1)[*:1],7.58,1.734,120.0,-0.87,1.04,-0.15,0.87,1.0507616285342742,0.6688389178425677
O=C(N[*:1])c1cc2ccccc2n1Cc1cc(-c2ccc(Cl)s2)on1,CPD_16,CC(C)CN1CCC(NC(=O)c2cc3ccccc3n2Cc2cc(-c3ccc(Cl)s3)on2)CC1,CC(C)CN1CCC([*:1])CC1,6.85,3.104,48.0,CPD_22,NC(=O)N1CCC(NC(=O)c2cc3ccccc3n2Cc2cc(-c3ccc(Cl)s3)on2)CC1,NC(=O)N1CCC([*:1])CC1,5.97,1.914,8.7,-0.88,-1.19,-0.74,0.88,1.4013208055259865,0.5329067477713383
O=C(O)c1ccc2c(c1)nc([*:1])n2Cc1cc(-c2ccc(Cl)s2)on1,CPD_306,CC(C)N1CCC(NC(=O)c2nc3cc(C(=O)O)ccc3n2Cc2cc(-c3ccc(Cl)s3)on2)CC1,CC(C)N1CCC(NC(=O)[*:1])CC1,8.57,2.192,0.6,CPD_879,O=C(O)c1ccc2c(c1)nc(C(=O)NC1CCN(C3CC3)CC1)n2Cc1cc(-c2ccc(Cl)s2)on1,O=C(NC1CCN(C2CC2)CC1)[*:1],7.68,1.673,1.2,-0.89,-0.52,0.3,0.89,0.6003332407921455,1.0466484870930157
O=C(c1nc2ccccc2n1[*:1])N1CCN(C(=O)N2CCCC2)CC1,CPD_980,O=C(c1nc2ccccc2n1Cc1cc(-c2ccc(Cl)s2)on1)N1CCN(C(=O)N2CCCC2)CC1,Clc1ccc(-c2cc(C[*:1])no2)s1,6.15,3.472,0.9,CPD_989,O=C(Cn1c(C(=O)N2CCN(C(=O)N3CCCC3)CC2)nc2ccccc21)Nc1ccc(Cl)cn1,O=C(C[*:1])Nc1ccc(Cl)cn1,5.26,2.656,7.4,-0.89,-0.82,0.91,0.89,1.22494897852931,0.6034107029840653
CC(C)N1CCC(NC(=O)c2nc3cc([*:1])ccc3n2Cc2cc(-c3ccc(Cl)s3)on2)CC1,CPD_290,COC(=O)c1ccc2c(c1)nc(C(=O)NC1CCN(C(C)C)CC1)n2Cc1cc(-c2ccc(Cl)s2)on1,COC(=O)[*:1],8.63,3.121,16.0,CPD_349,CC(C)N1CCC(NC(=O)c2nc3cc(C(=O)N4CC(O)C4)ccc3n2Cc2cc(-c3ccc(Cl)s3)on2)CC1,O=C(N1CC(O)C1)[*:1],7.73,0.123,330.0,-0.89,-3.0,1.31,0.89,3.2735454785293574,0.2525864943203357
CC(C)N1CCC(NC(=O)c2nc3c([*:1])cccc3n2Cc2cc(-c3ccc(Cl)s3)on2)CC1,CPD_392,CC(C)N1CCC(NC(=O)c2nc3c(C(=O)OCC(=O)O)cccc3n2Cc2cc(-c3ccc(Cl)s3)on2)CC1,O=C(O)COC(=O)[*:1],8.57,2.129,0.6,CPD_595,CC(C)N1CCC(NC(=O)c2nc3c(C(=O)N4CCC(O)CC4)cccc3n2Cc2cc(-c3ccc(Cl)s3)on2)CC1,O=C(N1CCC(O)CC1)[*:1],7.68,0.896,160.0,-0.89,-1.23,2.43,0.89,2.7235638417338413,0.29930415063194143
CC(C)N1CCC(NC(=O)c2cc3cc([*:1])ccc3n2Cc2cc(-c3ccc(Cl)s3)on2)CC1,CPD_262,CC(C)N1CCC(NC(=O)c2cc3cc(-c4n[nH]c(=O)o4)ccc3n2Cc2cc(-c3ccc(Cl)s3)on2)CC1,O=c1[nH]nc([*:1])o1,8.48,0.297,310.0,CPD_365,CC(C)N1CCC(NC(=O)c2cc3cc(C(=O)OC4CCOC4)ccc3n2Cc2cc(-c3ccc(Cl)s3)on2)CC1,O=C(OC1CCOC1)[*:1],7.58,1.734,120.0,-0.89,1.44,-0.41,0.89,1.4972307771349078,0.5093774741419181
Clc1ccc(-c2cc(Cn3c([*:1])cc4ccccc43)no2)s1,CPD_23,CS(=O)(=O)N1CCC(NC(=O)c2cc3ccccc3n2Cc2cc(-c3ccc(Cl)s3)on2)CC1,CS(=O)(=O)N1CCC(NC(=O)[*:1])CC1,6.87,3.257,1.1,CPD_25,O=C(NC1CCN(CC(F)(F)F)CC1)c1cc2ccccc2n1Cc1cc(-c2ccc(Cl)s2)on1,O=C(NC1CCN(CC(F)(F)F)CC1)[*:1],5.99,4.567,1.3,-0.89,1.31,0.07,0.89,1.3118688958886098,0.5698301581795976
CC(C)N1CCC(NC(=O)c2cc3cc([*:1])ccc3n2CC(=O)Nc2ccc(Cl)cn2)CC1,CPD_168,CC(C)N1CCC(NC(=O)c2cc3cc(Cl)ccc3n2CC(=O)Nc2ccc(Cl)cn2)CC1,Cl[*:1],8.52,1.704,2300.0,CPD_393,CC(C)N1CCC(NC(=O)c2cc3cc(C(=O)N4CCCOCC4)ccc3n2CC(=O)Nc2ccc(Cl)cn2)CC1,O=C(N1CCCOCC1)[*:1],7.64,-0.942,58000.0,-0.89,-2.65,1.4,0.89,2.997081914129142,0.2740922537640063
CC(C)N1CCC(NC(=O)c2cc3cc([*:1])ccc3n2Cc2cc(-c3ccc(Cl)s3)on2)CC1,CPD_259,CCOC(=O)COc1ccc2c(c1)cc(C(=O)NC1CCN(C(C)C)CC1)n2Cc1cc(-c2ccc(Cl)s2)on1,CCOC(=O)CO[*:1],7.79,1.709,270.0,CPD_673,CC(C)N1CCC(NC(=O)c2cc3cc(C(=O)N4CCC(F)(F)CC4)ccc3n2Cc2cc(-c3ccc(Cl)s3)on2)CC1,O=C(N1CCC(F)(F)CC1)[*:1],6.88,0.623,560.0,-0.9,-1.09,0.32,0.9,1.136001760562016,0.6493498245161355
O=C(N[*:1])c1nc2ccccc2n1Cc1cc(-c2ccc(Cl)s2)on1,CPD_116,O=C(NC1CCN(c2ccncn2)CC1)c1nc2ccccc2n1Cc1cc(-c2ccc(Cl)s2)on1,c1cc(N2CCC([*:1])CC2)ncn1,7.23,3.606,0.7,CPD_533,O=C(Nc1ccc(N2CCOC2=O)cc1)c1nc2ccccc2n1Cc1cc(-c2ccc(Cl)s2)on1,O=C1OCCN1c1ccc([*:1])cc1,6.33,4.952,0.1,-0.9,1.35,-0.85,0.9,1.5953056133543817,0.48772408943361273
O=C(Cn1c([*:1])nc2ccccc21)Nc1ccc(Cl)cn1,CPD_521,O=C(Cn1c(C(=O)Nc2ccc(N3CCOC3=O)cc2)nc2ccccc21)Nc1ccc(Cl)cn1,O=C1OCCN1c1ccc(NC(=O)[*:1])cc1,6.1,4.136,1.0,CPD_985,O=C(Cn1c(C(=O)N2CCN(CC(=O)N3CCCC3)CC2)nc2ccccc21)Nc1ccc(Cl)cn1,O=C(CN1CCN(C(=O)[*:1])CC1)N1CCCC1,5.2,2.775,6.7,-0.9,-1.36,0.83,0.9,1.593267083699403,0.4882634795353241
O=C(O)c1ccc2c(cc(C(=O)N[*:1])n2Cc2cc(-c3ccc(Cl)s3)on2)n1,CPD_321,CC(C)N1CCC(NC(=O)c2cc3nc(C(=O)O)ccc3n2Cc2cc(-c3ccc(Cl)s3)on2)CC1,CC(C)N1CCC([*:1])CC1,7.98,0.334,9.6,CPD_379,O=C(O)c1ccc2c(cc(C(=O)NC3CCN(c4ccncc4)CC3)n2Cc2cc(-c3ccc(Cl)s3)on2)n1,c1cc(N2CCC([*:1])CC2)ccn1,7.07,0.378,9.0,-0.91,0.04,-0.03,0.91,0.05,3.0333333333333337
CC(C)N1CCC(NC(=O)c2cc3c(C(=O)N4CC(O)C4)cccc3n2C[*:1])CC1,CPD_396,CC(C)N1CCC(NC(=O)c2cc3c(C(=O)N4CC(O)C4)cccc3n2Cc2cc(-c3ccc(Cl)s3)on2)CC1,Clc1ccc(-c2cc([*:1])no2)s1,7.83,-1.031,6300.0,CPD_523,COc1cccc(Cn2c(C(=O)NC3CCN(C(C)C)CC3)cc3c(C(=O)N4CC(O)C4)cccc32)c1,COc1cccc([*:1])c1,6.92,-1.784,250000.0,-0.91,-0.75,1.6,0.91,1.7670597047072294,0.45115174224953547
CC(C)N1CCC(NC(=O)c2cc3cc([*:1])ccc3n2Cc2cc(-c3ccc(Cl)s3)on2)CC1,CPD_37,CC(C)N1CCC(NC(=O)c2cc3cc(C#N)ccc3n2Cc2cc(-c3ccc(Cl)s3)on2)CC1,N#C[*:1],8.7,1.433,130.0,CPD_366,CC(C)N1CCC(NC(=O)c2cc3cc(C(=O)OCCN4CCOCC4)ccc3n2Cc2cc(-c3ccc(Cl)s3)on2)CC1,O=C(OCCN1CCOCC1)[*:1],7.79,1.706,740.0,-0.91,0.27,0.76,0.91,0.8065358020571685,0.8613054079456178
CC(C)N1CCC(NC(=O)c2cc3cc([*:1])ccc3n2Cc2cc(-c3ccc(Cl)s3)on2)CC1,CPD_366,CC(C)N1CCC(NC(=O)c2cc3cc(C(=O)OCCN4CCOCC4)ccc3n2Cc2cc(-c3ccc(Cl)s3)on2)CC1,O=C(OCCN1CCOCC1)[*:1],7.79,1.706,740.0,CPD_673,CC(C)N1CCC(NC(=O)c2cc3cc(C(=O)N4CCC(F)(F)CC4)ccc3n2Cc2cc(-c3ccc(Cl)s3)on2)CC1,O=C(N1CCC(F)(F)CC1)[*:1],6.88,0.623,560.0,-0.91,-1.08,-0.12,0.91,1.08664621657649,0.6808084208929678
CC(C)N1CCC(NC(=O)c2nc3cc4c(cc3n2[*:1])C(=O)N(C)C4=O)CC1,CPD_761,CC(C)N1CCC(NC(=O)c2nc3cc4c(cc3n2Cc2cc(-c3ccc(Cl)s3)on2)C(=O)N(C)C4=O)CC1,Clc1ccc(-c2cc(C[*:1])no2)s1,7.37,2.514,11.0,CPD_762,CC(C)N1CCC(NC(=O)c2nc3cc4c(cc3n2Cc2cc3ccc(Cl)cc3s2)C(=O)N(C)C4=O)CC1,Clc1ccc2cc(C[*:1])sc2c1,6.46,4.611,1.2,-0.91,2.1,-0.96,0.91,2.309025768587263,0.35560407838424196
CC(C)N1CCC(NC(=O)c2cc3cc(C(=O)O[*:1])ccc3n2Cc2cc(-c3ccc(Cl)s3)on2)CC1,CPD_112,COC(=O)c1ccc2c(c1)cc(C(=O)NC1CCN(C(C)C)CC1)n2Cc1cc(-c2ccc(Cl)s2)on1,C[*:1],8.29,1.96,260.0,CPD_167,CCOC(=O)OC(C)OC(=O)c1ccc2c(c1)cc(C(=O)NC1CCN(C(C)C)CC1)n2Cc1cc(-c2ccc(Cl)s2)on1,CCOC(=O)OC(C)[*:1],7.38,2.914,58.0,-0.91,0.95,-0.65,0.91,1.1510864433221337,0.6494959710282312
CC(C)N1CCC(NC(=O)c2cc3cc([*:1])ccc3n2Cc2cc(-c3ccc(Cl)s3)on2)CC1,CPD_37,CC(C)N1CCC(NC(=O)c2cc3cc(C#N)ccc3n2Cc2cc(-c3ccc(Cl)s3)on2)CC1,N#C[*:1],8.7,1.433,130.0,CPD_259,CCOC(=O)COc1ccc2c(c1)cc(C(=O)NC1CCN(C(C)C)CC1)n2Cc1cc(-c2ccc(Cl)s2)on1,CCOC(=O)CO[*:1],7.79,1.709,270.0,-0.91,0.28,0.32,0.91,0.425205832509386,1.347737173149123
Clc1ccc(-c2cc(Cn3c([*:1])cc4c(Cl)cccc43)no2)s1,CPD_133,CC(C)N1CCC(NC(=O)c2cc3c(Cl)cccc3n2Cc2cc(-c3ccc(Cl)s3)on2)CC1,CC(C)N1CCC(NC(=O)[*:1])CC1,8.16,2.601,74.0,CPD_144,CC(C)N1CCC(N(CC(=O)O)C(=O)c2cc3c(Cl)cccc3n2Cc2cc(-c3ccc(Cl)s3)on2)CC1,CC(C)N1CCC(N(CC(=O)O)C(=O)[*:1])CC1,7.25,1.934,2.2,-0.91,-0.67,-1.53,0.91,1.6702694393420483,0.47389183067548996
CC(C)N1CCC(NC(=O)c2nc3c([*:1])cccc3n2Cc2cc(-c3ccc(Cl)s3)on2)CC1,CPD_305,COC(=O)c1cccc2c1nc(C(=O)NC1CCN(C(C)C)CC1)n2Cc1cc(-c2ccc(Cl)s2)on1,COC(=O)[*:1],8.42,3.133,16.0,CPD_337,CC(OC(=O)OC1CCCCC1)OC(=O)c1cccc2c1nc(C(=O)NC1CCN(C(C)C)CC1)n2Cc1cc(-c2ccc(Cl)s2)on1,CC(OC(=O)OC1CCCCC1)OC(=O)[*:1],7.51,5.617,0.5,-0.91,2.48,-1.51,0.91,2.9035323314886647,0.28856529895490973
COC(=O)c1ccc2c(c1)nc(C(=O)NC1CCN(C(C)C)CC1)n2[*:1],CPD_290,COC(=O)c1ccc2c(c1)nc(C(=O)NC1CCN(C(C)C)CC1)n2Cc1cc(-c2ccc(Cl)s2)on1,Clc1ccc(-c2cc(C[*:1])no2)s1,8.63,3.121,16.0,CPD_319,COC(=O)c1ccc2c(c1)nc(C(=O)NC1CCN(C(C)C)CC1)n2CC(=O)Nc1ccc(Cl)cn1,O=C(C[*:1])Nc1ccc(Cl)cn1,7.72,2.303,160.0,-0.91,-0.82,1.0,0.91,1.2932130528261767,0.5896787863046282
O=C(O)c1cccc2c1nc(C(=O)NC1CCN(C3CC3)CC1)n2C[*:1],CPD_426,O=C(O)c1cccc2c1nc(C(=O)NC1CCN(C3CC3)CC1)n2Cc1cc(-c2ccc(Cl)s2)on1,Clc1ccc(-c2cc([*:1])no2)s1,7.51,1.672,1.2,CPD_610,O=C(Cn1c(C(=O)NC2CCN(C3CC3)CC2)nc2c(C(=O)O)cccc21)Nc1ccc(Cl)cn1,O=C(Nc1ccc(Cl)cn1)[*:1],6.6,0.856,4.2,-0.92,-0.82,0.54,0.92,0.9818350166906862,0.7468532616255478
Clc1ccc(-c2cc(Cn3c([*:1])nc4ccccc43)no2)s1,CPD_605,O=C(Nc1ccc(N2CCNCC2=O)cc1)c1nc2ccccc2n1Cc1cc(-c2ccc(Cl)s2)on1,O=C1CNCCN1c1ccc(NC(=O)[*:1])cc1,6.85,3.407,0.8,CPD_978,O=C(c1nc2ccccc2n1Cc1cc(-c2ccc(Cl)s2)on1)N1CCN(Cc2ccncc2)CC1,O=C(N1CCN(Cc2ccncc2)CC1)[*:1],5.93,3.205,2.8,-0.92,-0.2,0.54,0.92,0.5758472019555188,1.1140075280530557
CC(C)N1CCC(NC(=O)c2nc3cc(C(=O)O)ccc3n2C[*:1])CC1,CPD_306,CC(C)N1CCC(NC(=O)c2nc3cc(C(=O)O)ccc3n2Cc2cc(-c3ccc(Cl)s3)on2)CC1,Clc1ccc(-c2cc([*:1])no2)s1,8.57,2.192,0.6,CPD_341,CC(C)N1CCC(NC(=O)c2nc3cc(C(=O)O)ccc3n2CC(=O)Nc2ccc(Cl)cn2)CC1,O=C(Nc1ccc(Cl)cn1)[*:1],7.65,1.376,1.9,-0.92,-0.82,0.5,0.92,0.9604165762834375,0.7600689035710695
CC(C)N1CCC(NC(=O)c2cc3cc([*:1])ccc3n2Cc2cc(-c3ccc(Cl)s3)on2)CC1,CPD_158,CC(C)N1CCC(NC(=O)c2cc3cc(-c4noc(O)n4)ccc3n2Cc2cc(-c3ccc(Cl)s3)on2)CC1,Oc1nc([*:1])no1,8.24,0.316,300.0,CPD_368,CC(C)N1CCC(NC(=O)c2cc3cc(C(=O)NCCN4CCNC4=O)ccc3n2Cc2cc(-c3ccc(Cl)s3)on2)CC1,O=C1NCCN1CCNC(=O)[*:1],7.32,0.289,190.0,-0.92,-0.03,-0.2,0.92,0.20223748416156687,2.0343293783036347
CC(C)N1CCC(NC(=O)c2cc3c([*:1])cccc3n2Cc2cc(-c3ccc(Cl)s3)on2)CC1,CPD_186,Cc1oc(=O)oc1COC(=O)c1cccc2c1cc(C(=O)NC1CCN(C(C)C)CC1)n2Cc1cc(-c2ccc(Cl)s2)on1,Cc1oc(=O)oc1COC(=O)[*:1],8.75,3.186,9.7,CPD_396,CC(C)N1CCC(NC(=O)c2cc3c(C(=O)N4CC(O)C4)cccc3n2Cc2cc(-c3ccc(Cl)s3)on2)CC1,O=C(N1CC(O)C1)[*:1],7.83,-1.031,6300.0,-0.92,-4.22,2.81,0.92,5.06996055211478,0.17293361313257927
Clc1ccc(-c2cc(Cn3c([*:1])cc4ccccc43)no2)s1,CPD_63,CC(C)N1CC[C@H](NC(=O)c2cc3ccccc3n2Cc2cc(-c3ccc(Cl)s3)on2)C1,CC(C)N1CC[C@H](NC(=O)[*:1])C1,6.99,1.909,390.0,CPD_204,CC(C)N1CC(CNC(=O)c2cc3ccccc3n2Cc2cc(-c3ccc(Cl)s3)on2)C1,CC(C)N1CC(CNC(=O)[*:1])C1,6.08,1.854,360.0,-0.92,-0.05,-0.03,0.92,0.05830951894845301,2.984014256639987
CC(C)N1CCC(NC(=O)c2cc3c([*:1])cccc3n2Cc2cc(-c3ccc(Cl)s3)on2)CC1,CPD_154,CC(C)N1CCC(NC(=O)c2cc3c(CO)cccc3n2Cc2cc(-c3ccc(Cl)s3)on2)CC1,OC[*:1],8.7,0.769,2500.0,CPD_161,CC(OC(=O)c1cccc2c1cc(C(=O)NC1CCN(C(C)C)CC1)n2Cc1cc(-c2ccc(Cl)s2)on1)OC(=O)C(C)(C)C,CC(OC(=O)C(C)(C)C)OC(=O)[*:1],7.78,3.512,26.0,-0.92,2.74,-1.98,0.92,3.3805325024321244,0.25340635275505297
O=C(O)c1cccc2c1nc(C(=O)NC1CCN([*:1])CC1)n2Cc1cc(-c2ccc(Cl)s2)on1,CPD_333,CC(C)N1CCC(NC(=O)c2nc3c(C(=O)O)cccc3n2Cc2cc(-c3ccc(Cl)s3)on2)CC1,CC(C)[*:1],8.44,2.191,0.6,CPD_426,O=C(O)c1cccc2c1nc(C(=O)NC1CCN(C3CC3)CC1)n2Cc1cc(-c2ccc(Cl)s2)on1,C1CC1[*:1],7.51,1.672,1.2,-0.93,-0.52,0.3,0.93,0.6003332407921455,1.0936888685353985
Clc1ccc(-c2cc(Cn3c([*:1])nc4ccccc43)no2)s1,CPD_605,O=C(Nc1ccc(N2CCNCC2=O)cc1)c1nc2ccccc2n1Cc1cc(-c2ccc(Cl)s2)on1,O=C1CNCCN1c1ccc(NC(=O)[*:1])cc1,6.85,3.407,0.8,CPD_979,CCN(CC)C(=O)N1CCN(C(=O)c2nc3ccccc3n2Cc2cc(-c3ccc(Cl)s3)on2)CC1,CCN(CC)C(=O)N1CCN(C(=O)[*:1])CC1,5.92,4.096,0.6,-0.93,0.69,-0.12,0.93,0.700357051795725,0.9785795751636085
CC(C)N1CCC(NC(=O)c2cc3cc([*:1])ccc3n2Cc2cc(-c3ccc(Cl)s3)on2)CC1,CPD_143,CC(C)N1CCC(NC(=O)c2cc3cc(CO)ccc3n2Cc2cc(-c3ccc(Cl)s3)on2)CC1,OC[*:1],8.54,0.77,2500.0,CPD_503,CC(C)ONC(=O)c1ccc2c(c1)cc(C(=O)NC1CCN(C(C)C)CC1)n2Cc1cc(-c2ccc(Cl)s2)on1,CC(C)ONC(=O)[*:1],7.61,2.516,57.0,-0.93,1.75,-1.64,0.93,2.398353601952806,0.35116156668590237
O=C(N[*:1])c1cc2ccccc2n1Cc1cc(-c2ccc(Cl)s2)on1,CPD_58,CCN1CC[C@@H](NC(=O)c2cc3ccccc3n2Cc2cc(-c3ccc(Cl)s3)on2)C1,CCN1CC[C@@H]([*:1])C1,7.0,1.624,680.0,CPD_204,CC(C)N1CC(CNC(=O)c2cc3ccccc3n2Cc2cc(-c3ccc(Cl)s3)on2)C1,CC(C)N1CC(C[*:1])C1,6.08,1.854,360.0,-0.93,0.23,-0.28,0.93,0.3623534186398688,1.5187308042889238
CC(C)N1CCC(NC(=O)c2nc3c([*:1])cccc3n2Cc2cc(-c3ccc(Cl)s3)on2)CC1,CPD_333,CC(C)N1CCC(NC(=O)c2nc3c(C(=O)O)cccc3n2Cc2cc(-c3ccc(Cl)s3)on2)CC1,O=C(O)[*:1],8.44,2.191,0.6,CPD_337,CC(OC(=O)OC1CCCCC1)OC(=O)c1cccc2c1nc(C(=O)NC1CCN(C(C)C)CC1)n2Cc1cc(-c2ccc(Cl)s2)on1,CC(OC(=O)OC1CCCCC1)OC(=O)[*:1],7.51,5.617,0.5,-0.93,3.43,-0.08,0.93,3.4309328177625398,0.2526533479536043
Clc1ccc(-c2cc(Cn3c([*:1])nc4ccccc43)no2)s1,CPD_980,O=C(c1nc2ccccc2n1Cc1cc(-c2ccc(Cl)s2)on1)N1CCN(C(=O)N2CCCC2)CC1,O=C(N1CCCC1)N1CCN(C(=O)[*:1])CC1,6.15,3.472,0.9,CPD_984,O=C(c1nc2ccccc2n1Cc1cc(-c2ccc(Cl)s2)on1)N1CCC(N2CCCC2=O)CC1,O=C1CCCN1C1CCN(C(=O)[*:1])CC1,5.21,3.149,1.2,-0.94,-0.32,0.12,0.94,0.34176014981270125,1.5884814148055098
Clc1ccc(-c2cc(Cn3c([*:1])cc4ccccc43)no2)s1,CPD_26,CN1CCC(NC(=O)c2cc3ccccc3n2Cc2cc(-c3ccc(Cl)s3)on2)CC1,CN1CCC(NC(=O)[*:1])CC1,7.4,2.01,210.0,CPD_180,CC(C)CN1CC(NC(=O)c2cc3ccccc3n2Cc2cc(-c3ccc(Cl)s3)on2)C1,CC(C)CN1CC(NC(=O)[*:1])C1,6.46,2.966,47.0,-0.94,0.96,-0.65,0.94,1.1593532679903913,0.6669725904423905
CC(C)N1CCC(NC(=O)c2nc3c(C(=O)O)cccc3n2C[*:1])CC1,CPD_466,CC(C)N1CCC(NC(=O)c2nc3c(C(=O)O)cccc3n2CCc2ccc(Cl)cc2)CC1,Clc1ccc(C[*:1])cc1,7.19,2.565,2.3,CPD_467,COc1cccc(Cn2c(C(=O)NC3CCN(C(C)C)CC3)nc3c(C(=O)O)cccc32)c1,COc1cccc([*:1])c1,6.25,1.47,4.5,-0.94,-1.09,0.29,0.94,1.127918436767482,0.682188419080295
O=C(N[*:1])c1cc2ccccc2n1Cc1cc(-c2ccc(Cl)s2)on1,CPD_31,O=C(NC1CCN(c2ccncn2)CC1)c1cc2ccccc2n1Cc1cc(-c2ccc(Cl)s2)on1,c1cc(N2CCC([*:1])CC2)ncn1,7.01,3.217,2.8,CPD_204,CC(C)N1CC(CNC(=O)c2cc3ccccc3n2Cc2cc(-c3ccc(Cl)s3)on2)C1,CC(C)N1CC(C[*:1])C1,6.08,1.854,360.0,-0.94,-1.36,2.11,0.94,2.510318704865978,0.34054038700058004
O=C(NC1CN([*:1])C1)c1cc2ccccc2n1Cc1cc(-c2ccc(Cl)s2)on1,CPD_178,O=C(NC1CN(c2ccncc2)C1)c1cc2ccccc2n1Cc1cc(-c2ccc(Cl)s2)on1,c1cc([*:1])ccn1,7.9,1.282,330.0,CPD_208,O=C(NC1CN(c2cc[n+]([O-])cc2)C1)c1cc2ccccc2n1Cc1cc(-c2ccc(Cl)s2)on1,[O-][n+]1ccc([*:1])cc1,6.96,1.058,17.0,-0.94,-0.22,-1.29,0.94,1.3086252328302401,0.6030955871881367
CC(C)N1CCC(NC(=O)c2nc3c([*:1])cccc3n2Cc2cc(-c3ccc(Cl)s3)on2)CC1,CPD_391,CC(C)N1CCC(NC(=O)c2nc3c(C(=O)OCCO)cccc3n2Cc2cc(-c3ccc(Cl)s3)on2)CC1,O=C(OCCO)[*:1],8.62,2.057,54.0,CPD_595,CC(C)N1CCC(NC(=O)c2nc3c(C(=O)N4CCC(O)CC4)cccc3n2Cc2cc(-c3ccc(Cl)s3)on2)CC1,O=C(N1CCC(O)CC1)[*:1],7.68,0.896,160.0,-0.94,-1.16,0.47,0.94,1.2515989773086267,0.6259993608178915
CC(C)N1CCC(NC(=O)c2cc3cc([*:1])ccc3n2Cc2cc(-c3ccc(Cl)s3)on2)CC1,CPD_371,CC(C)N1CCC(NC(=O)c2cc3cc(C(=O)OCC4CCOC4)ccc3n2Cc2cc(-c3ccc(Cl)s3)on2)CC1,O=C(OCC1CCOC1)[*:1],7.73,1.959,78.0,CPD_604,CC(C)N1CCC(NC(=O)c2cc3cc(C(=O)N4CCC(O)CC4)ccc3n2Cc2cc(-c3ccc(Cl)s3)on2)CC1,O=C(N1CCC(O)CC1)[*:1],6.79,-0.266,3400.0,-0.94,-2.23,1.64,0.94,2.7681221071332818,0.3114519448296427
CC(C)N1CCC(NC(=O)c2cc3cc([*:1])ccc3n2Cc2cc(-c3ccc(Cl)s3)on2)CC1,CPD_362,CC(C)N1CCC(NC(=O)c2cc3cc(C(=O)OC4CCOC4=O)ccc3n2Cc2cc(-c3ccc(Cl)s3)on2)CC1,O=C1OCCC1OC(=O)[*:1],7.73,0.55,170.0,CPD_604,CC(C)N1CCC(NC(=O)c2cc3cc(C(=O)N4CCC(O)CC4)ccc3n2Cc2cc(-c3ccc(Cl)s3)on2)CC1,O=C(N1CCC(O)CC1)[*:1],6.79,-0.266,3400.0,-0.94,-0.82,1.3,0.94,1.537010084547268,0.5260182962191539
CC(C)N1CCC(NC(=O)c2cc3cc([*:1])ccc3n2Cc2cc(-c3ccc(Cl)s3)on2)CC1,CPD_148,CC(C)N1CCC(NC(=O)c2cc3cc(C(N)=O)ccc3n2Cc2cc(-c3ccc(Cl)s3)on2)CC1,NC(=O)[*:1],8.44,0.497,390.0,CPD_252,CC(C)N1CCC(NC(=O)c2cc3cc(C(=O)NCCO)ccc3n2Cc2cc(-c3ccc(Cl)s3)on2)CC1,O=C(NCCO)[*:1],7.49,0.126,4400.0,-0.95,-0.37,1.05,0.95,1.1132834320154055,0.6968470221893408
Clc1ccc(-c2cc(Cn3c([*:1])cc4ccccc43)no2)s1,CPD_60,CC(C)N1CC[C@@H](NC(=O)c2cc3ccccc3n2Cc2cc(-c3ccc(Cl)s3)on2)C1,CC(C)N1CC[C@@H](NC(=O)[*:1])C1,7.32,1.909,390.0,CPD_211,O=C(NCC1CN(c2ccncc2)C1)c1cc2ccccc2n1Cc1cc(-c2ccc(Cl)s2)on1,O=C(NCC1CN(c2ccncc2)C1)[*:1],6.35,1.589,190.0,-0.96,-0.32,-0.31,0.96,0.4455333881989093,1.3802356814040655
CC(C)N1CCC(NC(=O)c2cc3ccccc3n2CC(=O)Nc2ccc([*:1])cc2)CC1,CPD_83,CC(C)N1CCC(NC(=O)c2cc3ccccc3n2CC(=O)Nc2ccc(Cl)cc2)CC1,Cl[*:1],8.38,1.359,3800.0,CPD_861,C#Cc1ccc(NC(=O)Cn2c(C(=O)NC3CCN(C(C)C)CC3)cc3ccccc32)cc1,C#C[*:1],7.42,0.573,1600.0,-0.96,-0.79,-0.38,0.96,0.8766413177577247,0.8520901771209852
O=C(N[*:1])c1nc2ccccc2n1Cc1cc(-c2ccc(Cl)s2)on1,CPD_164,CC(C)N1CCC(NC(=O)c2nc3ccccc3n2Cc2cc(-c3ccc(Cl)s3)on2)CC1,CC(C)N1CCC([*:1])CC1,9.15,3.124,26.0,CPD_519,O=C(Nc1ccc(-n2ccc(=O)[nH]c2=O)cc1)c1nc2ccccc2n1Cc1cc(-c2ccc(Cl)s2)on1,O=c1ccn(-c2ccc([*:1])cc2)c(=O)[nH]1,8.2,3.685,0.2,-0.96,0.56,-2.11,0.96,2.1830483274540673,0.3945667618548869
CC(C)N1CCC(NC(=O)c2cc3cc([*:1])ccc3n2Cc2cc(-c3ccc(Cl)s3)on2)CC1,CPD_143,CC(C)N1CCC(NC(=O)c2cc3cc(CO)ccc3n2Cc2cc(-c3ccc(Cl)s3)on2)CC1,OC[*:1],8.54,0.77,2500.0,CPD_365,CC(C)N1CCC(NC(=O)c2cc3cc(C(=O)OC4CCOC4)ccc3n2Cc2cc(-c3ccc(Cl)s3)on2)CC1,O=C(OC1CCOC1)[*:1],7.58,1.734,120.0,-0.96,0.96,-1.32,0.96,1.6321764610482532,0.5100478195680658
CC(C)N1CCC(NC(=O)c2cc3cc([*:1])ccc3n2Cc2cc(-c3ccc(Cl)s3)on2)CC1,CPD_148,CC(C)N1CCC(NC(=O)c2cc3cc(C(N)=O)ccc3n2Cc2cc(-c3ccc(Cl)s3)on2)CC1,NC(=O)[*:1],8.44,0.497,390.0,CPD_179,CC(C)OC(=O)COc1ccc2c(c1)cc(C(=O)NC1CCN(C(C)C)CC1)n2Cc1cc(-c2ccc(Cl)s2)on1,CC(C)OC(=O)CO[*:1],7.48,2.057,140.0,-0.96,1.56,-0.44,0.96,1.6208639671483849,0.5131319095654264
O=C(Nc1ccc([*:1])cc1)c1nc2ccccc2n1Cc1cc(-c2ccc(Cl)s2)on1,CPD_438,CCN1CCN(c2ccc(NC(=O)c3nc4ccccc4n3Cc3cc(-c4ccc(Cl)s4)on3)cc2)C(=O)C1=O,CCN1CCN([*:1])C(=O)C1=O,5.96,3.038,0.7,CPD_557,O=C(Nc1ccc(N2CCS(=O)(=O)CC2)cc1)c1nc2ccccc2n1Cc1cc(-c2ccc(Cl)s2)on1,O=S1(=O)CCN([*:1])CC1,5.0,3.236,0.4,-0.96,0.2,-0.24,0.96,0.3124099870362662,1.7069398163765106
O=C(Nc1ccc([*:1])cc1)c1nc2ccccc2n1Cc1cc(-c2ccc(Cl)s2)on1,CPD_438,CCN1CCN(c2ccc(NC(=O)c3nc4ccccc4n3Cc3cc(-c4ccc(Cl)s4)on3)cc2)C(=O)C1=O,CCN1CCN([*:1])C(=O)C1=O,5.96,3.038,0.7,CPD_458,O=C(Nc1ccc(-n2ncccc2=O)cc1)c1nc2ccccc2n1Cc1cc(-c2ccc(Cl)s2)on1,O=c1cccnn1[*:1],5.0,4.288,0.2,-0.96,1.25,-0.54,0.96,1.361653406708183,0.5956615709086043
Cc1ccc(C)c2c1cc([*:1])n2Cc1cc(-c2ccc(Cl)s2)on1,CPD_135,Cc1ccc(C)c2c1cc(C(=O)NC1CCN(C(C)C)CC1)n2Cc1cc(-c2ccc(Cl)s2)on1,CC(C)N1CCC(NC(=O)[*:1])CC1,8.87,2.871,130.0,CPD_142,Cc1ccc(C)c2c1cc(C(=O)N(CC(=O)O)C1CCN(C(C)C)CC1)n2Cc1cc(-c2ccc(Cl)s2)on1,CC(C)N1CCC(N(CC(=O)O)C(=O)[*:1])CC1,7.91,2.26,1.3,-0.96,-0.61,-2.0,0.96,2.090956718825141,0.4100887437516557
CC(C)N1CCC(NC(=O)c2cc3cc([*:1])ccc3n2Cc2cc(-c3ccc(Cl)s3)on2)CC1,CPD_112,COC(=O)c1ccc2c(c1)cc(C(=O)NC1CCN(C(C)C)CC1)n2Cc1cc(-c2ccc(Cl)s2)on1,COC(=O)[*:1],8.29,1.96,260.0,CPD_368,CC(C)N1CCC(NC(=O)c2cc3cc(C(=O)NCCN4CCNC4=O)ccc3n2Cc2cc(-c3ccc(Cl)s3)on2)CC1,O=C1NCCN1CCNC(=O)[*:1],7.32,0.289,190.0,-0.97,-1.67,-0.14,0.97,1.675857989210303,0.503671613085941
COC(=O)c1ccc2nc(C(=O)NC3CCN(C(C)C)CC3)n(C[*:1])c2c1,CPD_317,COC(=O)c1ccc2nc(C(=O)NC3CCN(C(C)C)CC3)n(CC(=O)Nc3ccc(Cl)cn3)c2c1,O=C(Nc1ccc(Cl)cn1)[*:1],6.43,2.305,160.0,CPD_540,COC(=O)c1ccc2nc(C(=O)NC3CCN(C(C)C)CC3)n(CCc3ccc(Cl)cc3)c2c1,Clc1ccc(C[*:1])cc1,5.46,3.464,54.0,-0.97,1.16,-0.47,0.97,1.2515989773086267,0.6459780638227179
CC(C)N1CCC(NC(=O)c2cc3cc([*:1])ccc3n2Cc2cc(-c3ccc(Cl)s3)on2)CC1,CPD_171,CCOC(=O)c1ccc2c(c1)cc(C(=O)NC1CCN(C(C)C)CC1)n2Cc1cc(-c2ccc(Cl)s2)on1,CCOC(=O)[*:1],7.96,2.492,130.0,CPD_373,CC(C)N1CCC(NC(=O)c2cc3cc(C(=O)N4CCCC4CO)ccc3n2Cc2cc(-c3ccc(Cl)s3)on2)CC1,O=C(N1CCCC1CO)[*:1],6.98,-0.415,2900.0,-0.97,-2.91,1.35,0.97,3.2078965070587926,0.2805173601985734
CC(C)N1CCC(NC(=O)c2cc3cc([*:1])ccc3n2Cc2cc(-c3ccc(Cl)s3)on2)CC1,CPD_181,CC(C)N1CCC(NC(=O)c2cc3cc(OCC(=O)O)ccc3n2Cc2cc(-c3ccc(Cl)s3)on2)CC1,O=C(O)CO[*:1],8.3,0.774,4.7,CPD_368,CC(C)N1CCC(NC(=O)c2cc3cc(C(=O)NCCN4CCNC4=O)ccc3n2Cc2cc(-c3ccc(Cl)s3)on2)CC1,O=C1NCCN1CCNC(=O)[*:1],7.32,0.289,190.0,-0.97,-0.49,1.61,0.97,1.6829141392239833,0.5018329476287192
CC(C)N1CCC(NC(=O)c2cc3cc([*:1])ccc3n2Cc2cc(-c3ccc(Cl)s3)on2)CC1,CPD_37,CC(C)N1CCC(NC(=O)c2cc3cc(C#N)ccc3n2Cc2cc(-c3ccc(Cl)s3)on2)CC1,N#C[*:1],8.7,1.433,130.0,CPD_362,CC(C)N1CCC(NC(=O)c2cc3cc(C(=O)OC4CCOC4=O)ccc3n2Cc2cc(-c3ccc(Cl)s3)on2)CC1,O=C1OCCC1OC(=O)[*:1],7.73,0.55,170.0,-0.97,-0.88,0.12,0.97,0.8881441324469806,0.8522646406079738
O=C(N[*:1])c1cc2ccccc2n1Cc1cc(-c2ccc(Cl)s2)on1,CPD_22,NC(=O)N1CCC(NC(=O)c2cc3ccccc3n2Cc2cc(-c3ccc(Cl)s3)on2)CC1,NC(=O)N1CCC([*:1])CC1,5.97,1.914,8.7,CPD_394,Nc1nc(CNC(=O)c2cc3ccccc3n2Cc2cc(-c3ccc(Cl)s3)on2)c[nH]1,Nc1nc(C[*:1])c[nH]1,5.0,1.539,34.0,-0.97,-0.38,0.59,0.97,0.70178344238091,1.0191393932778667
Clc1ccc(-c2cc(Cn3c([*:1])cc4ccccc43)no2)s1,CPD_22,NC(=O)N1CCC(NC(=O)c2cc3ccccc3n2Cc2cc(-c3ccc(Cl)s3)on2)CC1,NC(=O)N1CCC(NC(=O)[*:1])CC1,5.97,1.914,8.7,CPD_86,O=C(NCC1CC(C(=O)N2CCCC2)=NO1)c1cc2ccccc2n1Cc1cc(-c2ccc(Cl)s2)on1,O=C(C1=NOC(CNC(=O)[*:1])C1)N1CCCC1,5.0,1.879,5.1,-0.97,-0.03,-0.23,0.97,0.23194827009486405,2.012664138848492
CC(C)N1CCC(NC(=O)c2cc3cc([*:1])ccc3n2Cc2cc(-c3ccc(Cl)s3)on2)CC1,CPD_194,Cc1oc(=O)oc1COC(=O)c1ccc2c(c1)cc(C(=O)NC1CCN(C(C)C)CC1)n2Cc1cc(-c2ccc(Cl)s2)on1,Cc1oc(=O)oc1COC(=O)[*:1],7.96,3.174,10.0,CPD_373,CC(C)N1CCC(NC(=O)c2cc3cc(C(=O)N4CCCC4CO)ccc3n2Cc2cc(-c3ccc(Cl)s3)on2)CC1,O=C(N1CCCC1CO)[*:1],6.98,-0.415,2900.0,-0.97,-3.59,2.46,0.97,4.351976562436889,0.21077899612038767
CC(C)N1CCC(NC(=O)c2cc3cc([*:1])ccc3n2Cc2cc(-c3ccc(Cl)s3)on2)CC1,CPD_37,CC(C)N1CCC(NC(=O)c2cc3cc(C#N)ccc3n2Cc2cc(-c3ccc(Cl)s3)on2)CC1,N#C[*:1],8.7,1.433,130.0,CPD_371,CC(C)N1CCC(NC(=O)c2cc3cc(C(=O)OCC4CCOC4)ccc3n2Cc2cc(-c3ccc(Cl)s3)on2)CC1,O=C(OCC1CCOC1)[*:1],7.73,1.959,78.0,-0.97,0.53,-0.22,0.97,0.5738466694161429,1.1774035582221087
Clc1ccc(-c2cc(Cn3c([*:1])cc4ccccc43)no2)s1,CPD_22,NC(=O)N1CCC(NC(=O)c2cc3ccccc3n2Cc2cc(-c3ccc(Cl)s3)on2)CC1,NC(=O)N1CCC(NC(=O)[*:1])CC1,5.97,1.914,8.7,CPD_47,O=C(Nc1nc(-c2cccnc2)cs1)c1cc2ccccc2n1Cc1cc(-c2ccc(Cl)s2)on1,O=C(Nc1nc(-c2cccnc2)cs1)[*:1],5.0,5.297,0.1,-0.97,3.38,-1.94,0.97,3.8971784665319085,0.23389396135902626
O=C(N[*:1])c1cc2ccccc2n1Cc1cc(-c2ccc(Cl)s2)on1,CPD_22,NC(=O)N1CCC(NC(=O)c2cc3ccccc3n2Cc2cc(-c3ccc(Cl)s3)on2)CC1,NC(=O)N1CCC([*:1])CC1,5.97,1.914,8.7,CPD_46,O=C(Nc1ccc(-c2c[nH]cn2)cc1)c1cc2ccccc2n1Cc1cc(-c2ccc(Cl)s2)on1,c1nc(-c2ccc([*:1])cc2)c[nH]1,5.0,4.299,0.0,-0.97,2.39,-1.94,0.97,3.0782624969290713,0.29144335847758457
CC(C)N1CCC(NC(=O)c2cc3cc([*:1])ccc3n2Cc2cc(-c3ccc(Cl)s3)on2)CC1,CPD_361,CC(C)N1CCC(NC(=O)c2cc3cc(C(=O)OCC4COC(=O)O4)ccc3n2Cc2cc(-c3ccc(Cl)s3)on2)CC1,O=C1OCC(COC(=O)[*:1])O1,7.86,1.042,660.0,CPD_673,CC(C)N1CCC(NC(=O)c2cc3cc(C(=O)N4CCC(F)(F)CC4)ccc3n2Cc2cc(-c3ccc(Cl)s3)on2)CC1,O=C(N1CCC(F)(F)CC1)[*:1],6.88,0.623,560.0,-0.98,-0.42,-0.07,0.98,0.42579337712087534,1.4501473870240564
CC(C)N1CCC(NC(=O)c2nc3ccc([*:1])cc3n2CC(=O)Nc2ccc(Cl)cn2)CC1,CPD_340,CC(C)N1CCC(NC(=O)c2nc3ccc(C(=O)O)cc3n2CC(=O)Nc2ccc(Cl)cn2)CC1,O=C(O)[*:1],7.63,1.376,1.9,CPD_450,CC(C)N1CCC(NC(=O)c2nc3ccc(S(=O)(=O)CCO)cc3n2CC(=O)Nc2ccc(Cl)cn2)CC1,O=S(=O)(CCO)[*:1],6.65,0.285,880.0,-0.98,-1.09,2.67,0.98,2.8839209420509433,0.3127073139753982
CC(C)N1CCC(NC(=O)c2nc3cc([*:1])ccc3n2Cc2cc(-c3ccc(Cl)s3)on2)CC1,CPD_306,CC(C)N1CCC(NC(=O)c2nc3cc(C(=O)O)ccc3n2Cc2cc(-c3ccc(Cl)s3)on2)CC1,O=C(O)[*:1],8.57,2.192,0.6,CPD_347,CC(C)N1CCC(NC(=O)c2nc3cc(S(=O)(=O)CCO)ccc3n2Cc2cc(-c3ccc(Cl)s3)on2)CC1,O=S(=O)(CCO)[*:1],7.59,1.099,90.0,-0.98,-1.09,2.18,0.98,2.437314095474771,0.3646763888338338
CC(C)N1CCC(NC(=O)c2nc3cc(C(=O)O)ccc3n2[*:1])CC1,CPD_341,CC(C)N1CCC(NC(=O)c2nc3cc(C(=O)O)ccc3n2CC(=O)Nc2ccc(Cl)cn2)CC1,O=C(C[*:1])Nc1ccc(Cl)cn1,7.65,1.376,1.9,CPD_596,CC(C)N1CCC(NC(=O)c2nc3cc(C(=O)O)ccc3n2CCc2ccc(Cl)cc2)CC1,Clc1ccc(CC[*:1])cc1,6.66,2.566,2.3,-0.99,1.19,0.08,0.99,1.1926860441876563,0.6862199880483674
CC(C)N1CCC(NC(=O)c2cc3cc([*:1])ccc3n2Cc2cc(-c3ccc(Cl)s3)on2)CC1,CPD_259,CCOC(=O)COc1ccc2c(c1)cc(C(=O)NC1CCN(C(C)C)CC1)n2Cc1cc(-c2ccc(Cl)s2)on1,CCOC(=O)CO[*:1],7.79,1.709,270.0,CPD_604,CC(C)N1CCC(NC(=O)c2cc3cc(C(=O)N4CCC(O)CC4)ccc3n2Cc2cc(-c3ccc(Cl)s3)on2)CC1,O=C(N1CCC(O)CC1)[*:1],6.79,-0.266,3400.0,-0.99,-1.98,1.1,0.99,2.26503863101714,0.39363212468812897
Clc1ccc(-c2cc(Cn3c([*:1])cc4ccccc43)no2)s1,CPD_25,O=C(NC1CCN(CC(F)(F)F)CC1)c1cc2ccccc2n1Cc1cc(-c2ccc(Cl)s2)on1,O=C(NC1CCN(CC(F)(F)F)CC1)[*:1],5.99,4.567,1.3,CPD_394,Nc1nc(CNC(=O)c2cc3ccccc3n2Cc2cc(-c3ccc(Cl)s3)on2)c[nH]1,Nc1nc(CNC(=O)[*:1])c[nH]1,5.0,1.539,34.0,-0.99,-3.03,1.42,0.99,3.3462366921662907,0.2752877757341513
Clc1ccc(-c2cc(Cn3c([*:1])cc4ccccc43)no2)s1,CPD_25,O=C(NC1CCN(CC(F)(F)F)CC1)c1cc2ccccc2n1Cc1cc(-c2ccc(Cl)s2)on1,O=C(NC1CCN(CC(F)(F)F)CC1)[*:1],5.99,4.567,1.3,CPD_46,O=C(Nc1ccc(-c2c[nH]cn2)cc1)c1cc2ccccc2n1Cc1cc(-c2ccc(Cl)s2)on1,O=C(Nc1ccc(-c2c[nH]cn2)cc1)[*:1],5.0,4.299,0.0,-0.99,-0.27,-1.11,0.99,1.1423659658795864,0.7110199647652236
Clc1ccc(-c2cc(Cn3c([*:1])cc4ccccc43)no2)s1,CPD_25,O=C(NC1CCN(CC(F)(F)F)CC1)c1cc2ccccc2n1Cc1cc(-c2ccc(Cl)s2)on1,O=C(NC1CCN(CC(F)(F)F)CC1)[*:1],5.99,4.567,1.3,CPD_86,O=C(NCC1CC(C(=O)N2CCCC2)=NO1)c1cc2ccccc2n1Cc1cc(-c2ccc(Cl)s2)on1,O=C(C1=NOC(CNC(=O)[*:1])C1)N1CCCC1,5.0,1.879,5.1,-0.99,-2.69,0.59,0.99,2.7539426283058255,0.3295668800966228
Clc1ccc(-c2cc(Cn3c([*:1])cc4ccccc43)no2)s1,CPD_25,O=C(NC1CCN(CC(F)(F)F)CC1)c1cc2ccccc2n1Cc1cc(-c2ccc(Cl)s2)on1,O=C(NC1CCN(CC(F)(F)F)CC1)[*:1],5.99,4.567,1.3,CPD_47,O=C(Nc1nc(-c2cccnc2)cs1)c1cc2ccccc2n1Cc1cc(-c2ccc(Cl)s2)on1,O=C(Nc1nc(-c2cccnc2)cs1)[*:1],5.0,5.297,0.1,-0.99,0.73,-1.11,0.99,1.3285330255586423,0.6271645787389462
Clc1ccc(-c2cc(Cn3c([*:1])cc4ccccc43)no2)s1,CPD_211,O=C(NCC1CN(c2ccncc2)C1)c1cc2ccccc2n1Cc1cc(-c2ccc(Cl)s2)on1,O=C(NCC1CN(c2ccncc2)C1)[*:1],6.35,1.589,190.0,CPD_250,O=C(c1cc2ccccc2n1Cc1cc(-c2ccc(Cl)s2)on1)N1CCC(N2CCCC2=O)CC1,O=C1CCCN1C1CCN(C(=O)[*:1])CC1,5.35,2.607,2.1,-1.0,1.02,-1.96,1.0,2.2095248357961492,0.406582598982498
O=C(Cn1c([*:1])nc2ccccc21)Nc1ccc(Cl)cn1,CPD_423,O=C(Cn1c(C(=O)Nc2ccc(-n3ccc(=O)cc3)cc2)nc2ccccc21)Nc1ccc(Cl)cn1,O=C(Nc1ccc(-n2ccc(=O)cc2)cc1)[*:1],7.3,3.099,3.9,CPD_601,O=C(Cn1c(C(=O)Nc2ccc(N3CCNCC3=O)cc2)nc2ccccc21)Nc1ccc(Cl)cn1,O=C1CNCCN1c1ccc(NC(=O)[*:1])cc1,6.3,2.591,8.7,-1.0,-0.51,0.35,1.0,0.6185466837676846,1.151348590339533
CC(C)N1CCC(NC(=O)c2cc3cc([*:1])ccc3n2Cc2cc(-c3ccc(Cl)s3)on2)CC1,CPD_366,CC(C)N1CCC(NC(=O)c2cc3cc(C(=O)OCCN4CCOCC4)ccc3n2Cc2cc(-c3ccc(Cl)s3)on2)CC1,O=C(OCCN1CCOCC1)[*:1],7.79,1.706,740.0,CPD_604,CC(C)N1CCC(NC(=O)c2cc3cc(C(=O)N4CCC(O)CC4)ccc3n2Cc2cc(-c3ccc(Cl)s3)on2)CC1,O=C(N1CCC(O)CC1)[*:1],6.79,-0.266,3400.0,-1.0,-1.97,0.66,1.0,2.0776188293332347,0.42962360821185575
O=C(N[*:1])c1cc2ccccc2n1Cc1cc(-c2ccc(Cl)s2)on1,CPD_24,O=C(NC1CCN(c2ccnc(Cl)n2)CC1)c1cc2ccccc2n1Cc1cc(-c2ccc(Cl)s2)on1,Clc1nccc(N2CCC([*:1])CC2)n1,6.7,3.331,2.1,CPD_27,O=CN1CCC(NC(=O)c2cc3ccccc3n2Cc2cc(-c3ccc(Cl)s3)on2)CC1,O=CN1CCC([*:1])CC1,5.69,2.671,2.4,-1.01,-0.66,0.06,1.01,0.6627216610312356,1.1065805087378497
COC(=O)c1ccc2c(c1)nc(C(=O)NC1CCN(C(C)C)CC1)n2[*:1],CPD_319,COC(=O)c1ccc2c(c1)nc(C(=O)NC1CCN(C(C)C)CC1)n2CC(=O)Nc1ccc(Cl)cn1,O=C(C[*:1])Nc1ccc(Cl)cn1,7.72,2.303,160.0,CPD_539,COC(=O)c1ccc2c(c1)nc(C(=O)NC1CCN(C(C)C)CC1)n2CCc1ccc(Cl)cc1,Clc1ccc(CC[*:1])cc1,6.71,3.462,54.0,-1.01,1.16,-0.47,1.01,1.2515989773086267,0.6726163344958197
CC(C)N1CCC(NC(=O)c2nc3ccc([*:1])cc3n2Cc2cc(-c3ccc(Cl)s3)on2)CC1,CPD_348,CC(C)N1CCC(NC(=O)c2nc3ccc(S(=O)(=O)CCO)cc3n2Cc2cc(-c3ccc(Cl)s3)on2)CC1,O=S(=O)(CCO)[*:1],7.93,1.103,89.0,CPD_390,CC(C)N1CCC(NC(=O)c2nc3ccc(C(=O)OCCO)cc3n2Cc2cc(-c3ccc(Cl)s3)on2)CC1,O=C(OCCO)[*:1],6.92,2.047,55.0,-1.01,0.94,-0.21,1.01,0.96317184344228,0.8325283886693283
CC(C)N1CCC(NC(=O)c2nc3c([*:1])cccc3n2Cc2cc(-c3ccc(Cl)s3)on2)CC1,CPD_323,CC(C)N1CCC(NC(=O)c2nc3c(C(=O)NCCO)cccc3n2Cc2cc(-c3ccc(Cl)s3)on2)CC1,O=C(NCCO)[*:1],9.16,1.295,130.0,CPD_471,COC1CN(C(=O)c2cccc3c2nc(C(=O)NC2CCN(C(C)C)CC2)n3Cc2cc(-c3ccc(Cl)s3)on2)C1,COC1CN(C(=O)[*:1])C1,8.16,0.766,180.0,-1.01,-0.53,0.14,1.01,0.5481788029466299,1.265380634353345
CC(C)N1CCC(NC(=O)c2cc3cc([*:1])ccc3n2Cc2cc(-c3ccc(Cl)s3)on2)CC1,CPD_158,CC(C)N1CCC(NC(=O)c2cc3cc(-c4noc(O)n4)ccc3n2Cc2cc(-c3ccc(Cl)s3)on2)CC1,Oc1nc([*:1])no1,8.24,0.316,300.0,CPD_344,CC(C)N1CCC(NC(=O)c2cc3cc(C(=O)N4CC(O)C4)ccc3n2Cc2cc(-c3ccc(Cl)s3)on2)CC1,O=C(N1CC(O)C1)[*:1],7.23,-1.036,6400.0,-1.01,-1.35,1.33,1.01,1.895098942008042,0.47084075248041096
CC(C)N1CCC(NC(=O)c2cc3cc([*:1])ccc3n2Cc2cc(-c3ccc(Cl)s3)on2)CC1,CPD_38,CC(C)N1CCC(NC(=O)c2cc3cc(Br)ccc3n2Cc2cc(-c3ccc(Cl)s3)on2)CC1,Br[*:1],8.06,2.851,68.0,CPD_162,CC(OC(=O)c1ccc2c(c1)cc(C(=O)NC1CCN(C(C)C)CC1)n2Cc1cc(-c2ccc(Cl)s2)on1)OC(=O)C(C)(C)C,CC(OC(=O)C(C)(C)C)OC(=O)[*:1],7.04,3.499,26.0,-1.02,0.65,-0.42,1.02,0.7738862965578341,0.9962043670562841
Clc1ccc(-c2cc(Cn3c([*:1])nc4ccccc43)no2)s1,CPD_425,CN1[C@@H]2CC[C@H]1C[C@@H](NC(=O)c1nc3ccccc3n1Cc1cc(-c3ccc(Cl)s3)on1)C2,CN1[C@@H]2CC[C@H]1C[C@@H](NC(=O)[*:1])C2,7.69,2.187,69.0,CPD_559,O=C1CCN(c2ccc(NC(=O)c3nc4ccccc4n3Cc3cc(-c4ccc(Cl)s4)on3)cc2)CC1,O=C1CCN(c2ccc(NC(=O)[*:1])cc2)CC1,6.68,4.038,0.4,-1.02,1.85,-2.24,1.02,2.9051850199255815,0.3232773969065237
CC(C)N1CCC(NC(=O)c2cc3cc([*:1])ccc3n2CC(=O)Nc2ccc(Cl)cn2)CC1,CPD_168,CC(C)N1CCC(NC(=O)c2cc3cc(Cl)ccc3n2CC(=O)Nc2ccc(Cl)cn2)CC1,Cl[*:1],8.52,1.704,2300.0,CPD_345,CC(C)N1CCC(NC(=O)c2cc3cc(C(=O)N(C)CCO)ccc3n2CC(=O)Nc2ccc(Cl)cn2)CC1,CN(CCO)C(=O)[*:1],7.5,-1.408,1040000.0,-1.02,-3.11,2.66,1.02,4.0923953865676275,0.23489339620136288
O=C(O)c1cccc2nc([*:1])n(Cc3cc(-c4ccc(Cl)s4)on3)c12,CPD_336,CC(C)N1CCC(NC(=O)c2nc3cccc(C(=O)O)c3n2Cc2cc(-c3ccc(Cl)s3)on2)CC1,CC(C)N1CCC(NC(=O)[*:1])CC1,6.53,2.191,0.6,CPD_428,O=C(O)c1cccc2nc(C(=O)NC3CCN(C4CC4)CC3)n(Cc3cc(-c4ccc(Cl)s4)on3)c12,O=C(NC1CCN(C2CC2)CC1)[*:1],5.51,1.672,1.2,-1.02,-0.52,0.3,1.02,0.6003332407921455,1.1995297267807594
O=C(Cn1c([*:1])nc2ccccc21)Nc1ccc(Cl)cn1,CPD_152,CC(C)N1CCC(NC(=O)c2nc3ccccc3n2CC(=O)Nc2ccc(Cl)cn2)CC1,CC(C)N1CCC(NC(=O)[*:1])CC1,8.86,2.307,280.0,CPD_598,O=C(Cn1c(C(=O)Nc2ccc(-n3ccncc3=O)cc2)nc2ccccc21)Nc1ccc(Cl)cn1,O=C(Nc1ccc(-n2ccncc2=O)cc1)[*:1],7.83,3.118,2.9,-1.03,0.81,-1.98,1.03,2.1392755783208486,0.4310930096744514
CC(C)N1CCC(NC(=O)c2cc3c([*:1])cccc3n2Cc2cc(-c3ccc(Cl)s3)on2)CC1,CPD_231,COC(=O)OC(C)OC(=O)c1cccc2c1cc(C(=O)NC1CCN(C(C)C)CC1)n2Cc1cc(-c2ccc(Cl)s2)on1,COC(=O)OC(C)OC(=O)[*:1],8.46,2.396,110.0,CPD_406,CC(C)N1CCC(NC(=O)c2cc3c(C(=O)N(C)CCO)cccc3n2Cc2cc(-c3ccc(Cl)s3)on2)CC1,CN(CCO)C(=O)[*:1],7.43,-0.435,32000.0,-1.03,-2.83,2.46,1.03,3.749733323851178,0.2575171684216826
O=C(O)c1cc([*:1])c2c(c1)nc(C(=O)NC1CCN(C3CC3)CC1)n2Cc1cc(-c2ccc(Cl)s2)on1,CPD_697,Cc1cc(C(=O)O)cc2nc(C(=O)NC3CCN(C4CC4)CC3)n(Cc3cc(-c4ccc(Cl)s4)on3)c12,C[*:1],9.12,2.133,0.6,CPD_726,O=C(O)c1cc(Cl)c2c(c1)nc(C(=O)NC1CCN(C3CC3)CC1)n2Cc1cc(-c2ccc(Cl)s2)on1,Cl[*:1],8.09,2.677,0.3,-1.03,0.54,-0.3,1.03,0.6177378084592201,1.1869944929896477
CC(C)N1CCC(NC(=O)c2cc3cc([*:1])ccc3n2Cc2cc(-c3ccc(Cl)s3)on2)CC1,CPD_85,CC(C)N1CCC(NC(=O)c2cc3cc(C(=O)O)ccc3n2Cc2cc(-c3ccc(Cl)s3)on2)CC1,O=C(O)[*:1],8.07,1.328,5.5,CPD_162,CC(OC(=O)c1ccc2c(c1)cc(C(=O)NC1CCN(C(C)C)CC1)n2Cc1cc(-c2ccc(Cl)s2)on1)OC(=O)C(C)(C)C,CC(OC(=O)C(C)(C)C)OC(=O)[*:1],7.04,3.499,26.0,-1.03,2.17,0.67,1.03,2.271079038695043,0.4085552194877424
CC(C)N1CCC(NC(=O)c2cc3cc([*:1])ccc3n2CC(=O)Nc2ccc(Cl)cn2)CC1,CPD_168,CC(C)N1CCC(NC(=O)c2cc3cc(Cl)ccc3n2CC(=O)Nc2ccc(Cl)cn2)CC1,Cl[*:1],8.52,1.704,2300.0,CPD_332,CC(OC(=O)OC1CCCCC1)OC(=O)c1ccc2c(c1)cc(C(=O)NC1CCN(C(C)C)CC1)n2CC(=O)Nc1ccc(Cl)cn1,CC(OC(=O)OC1CCCCC1)OC(=O)[*:1],7.48,3.475,140.0,-1.04,1.77,-1.22,1.04,2.149720912118594,0.43338373006127445
O=C(N[*:1])c1cc2ccccc2n1Cc1cc(-c2ccc(Cl)s2)on1,CPD_26,CN1CCC(NC(=O)c2cc3ccccc3n2Cc2cc(-c3ccc(Cl)s3)on2)CC1,CN1CCC([*:1])CC1,7.4,2.01,210.0,CPD_211,O=C(NCC1CN(c2ccncc2)C1)c1cc2ccccc2n1Cc1cc(-c2ccc(Cl)s2)on1,c1cc(N2CC(C[*:1])C2)ccn1,6.35,1.589,190.0,-1.04,-0.42,-0.04,1.04,0.42190046219457966,1.5478483175962159
O=C(Cn1c([*:1])nc2ccccc21)Nc1ccc(Cl)cn1,CPD_601,O=C(Cn1c(C(=O)Nc2ccc(N3CCNCC3=O)cc2)nc2ccccc21)Nc1ccc(Cl)cn1,O=C1CNCCN1c1ccc(NC(=O)[*:1])cc1,6.3,2.591,8.7,CPD_989,O=C(Cn1c(C(=O)N2CCN(C(=O)N3CCCC3)CC2)nc2ccccc21)Nc1ccc(Cl)cn1,O=C(N1CCCC1)N1CCN(C(=O)[*:1])CC1,5.26,2.656,7.4,-1.04,0.06,-0.07,1.04,0.09219544457292887,3.0391988452621104
CC(C)N1CCC(NC(=O)c2nc3cc([*:1])ccc3n2Cc2cc(-c3ccc(Cl)s3)on2)CC1,CPD_290,COC(=O)c1ccc2c(c1)nc(C(=O)NC1CCN(C(C)C)CC1)n2Cc1cc(-c2ccc(Cl)s2)on1,COC(=O)[*:1],8.63,3.121,16.0,CPD_347,CC(C)N1CCC(NC(=O)c2nc3cc(S(=O)(=O)CCO)ccc3n2Cc2cc(-c3ccc(Cl)s3)on2)CC1,O=S(=O)(CCO)[*:1],7.59,1.099,90.0,-1.04,-2.02,0.75,1.04,2.154738963308549,0.43247937338243186
CC(C)N1CCC(NC(=O)c2cc3cc([*:1])ccc3n2Cc2cc(-c3ccc(Cl)s3)on2)CC1,CPD_259,CCOC(=O)COc1ccc2c(c1)cc(C(=O)NC1CCN(C(C)C)CC1)n2Cc1cc(-c2ccc(Cl)s2)on1,CCOC(=O)CO[*:1],7.79,1.709,270.0,CPD_342,CC(C)N1CCC(NC(=O)c2cc3cc(C(=O)N(C)CCO)ccc3n2Cc2cc(-c3ccc(Cl)s3)on2)CC1,CN(CCO)C(=O)[*:1],6.73,-0.441,32000.0,-1.05,-2.15,2.07,1.05,2.984526763156933,0.32462244924360706
O=C(O)c1ccc2c(c1)cc([*:1])n2Cc1cc(-c2ccc(Cl)s2)on1,CPD_85,CC(C)N1CCC(NC(=O)c2cc3cc(C(=O)O)ccc3n2Cc2cc(-c3ccc(Cl)s3)on2)CC1,CC(C)N1CCC(NC(=O)[*:1])CC1,8.07,1.328,5.5,CPD_695,O=C(O)c1ccc2c(c1)cc(C(=O)NC1CCN(C3CC3)CC1)n2Cc1cc(-c2ccc(Cl)s2)on1,O=C(NC1CCN(C2CC2)CC1)[*:1],7.01,0.814,12.0,-1.05,-0.51,0.34,1.05,0.6129437168288782,1.2167653341964308
CC(C)N1CCC(NC(=O)c2cc3cc([*:1])ccc3n2Cc2cc(-c3ccc(Cl)s3)on2)CC1,CPD_363,CC(C)N1CCC(NC(=O)c2cc3cc(C(=O)OCCN4CCCC4=O)ccc3n2Cc2cc(-c3ccc(Cl)s3)on2)CC1,O=C1CCCN1CCOC(=O)[*:1],8.03,1.653,110.0,CPD_373,CC(C)N1CCC(NC(=O)c2cc3cc(C(=O)N4CCCC4CO)ccc3n2Cc2cc(-c3ccc(Cl)s3)on2)CC1,O=C(N1CCCC1CO)[*:1],6.98,-0.415,2900.0,-1.05,-2.07,1.42,1.05,2.5102390324429265,0.38040183754328927
CC(C)N1CCC(NC(=O)c2cc3cc([*:1])ccc3n2Cc2cc(-c3ccc(Cl)s3)on2)CC1,CPD_143,CC(C)N1CCC(NC(=O)c2cc3cc(CO)ccc3n2Cc2cc(-c3ccc(Cl)s3)on2)CC1,OC[*:1],8.54,0.77,2500.0,CPD_252,CC(C)N1CCC(NC(=O)c2cc3cc(C(=O)NCCO)ccc3n2Cc2cc(-c3ccc(Cl)s3)on2)CC1,O=C(NCCO)[*:1],7.49,0.126,4400.0,-1.05,-0.64,0.25,1.05,0.6870953354520754,1.1204836480094706
CC(C)N1CCC(NC(=O)c2cc3c([*:1])cccc3n2Cc2cc(-c3ccc(Cl)s3)on2)CC1,CPD_231,COC(=O)OC(C)OC(=O)c1cccc2c1cc(C(=O)NC1CCN(C(C)C)CC1)n2Cc1cc(-c2ccc(Cl)s2)on1,COC(=O)OC(C)OC(=O)[*:1],8.46,2.396,110.0,CPD_675,CC(C)N1CCC(NC(=O)c2cc3c(C(=O)N4CCC(F)(F)CC4)cccc3n2Cc2cc(-c3ccc(Cl)s3)on2)CC1,O=C(N1CCC(F)(F)CC1)[*:1],7.41,0.626,560.0,-1.06,-1.77,0.71,1.06,1.9070920271449934,0.4914023076720361
CC(C)N1CCC(NC(=O)c2cc3cc([*:1])ccc3n2Cc2cc(-c3ccc(Cl)s3)on2)CC1,CPD_143,CC(C)N1CCC(NC(=O)c2cc3cc(CO)ccc3n2Cc2cc(-c3ccc(Cl)s3)on2)CC1,OC[*:1],8.54,0.77,2500.0,CPD_179,CC(C)OC(=O)COc1ccc2c(c1)cc(C(=O)NC1CCN(C(C)C)CC1)n2Cc1cc(-c2ccc(Cl)s2)on1,CC(C)OC(=O)CO[*:1],7.48,2.057,140.0,-1.06,1.29,-1.25,1.06,1.7962739212046699,0.5180147139714135
CC(C)N1CCC(NC(=O)c2cc3cc([*:1])ccc3n2Cc2cc(-c3ccc(Cl)s3)on2)CC1,CPD_112,COC(=O)c1ccc2c(c1)cc(C(=O)NC1CCN(C(C)C)CC1)n2Cc1cc(-c2ccc(Cl)s2)on1,COC(=O)[*:1],8.29,1.96,260.0,CPD_344,CC(C)N1CCC(NC(=O)c2cc3cc(C(=O)N4CC(O)C4)ccc3n2Cc2cc(-c3ccc(Cl)s3)on2)CC1,O=C(N1CC(O)C1)[*:1],7.23,-1.036,6400.0,-1.06,-3.0,1.39,1.06,3.3063726347766673,0.29805650556260277
O=C(Cn1c(C(=O)NC2CCN([*:1])CC2)cc2cc(OCCO)ccc21)Nc1ccc(Cl)cn1,CPD_781,CC(C)N1CCC(NC(=O)c2cc3cc(OCCO)ccc3n2CC(=O)Nc2ccc(Cl)cn2)CC1,CC(C)[*:1],8.14,-0.041,55000.0,CPD_809,O=C(Cn1c(C(=O)NC2CCN(C3CC3)CC2)cc2cc(OCCO)ccc21)Nc1ccc(Cl)cn1,C1CC1[*:1],7.08,-0.148,12000.0,-1.06,-0.11,-0.66,1.06,0.6691038783328042,1.1532972768244352
CC(C)N1CCC(NC(=O)c2cc3cc([*:1])ccc3n2Cc2cc(-c3ccc(Cl)s3)on2)CC1,CPD_148,CC(C)N1CCC(NC(=O)c2cc3cc(C(N)=O)ccc3n2Cc2cc(-c3ccc(Cl)s3)on2)CC1,NC(=O)[*:1],8.44,0.497,390.0,CPD_167,CCOC(=O)OC(C)OC(=O)c1ccc2c(c1)cc(C(=O)NC1CCN(C(C)C)CC1)n2Cc1cc(-c2ccc(Cl)s2)on1,CCOC(=O)OC(C)OC(=O)[*:1],7.38,2.914,58.0,-1.06,2.42,-0.83,1.06,2.558378392654222,0.377442015211556
CC(C)N1CCC(NC(=O)c2cc3c(Cl)c([*:1])ccc3n2Cc2cc(-c3ccc(Cl)s3)on2)CC1,CPD_114,CC(C)N1CCC(NC(=O)c2cc3c(Cl)c(N)ccc3n2Cc2cc(-c3ccc(Cl)s3)on2)CC1,N[*:1],7.96,1.719,87.0,CPD_357,CC(C)N1CCC(NC(=O)c2cc3c(Cl)c(NS(=O)(=O)C(F)(F)F)ccc3n2Cc2cc(-c3ccc(Cl)s3)on2)CC1,O=S(=O)(N[*:1])C(F)(F)F,6.9,3.077,0.1,-1.07,1.36,-2.94,1.07,3.239320916488516,0.30664992576171424
CC(C)N1CCC(NC(=O)c2cc3cc([*:1])ccc3n2Cc2cc(-c3ccc(Cl)s3)on2)CC1,CPD_181,CC(C)N1CCC(NC(=O)c2cc3cc(OCC(=O)O)ccc3n2Cc2cc(-c3ccc(Cl)s3)on2)CC1,O=C(O)CO[*:1],8.3,0.774,4.7,CPD_344,CC(C)N1CCC(NC(=O)c2cc3cc(C(=O)N4CC(O)C4)ccc3n2Cc2cc(-c3ccc(Cl)s3)on2)CC1,O=C(N1CC(O)C1)[*:1],7.23,-1.036,6400.0,-1.07,-1.81,3.13,1.07,3.6156603822814994,0.27679617301727105
O=C(N[*:1])c1nc2ccccc2n1Cc1cc(-c2ccc(Cl)s2)on1,CPD_457,O=C(Nc1ccc(-n2ccc(=O)cc2)cc1)c1nc2ccccc2n1Cc1cc(-c2ccc(Cl)s2)on1,O=c1ccn(-c2ccc([*:1])cc2)cc1,7.92,3.915,0.4,CPD_605,O=C(Nc1ccc(N2CCNCC2=O)cc1)c1nc2ccccc2n1Cc1cc(-c2ccc(Cl)s2)on1,O=C1CNCCN1c1ccc([*:1])cc1,6.85,3.407,0.8,-1.07,-0.51,0.3,1.07,0.5916924876994806,1.2712481287845767
CC(C)N1CCC(NC(=O)c2cc3cc(OCCO)ncc3n2[*:1])CC1,CPD_407,CC(C)N1CCC(NC(=O)c2cc3cc(OCCO)ncc3n2Cc2cc(-c3ccc(Cl)s3)on2)CC1,Clc1ccc(-c2cc(C[*:1])no2)s1,7.32,-0.015,12000.0,CPD_831,CC(C)N1CCC(NC(=O)c2cc3cc(OCCO)ncc3n2Cc2cc3ccc(Cl)nc3s2)CC1,Clc1ccc2cc(C[*:1])sc2n1,6.25,0.718,52000.0,-1.07,0.73,0.64,1.07,0.9708243919473799,0.8764569311178372
CC(C)N1CCC(NC(=O)c2cc3cc([*:1])ccc3n2Cc2cc(-c3ccc(Cl)s3)on2)CC1,CPD_361,CC(C)N1CCC(NC(=O)c2cc3cc(C(=O)OCC4COC(=O)O4)ccc3n2Cc2cc(-c3ccc(Cl)s3)on2)CC1,O=C1OCC(COC(=O)[*:1])O1,7.86,1.042,660.0,CPD_604,CC(C)N1CCC(NC(=O)c2cc3cc(C(=O)N4CCC(O)CC4)ccc3n2Cc2cc(-c3ccc(Cl)s3)on2)CC1,O=C(N1CCC(O)CC1)[*:1],6.79,-0.266,3400.0,-1.07,-1.31,0.71,1.07,1.4900335566691107,0.6149306695258602
CC(C)N1CCC(NC(=O)c2cc3cc([*:1])ccc3n2Cc2cc(-c3ccc(Cl)s3)on2)CC1,CPD_38,CC(C)N1CCC(NC(=O)c2cc3cc(Br)ccc3n2Cc2cc(-c3ccc(Cl)s3)on2)CC1,Br[*:1],8.06,2.851,68.0,CPD_373,CC(C)N1CCC(NC(=O)c2cc3cc(C(=O)N4CCCC4CO)ccc3n2Cc2cc(-c3ccc(Cl)s3)on2)CC1,O=C(N1CCCC1CO)[*:1],6.98,-0.415,2900.0,-1.07,-3.27,1.63,1.07,3.6537378121589406,0.27409627682148113
Clc1ccc(-c2cc(Cn3c([*:1])cc4ccccc43)no2)s1,CPD_204,CC(C)N1CC(CNC(=O)c2cc3ccccc3n2Cc2cc(-c3ccc(Cl)s3)on2)C1,CC(C)N1CC(CNC(=O)[*:1])C1,6.08,1.854,360.0,CPD_394,Nc1nc(CNC(=O)c2cc3ccccc3n2Cc2cc(-c3ccc(Cl)s3)on2)c[nH]1,Nc1nc(CNC(=O)[*:1])c[nH]1,5.0,1.539,34.0,-1.08,-0.32,-1.02,1.08,1.0690182411914213,0.8187907993027262
CC(C)N1CCC(NC(=O)c2cc3cc(C(=O)O)ccc3n2[*:1])CC1,CPD_409,COc1cccc(Cn2c(C(=O)NC3CCN(C(C)C)CC3)cc3cc(C(=O)O)ccc32)c1,COc1cccc(C[*:1])c1,6.08,0.607,45.0,CPD_687,CC(C)N1CCC(NC(=O)c2cc3cc(C(=O)O)ccc3n2CCNC(=O)c2cccc(Cl)c2)CC1,O=C(NCC[*:1])c1cccc(Cl)c1,5.0,0.628,16.0,-1.08,0.02,-0.45,1.08,0.45044422518220834,1.5418786552477566
CC(C)N1CCC(NC(=O)c2cc3cc([*:1])ccc3n2Cc2cc(-c3ccc(Cl)s3)on2)CC1,CPD_194,Cc1oc(=O)oc1COC(=O)c1ccc2c(c1)cc(C(=O)NC1CCN(C(C)C)CC1)n2Cc1cc(-c2ccc(Cl)s2)on1,Cc1oc(=O)oc1COC(=O)[*:1],7.96,3.174,10.0,CPD_673,CC(C)N1CCC(NC(=O)c2cc3cc(C(=O)N4CCC(F)(F)CC4)ccc3n2Cc2cc(-c3ccc(Cl)s3)on2)CC1,O=C(N1CCC(F)(F)CC1)[*:1],6.88,0.623,560.0,-1.08,-2.55,1.75,1.08,3.092733418838423,0.3230888810676661
O=C(N[*:1])c1cc2ccccc2n1Cc1cc(-c2ccc(Cl)s2)on1,CPD_17,CCCN1CCC(NC(=O)c2cc3ccccc3n2Cc2cc(-c3ccc(Cl)s3)on2)CC1,CCCN1CCC([*:1])CC1,7.2,2.84,77.0,CPD_19,CC(=O)N1CCC(NC(=O)c2cc3ccccc3n2Cc2cc(-c3ccc(Cl)s3)on2)CC1,CC(=O)N1CCC([*:1])CC1,6.12,3.157,3.8,-1.08,0.32,-1.31,1.08,1.3485177047410242,0.6756259231892404
CC(C)N1CCC(NC(=O)c2cc3ccccc3n2C[*:1])CC1,CPD_860,CC(C)N1CCC(NC(=O)c2cc3ccccc3n2CC(=O)Nc2ccc(Br)cc2)CC1,O=C(Nc1ccc(Br)cc1)[*:1],8.5,1.599,3500.0,CPD_861,C#Cc1ccc(NC(=O)Cn2c(C(=O)NC3CCN(C(C)C)CC3)cc3ccccc32)cc1,C#Cc1ccc(NC(=O)[*:1])cc1,7.42,0.573,1600.0,-1.08,-1.03,-0.34,1.08,1.084665847162157,0.8091913060458975
CC(C)N1CCC(NC(=O)c2cc3cc([*:1])ccc3n2Cc2cc(-c3ccc(Cl)s3)on2)CC1,CPD_171,CCOC(=O)c1ccc2c(c1)cc(C(=O)NC1CCN(C(C)C)CC1)n2Cc1cc(-c2ccc(Cl)s2)on1,CCOC(=O)[*:1],7.96,2.492,130.0,CPD_673,CC(C)N1CCC(NC(=O)c2cc3cc(C(=O)N4CCC(F)(F)CC4)ccc3n2Cc2cc(-c3ccc(Cl)s3)on2)CC1,O=C(N1CCC(F)(F)CC1)[*:1],6.88,0.623,560.0,-1.08,-1.87,0.63,1.08,1.97327139542436,0.48577065410129944
CC(C)N1CCC(NC(=O)c2cc3cc([*:1])ccc3n2Cc2cc(-c3ccc(Cl)s3)on2)CC1,CPD_85,CC(C)N1CCC(NC(=O)c2cc3cc(C(=O)O)ccc3n2Cc2cc(-c3ccc(Cl)s3)on2)CC1,O=C(O)[*:1],8.07,1.328,5.5,CPD_373,CC(C)N1CCC(NC(=O)c2cc3cc(C(=O)N4CCCC4CO)ccc3n2Cc2cc(-c3ccc(Cl)s3)on2)CC1,O=C(N1CCCC1CO)[*:1],6.98,-0.415,2900.0,-1.08,-1.74,2.72,1.08,3.22893171188243,0.3104401262925676
Clc1ccc(-c2cc(Cn3c([*:1])nc4ccccc43)no2)s1,CPD_116,O=C(NC1CCN(c2ccncn2)CC1)c1nc2ccccc2n1Cc1cc(-c2ccc(Cl)s2)on1,O=C(NC1CCN(c2ccncn2)CC1)[*:1],7.23,3.606,0.7,CPD_980,O=C(c1nc2ccccc2n1Cc1cc(-c2ccc(Cl)s2)on1)N1CCN(C(=O)N2CCCC2)CC1,O=C(N1CCCC1)N1CCN(C(=O)[*:1])CC1,6.15,3.472,0.9,-1.08,-0.13,0.11,1.08,0.17029386365926402,2.56963066411925
CC(C)N1CCC(NC(=O)c2cc3cc(C(=O)O)ccc3n2[*:1])CC1,CPD_409,COc1cccc(Cn2c(C(=O)NC3CCN(C(C)C)CC3)cc3cc(C(=O)O)ccc32)c1,COc1cccc(C[*:1])c1,6.08,0.607,45.0,CPD_686,CC(C)N1CCC(NC(=O)c2cc3cc(C(=O)O)ccc3n2CCNC(=O)c2ccc(Cl)cc2)CC1,O=C(NCC[*:1])c1ccc(Cl)cc1,5.0,0.546,18.0,-1.08,-0.06,-0.4,1.08,0.40447496832313373,1.6501777031551375
CC(C)N1CCC(NC(=O)c2cc3c([*:1])cccc3n2Cc2cc(-c3ccc(Cl)s3)on2)CC1,CPD_230,CC(=O)OC(C)OC(=O)c1cccc2c1cc(C(=O)NC1CCN(C(C)C)CC1)n2Cc1cc(-c2ccc(Cl)s2)on1,CC(=O)OC(C)OC(=O)[*:1],8.51,2.282,120.0,CPD_406,CC(C)N1CCC(NC(=O)c2cc3c(C(=O)N(C)CCO)cccc3n2Cc2cc(-c3ccc(Cl)s3)on2)CC1,CN(CCO)C(=O)[*:1],7.43,-0.435,32000.0,-1.08,-2.72,2.43,1.08,3.6473689147109867,0.2771100256697379
CC(C)N1CCC(NC(=O)c2cc3cc([*:1])ccc3n2Cc2cc(-c3ccc(Cl)s3)on2)CC1,CPD_37,CC(C)N1CCC(NC(=O)c2cc3cc(C#N)ccc3n2Cc2cc(-c3ccc(Cl)s3)on2)CC1,N#C[*:1],8.7,1.433,130.0,CPD_503,CC(C)ONC(=O)c1ccc2c(c1)cc(C(=O)NC1CCN(C(C)C)CC1)n2Cc1cc(-c2ccc(Cl)s2)on1,CC(C)ONC(=O)[*:1],7.61,2.516,57.0,-1.09,1.08,-0.36,1.09,1.1384199576606167,0.7850650618970993
O=C(Cn1c([*:1])nc2ccccc21)Nc1ccc(Cl)cn1,CPD_601,O=C(Cn1c(C(=O)Nc2ccc(N3CCNCC3=O)cc2)nc2ccccc21)Nc1ccc(Cl)cn1,O=C1CNCCN1c1ccc(NC(=O)[*:1])cc1,6.3,2.591,8.7,CPD_985,O=C(Cn1c(C(=O)N2CCN(CC(=O)N3CCCC3)CC2)nc2ccccc21)Nc1ccc(Cl)cn1,O=C(CN1CCN(C(=O)[*:1])CC1)N1CCCC1,5.2,2.775,6.7,-1.1,0.18,-0.11,1.1,0.21095023109728986,2.386374766276731
CC(C)N1CCC(NC(=O)c2cc3cc(OCCO)ncc3n2[*:1])CC1,CPD_631,CC(C)N1CCC(NC(=O)c2cc3cc(OCCO)ncc3n2CC(=O)Nc2ccc(Cl)cn2)CC1,O=C(C[*:1])Nc1ccc(Cl)cn1,7.35,-0.998,400000.0,CPD_831,CC(C)N1CCC(NC(=O)c2cc3cc(OCCO)ncc3n2Cc2cc3ccc(Cl)nc3s2)CC1,Clc1ccc2cc(C[*:1])sc2n1,6.25,0.718,52000.0,-1.1,1.72,-0.89,1.1,1.936620768245554,0.5030593397695525
O=C(N[*:1])c1cc2ccccc2n1Cc1cc(-c2ccc(Cl)s2)on1,CPD_16,CC(C)CN1CCC(NC(=O)c2cc3ccccc3n2Cc2cc(-c3ccc(Cl)s3)on2)CC1,CC(C)CN1CCC([*:1])CC1,6.85,3.104,48.0,CPD_18,COC(=O)N1CCC(NC(=O)c2cc3ccccc3n2Cc2cc(-c3ccc(Cl)s3)on2)CC1,COC(=O)N1CCC([*:1])CC1,5.75,3.257,1.6,-1.1,0.15,-1.48,1.1,1.48758193051677,0.633063673534434
CC(C)N1CCC(NC(=O)c2nc3c(C(=O)N4CC(O)C4)cccc3n2C[*:1])CC1,CPD_356,CC(C)N1CCC(NC(=O)c2nc3c(C(=O)N4CC(O)C4)cccc3n2CC(=O)Nc2ccc(Cl)cn2)CC1,O=C(Nc1ccc(Cl)cn1)[*:1],7.99,-0.688,3200.0,CPD_527,CC(C)N1CCC(NC(=O)c2nc3c(C(=O)N4CC(O)C4)cccc3n2CCc2ccc(Cl)cc2)CC1,Clc1ccc(C[*:1])cc1,6.89,0.47,1100.0,-1.1,1.16,-0.46,1.1,1.2478781991845198,0.7343721275861188
Clc1ccc(-c2cc(Cn3c([*:1])cc4ccccc43)no2)s1,CPD_180,CC(C)CN1CC(NC(=O)c2cc3ccccc3n2Cc2cc(-c3ccc(Cl)s3)on2)C1,CC(C)CN1CC(NC(=O)[*:1])C1,6.46,2.966,47.0,CPD_250,O=C(c1cc2ccccc2n1Cc1cc(-c2ccc(Cl)s2)on1)N1CCC(N2CCCC2=O)CC1,O=C1CCCN1C1CCN(C(=O)[*:1])CC1,5.35,2.607,2.1,-1.1,-0.36,-1.35,1.1,1.3971757226634023,0.667809745411591
CC(C)N1CCC(NC(=O)c2cc3cc(OCCO)ncc3n2C[*:1])CC1,CPD_407,CC(C)N1CCC(NC(=O)c2cc3cc(OCCO)ncc3n2Cc2cc(-c3ccc(Cl)s3)on2)CC1,Clc1ccc(-c2cc([*:1])no2)s1,7.32,-0.015,12000.0,CPD_706,CC(C)N1CCC(NC(=O)c2cc3cc(OCCO)ncc3n2Cc2cc3ccc(Cl)cc3s2)CC1,Clc1ccc2cc([*:1])sc2c1,6.21,2.028,9500.0,-1.11,2.04,-0.1,1.11,2.0424495097798623,0.4841982321811704
O=C(O)c1ccc2c(c1)cc(C(=O)NC1CCN(C3CC3)CC1)n2C[*:1],CPD_620,O=C(Cn1c(C(=O)NC2CCN(C3CC3)CC2)cc2cc(C(=O)O)ccc21)Nc1ccc(Cl)cn1,O=C(Nc1ccc(Cl)cn1)[*:1],6.81,-0.152,19.0,CPD_627,O=C(Cn1c(C(=O)NC2CCN(C3CC3)CC2)cc2cc(C(=O)O)ccc21)Nc1ccc(Cl)nc1,O=C(Nc1ccc(Cl)nc1)[*:1],5.7,-0.524,34.0,-1.11,-0.37,0.25,1.11,0.44654227123532214,1.5935859829890984
CC(C)N1CCC(NC(=O)c2cc3c([*:1])cccc3n2Cc2cc(-c3ccc(Cl)s3)on2)CC1,CPD_230,CC(=O)OC(C)OC(=O)c1cccc2c1cc(C(=O)NC1CCN(C(C)C)CC1)n2Cc1cc(-c2ccc(Cl)s2)on1,CC(=O)OC(C)OC(=O)[*:1],8.51,2.282,120.0,CPD_675,CC(C)N1CCC(NC(=O)c2cc3c(C(=O)N4CCC(F)(F)CC4)cccc3n2Cc2cc(-c3ccc(Cl)s3)on2)CC1,O=C(N1CCC(F)(F)CC1)[*:1],7.41,0.626,560.0,-1.11,-1.66,0.67,1.11,1.7901117283566408,0.5440878480190553
CC(C)N1CCC(NC(=O)c2nc3c(C(=O)NCCO)cccc3n2C[*:1])CC1,CPD_323,CC(C)N1CCC(NC(=O)c2nc3c(C(=O)NCCO)cccc3n2Cc2cc(-c3ccc(Cl)s3)on2)CC1,Clc1ccc(-c2cc([*:1])no2)s1,9.16,1.295,130.0,CPD_353,CC(C)N1CCC(NC(=O)c2nc3c(C(=O)NCCO)cccc3n2CC(=O)Nc2ccc(Cl)cn2)CC1,O=C(Nc1ccc(Cl)cn1)[*:1],8.06,0.477,1200.0,-1.11,-0.82,0.97,1.11,1.270157470552372,0.7301875111640014
Clc1ccc(-c2cc(Cn3c([*:1])cc4ccccc43)no2)s1,CPD_19,CC(=O)N1CCC(NC(=O)c2cc3ccccc3n2Cc2cc(-c3ccc(Cl)s3)on2)CC1,CC(=O)N1CCC(NC(=O)[*:1])CC1,6.12,3.157,3.8,CPD_394,Nc1nc(CNC(=O)c2cc3ccccc3n2Cc2cc(-c3ccc(Cl)s3)on2)c[nH]1,Nc1nc(CNC(=O)[*:1])c[nH]1,5.0,1.539,34.0,-1.12,-1.62,0.95,1.12,1.878004259846074,0.5263147358929693
Clc1ccc(-c2cc(Cn3c([*:1])cc4ccccc43)no2)s1,CPD_19,CC(=O)N1CCC(NC(=O)c2cc3ccccc3n2Cc2cc(-c3ccc(Cl)s3)on2)CC1,CC(=O)N1CCC(NC(=O)[*:1])CC1,6.12,3.157,3.8,CPD_86,O=C(NCC1CC(C(=O)N2CCCC2)=NO1)c1cc2ccccc2n1Cc1cc(-c2ccc(Cl)s2)on1,O=C(C1=NOC(CNC(=O)[*:1])C1)N1CCCC1,5.0,1.879,5.1,-1.12,-1.28,0.13,1.12,1.2865846260545786,0.7288892398173834
Clc1ccc(-c2cc(Cn3c([*:1])cc4ccccc43)no2)s1,CPD_19,CC(=O)N1CCC(NC(=O)c2cc3ccccc3n2Cc2cc(-c3ccc(Cl)s3)on2)CC1,CC(=O)N1CCC(NC(=O)[*:1])CC1,6.12,3.157,3.8,CPD_46,O=C(Nc1ccc(-c2c[nH]cn2)cc1)c1cc2ccccc2n1Cc1cc(-c2ccc(Cl)s2)on1,O=C(Nc1ccc(-c2c[nH]cn2)cc1)[*:1],5.0,4.299,0.0,-1.12,1.14,-1.58,1.12,1.9483326204732088,0.5094770416311756
Clc1ccc(-c2cc(Cn3c([*:1])cc4ccccc43)no2)s1,CPD_17,CCCN1CCC(NC(=O)c2cc3ccccc3n2Cc2cc(-c3ccc(Cl)s3)on2)CC1,CCCN1CCC(NC(=O)[*:1])CC1,7.2,2.84,77.0,CPD_204,CC(C)N1CC(CNC(=O)c2cc3ccccc3n2Cc2cc(-c3ccc(Cl)s3)on2)C1,CC(C)N1CC(CNC(=O)[*:1])C1,6.08,1.854,360.0,-1.12,-0.99,0.67,1.12,1.1954078801814885,0.7748677832442498
O=C(O)c1ccc2c(c1)cc([*:1])n2Cc1cc(-c2ccc(Cl)s2)on1,CPD_185,O=C(O)c1ccc2c(c1)cc(C(=O)NC1CCN(c3ccncc3)CC1)n2Cc1cc(-c2ccc(Cl)s2)on1,O=C(NC1CCN(c2ccncc2)CC1)[*:1],7.27,1.378,1.9,CPD_264,O=C(O)c1ccc2c(c1)cc(C(=O)NC1CCN(c3ccncc3F)CC1)n2Cc1cc(-c2ccc(Cl)s2)on1,O=C(NC1CCN(c2ccncc2F)CC1)[*:1],6.15,1.713,1.2,-1.12,0.34,-0.2,1.12,0.3944616584663204,1.7378846131286665
O=C(N[*:1])c1cc2ccccc2n1Cc1cc(-c2ccc(Cl)s2)on1,CPD_19,CC(=O)N1CCC(NC(=O)c2cc3ccccc3n2Cc2cc(-c3ccc(Cl)s3)on2)CC1,CC(=O)N1CCC([*:1])CC1,6.12,3.157,3.8,CPD_47,O=C(Nc1nc(-c2cccnc2)cs1)c1cc2ccccc2n1Cc1cc(-c2ccc(Cl)s2)on1,c1cncc(-c2csc([*:1])n2)c1,5.0,5.297,0.1,-1.12,2.14,-1.58,1.12,2.6600751869073176,0.3848697810417332
CC(C)N1CCC(NC(=O)c2cc3cc([*:1])ccc3n2Cc2cc(-c3ccc(Cl)s3)on2)CC1,CPD_37,CC(C)N1CCC(NC(=O)c2cc3cc(C#N)ccc3n2Cc2cc(-c3ccc(Cl)s3)on2)CC1,N#C[*:1],8.7,1.433,130.0,CPD_365,CC(C)N1CCC(NC(=O)c2cc3cc(C(=O)OC4CCOC4)ccc3n2Cc2cc(-c3ccc(Cl)s3)on2)CC1,O=C(OC1CCOC1)[*:1],7.58,1.734,120.0,-1.12,0.3,-0.03,1.12,0.3014962686336267,2.030838763016265
CC(C)N1CCC(NC(=O)c2cc3cc([*:1])ccc3n2Cc2cc(-c3ccc(Cl)s3)on2)CC1,CPD_148,CC(C)N1CCC(NC(=O)c2cc3cc(C(N)=O)ccc3n2Cc2cc(-c3ccc(Cl)s3)on2)CC1,NC(=O)[*:1],8.44,0.497,390.0,CPD_368,CC(C)N1CCC(NC(=O)c2cc3cc(C(=O)NCCN4CCNC4=O)ccc3n2Cc2cc(-c3ccc(Cl)s3)on2)CC1,O=C1NCCN1CCNC(=O)[*:1],7.32,0.289,190.0,-1.12,-0.21,-0.31,1.12,0.3744329045369811,1.7936274527853133
CC(C)N1CCC(NC(=O)c2cc3ccccc3n2C[*:1])CC1,CPD_146,CC(C)N1CCC(NC(=O)c2cc3ccccc3n2CC(=O)Nc2ccc(Cl)s2)CC1,O=C(Nc1ccc(Cl)s1)[*:1],7.82,1.184,1900.0,CPD_855,CC(C)N1CCC(NC(=O)c2cc3ccccc3n2CC(=O)Nc2ccccc2)CC1,O=C(Nc1ccccc1)[*:1],6.69,0.388,27000.0,-1.13,-0.8,1.15,1.13,1.40089257261219,0.6844782142377761
Clc1ccc(-c2cc(Cn3c([*:1])nc4ccccc43)no2)s1,CPD_533,O=C(Nc1ccc(N2CCOC2=O)cc1)c1nc2ccccc2n1Cc1cc(-c2ccc(Cl)s2)on1,O=C1OCCN1c1ccc(NC(=O)[*:1])cc1,6.33,4.952,0.1,CPD_984,O=C(c1nc2ccccc2n1Cc1cc(-c2ccc(Cl)s2)on1)N1CCC(N2CCCC2=O)CC1,O=C1CCCN1C1CCN(C(=O)[*:1])CC1,5.21,3.149,1.2,-1.13,-1.8,1.08,1.13,2.099142682144308,0.48102655006401346
CC(C)N1CCC(NC(=O)c2cc3ccccc3n2C[*:1])CC1,CPD_83,CC(C)N1CCC(NC(=O)c2cc3ccccc3n2CC(=O)Nc2ccc(Cl)cc2)CC1,O=C(Nc1ccc(Cl)cc1)[*:1],8.38,1.359,3800.0,CPD_853,Cc1ccc(NC(=O)Cn2c(C(=O)NC3CCN(C(C)C)CC3)cc3ccccc32)cc1,Cc1ccc(NC(=O)[*:1])cc1,7.25,0.85,14000.0,-1.13,-0.51,0.57,1.13,0.7648529270389177,1.1134618326391903
CC(C)N1CCC(NC(=O)c2cc3cc([*:1])ccc3n2Cc2cc(-c3ccc(Cl)s3)on2)CC1,CPD_338,CC(C)N1CCC(NC(=O)c2cc3cc(NS(C)(=O)=O)ccc3n2Cc2cc(-c3ccc(Cl)s3)on2)CC1,CS(=O)(=O)N[*:1],8.46,0.697,170.0,CPD_368,CC(C)N1CCC(NC(=O)c2cc3cc(C(=O)NCCN4CCNC4=O)ccc3n2Cc2cc(-c3ccc(Cl)s3)on2)CC1,O=C1NCCN1CCNC(=O)[*:1],7.32,0.289,190.0,-1.13,-0.41,0.05,1.13,0.41303752856126763,1.7042775881057581
CC(C)N1CCC(NC(=O)c2cc3cc(OCCO)ncc3n2[*:1])CC1,CPD_631,CC(C)N1CCC(NC(=O)c2cc3cc(OCCO)ncc3n2CC(=O)Nc2ccc(Cl)cn2)CC1,O=C(C[*:1])Nc1ccc(Cl)cn1,7.35,-0.998,400000.0,CPD_706,CC(C)N1CCC(NC(=O)c2cc3cc(OCCO)ncc3n2Cc2cc3ccc(Cl)cc3s2)CC1,Clc1ccc2cc(C[*:1])sc2c1,6.21,2.028,9500.0,-1.14,3.03,-1.62,1.14,3.4358841656842856,0.30928807004122405
CC(C)N1CCC(NC(=O)c2cc3c([*:1])cccc3n2Cc2cc(-c3ccc(Cl)s3)on2)CC1,CPD_182,CC(C)N1CCC(NC(=O)c2cc3c(-c4nnc(O)o4)cccc3n2Cc2cc(-c3ccc(Cl)s3)on2)CC1,Oc1nnc([*:1])o1,8.57,0.305,310.0,CPD_406,CC(C)N1CCC(NC(=O)c2cc3c(C(=O)N(C)CCO)cccc3n2Cc2cc(-c3ccc(Cl)s3)on2)CC1,CN(CCO)C(=O)[*:1],7.43,-0.435,32000.0,-1.14,-0.74,2.01,1.14,2.141891687270857,0.47661021026446954
CC(C)N1CCC(NC(=O)c2cc3ccccc3n2C[*:1])CC1,CPD_855,CC(C)N1CCC(NC(=O)c2cc3ccccc3n2CC(=O)Nc2ccccc2)CC1,O=C(Nc1ccccc1)[*:1],6.69,0.388,27000.0,CPD_859,CC(C)N1CCC(NC(=O)c2cc3ccccc3n2CC(=O)Nc2ccc(C#N)cc2)CC1,N#Cc1ccc(NC(=O)[*:1])cc1,5.54,0.68,4500.0,-1.15,0.29,-0.78,1.15,0.8321658488546619,1.0626836923537477
Clc1ccc(-c2cc(Cn3c([*:1])nc4ccccc43)no2)s1,CPD_533,O=C(Nc1ccc(N2CCOC2=O)cc1)c1nc2ccccc2n1Cc1cc(-c2ccc(Cl)s2)on1,O=C1OCCN1c1ccc(NC(=O)[*:1])cc1,6.33,4.952,0.1,CPD_976,O=C(CN1CCN(C(=O)c2nc3ccccc3n2Cc2cc(-c3ccc(Cl)s3)on2)CC1)N1CCCC1,O=C(CN1CCN(C(=O)[*:1])CC1)N1CCCC1,5.18,3.591,0.7,-1.15,-1.36,0.85,1.15,1.6037767924496227,0.6203551607097011
Clc1ccc(-c2cc(Cn3c([*:1])nc4ccccc43)no2)s1,CPD_979,CCN(CC)C(=O)N1CCN(C(=O)c2nc3ccccc3n2Cc2cc(-c3ccc(Cl)s3)on2)CC1,CCN(CC)C(=O)N1CCN(C(=O)[*:1])CC1,5.92,4.096,0.6,CPD_983,O=C(c1nc2ccccc2n1Cc1cc(-c2ccc(Cl)s2)on1)N1CCC(Nc2ccncc2)CC1,O=C(N1CCC(Nc2ccncc2)CC1)[*:1],4.77,3.65,2.4,-1.15,-0.45,0.6,1.15,0.75,1.15
CC(C)N1CCC(NC(=O)c2cc3cc([*:1])ccc3n2Cc2cc(-c3ccc(Cl)s3)on2)CC1,CPD_262,CC(C)N1CCC(NC(=O)c2cc3cc(-c4n[nH]c(=O)o4)ccc3n2Cc2cc(-c3ccc(Cl)s3)on2)CC1,O=c1[nH]nc([*:1])o1,8.48,0.297,310.0,CPD_368,CC(C)N1CCC(NC(=O)c2cc3cc(C(=O)NCCN4CCNC4=O)ccc3n2Cc2cc(-c3ccc(Cl)s3)on2)CC1,O=C1NCCN1CCNC(=O)[*:1],7.32,0.289,190.0,-1.15,-0.01,-0.21,1.15,0.21023796041628637,2.4987074055339153
CC(C)N1CCC(NC(=O)c2cc3cc([*:1])ccc3n2Cc2cc(-c3ccc(Cl)s3)on2)CC1,CPD_259,CCOC(=O)COc1ccc2c(c1)cc(C(=O)NC1CCN(C(C)C)CC1)n2Cc1cc(-c2ccc(Cl)s2)on1,CCOC(=O)CO[*:1],7.79,1.709,270.0,CPD_335,CC(C)N1CCC(NC(=O)c2cc3cc(C(=O)N(CCO)CCO)ccc3n2Cc2cc(-c3ccc(Cl)s3)on2)CC1,O=C(N(CCO)CCO)[*:1],6.64,-1.074,41000.0,-1.15,-2.78,2.18,1.15,3.5328175724200648,0.30400620119364763
CC(C)N1CCC(NC(=O)c2nc3c(C(=O)O)cccc3n2C[*:1])CC1,CPD_466,CC(C)N1CCC(NC(=O)c2nc3c(C(=O)O)cccc3n2CCc2ccc(Cl)cc2)CC1,Clc1ccc(C[*:1])cc1,7.19,2.565,2.3,CPD_650,CC(C)N1CCC(NC(=O)c2nc3c(C(=O)O)cccc3n2Cc2cc3cc(Cl)ccc3s2)CC1,Clc1ccc2sc([*:1])cc2c1,6.04,4.311,0.2,-1.15,1.75,-1.06,1.15,2.0459960899278373,0.50087193312082
CC(C)N1CCC(NC(=O)c2cc3cc([*:1])ccc3n2Cc2cc(-c3ccc(Cl)s3)on2)CC1,CPD_363,CC(C)N1CCC(NC(=O)c2cc3cc(C(=O)OCCN4CCCC4=O)ccc3n2Cc2cc(-c3ccc(Cl)s3)on2)CC1,O=C1CCCN1CCOC(=O)[*:1],8.03,1.653,110.0,CPD_673,CC(C)N1CCC(NC(=O)c2cc3cc(C(=O)N4CCC(F)(F)CC4)ccc3n2Cc2cc(-c3ccc(Cl)s3)on2)CC1,O=C(N1CCC(F)(F)CC1)[*:1],6.88,0.623,560.0,-1.15,-1.03,0.71,1.15,1.2509996003196804,0.766156100078291
O=C(N[*:1])c1cc2ccccc2n1Cc1cc(-c2ccc(Cl)s2)on1,CPD_16,CC(C)CN1CCC(NC(=O)c2cc3ccccc3n2Cc2cc(-c3ccc(Cl)s3)on2)CC1,CC(C)CN1CCC([*:1])CC1,6.85,3.104,48.0,CPD_27,O=CN1CCC(NC(=O)c2cc3ccccc3n2Cc2cc(-c3ccc(Cl)s3)on2)CC1,O=CN1CCC([*:1])CC1,5.69,2.671,2.4,-1.16,-0.43,-1.3,1.16,1.3692698784388708,0.7163722461868738
CC(C)N1CCC(NC(=O)c2cc3cc([*:1])ccc3n2Cc2cc(-c3ccc(Cl)s3)on2)CC1,CPD_143,CC(C)N1CCC(NC(=O)c2cc3cc(CO)ccc3n2Cc2cc(-c3ccc(Cl)s3)on2)CC1,OC[*:1],8.54,0.77,2500.0,CPD_167,CCOC(=O)OC(C)OC(=O)c1ccc2c(c1)cc(C(=O)NC1CCN(C(C)C)CC1)n2Cc1cc(-c2ccc(Cl)s2)on1,CCOC(=O)OC(C)OC(=O)[*:1],7.38,2.914,58.0,-1.16,2.14,-1.63,1.16,2.690074348414928,0.39454784557587347
Clc1ccc(-c2cc(Cn3c([*:1])nc4ccccc43)no2)s1,CPD_978,O=C(c1nc2ccccc2n1Cc1cc(-c2ccc(Cl)s2)on1)N1CCN(Cc2ccncc2)CC1,O=C(N1CCN(Cc2ccncc2)CC1)[*:1],5.93,3.205,2.8,CPD_983,O=C(c1nc2ccccc2n1Cc1cc(-c2ccc(Cl)s2)on1)N1CCC(Nc2ccncc2)CC1,O=C(N1CCC(Nc2ccncc2)CC1)[*:1],4.77,3.65,2.4,-1.16,0.44,-0.07,1.16,0.44553338819890925,1.6677847816965794
Clc1ccc(-c2cc(Cn3c([*:1])nc4ccccc43)no2)s1,CPD_978,O=C(c1nc2ccccc2n1Cc1cc(-c2ccc(Cl)s2)on1)N1CCN(Cc2ccncc2)CC1,O=C(N1CCN(Cc2ccncc2)CC1)[*:1],5.93,3.205,2.8,CPD_986,CNC(=O)CN1CCN(C(=O)c2nc3ccccc3n2Cc2cc(-c3ccc(Cl)s3)on2)CC1,CNC(=O)CN1CCN(C(=O)[*:1])CC1,4.77,2.886,2.4,-1.16,-0.32,-0.07,1.16,0.327566787083184,2.0084257369753
Cc1c(C(=O)NC2CCN(C(C)C)CC2)n([*:1])c2ccccc12,CPD_764,Cc1c(C(=O)NC2CCN(C(C)C)CC2)n(Cc2cc(-c3ccc(Cl)s3)on2)c2ccccc12,Clc1ccc(-c2cc(C[*:1])no2)s1,8.14,2.409,230.0,CPD_770,COc1cccc(Cn2c(C(=O)NC3CCN(C(C)C)CC3)c(C)c3ccccc32)c1,COc1cccc(C[*:1])c1,6.98,1.656,9200.0,-1.16,-0.75,1.6,1.16,1.7670597047072294,0.5750945285818254
Clc1ccc(-c2cc(Cn3c([*:1])nc4ccccc43)no2)s1,CPD_979,CCN(CC)C(=O)N1CCN(C(=O)c2nc3ccccc3n2Cc2cc(-c3ccc(Cl)s3)on2)CC1,CCN(CC)C(=O)N1CCN(C(=O)[*:1])CC1,5.92,4.096,0.6,CPD_986,CNC(=O)CN1CCN(C(=O)c2nc3ccccc3n2Cc2cc(-c3ccc(Cl)s3)on2)CC1,CNC(=O)CN1CCN(C(=O)[*:1])CC1,4.77,2.886,2.4,-1.16,-1.21,0.6,1.16,1.3505924625881784,0.7247316397606078
CC(C)N1CCC(NC(=O)c2cc3c([*:1])cccc3n2Cc2cc(-c3ccc(Cl)s3)on2)CC1,CPD_182,CC(C)N1CCC(NC(=O)c2cc3c(-c4nnc(O)o4)cccc3n2Cc2cc(-c3ccc(Cl)s3)on2)CC1,Oc1nnc([*:1])o1,8.57,0.305,310.0,CPD_675,CC(C)N1CCC(NC(=O)c2cc3c(C(=O)N4CCC(F)(F)CC4)cccc3n2Cc2cc(-c3ccc(Cl)s3)on2)CC1,O=C(N1CCC(F)(F)CC1)[*:1],7.41,0.626,560.0,-1.16,0.32,0.26,1.16,0.41231056256176607,1.7514442099688243
CC(C)N1CCC(NC(=O)c2cc3cc([*:1])ccc3n2Cc2cc(-c3ccc(Cl)s3)on2)CC1,CPD_194,Cc1oc(=O)oc1COC(=O)c1ccc2c(c1)cc(C(=O)NC1CCN(C(C)C)CC1)n2Cc1cc(-c2ccc(Cl)s2)on1,Cc1oc(=O)oc1COC(=O)[*:1],7.96,3.174,10.0,CPD_604,CC(C)N1CCC(NC(=O)c2cc3cc(C(=O)N4CCC(O)CC4)ccc3n2Cc2cc(-c3ccc(Cl)s3)on2)CC1,O=C(N1CCC(O)CC1)[*:1],6.79,-0.266,3400.0,-1.17,-3.44,2.53,1.17,4.270187349519924,0.25883882890921817
CC(C)N1CCC(NC(=O)c2cc3cc([*:1])ccc3n2Cc2cc(-c3ccc(Cl)s3)on2)CC1,CPD_38,CC(C)N1CCC(NC(=O)c2cc3cc(Br)ccc3n2Cc2cc(-c3ccc(Cl)s3)on2)CC1,Br[*:1],8.06,2.851,68.0,CPD_673,CC(C)N1CCC(NC(=O)c2cc3cc(C(=O)N4CCC(F)(F)CC4)ccc3n2Cc2cc(-c3ccc(Cl)s3)on2)CC1,O=C(N1CCC(F)(F)CC1)[*:1],6.88,0.623,560.0,-1.17,-2.23,0.92,1.17,2.4123225323326896,0.43946591210902697
O=C(N[*:1])c1nc2ccccc2n1Cc1cc(-c2ccc(Cl)s2)on1,CPD_559,O=C1CCN(c2ccc(NC(=O)c3nc4ccccc4n3Cc3cc(-c4ccc(Cl)s4)on3)cc2)CC1,O=C1CCN(c2ccc([*:1])cc2)CC1,6.68,4.038,0.4,CPD_990,O=C(NC1CCN(c2ccccc2)CC1)c1nc2ccccc2n1Cc1cc(-c2ccc(Cl)s2)on1,c1ccc(N2CCC([*:1])CC2)cc1,5.51,5.578,0.1,-1.17,1.54,-0.6,1.17,1.6527552752903256,0.6148977828068191
CC(C)N1CCC(NC(=O)c2cc3cc([*:1])ccc3n2Cc2cc(-c3ccc(Cl)s3)on2)CC1,CPD_171,CCOC(=O)c1ccc2c(c1)cc(C(=O)NC1CCN(C(C)C)CC1)n2Cc1cc(-c2ccc(Cl)s2)on1,CCOC(=O)[*:1],7.96,2.492,130.0,CPD_604,CC(C)N1CCC(NC(=O)c2cc3cc(C(=O)N4CCC(O)CC4)ccc3n2Cc2cc(-c3ccc(Cl)s3)on2)CC1,O=C(N1CCC(O)CC1)[*:1],6.79,-0.266,3400.0,-1.17,-2.76,1.42,1.17,3.103868553917836,0.3488508810618888
CC(C)N1CCC(NC(=O)c2nc3ccc([*:1])cc3n2CC(=O)Nc2ccc(Cl)cn2)CC1,CPD_880,CC(C)N1CCC(NC(=O)c2nc3ccc(OCc4nn[nH]n4)cc3n2CC(=O)Nc2ccc(Cl)cn2)CC1,C(O[*:1])c1nn[nH]n1,7.51,0.205,12.0,CPD_943,CC(C)N1CCC(NC(=O)c2nc3ccc(OC(C)(C)CO)cc3n2CC(=O)Nc2ccc(Cl)cn2)CC1,CC(C)(CO)O[*:1],6.34,1.969,380.0,-1.17,1.76,1.5,1.17,2.3124878378058553,0.4565875329195002
Clc1ccc(-c2cc(Cn3c([*:1])cc4ccccc43)no2)s1,CPD_24,O=C(NC1CCN(c2ccnc(Cl)n2)CC1)c1cc2ccccc2n1Cc1cc(-c2ccc(Cl)s2)on1,O=C(NC1CCN(c2ccnc(Cl)n2)CC1)[*:1],6.7,3.331,2.1,CPD_43,O=C(c1cc2ccccc2n1Cc1cc(-c2ccc(Cl)s2)on1)N1CCC(Oc2ccncc2)CC1,O=C(N1CCC(Oc2ccncc2)CC1)[*:1],5.53,3.739,1.1,-1.17,0.41,-0.28,1.17,0.49648766349225637,1.567340034162717
CC(C)N1CCC(NC(=O)c2nc3c(OCCO)cccc3n2C[*:1])CC1,CPD_690,CC(C)N1CCC(NC(=O)c2nc3c(OCCO)cccc3n2CC(=O)Nc2ccc(Cl)cn2)CC1,O=C(Nc1ccc(Cl)cn1)[*:1],8.43,1.283,760.0,CPD_736,CC(C)N1CCC(NC(=O)c2nc3c(OCCO)cccc3n2CCc2ccc(Cl)cc2)CC1,Clc1ccc(C[*:1])cc1,7.25,2.442,250.0,-1.18,1.16,-0.48,1.18,1.2553883861180173,0.783850872559802
CC(C)N1CCC(NC(=O)c2cc3cc([*:1])ccc3n2Cc2cc(-c3ccc(Cl)s3)on2)CC1,CPD_85,CC(C)N1CCC(NC(=O)c2cc3cc(C(=O)O)ccc3n2Cc2cc(-c3ccc(Cl)s3)on2)CC1,O=C(O)[*:1],8.07,1.328,5.5,CPD_673,CC(C)N1CCC(NC(=O)c2cc3cc(C(=O)N4CCC(F)(F)CC4)ccc3n2Cc2cc(-c3ccc(Cl)s3)on2)CC1,O=C(N1CCC(F)(F)CC1)[*:1],6.88,0.623,560.0,-1.18,-0.71,2.01,1.18,2.1317129262637593,0.49544174152469733
CC(C)N1CCC(NC(=O)c2cc3ccccc3n2CC(=O)N[*:1])CC1,CPD_83,CC(C)N1CCC(NC(=O)c2cc3ccccc3n2CC(=O)Nc2ccc(Cl)cc2)CC1,Clc1ccc([*:1])cc1,8.38,1.359,3800.0,CPD_857,CC(C)N1CCC(NC(=O)c2cc3ccccc3n2CC(=O)Nc2ccc(F)cc2)CC1,Fc1ccc([*:1])cc1,7.2,0.778,6500.0,-1.18,-0.58,0.23,1.18,0.6239390995922599,1.3502084991397387
O=C(N[*:1])c1cc2ccccc2n1Cc1cc(-c2ccc(Cl)s2)on1,CPD_23,CS(=O)(=O)N1CCC(NC(=O)c2cc3ccccc3n2Cc2cc(-c3ccc(Cl)s3)on2)CC1,CS(=O)(=O)N1CCC([*:1])CC1,6.87,3.257,1.1,CPD_27,O=CN1CCC(NC(=O)c2cc3ccccc3n2Cc2cc(-c3ccc(Cl)s3)on2)CC1,O=CN1CCC([*:1])CC1,5.69,2.671,2.4,-1.18,-0.59,0.34,1.18,0.6809552114493287,1.2675153277921434
CC(C)N1CCC(NC(=O)c2cc3cc([*:1])ccc3n2Cc2cc(-c3ccc(Cl)s3)on2)CC1,CPD_364,CC(C)N1CCC(NC(=O)c2cc3cc(C(=O)OCCN4CCNC4=O)ccc3n2Cc2cc(-c3ccc(Cl)s3)on2)CC1,O=C1NCCN1CCOC(=O)[*:1],8.16,1.632,44.0,CPD_373,CC(C)N1CCC(NC(=O)c2cc3cc(C(=O)N4CCCC4CO)ccc3n2Cc2cc(-c3ccc(Cl)s3)on2)CC1,O=C(N1CCCC1CO)[*:1],6.98,-0.415,2900.0,-1.18,-2.05,1.82,1.18,2.741331793125378,0.3944731248843253
Clc1ccc(-c2cc(Cn3c([*:1])nc4ccccc43)no2)s1,CPD_438,CCN1CCN(c2ccc(NC(=O)c3nc4ccccc4n3Cc3cc(-c4ccc(Cl)s4)on3)cc2)C(=O)C1=O,CCN1CCN(c2ccc(NC(=O)[*:1])cc2)C(=O)C1=O,5.96,3.038,0.7,CPD_986,CNC(=O)CN1CCN(C(=O)c2nc3ccccc3n2Cc2cc(-c3ccc(Cl)s3)on2)CC1,CNC(=O)CN1CCN(C(=O)[*:1])CC1,4.77,2.886,2.4,-1.19,-0.15,0.54,1.19,0.5604462507680822,1.4683268617409289
Clc1ccc(-c2cc(Cn3c([*:1])nc4ccccc43)no2)s1,CPD_438,CCN1CCN(c2ccc(NC(=O)c3nc4ccccc4n3Cc3cc(-c4ccc(Cl)s4)on3)cc2)C(=O)C1=O,CCN1CCN(c2ccc(NC(=O)[*:1])cc2)C(=O)C1=O,5.96,3.038,0.7,CPD_983,O=C(c1nc2ccccc2n1Cc1cc(-c2ccc(Cl)s2)on1)N1CCC(Nc2ccncc2)CC1,O=C(N1CCC(Nc2ccncc2)CC1)[*:1],4.77,3.65,2.4,-1.19,0.61,0.54,1.19,0.8146778504415104,1.1177089854048525
CC(C)N1CCC(NC(=O)c2cc3cc(C(=O)O[*:1])ccc3n2Cc2cc(-c3ccc(Cl)s3)on2)CC1,CPD_194,Cc1oc(=O)oc1COC(=O)c1ccc2c(c1)cc(C(=O)NC1CCN(C(C)C)CC1)n2Cc1cc(-c2ccc(Cl)s2)on1,Cc1oc(=O)oc1C[*:1],7.96,3.174,10.0,CPD_213,CC(OC(=O)OC1CCCCC1)OC(=O)c1ccc2c(c1)cc(C(=O)NC1CCN(C(C)C)CC1)n2Cc1cc(-c2ccc(Cl)s2)on1,CC(OC(=O)OC1CCCCC1)[*:1],6.77,4.442,4.4,-1.19,1.27,-0.36,1.19,1.3200378782444084,0.7579434970897895
CC(C)N1CCC(NC(=O)c2cc3cc(OCCO)ncc3n2C[*:1])CC1,CPD_777,CC(C)N1CCC(NC(=O)c2cc3cc(OCCO)ncc3n2CC(=O)Nc2ccc(Br)cn2)CC1,O=C(Nc1ccc(Br)cn1)[*:1],7.44,-0.753,370000.0,CPD_831,CC(C)N1CCC(NC(=O)c2cc3cc(OCCO)ncc3n2Cc2cc3ccc(Cl)nc3s2)CC1,Clc1ccc2cc([*:1])sc2n1,6.25,0.718,52000.0,-1.19,1.47,-0.85,1.19,1.6980577139779436,0.6108648586031951
CC(C)N1CCC(NC(=O)c2cc3cc([*:1])ccc3n2Cc2cc(-c3ccc(Cl)s3)on2)CC1,CPD_171,CCOC(=O)c1ccc2c(c1)cc(C(=O)NC1CCN(C(C)C)CC1)n2Cc1cc(-c2ccc(Cl)s2)on1,CCOC(=O)[*:1],7.96,2.492,130.0,CPD_213,CC(OC(=O)OC1CCCCC1)OC(=O)c1ccc2c(c1)cc(C(=O)NC1CCN(C(C)C)CC1)n2Cc1cc(-c2ccc(Cl)s2)on1,CC(OC(=O)OC1CCCCC1)OC(=O)[*:1],6.77,4.442,4.4,-1.19,1.95,-1.47,1.19,2.4420073709962464,0.4420493096791224
CC(C)N1CCC(NC(=O)c2cc3cc(C(=O)N4CC(O)C4)ccc3n2C[*:1])CC1,CPD_344,CC(C)N1CCC(NC(=O)c2cc3cc(C(=O)N4CC(O)C4)ccc3n2Cc2cc(-c3ccc(Cl)s3)on2)CC1,Clc1ccc(-c2cc([*:1])no2)s1,7.23,-1.036,6400.0,CPD_415,COc1cccc(Cn2c(C(=O)NC3CCN(C(C)C)CC3)cc3cc(C(=O)N4CC(O)C4)ccc32)c1,COc1cccc([*:1])c1,6.03,-1.789,250000.0,-1.19,-0.75,1.59,1.19,1.7580102388780334,0.592626460244001
CC(C)N1CCC(NC(=O)c2cc3cc([*:1])ccc3n2Cc2cc(-c3ccc(Cl)s3)on2)CC1,CPD_158,CC(C)N1CCC(NC(=O)c2cc3cc(-c4noc(O)n4)ccc3n2Cc2cc(-c3ccc(Cl)s3)on2)CC1,Oc1nc([*:1])no1,8.24,0.316,300.0,CPD_162,CC(OC(=O)c1ccc2c(c1)cc(C(=O)NC1CCN(C(C)C)CC1)n2Cc1cc(-c2ccc(Cl)s2)on1)OC(=O)C(C)(C)C,CC(OC(=O)C(C)(C)C)OC(=O)[*:1],7.04,3.499,26.0,-1.2,3.18,-1.06,1.2,3.3520143197784824,0.33314692654353406
O=C(Cn1c(C(=O)Nc2ccc([*:1])cc2)nc2ccccc21)Nc1ccc(Cl)cn1,CPD_423,O=C(Cn1c(C(=O)Nc2ccc(-n3ccc(=O)cc3)cc2)nc2ccccc21)Nc1ccc(Cl)cn1,O=c1ccn([*:1])cc1,7.3,3.099,3.9,CPD_521,O=C(Cn1c(C(=O)Nc2ccc(N3CCOC3=O)cc2)nc2ccccc21)Nc1ccc(Cl)cn1,O=C1OCCN1[*:1],6.1,4.136,1.0,-1.2,1.04,-0.59,1.2,1.1957006314291216,0.8300473652098784
CC(C)N1CCC(NC(=O)c2nc3c([*:1])cccc3n2Cc2cc(-c3ccc(Cl)s3)on2)CC1,CPD_434,CC(C)N1CCC(NC(=O)c2nc3c(C(=O)NCC(O)CCl)cccc3n2Cc2cc(-c3ccc(Cl)s3)on2)CC1,O=C(NCC(O)CCl)[*:1],9.36,1.992,49.0,CPD_471,COC1CN(C(=O)c2cccc3c2nc(C(=O)NC2CCN(C(C)C)CC2)n3Cc2cc(-c3ccc(Cl)s3)on2)C1,COC1CN(C(=O)[*:1])C1,8.16,0.766,180.0,-1.2,-1.23,0.57,1.2,1.3556548233234005,0.7473586368433957
O=C(NC1CCN(C[*:1])CC1)c1cc2ccccc2n1Cc1cc(-c2ccc(Cl)s2)on1,CPD_17,CCCN1CCC(NC(=O)c2cc3ccccc3n2Cc2cc(-c3ccc(Cl)s3)on2)CC1,CC[*:1],7.2,2.84,77.0,CPD_25,O=C(NC1CCN(CC(F)(F)F)CC1)c1cc2ccccc2n1Cc1cc(-c2ccc(Cl)s2)on1,FC(F)(F)[*:1],5.99,4.567,1.3,-1.21,1.73,-1.77,1.21,2.4750353532828577,0.44403093653163417
CC(C)N1CCC(NC(=O)c2cc3cc(C(=O)N4CCCOCC4)ccc3n2C[*:1])CC1,CPD_393,CC(C)N1CCC(NC(=O)c2cc3cc(C(=O)N4CCCOCC4)ccc3n2CC(=O)Nc2ccc(Cl)cn2)CC1,O=C(Nc1ccc(Cl)cn1)[*:1],7.64,-0.942,58000.0,CPD_623,CC(C)N1CCC(NC(=O)c2cc3cc(C(=O)N4CCCOCC4)ccc3n2CC(=O)Nc2ccc(Cl)nc2)CC1,O=C(Nc1ccc(Cl)nc1)[*:1],6.43,-1.314,79000.0,-1.21,-0.37,0.13,1.21,0.39217343102255153,1.8842261942747796
CC(C)N1CCC(NC(=O)c2nc3c(C(=O)N4CC(O)C4)cccc3n2C[*:1])CC1,CPD_320,CC(C)N1CCC(NC(=O)c2nc3c(C(=O)N4CC(O)C4)cccc3n2Cc2cc(-c3ccc(Cl)s3)on2)CC1,Clc1ccc(-c2cc([*:1])no2)s1,8.1,0.129,330.0,CPD_527,CC(C)N1CCC(NC(=O)c2nc3c(C(=O)N4CC(O)C4)cccc3n2CCc2ccc(Cl)cc2)CC1,Clc1ccc(C[*:1])cc1,6.89,0.47,1100.0,-1.21,0.34,0.52,1.21,0.6212889826803627,1.388747044955916
CC(C)N1CCC(NC(=O)c2cc3cc([*:1])ccc3n2Cc2cc(-c3ccc(Cl)s3)on2)CC1,CPD_148,CC(C)N1CCC(NC(=O)c2cc3cc(C(N)=O)ccc3n2Cc2cc(-c3ccc(Cl)s3)on2)CC1,NC(=O)[*:1],8.44,0.497,390.0,CPD_344,CC(C)N1CCC(NC(=O)c2cc3cc(C(=O)N4CC(O)C4)ccc3n2Cc2cc(-c3ccc(Cl)s3)on2)CC1,O=C(N1CC(O)C1)[*:1],7.23,-1.036,6400.0,-1.21,-1.53,1.22,1.21,1.9568597292601224,0.548290398323444
O=C(O)c1ccc2c(c1)cc(C(=O)N[*:1])n2Cc1cc(-c2ccc(Cl)s2)on1,CPD_212,O=C(O)c1ccc2c(c1)cc(C(=O)NC1CN(c3ccncc3)C1)n2Cc1cc(-c2ccc(Cl)s2)on1,c1cc(N2CC([*:1])C2)ccn1,7.36,0.473,7.5,CPD_264,O=C(O)c1ccc2c(c1)cc(C(=O)NC1CCN(c3ccncc3F)CC1)n2Cc1cc(-c2ccc(Cl)s2)on1,Fc1cnccc1N1CCC([*:1])CC1,6.15,1.713,1.2,-1.21,1.24,-0.8,1.21,1.4756693396557374,0.7011772024885075
CC(C)N1CCC(NC(=O)c2cc3cc([*:1])ccc3n2Cc2cc(-c3ccc(Cl)s3)on2)CC1,CPD_37,CC(C)N1CCC(NC(=O)c2cc3cc(C#N)ccc3n2Cc2cc(-c3ccc(Cl)s3)on2)CC1,N#C[*:1],8.7,1.433,130.0,CPD_252,CC(C)N1CCC(NC(=O)c2cc3cc(C(=O)NCCO)ccc3n2Cc2cc(-c3ccc(Cl)s3)on2)CC1,O=C(NCCO)[*:1],7.49,0.126,4400.0,-1.21,-1.31,1.53,1.21,2.0141995928904364,0.5344051839773258
O=C(Cn1c([*:1])nc2ccc(OCCO)cc21)Nc1ccc(Cl)cn1,CPD_790,CC(C)N1CCC(NC(=O)c2nc3ccc(OCCO)cc3n2CC(=O)Nc2ccc(Cl)cn2)CC1,CC(C)N1CCC(NC(=O)[*:1])CC1,6.98,1.282,760.0,CPD_896,CC(C)N1CCC(N(C)C(=O)c2nc3ccc(OCCO)cc3n2CC(=O)Nc2ccc(Cl)cn2)CC1,CC(C)N1CCC(N(C)C(=O)[*:1])CC1,5.76,1.226,920.0,-1.22,-0.06,0.08,1.22,0.1,3.4857142857142858
O=C(Cn1c(C(=O)NC2CCN([*:1])CC2)cc2cc(OCCOCCO)ccc21)Nc1ccc(Cl)cn1,CPD_865,CC(C)N1CCC(NC(=O)c2cc3cc(OCCOCCO)ccc3n2CC(=O)Nc2ccc(Cl)cn2)CC1,CC(C)[*:1],8.55,-0.117,77000.0,CPD_903,O=C(Cn1c(C(=O)NC2CCN(C3CC3)CC2)cc2cc(OCCOCCO)ccc21)Nc1ccc(Cl)cn1,C1CC1[*:1],7.34,-0.224,16000.0,-1.22,-0.11,-0.68,1.22,0.688839603971781,1.299476497197992
CC(C)N1CCC(NC(=O)c2cc3cc([*:1])ccc3n2Cc2cc(-c3ccc(Cl)s3)on2)CC1,CPD_143,CC(C)N1CCC(NC(=O)c2cc3cc(CO)ccc3n2Cc2cc(-c3ccc(Cl)s3)on2)CC1,OC[*:1],8.54,0.77,2500.0,CPD_368,CC(C)N1CCC(NC(=O)c2cc3cc(C(=O)NCCN4CCNC4=O)ccc3n2Cc2cc(-c3ccc(Cl)s3)on2)CC1,O=C1NCCN1CCNC(=O)[*:1],7.32,0.289,190.0,-1.22,-0.48,-1.12,1.22,1.2185236969382254,0.8307663012477219
CC(C)N1CCC(NC(=O)c2cc3cc([*:1])ccc3n2Cc2cc(-c3ccc(Cl)s3)on2)CC1,CPD_37,CC(C)N1CCC(NC(=O)c2cc3cc(C#N)ccc3n2Cc2cc(-c3ccc(Cl)s3)on2)CC1,N#C[*:1],8.7,1.433,130.0,CPD_179,CC(C)OC(=O)COc1ccc2c(c1)cc(C(=O)NC1CCN(C(C)C)CC1)n2Cc1cc(-c2ccc(Cl)s2)on1,CC(C)OC(=O)CO[*:1],7.48,2.057,140.0,-1.22,0.62,0.03,1.22,0.6207253821135398,1.4011306263275047
O=C(Cn1c([*:1])nc2ccccc21)Nc1ccc(Cl)cn1,CPD_521,O=C(Cn1c(C(=O)Nc2ccc(N3CCOC3=O)cc2)nc2ccccc21)Nc1ccc(Cl)cn1,O=C1OCCN1c1ccc(NC(=O)[*:1])cc1,6.1,4.136,1.0,CPD_982,NC(=O)N1CCN(C(=O)c2nc3ccccc3n2CC(=O)Nc2ccc(Cl)cn2)CC1,NC(=O)N1CCN(C(=O)[*:1])CC1,4.87,0.511,160.0,-1.22,-3.62,2.2,1.22,4.236083096446528,0.2719521626708998
Clc1ccc(-c2cc(Cn3c([*:1])nc4ccccc43)no2)s1,CPD_164,CC(C)N1CCC(NC(=O)c2nc3ccccc3n2Cc2cc(-c3ccc(Cl)s3)on2)CC1,CC(C)N1CCC(NC(=O)[*:1])CC1,9.15,3.124,26.0,CPD_457,O=C(Nc1ccc(-n2ccc(=O)cc2)cc1)c1nc2ccccc2n1Cc1cc(-c2ccc(Cl)s2)on1,O=C(Nc1ccc(-n2ccc(=O)cc2)cc1)[*:1],7.92,3.915,0.4,-1.23,0.79,-1.81,1.23,1.9748924021323289,0.5528357231213394
CC(C)N1CCC(NC(=O)c2cc3cc([*:1])ccc3n2Cc2cc(-c3ccc(Cl)s3)on2)CC1,CPD_194,Cc1oc(=O)oc1COC(=O)c1ccc2c(c1)cc(C(=O)NC1CCN(C(C)C)CC1)n2Cc1cc(-c2ccc(Cl)s2)on1,Cc1oc(=O)oc1COC(=O)[*:1],7.96,3.174,10.0,CPD_342,CC(C)N1CCC(NC(=O)c2cc3cc(C(=O)N(C)CCO)ccc3n2Cc2cc(-c3ccc(Cl)s3)on2)CC1,CN(CCO)C(=O)[*:1],6.73,-0.441,32000.0,-1.23,-3.61,3.51,1.23,5.0350968213133696,0.23272988964738392
O=C(Cn1c([*:1])nc2ccccc21)Nc1ccc(Cl)cn1,CPD_423,O=C(Cn1c(C(=O)Nc2ccc(-n3ccc(=O)cc3)cc2)nc2ccccc21)Nc1ccc(Cl)cn1,O=C(Nc1ccc(-n2ccc(=O)cc2)cc1)[*:1],7.3,3.099,3.9,CPD_988,O=C(Cn1c(C(=O)N2CCC(Nc3ccncc3)CC2)nc2ccccc21)Nc1ccc(Cl)cn1,O=C(N1CCC(Nc2ccncc2)CC1)[*:1],6.07,2.834,31.0,-1.23,-0.27,0.9,1.23,0.9396275858019495,1.0339370191813726
CC(C)N1CCC(NC(=O)c2cc3cc([*:1])ccc3n2Cc2cc(-c3ccc(Cl)s3)on2)CC1,CPD_37,CC(C)N1CCC(NC(=O)c2cc3cc(C#N)ccc3n2Cc2cc(-c3ccc(Cl)s3)on2)CC1,N#C[*:1],8.7,1.433,130.0,CPD_99,CC(C)OC(=O)c1ccc2c(c1)cc(C(=O)NC1CCN(C(C)C)CC1)n2Cc1cc(-c2ccc(Cl)s2)on1,CC(C)OC(=O)[*:1],7.47,2.832,69.0,-1.23,1.4,-0.28,1.23,1.4277254638059798,0.7331354423206413
CC(C)N1CCC(NC(=O)c2cc3cc([*:1])ccc3n2Cc2cc(-c3ccc(Cl)s3)on2)CC1,CPD_171,CCOC(=O)c1ccc2c(c1)cc(C(=O)NC1CCN(C(C)C)CC1)n2Cc1cc(-c2ccc(Cl)s2)on1,CCOC(=O)[*:1],7.96,2.492,130.0,CPD_342,CC(C)N1CCC(NC(=O)c2cc3cc(C(=O)N(C)CCO)ccc3n2Cc2cc(-c3ccc(Cl)s3)on2)CC1,CN(CCO)C(=O)[*:1],6.73,-0.441,32000.0,-1.23,-2.93,2.39,1.23,3.781137395017536,0.30512480212663384
CC(C)N1CCC(NC(=O)c2cc3cc([*:1])ccc3n2Cc2cc(-c3ccc(Cl)s3)on2)CC1,CPD_338,CC(C)N1CCC(NC(=O)c2cc3cc(NS(C)(=O)=O)ccc3n2Cc2cc(-c3ccc(Cl)s3)on2)CC1,CS(=O)(=O)N[*:1],8.46,0.697,170.0,CPD_344,CC(C)N1CCC(NC(=O)c2cc3cc(C(=O)N4CC(O)C4)ccc3n2Cc2cc(-c3ccc(Cl)s3)on2)CC1,O=C(N1CC(O)C1)[*:1],7.23,-1.036,6400.0,-1.23,-1.73,1.58,1.23,2.3429255216502294,0.4743676552719434
Clc1ccc(-c2cc(Cn3c([*:1])cc4ccccc43)no2)s1,CPD_17,CCCN1CCC(NC(=O)c2cc3ccccc3n2Cc2cc(-c3ccc(Cl)s3)on2)CC1,CCCN1CCC(NC(=O)[*:1])CC1,7.2,2.84,77.0,CPD_22,NC(=O)N1CCC(NC(=O)c2cc3ccccc3n2Cc2cc(-c3ccc(Cl)s3)on2)CC1,NC(=O)N1CCC(NC(=O)[*:1])CC1,5.97,1.914,8.7,-1.23,-0.93,-0.95,1.23,1.3294359706281458,0.7787590145302477
O=C(N[*:1])c1cc2ccccc2n1Cc1cc(-c2ccc(Cl)s2)on1,CPD_60,CC(C)N1CC[C@@H](NC(=O)c2cc3ccccc3n2Cc2cc(-c3ccc(Cl)s3)on2)C1,CC(C)N1CC[C@@H]([*:1])C1,7.32,1.909,390.0,CPD_204,CC(C)N1CC(CNC(=O)c2cc3ccccc3n2Cc2cc(-c3ccc(Cl)s3)on2)C1,CC(C)N1CC(C[*:1])C1,6.08,1.854,360.0,-1.24,-0.05,-0.03,1.24,0.05830951894845301,4.021932258949548
O=C(Cn1c(C(=O)N[*:1])nc2ccccc21)Nc1ccc(Cl)cn1,CPD_531,O=C(Cn1c(C(=O)Nc2ccc(-n3ccc(=O)[nH]c3=O)cc2)nc2ccccc21)Nc1ccc(Cl)cn1,O=c1ccn(-c2ccc([*:1])cc2)c(=O)[nH]1,7.54,2.869,2.6,CPD_601,O=C(Cn1c(C(=O)Nc2ccc(N3CCNCC3=O)cc2)nc2ccccc21)Nc1ccc(Cl)cn1,O=C1CNCCN1c1ccc([*:1])cc1,6.3,2.591,8.7,-1.24,-0.28,0.52,1.24,0.590592922409336,1.4751492273404703
CC(C)N1CCC(NC(=O)c2cc3cc([*:1])ccc3n2Cc2cc(-c3ccc(Cl)s3)on2)CC1,CPD_363,CC(C)N1CCC(NC(=O)c2cc3cc(C(=O)OCCN4CCCC4=O)ccc3n2Cc2cc(-c3ccc(Cl)s3)on2)CC1,O=C1CCCN1CCOC(=O)[*:1],8.03,1.653,110.0,CPD_604,CC(C)N1CCC(NC(=O)c2cc3cc(C(=O)N4CCC(O)CC4)ccc3n2Cc2cc(-c3ccc(Cl)s3)on2)CC1,O=C(N1CCC(O)CC1)[*:1],6.79,-0.266,3400.0,-1.24,-1.92,1.49,1.24,2.4303291958086666,0.4626297403837691
CC(C)N1CCC(NC(=O)c2nc3cc([*:1])ccc3n2Cc2cc(-c3ccc(Cl)s3)on2)CC1,CPD_306,CC(C)N1CCC(NC(=O)c2nc3cc(C(=O)O)ccc3n2Cc2cc(-c3ccc(Cl)s3)on2)CC1,O=C(O)[*:1],8.57,2.192,0.6,CPD_354,CC(OC(=O)OC1CCCCC1)OC(=O)c1ccc2c(c1)nc(C(=O)NC1CCN(C(C)C)CC1)n2Cc1cc(-c2ccc(Cl)s2)on1,CC(OC(=O)OC1CCCCC1)OC(=O)[*:1],7.32,5.603,0.5,-1.25,3.41,-0.08,1.25,3.4109382873338534,0.3414425215319147
CC(C)N1CCC(NC(=O)c2cc3cc([*:1])ccc3n2Cc2cc(-c3ccc(Cl)s3)on2)CC1,CPD_37,CC(C)N1CCC(NC(=O)c2cc3cc(C#N)ccc3n2Cc2cc(-c3ccc(Cl)s3)on2)CC1,N#C[*:1],8.7,1.433,130.0,CPD_117,CC(C)N1CCC(NC(=O)c2cc3cc(C(=O)OCOC(=O)C(C)(C)C)ccc3n2Cc2cc(-c3ccc(Cl)s3)on2)CC1,CC(C)(C)C(=O)OCOC(=O)[*:1],7.45,3.152,47.0,-1.25,1.72,-0.44,1.25,1.7753872816937717,0.6171659175003122
CC(C)N1CCC(NC(=O)c2nc3c(C(=O)O)cccc3n2C[*:1])CC1,CPD_333,CC(C)N1CCC(NC(=O)c2nc3c(C(=O)O)cccc3n2Cc2cc(-c3ccc(Cl)s3)on2)CC1,Clc1ccc(-c2cc([*:1])no2)s1,8.44,2.191,0.6,CPD_466,CC(C)N1CCC(NC(=O)c2nc3c(C(=O)O)cccc3n2CCc2ccc(Cl)cc2)CC1,Clc1ccc(C[*:1])cc1,7.19,2.565,2.3,-1.25,0.37,0.58,1.25,0.6879680225126746,1.3326680334489855
Clc1ccc(-c2cc(Cn3c([*:1])nc4ccccc43)no2)s1,CPD_979,CCN(CC)C(=O)N1CCN(C(=O)c2nc3ccccc3n2Cc2cc(-c3ccc(Cl)s3)on2)CC1,CCN(CC)C(=O)N1CCN(C(=O)[*:1])CC1,5.92,4.096,0.6,CPD_987,NC(=O)N1CCN(C(=O)c2nc3ccccc3n2Cc2cc(-c3ccc(Cl)s3)on2)CC1,NC(=O)N1CCN(C(=O)[*:1])CC1,4.68,1.327,15.0,-1.25,-2.77,1.4,1.25,3.103691350633951,0.37272362579332513
CC(C)N1CCC(NC(=O)c2cc3cc([*:1])ccc3n2Cc2cc(-c3ccc(Cl)s3)on2)CC1,CPD_262,CC(C)N1CCC(NC(=O)c2cc3cc(-c4n[nH]c(=O)o4)ccc3n2Cc2cc(-c3ccc(Cl)s3)on2)CC1,O=c1[nH]nc([*:1])o1,8.48,0.297,310.0,CPD_344,CC(C)N1CCC(NC(=O)c2cc3cc(C(=O)N4CC(O)C4)ccc3n2Cc2cc(-c3ccc(Cl)s3)on2)CC1,O=C(N1CC(O)C1)[*:1],7.23,-1.036,6400.0,-1.25,-1.33,1.31,1.25,1.866815470259447,0.5905096677353713
O=C(Nc1ccc([*:1])cc1)c1nc2ccccc2n1Cc1cc(-c2ccc(Cl)s2)on1,CPD_457,O=C(Nc1ccc(-n2ccc(=O)cc2)cc1)c1nc2ccccc2n1Cc1cc(-c2ccc(Cl)s2)on1,O=c1ccn([*:1])cc1,7.92,3.915,0.4,CPD_559,O=C1CCN(c2ccc(NC(=O)c3nc4ccccc4n3Cc3cc(-c4ccc(Cl)s4)on3)cc2)CC1,O=C1CCN([*:1])CC1,6.68,4.038,0.4,-1.25,0.12,0.0,1.25,0.12,3.3783783783783785
CC(C)N1CCC(NC(=O)c2cc3cc([*:1])ccc3n2Cc2cc(-c3ccc(Cl)s3)on2)CC1,CPD_112,COC(=O)c1ccc2c(c1)cc(C(=O)NC1CCN(C(C)C)CC1)n2Cc1cc(-c2ccc(Cl)s2)on1,COC(=O)[*:1],8.29,1.96,260.0,CPD_162,CC(OC(=O)c1ccc2c(c1)cc(C(=O)NC1CCN(C(C)C)CC1)n2Cc1cc(-c2ccc(Cl)s2)on1)OC(=O)C(C)(C)C,CC(OC(=O)C(C)(C)C)OC(=O)[*:1],7.04,3.499,26.0,-1.25,1.54,-1.0,1.25,1.8361917111238684,0.5991779151143318
CC(C)N1CCC(NC(=O)c2cc3cc([*:1])ccc3n2Cc2cc(-c3ccc(Cl)s3)on2)CC1,CPD_158,CC(C)N1CCC(NC(=O)c2cc3cc(-c4noc(O)n4)ccc3n2Cc2cc(-c3ccc(Cl)s3)on2)CC1,Oc1nc([*:1])no1,8.24,0.316,300.0,CPD_373,CC(C)N1CCC(NC(=O)c2cc3cc(C(=O)N4CCCC4CO)ccc3n2Cc2cc(-c3ccc(Cl)s3)on2)CC1,O=C(N1CCCC1CO)[*:1],6.98,-0.415,2900.0,-1.26,-0.73,0.99,1.26,1.2300406497347964,0.8513279687458417
Clc1ccc(-c2cc(Cn3c([*:1])nc4ccccc43)no2)s1,CPD_978,O=C(c1nc2ccccc2n1Cc1cc(-c2ccc(Cl)s2)on1)N1CCN(Cc2ccncc2)CC1,O=C(N1CCN(Cc2ccncc2)CC1)[*:1],5.93,3.205,2.8,CPD_987,NC(=O)N1CCN(C(=O)c2nc3ccccc3n2Cc2cc(-c3ccc(Cl)s3)on2)CC1,NC(=O)N1CCN(C(=O)[*:1])CC1,4.68,1.327,15.0,-1.26,-1.88,0.73,1.26,2.0167548190099853,0.5558607351060183
O=C(N[*:1])c1nc2ccccc2n1Cc1cc(-c2ccc(Cl)s2)on1,CPD_116,O=C(NC1CCN(c2ccncn2)CC1)c1nc2ccccc2n1Cc1cc(-c2ccc(Cl)s2)on1,c1cc(N2CCC([*:1])CC2)ncn1,7.23,3.606,0.7,CPD_438,CCN1CCN(c2ccc(NC(=O)c3nc4ccccc4n3Cc3cc(-c4ccc(Cl)s4)on3)cc2)C(=O)C1=O,CCN1CCN(c2ccc([*:1])cc2)C(=O)C1=O,5.96,3.038,0.7,-1.27,-0.57,0.0,1.27,0.57,1.548780487804878
CC(C)N1CCC(NC(=O)c2cc3cc([*:1])ccc3n2Cc2cc(-c3ccc(Cl)s3)on2)CC1,CPD_38,CC(C)N1CCC(NC(=O)c2cc3cc(Br)ccc3n2Cc2cc(-c3ccc(Cl)s3)on2)CC1,Br[*:1],8.06,2.851,68.0,CPD_604,CC(C)N1CCC(NC(=O)c2cc3cc(C(=O)N4CCC(O)CC4)ccc3n2Cc2cc(-c3ccc(Cl)s3)on2)CC1,O=C(N1CCC(O)CC1)[*:1],6.79,-0.266,3400.0,-1.27,-3.12,1.7,1.27,3.5530831681794335,0.3339395810815148
CC(C)N1CCC(NC(=O)c2cc3c([*:1])cccc3n2Cc2cc(-c3ccc(Cl)s3)on2)CC1,CPD_154,CC(C)N1CCC(NC(=O)c2cc3c(CO)cccc3n2Cc2cc(-c3ccc(Cl)s3)on2)CC1,OC[*:1],8.7,0.769,2500.0,CPD_406,CC(C)N1CCC(NC(=O)c2cc3c(C(=O)N(C)CCO)cccc3n2Cc2cc(-c3ccc(Cl)s3)on2)CC1,CN(CCO)C(=O)[*:1],7.43,-0.435,32000.0,-1.27,-1.2,1.11,1.27,1.6346559270990333,0.6738630546504338
CC(C)N1CCC(NC(=O)c2cc3cc([*:1])ccc3n2Cc2cc(-c3ccc(Cl)s3)on2)CC1,CPD_364,CC(C)N1CCC(NC(=O)c2cc3cc(C(=O)OCCN4CCNC4=O)ccc3n2Cc2cc(-c3ccc(Cl)s3)on2)CC1,O=C1NCCN1CCOC(=O)[*:1],8.16,1.632,44.0,CPD_673,CC(C)N1CCC(NC(=O)c2cc3cc(C(=O)N4CCC(F)(F)CC4)ccc3n2Cc2cc(-c3ccc(Cl)s3)on2)CC1,O=C(N1CCC(F)(F)CC1)[*:1],6.88,0.623,560.0,-1.28,-1.01,1.1,1.28,1.4933519344079613,0.7342177874341164
CC(C)N1CCC(NC(=O)c2cc3cc([*:1])ccc3n2Cc2cc(-c3ccc(Cl)s3)on2)CC1,CPD_85,CC(C)N1CCC(NC(=O)c2cc3cc(C(=O)O)ccc3n2Cc2cc(-c3ccc(Cl)s3)on2)CC1,O=C(O)[*:1],8.07,1.328,5.5,CPD_604,CC(C)N1CCC(NC(=O)c2cc3cc(C(=O)N4CCC(O)CC4)ccc3n2Cc2cc(-c3ccc(Cl)s3)on2)CC1,O=C(N1CCC(O)CC1)[*:1],6.79,-0.266,3400.0,-1.28,-1.59,2.79,1.28,3.211261434389919,0.3698073734859651
O=C(Cn1c(C(=O)NC2CCN([*:1])CC2)cc2cc(C(=O)O)ccc21)Nc1ccc(Cl)cn1,CPD_416,CC(C)N1CCC(NC(=O)c2cc3cc(C(=O)O)ccc3n2CC(=O)Nc2ccc(Cl)cn2)CC1,CC(C)[*:1],8.09,0.362,8.8,CPD_620,O=C(Cn1c(C(=O)NC2CCN(C3CC3)CC2)cc2cc(C(=O)O)ccc21)Nc1ccc(Cl)cn1,C1CC1[*:1],6.81,-0.152,19.0,-1.28,-0.51,0.33,1.28,0.6074537019394977,1.4927919689479834
CC(C)N1CCC(NC(=O)c2nc3ccc(S(=O)(=O)CCO)cc3n2[*:1])CC1,CPD_348,CC(C)N1CCC(NC(=O)c2nc3ccc(S(=O)(=O)CCO)cc3n2Cc2cc(-c3ccc(Cl)s3)on2)CC1,Clc1ccc(-c2cc(C[*:1])no2)s1,7.93,1.103,89.0,CPD_450,CC(C)N1CCC(NC(=O)c2nc3ccc(S(=O)(=O)CCO)cc3n2CC(=O)Nc2ccc(Cl)cn2)CC1,O=C(C[*:1])Nc1ccc(Cl)cn1,6.65,0.285,880.0,-1.28,-0.82,1.0,1.28,1.2932130528261767,0.8294382928240924
Clc1ccc(-c2cc(Cn3c([*:1])nc4ccccc43)no2)s1,CPD_438,CCN1CCN(c2ccc(NC(=O)c3nc4ccccc4n3Cc3cc(-c4ccc(Cl)s4)on3)cc2)C(=O)C1=O,CCN1CCN(c2ccc(NC(=O)[*:1])cc2)C(=O)C1=O,5.96,3.038,0.7,CPD_987,NC(=O)N1CCN(C(=O)c2nc3ccccc3n2Cc2cc(-c3ccc(Cl)s3)on2)CC1,NC(=O)N1CCN(C(=O)[*:1])CC1,4.68,1.327,15.0,-1.28,-1.71,1.33,1.28,2.166333307688362,0.5297282439998064
CC(C)N1CCC(NC(=O)c2nc3c(OCCO)cccc3n2C[*:1])CC1,CPD_736,CC(C)N1CCC(NC(=O)c2nc3c(OCCO)cccc3n2CCc2ccc(Cl)cc2)CC1,Clc1ccc(C[*:1])cc1,7.25,2.442,250.0,CPD_821,Cc1cc(Br)cnc1NC(=O)Cn1c(C(=O)NC2CCN(C(C)C)CC2)nc2c(OCCO)cccc21,Cc1cc(Br)cnc1NC(=O)[*:1],5.96,1.988,460.0,-1.28,-0.45,0.26,1.28,0.5197114584074514,1.6629608225507595
Clc1ccc(-c2cc(Cn3c([*:1])cc4ccccc43)no2)s1,CPD_177,CC(C)N1CC(NC(=O)c2cc3ccccc3n2Cc2cc(-c3ccc(Cl)s3)on2)C1,CC(C)N1CC(NC(=O)[*:1])C1,6.65,2.16,190.0,CPD_250,O=C(c1cc2ccccc2n1Cc1cc(-c2ccc(Cl)s2)on1)N1CCC(N2CCCC2=O)CC1,O=C1CCCN1C1CCN(C(=O)[*:1])CC1,5.35,2.607,2.1,-1.29,0.45,-1.96,1.29,2.0109947787102778,0.5705453246273505
CC(C)N1CCC(NC(=O)c2cc3cc([*:1])ccc3n2Cc2cc(-c3ccc(Cl)s3)on2)CC1,CPD_38,CC(C)N1CCC(NC(=O)c2cc3cc(Br)ccc3n2Cc2cc(-c3ccc(Cl)s3)on2)CC1,Br[*:1],8.06,2.851,68.0,CPD_213,CC(OC(=O)OC1CCCCC1)OC(=O)c1ccc2c(c1)cc(C(=O)NC1CCN(C(C)C)CC1)n2Cc1cc(-c2ccc(Cl)s2)on1,CC(OC(=O)OC1CCCCC1)OC(=O)[*:1],6.77,4.442,4.4,-1.29,1.59,-1.19,1.29,1.98600100704909,0.5769228170887308
CC(C)N1CCC(NC(=O)c2nc3ccc([*:1])cc3n2CC(=O)Nc2ccc(Cl)cn2)CC1,CPD_340,CC(C)N1CCC(NC(=O)c2nc3ccc(C(=O)O)cc3n2CC(=O)Nc2ccc(Cl)cn2)CC1,O=C(O)[*:1],7.63,1.376,1.9,CPD_943,CC(C)N1CCC(NC(=O)c2nc3ccc(OC(C)(C)CO)cc3n2CC(=O)Nc2ccc(Cl)cn2)CC1,CC(C)(CO)O[*:1],6.34,1.969,380.0,-1.29,0.59,2.3,1.29,2.374468361549591,0.49152812009451413
CC(C)N1CCC(NC(=O)c2cc3c([*:1])cccc3n2Cc2cc(-c3ccc(Cl)s3)on2)CC1,CPD_154,CC(C)N1CCC(NC(=O)c2cc3c(CO)cccc3n2Cc2cc(-c3ccc(Cl)s3)on2)CC1,OC[*:1],8.7,0.769,2500.0,CPD_675,CC(C)N1CCC(NC(=O)c2cc3c(C(=O)N4CCC(F)(F)CC4)cccc3n2Cc2cc(-c3ccc(Cl)s3)on2)CC1,O=C(N1CCC(F)(F)CC1)[*:1],7.41,0.626,560.0,-1.29,-0.14,-0.65,1.29,0.6649060083951717,1.4099809031342765
CC(C)N1CCC(NC(=O)c2nc3c(C(=O)O)cccc3n2[*:1])CC1,CPD_466,CC(C)N1CCC(NC(=O)c2nc3c(C(=O)O)cccc3n2CCc2ccc(Cl)cc2)CC1,Clc1ccc(CC[*:1])cc1,7.19,2.565,2.3,CPD_671,CC(C)N1CCC(NC(=O)c2nc3c(C(=O)O)cccc3n2Cc2n[nH]c3ccc(Cl)cc23)CC1,Clc1ccc2[nH]nc(C[*:1])c2c1,5.89,1.751,1.1,-1.3,-0.81,-0.32,1.3,0.8709190547921203,1.1597626023416034
COC(=O)c1ccc2nc(C(=O)NC3CCN(C(C)C)CC3)n(C[*:1])c2c1,CPD_289,COC(=O)c1ccc2nc(C(=O)NC3CCN(C(C)C)CC3)n(Cc3cc(-c4ccc(Cl)s4)on3)c2c1,Clc1ccc(-c2cc([*:1])no2)s1,6.76,3.123,16.0,CPD_540,COC(=O)c1ccc2nc(C(=O)NC3CCN(C(C)C)CC3)n(CCc3ccc(Cl)cc3)c2c1,Clc1ccc(C[*:1])cc1,5.46,3.464,54.0,-1.3,0.34,0.53,1.3,0.6296824596572467,1.477805980701858
COC(=O)c1cccc2c1nc([*:1])n2CC(=O)Nc1ccc(Cl)cn1,CPD_358,COC(=O)c1cccc2c1nc(C(=O)Nc1ccc(N3CCOCC3=O)cc1)n2CC(=O)Nc1ccc(Cl)cn1,O=C1COCCN1c1ccc(NC(=O)[*:1])cc1,7.5,2.855,3.2,CPD_403,COC(=O)c1cccc2c1nc(C(=O)Nc1ccc(C(=O)N3CCCC3)cc1F)n2CC(=O)Nc1ccc(Cl)cn1,O=C(c1ccc(NC(=O)[*:1])c(F)c1)N1CCCC1,6.2,3.714,1.4,-1.3,0.86,-0.36,1.3,0.9323089616645331,1.0995433868400808
CC(C)N1CCC(NC(=O)c2cc3cc([*:1])ccc3n2Cc2cc(-c3ccc(Cl)s3)on2)CC1,CPD_85,CC(C)N1CCC(NC(=O)c2cc3cc(C(=O)O)ccc3n2Cc2cc(-c3ccc(Cl)s3)on2)CC1,O=C(O)[*:1],8.07,1.328,5.5,CPD_213,CC(OC(=O)OC1CCCCC1)OC(=O)c1ccc2c(c1)cc(C(=O)NC1CCN(C(C)C)CC1)n2Cc1cc(-c2ccc(Cl)s2)on1,CC(OC(=O)OC1CCCCC1)OC(=O)[*:1],6.77,4.442,4.4,-1.3,3.11,-0.1,1.3,3.111607301701164,0.38671976924316126
Clc1ccc(-c2cc(Cn3c([*:1])nc4ccccc43)no2)s1,CPD_116,O=C(NC1CCN(c2ccncn2)CC1)c1nc2ccccc2n1Cc1cc(-c2ccc(Cl)s2)on1,O=C(NC1CCN(c2ccncn2)CC1)[*:1],7.23,3.606,0.7,CPD_978,O=C(c1nc2ccccc2n1Cc1cc(-c2ccc(Cl)s2)on1)N1CCN(Cc2ccncc2)CC1,O=C(N1CCN(Cc2ccncc2)CC1)[*:1],5.93,3.205,2.8,-1.3,-0.4,0.6,1.3,0.7211102550927979,1.3386739488975676
Clc1ccc(-c2cc(Cn3c([*:1])cc4ccccc43)no2)s1,CPD_73,CCC(CC)N1CCC(NC(=O)c2cc3ccccc3n2Cc2cc(-c3ccc(Cl)s3)on2)CC1,CCC(CC)N1CCC(NC(=O)[*:1])CC1,6.66,3.315,49.0,CPD_250,O=C(c1cc2ccccc2n1Cc1cc(-c2ccc(Cl)s2)on1)N1CCC(N2CCCC2=O)CC1,O=C1CCCN1C1CCN(C(=O)[*:1])CC1,5.35,2.607,2.1,-1.3,-0.71,-1.37,1.3,1.5430489298787644,0.7250220439259839
CC(C)N1CCC(NC(=O)c2cc3cc([*:1])ccc3n2Cc2cc(-c3ccc(Cl)s3)on2)CC1,CPD_112,COC(=O)c1ccc2c(c1)cc(C(=O)NC1CCN(C(C)C)CC1)n2Cc1cc(-c2ccc(Cl)s2)on1,COC(=O)[*:1],8.29,1.96,260.0,CPD_373,CC(C)N1CCC(NC(=O)c2cc3cc(C(=O)N4CCCC4CO)ccc3n2Cc2cc(-c3ccc(Cl)s3)on2)CC1,O=C(N1CCCC1CO)[*:1],6.98,-0.415,2900.0,-1.3,-2.38,1.05,1.3,2.6013265846486866,0.4559281307862437
O=C(Nc1ccc(-n2ccc(=O)cc2)cc1)c1nc2ccccc2n1C[*:1],CPD_423,O=C(Cn1c(C(=O)Nc2ccc(-n3ccc(=O)cc3)cc2)nc2ccccc21)Nc1ccc(Cl)cn1,O=C(Nc1ccc(Cl)cn1)[*:1],7.3,3.099,3.9,CPD_449,COc1cccc(Cn2c(C(=O)Nc3ccc(-n4ccc(=O)cc4)cc3)nc3ccccc32)c1,COc1cccc([*:1])c1,5.99,3.193,6.8,-1.31,0.09,0.24,1.31,0.2563201123595259,2.58729599718093
CC(C)N1CCC(NC(=O)c2nc3cc(C(=O)O[*:1])ccc3n2Cc2cc(-c3ccc(Cl)s3)on2)CC1,CPD_290,COC(=O)c1ccc2c(c1)nc(C(=O)NC1CCN(C(C)C)CC1)n2Cc1cc(-c2ccc(Cl)s2)on1,C[*:1],8.63,3.121,16.0,CPD_354,CC(OC(=O)OC1CCCCC1)OC(=O)c1ccc2c(c1)nc(C(=O)NC1CCN(C(C)C)CC1)n2Cc1cc(-c2ccc(Cl)s2)on1,CC(OC(=O)OC1CCCCC1)[*:1],7.32,5.603,0.5,-1.31,2.48,-1.51,1.31,2.9035323314886647,0.41540718860541953
CC(C)N1CCC(NC(=O)c2cc3c(C(=O)N4CCC(F)(F)CC4)cccc3n2[*:1])CC1,CPD_669,CC(C)N1CCC(NC(=O)c2cc3c(C(=O)N4CCC(F)(F)CC4)cccc3n2CC(=O)Nc2ccc(Cl)cn2)CC1,O=C(C[*:1])Nc1ccc(Cl)cn1,8.71,-0.341,18000.0,CPD_675,CC(C)N1CCC(NC(=O)c2cc3c(C(=O)N4CCC(F)(F)CC4)cccc3n2Cc2cc(-c3ccc(Cl)s3)on2)CC1,Clc1ccc(-c2cc(C[*:1])no2)s1,7.41,0.626,560.0,-1.31,0.97,-1.51,1.31,1.7947144619688113,0.6406762530248987
CC(C)N1CCC(NC(=O)c2cc3cc([*:1])ccc3n2Cc2cc(-c3ccc(Cl)s3)on2)CC1,CPD_143,CC(C)N1CCC(NC(=O)c2cc3cc(CO)ccc3n2Cc2cc(-c3ccc(Cl)s3)on2)CC1,OC[*:1],8.54,0.77,2500.0,CPD_344,CC(C)N1CCC(NC(=O)c2cc3cc(C(=O)N4CC(O)C4)ccc3n2Cc2cc(-c3ccc(Cl)s3)on2)CC1,O=C(N1CC(O)C1)[*:1],7.23,-1.036,6400.0,-1.31,-1.81,0.41,1.31,1.8558555978308227,0.622074942531383
CC(C)N1CCC(NC(=O)c2cc3cc([*:1])ccc3n2Cc2cc(-c3ccc(Cl)s3)on2)CC1,CPD_181,CC(C)N1CCC(NC(=O)c2cc3cc(OCC(=O)O)ccc3n2Cc2cc(-c3ccc(Cl)s3)on2)CC1,O=C(O)CO[*:1],8.3,0.774,4.7,CPD_373,CC(C)N1CCC(NC(=O)c2cc3cc(C(=O)N4CCCC4CO)ccc3n2Cc2cc(-c3ccc(Cl)s3)on2)CC1,O=C(N1CCCC1CO)[*:1],6.98,-0.415,2900.0,-1.31,-1.19,2.79,1.31,3.0331831464651127,0.39900302284702904
Clc1ccc(-c2cc(Cn3c([*:1])nc4ccccc43)no2)s1,CPD_116,O=C(NC1CCN(c2ccncn2)CC1)c1nc2ccccc2n1Cc1cc(-c2ccc(Cl)s2)on1,O=C(NC1CCN(c2ccncn2)CC1)[*:1],7.23,3.606,0.7,CPD_979,CCN(CC)C(=O)N1CCN(C(=O)c2nc3ccccc3n2Cc2cc(-c3ccc(Cl)s3)on2)CC1,CCN(CC)C(=O)N1CCN(C(=O)[*:1])CC1,5.92,4.096,0.6,-1.31,0.49,-0.07,1.31,0.49497474683058323,1.7584488676606254
O=C(Cn1c([*:1])nc2c(C(=O)OCC3CC3)cccc21)Nc1ccc(Cl)cn1,CPD_516,CC(C)N1CCC(NC(=O)c2nc3c(C(=O)OCC4CC4)cccc3n2CC(=O)Nc2ccc(Cl)cn2)CC1,CC(C)N1CCC(NC(=O)[*:1])CC1,7.83,3.211,33.0,CPD_607,O=C(Cn1c(C(=O)NC2CCN(C3CC3)CC2)nc2c(C(=O)OCC3CC3)cccc21)Nc1ccc(Cl)cn1,O=C(NC1CCN(C2CC2)CC1)[*:1],6.51,3.164,11.0,-1.32,-0.05,-0.48,1.32,0.48259714048054614,1.8018088347084562
CC(C)N1CCC(NC(=O)c2cc3cc([*:1])ccc3n2Cc2cc(-c3ccc(Cl)s3)on2)CC1,CPD_37,CC(C)N1CCC(NC(=O)c2cc3cc(C#N)ccc3n2Cc2cc(-c3ccc(Cl)s3)on2)CC1,N#C[*:1],8.7,1.433,130.0,CPD_167,CCOC(=O)OC(C)OC(=O)c1ccc2c(c1)cc(C(=O)NC1CCN(C(C)C)CC1)n2Cc1cc(-c2ccc(Cl)s2)on1,CCOC(=O)OC(C)OC(=O)[*:1],7.38,2.914,58.0,-1.32,1.48,-0.35,1.32,1.5208221460775746,0.745416473881265
CC(C)N1CCC(NC(=O)c2cc3cc([*:1])ccc3n2Cc2cc(-c3ccc(Cl)s3)on2)CC1,CPD_171,CCOC(=O)c1ccc2c(c1)cc(C(=O)NC1CCN(C(C)C)CC1)n2Cc1cc(-c2ccc(Cl)s2)on1,CCOC(=O)[*:1],7.96,2.492,130.0,CPD_335,CC(C)N1CCC(NC(=O)c2cc3cc(C(=O)N(CCO)CCO)ccc3n2Cc2cc(-c3ccc(Cl)s3)on2)CC1,O=C(N(CCO)CCO)[*:1],6.64,-1.074,41000.0,-1.32,-3.57,2.5,1.32,4.358313894156776,0.28643882129507847
Clc1ccc(-c2cc(Cn3c([*:1])cc4ccccc43)no2)s1,CPD_26,CN1CCC(NC(=O)c2cc3ccccc3n2Cc2cc(-c3ccc(Cl)s3)on2)CC1,CN1CCC(NC(=O)[*:1])CC1,7.4,2.01,210.0,CPD_204,CC(C)N1CC(CNC(=O)c2cc3ccccc3n2Cc2cc(-c3ccc(Cl)s3)on2)C1,CC(C)N1CC(CNC(=O)[*:1])C1,6.08,1.854,360.0,-1.32,-0.16,0.23,1.32,0.28017851452243797,2.4897274481011347
O=C(Cn1c([*:1])nc2ccccc21)Nc1ccc(Cl)cn1,CPD_152,CC(C)N1CCC(NC(=O)c2nc3ccccc3n2CC(=O)Nc2ccc(Cl)cn2)CC1,CC(C)N1CCC(NC(=O)[*:1])CC1,8.86,2.307,280.0,CPD_531,O=C(Cn1c(C(=O)Nc2ccc(-n3ccc(=O)[nH]c3=O)cc2)nc2ccccc21)Nc1ccc(Cl)cn1,O=C(Nc1ccc(-n2ccc(=O)[nH]c2=O)cc1)[*:1],7.54,2.869,2.6,-1.32,0.56,-2.03,1.32,2.105825253908785,0.5603132056632198
CC(C)N1CCC(NC(=O)c2cc3cc([*:1])ccc3n2Cc2cc(-c3ccc(Cl)s3)on2)CC1,CPD_194,Cc1oc(=O)oc1COC(=O)c1ccc2c(c1)cc(C(=O)NC1CCN(C(C)C)CC1)n2Cc1cc(-c2ccc(Cl)s2)on1,Cc1oc(=O)oc1COC(=O)[*:1],7.96,3.174,10.0,CPD_335,CC(C)N1CCC(NC(=O)c2cc3cc(C(=O)N(CCO)CCO)ccc3n2Cc2cc(-c3ccc(Cl)s3)on2)CC1,O=C(N(CCO)CCO)[*:1],6.64,-1.074,41000.0,-1.32,-4.25,3.61,1.32,5.576253222370735,0.22656069855180183
Clc1ccc(-c2cc(Cn3c([*:1])cc4ccccc43)no2)s1,CPD_16,CC(C)CN1CCC(NC(=O)c2cc3ccccc3n2Cc2cc(-c3ccc(Cl)s3)on2)CC1,CC(C)CN1CCC(NC(=O)[*:1])CC1,6.85,3.104,48.0,CPD_43,O=C(c1cc2ccccc2n1Cc1cc(-c2ccc(Cl)s2)on1)N1CCC(Oc2ccncc2)CC1,O=C(N1CCC(Oc2ccncc2)CC1)[*:1],5.53,3.739,1.1,-1.32,0.63,-1.64,1.32,1.7568437608393068,0.6577492606838244
CC(C)N1CCC(NC(=O)c2cc3c([*:1])cccc3n2Cc2cc(-c3ccc(Cl)s3)on2)CC1,CPD_186,Cc1oc(=O)oc1COC(=O)c1cccc2c1cc(C(=O)NC1CCN(C(C)C)CC1)n2Cc1cc(-c2ccc(Cl)s2)on1,Cc1oc(=O)oc1COC(=O)[*:1],8.75,3.186,9.7,CPD_406,CC(C)N1CCC(NC(=O)c2cc3c(C(=O)N(C)CCO)cccc3n2Cc2cc(-c3ccc(Cl)s3)on2)CC1,CN(CCO)C(=O)[*:1],7.43,-0.435,32000.0,-1.32,-3.62,3.52,1.32,5.049237566207397,0.24909243707386924
O=C(N[*:1])c1nc2ccccc2n1Cc1cc(-c2ccc(Cl)s2)on1,CPD_533,O=C(Nc1ccc(N2CCOC2=O)cc1)c1nc2ccccc2n1Cc1cc(-c2ccc(Cl)s2)on1,O=C1OCCN1c1ccc([*:1])cc1,6.33,4.952,0.1,CPD_557,O=C(Nc1ccc(N2CCS(=O)(=O)CC2)cc1)c1nc2ccccc2n1Cc1cc(-c2ccc(Cl)s2)on1,O=S1(=O)CCN(c2ccc([*:1])cc2)CC1,5.0,3.236,0.4,-1.33,-1.72,0.6,1.33,1.8216476058777118,0.6420010798296499
CC(C)N1CCC(NC(=O)c2nc3ccc([*:1])cc3n2Cc2cc(-c3ccc(Cl)s3)on2)CC1,CPD_352,CC(C)N1CCC(NC(=O)c2nc3ccc(C(=O)O)cc3n2Cc2cc(-c3ccc(Cl)s3)on2)CC1,O=C(O)[*:1],7.78,2.192,0.6,CPD_419,CC(C)N1CCC(NC(=O)c2nc3ccc(C(=O)N(C)CCO)cc3n2Cc2cc(-c3ccc(Cl)s3)on2)CC1,CN(CCO)C(=O)[*:1],6.46,0.72,300.0,-1.33,-1.47,2.7,1.33,3.0742316113136305,0.4000924591034818
CC(C)N1CCC(NC(=O)c2cc3cc([*:1])ccc3n2Cc2cc(-c3ccc(Cl)s3)on2)CC1,CPD_38,CC(C)N1CCC(NC(=O)c2cc3cc(Br)ccc3n2Cc2cc(-c3ccc(Cl)s3)on2)CC1,Br[*:1],8.06,2.851,68.0,CPD_342,CC(C)N1CCC(NC(=O)c2cc3cc(C(=O)N(C)CCO)ccc3n2Cc2cc(-c3ccc(Cl)s3)on2)CC1,CN(CCO)C(=O)[*:1],6.73,-0.441,32000.0,-1.33,-3.29,2.67,1.33,4.237098063533578,0.29640537852489646
O=C(N[*:1])c1nc2ccccc2n1Cc1cc(-c2ccc(Cl)s2)on1,CPD_605,O=C(Nc1ccc(N2CCNCC2=O)cc1)c1nc2ccccc2n1Cc1cc(-c2ccc(Cl)s2)on1,O=C1CNCCN1c1ccc([*:1])cc1,6.85,3.407,0.8,CPD_990,O=C(NC1CCN(c2ccccc2)CC1)c1nc2ccccc2n1Cc1cc(-c2ccc(Cl)s2)on1,c1ccc(N2CCC([*:1])CC2)cc1,5.51,5.578,0.1,-1.34,2.17,-0.9,1.34,2.3492339176846566,0.5155365166955209
CC(C)N1CCC(NC(=O)c2cc3cc([*:1])ccc3n2Cc2cc(-c3ccc(Cl)s3)on2)CC1,CPD_85,CC(C)N1CCC(NC(=O)c2cc3cc(C(=O)O)ccc3n2Cc2cc(-c3ccc(Cl)s3)on2)CC1,O=C(O)[*:1],8.07,1.328,5.5,CPD_342,CC(C)N1CCC(NC(=O)c2cc3cc(C(=O)N(C)CCO)ccc3n2Cc2cc(-c3ccc(Cl)s3)on2)CC1,CN(CCO)C(=O)[*:1],6.73,-0.441,32000.0,-1.34,-1.77,3.76,1.34,4.155779108663019,0.30414597894051876
O=C(NC[*:1])c1cc2ccccc2n1Cc1cc(-c2ccc(Cl)s2)on1,CPD_211,O=C(NCC1CN(c2ccncc2)C1)c1cc2ccccc2n1Cc1cc(-c2ccc(Cl)s2)on1,c1cc(N2CC([*:1])C2)ccn1,6.35,1.589,190.0,CPD_394,Nc1nc(CNC(=O)c2cc3ccccc3n2Cc2cc(-c3ccc(Cl)s3)on2)c[nH]1,Nc1nc([*:1])c[nH]1,5.0,1.539,34.0,-1.35,-0.05,-0.75,1.35,0.7516648189186453,1.3477562299306896
Clc1ccc(-c2cc(Cn3c([*:1])cc4ccccc43)no2)s1,CPD_24,O=C(NC1CCN(c2ccnc(Cl)n2)CC1)c1cc2ccccc2n1Cc1cc(-c2ccc(Cl)s2)on1,O=C(NC1CCN(c2ccnc(Cl)n2)CC1)[*:1],6.7,3.331,2.1,CPD_250,O=C(c1cc2ccccc2n1Cc1cc(-c2ccc(Cl)s2)on1)N1CCC(N2CCCC2=O)CC1,O=C1CCCN1C1CCN(C(=O)[*:1])CC1,5.35,2.607,2.1,-1.35,-0.72,0.0,1.35,0.72,1.3917525773195878
Clc1ccc(-c2cc(Cn3c([*:1])nc4ccccc43)no2)s1,CPD_519,O=C(Nc1ccc(-n2ccc(=O)[nH]c2=O)cc1)c1nc2ccccc2n1Cc1cc(-c2ccc(Cl)s2)on1,O=C(Nc1ccc(-n2ccc(=O)[nH]c2=O)cc1)[*:1],8.2,3.685,0.2,CPD_605,O=C(Nc1ccc(N2CCNCC2=O)cc1)c1nc2ccccc2n1Cc1cc(-c2ccc(Cl)s2)on1,O=C1CNCCN1c1ccc(NC(=O)[*:1])cc1,6.85,3.407,0.8,-1.35,-0.28,0.6,1.35,0.6621178142898739,1.4800719587425641
CC(C)N1CCC(NC(=O)c2cc3c([*:1])cccc3n2Cc2cc(-c3ccc(Cl)s3)on2)CC1,CPD_186,Cc1oc(=O)oc1COC(=O)c1cccc2c1cc(C(=O)NC1CCN(C(C)C)CC1)n2Cc1cc(-c2ccc(Cl)s2)on1,Cc1oc(=O)oc1COC(=O)[*:1],8.75,3.186,9.7,CPD_675,CC(C)N1CCC(NC(=O)c2cc3c(C(=O)N4CCC(F)(F)CC4)cccc3n2Cc2cc(-c3ccc(Cl)s3)on2)CC1,O=C(N1CCC(F)(F)CC1)[*:1],7.41,0.626,560.0,-1.35,-2.56,1.76,1.35,3.106638054231616,0.40218813532727915
CC(C)N1CCC(NC(=O)c2cc3cc([*:1])ccc3n2Cc2cc(-c3ccc(Cl)s3)on2)CC1,CPD_404,CC(C)N1CCC(NC(=O)c2cc3cc(C(=O)OCCO)ccc3n2Cc2cc(-c3ccc(Cl)s3)on2)CC1,O=C(OCCO)[*:1],8.24,0.885,1400.0,CPD_673,CC(C)N1CCC(NC(=O)c2cc3cc(C(=O)N4CCC(F)(F)CC4)ccc3n2Cc2cc(-c3ccc(Cl)s3)on2)CC1,O=C(N1CCC(F)(F)CC1)[*:1],6.88,0.623,560.0,-1.35,-0.26,-0.4,1.35,0.47707441767506253,1.8567562923157748
Clc1ccc(-c2cc(Cn3c([*:1])cc4ccccc43)no2)s1,CPD_23,CS(=O)(=O)N1CCC(NC(=O)c2cc3ccccc3n2Cc2cc(-c3ccc(Cl)s3)on2)CC1,CS(=O)(=O)N1CCC(NC(=O)[*:1])CC1,6.87,3.257,1.1,CPD_43,O=C(c1cc2ccccc2n1Cc1cc(-c2ccc(Cl)s2)on1)N1CCC(Oc2ccncc2)CC1,O=C(N1CCC(Oc2ccncc2)CC1)[*:1],5.53,3.739,1.1,-1.35,0.48,0.0,1.35,0.48,1.8493150684931507
Clc1ccc(-c2cc(Cn3c([*:1])nc4ccccc43)no2)s1,CPD_425,CN1[C@@H]2CC[C@H]1C[C@@H](NC(=O)c1nc3ccccc3n1Cc1cc(-c3ccc(Cl)s3)on1)C2,CN1[C@@H]2CC[C@H]1C[C@@H](NC(=O)[*:1])C2,7.69,2.187,69.0,CPD_533,O=C(Nc1ccc(N2CCOC2=O)cc1)c1nc2ccccc2n1Cc1cc(-c2ccc(Cl)s2)on1,O=C1OCCN1c1ccc(NC(=O)[*:1])cc1,6.33,4.952,0.1,-1.36,2.77,-2.84,1.36,3.9671778382119447,0.3224905498831491
O=C(Cn1c([*:1])nc2c(C(=O)O)cccc21)Nc1ccc(Cl)cn1,CPD_322,CC(C)N1CCC(NC(=O)c2nc3c(C(=O)O)cccc3n2CC(=O)Nc2ccc(Cl)cn2)CC1,CC(C)N1CCC(NC(=O)[*:1])CC1,7.95,1.375,1.9,CPD_610,O=C(Cn1c(C(=O)NC2CCN(C3CC3)CC2)nc2c(C(=O)O)cccc21)Nc1ccc(Cl)cn1,O=C(NC1CCN(C2CC2)CC1)[*:1],6.6,0.856,4.2,-1.36,-0.52,0.34,1.36,0.6212889826803627,1.5609057695372281
COC1CN(C(=O)c2cccc3c2nc(C(=O)NC2CCN(C(C)C)CC2)n3C[*:1])C1,CPD_471,COC1CN(C(=O)c2cccc3c2nc(C(=O)NC2CCN(C(C)C)CC2)n3Cc2cc(-c3ccc(Cl)s3)on2)C1,Clc1ccc(-c2cc([*:1])no2)s1,8.16,0.766,180.0,CPD_526,COC1CN(C(=O)c2cccc3c2nc(C(=O)NC2CCN(C(C)C)CC2)n3CCc2ccc(Cl)cc2)C1,Clc1ccc(C[*:1])cc1,6.8,1.108,540.0,-1.36,0.34,0.48,1.36,0.5882176467941097,1.622490298553754
CC(C)N1CCC(NC(=O)c2cc3cc([*:1])ccc3n2Cc2cc(-c3ccc(Cl)s3)on2)CC1,CPD_158,CC(C)N1CCC(NC(=O)c2cc3cc(-c4noc(O)n4)ccc3n2Cc2cc(-c3ccc(Cl)s3)on2)CC1,Oc1nc([*:1])no1,8.24,0.316,300.0,CPD_673,CC(C)N1CCC(NC(=O)c2cc3cc(C(=O)N4CCC(F)(F)CC4)ccc3n2Cc2cc(-c3ccc(Cl)s3)on2)CC1,O=C(N1CCC(F)(F)CC1)[*:1],6.88,0.623,560.0,-1.36,0.31,0.27,1.36,0.41109609582188933,2.0571895804485396
CC(C)N1CCC(NC(=O)c2cc3cc([*:1])ccc3n2Cc2cc(-c3ccc(Cl)s3)on2)CC1,CPD_364,CC(C)N1CCC(NC(=O)c2cc3cc(C(=O)OCCN4CCNC4=O)ccc3n2Cc2cc(-c3ccc(Cl)s3)on2)CC1,O=C1NCCN1CCOC(=O)[*:1],8.16,1.632,44.0,CPD_604,CC(C)N1CCC(NC(=O)c2cc3cc(C(=O)N4CCC(O)CC4)ccc3n2Cc2cc(-c3ccc(Cl)s3)on2)CC1,O=C(N1CCC(O)CC1)[*:1],6.79,-0.266,3400.0,-1.37,-1.9,1.89,1.37,2.679944029266283,0.46758572393039044
COC(=O)c1ccc2c(c1)nc(C(=O)NC1CCN(C(C)C)CC1)n2C[*:1],CPD_319,COC(=O)c1ccc2c(c1)nc(C(=O)NC1CCN(C(C)C)CC1)n2CC(=O)Nc1ccc(Cl)cn1,O=C(Nc1ccc(Cl)cn1)[*:1],7.72,2.303,160.0,CPD_431,COC(=O)c1ccc2c(c1)nc(C(=O)NC1CCN(C(C)C)CC1)n2Cc1cccc(OC)c1,COc1cccc([*:1])c1,6.34,2.376,280.0,-1.38,0.07,0.24,1.38,0.25,2.76
CC(C)N1CCC(NC(=O)c2cc3cc([*:1])ccc3n2Cc2cc(-c3ccc(Cl)s3)on2)CC1,CPD_37,CC(C)N1CCC(NC(=O)c2cc3cc(C#N)ccc3n2Cc2cc(-c3ccc(Cl)s3)on2)CC1,N#C[*:1],8.7,1.433,130.0,CPD_368,CC(C)N1CCC(NC(=O)c2cc3cc(C(=O)NCCN4CCNC4=O)ccc3n2Cc2cc(-c3ccc(Cl)s3)on2)CC1,O=C1NCCN1CCNC(=O)[*:1],7.32,0.289,190.0,-1.38,-1.14,0.16,1.38,1.1511733144926528,0.9848888682979811
CC(C)N1CCC(NC(=O)c2nc3cc([*:1])ccc3n2Cc2cc(-c3ccc(Cl)s3)on2)CC1,CPD_306,CC(C)N1CCC(NC(=O)c2nc3cc(C(=O)O)ccc3n2Cc2cc(-c3ccc(Cl)s3)on2)CC1,O=C(O)[*:1],8.57,2.192,0.6,CPD_351,CC(C)N1CCC(NC(=O)c2nc3cc(C(=O)N(C)CCO)ccc3n2Cc2cc(-c3ccc(Cl)s3)on2)CC1,CN(CCO)C(=O)[*:1],7.19,0.719,300.0,-1.38,-1.47,2.7,1.38,3.0742316113136305,0.41513352899459005
Clc1ccc(-c2cc(Cn3c([*:1])nc4ccccc43)no2)s1,CPD_980,O=C(c1nc2ccccc2n1Cc1cc(-c2ccc(Cl)s2)on1)N1CCN(C(=O)N2CCCC2)CC1,O=C(N1CCCC1)N1CCN(C(=O)[*:1])CC1,6.15,3.472,0.9,CPD_983,O=C(c1nc2ccccc2n1Cc1cc(-c2ccc(Cl)s2)on1)N1CCC(Nc2ccncc2)CC1,O=C(N1CCC(Nc2ccncc2)CC1)[*:1],4.77,3.65,2.4,-1.38,0.18,0.43,1.38,0.46615448083226657,1.9269585500550894
Clc1ccc(-c2cc(Cn3c([*:1])nc4ccccc43)no2)s1,CPD_980,O=C(c1nc2ccccc2n1Cc1cc(-c2ccc(Cl)s2)on1)N1CCN(C(=O)N2CCCC2)CC1,O=C(N1CCCC1)N1CCN(C(=O)[*:1])CC1,6.15,3.472,0.9,CPD_986,CNC(=O)CN1CCN(C(=O)c2nc3ccccc3n2Cc2cc(-c3ccc(Cl)s3)on2)CC1,CNC(=O)CN1CCN(C(=O)[*:1])CC1,4.77,2.886,2.4,-1.39,-0.59,0.43,1.39,0.7300684899377592,1.4182682274463023
CC(C)N1CCC(NC(=O)c2nc3ccc([*:1])cc3n2CC(=O)Nc2ccc(Cl)cn2)CC1,CPD_340,CC(C)N1CCC(NC(=O)c2nc3ccc(C(=O)O)cc3n2CC(=O)Nc2ccc(Cl)cn2)CC1,O=C(O)[*:1],7.63,1.376,1.9,CPD_837,CC(C)N1CCC(NC(=O)c2nc3ccc(OCCN4CCOCC4)cc3n2CC(=O)Nc2ccc(Cl)cn2)CC1,C1CN(CCO[*:1])CCO1,6.23,1.562,360.0,-1.4,0.19,2.28,1.4,2.287902969970536,0.5516365347948087
CC(C)N1CCC(NC(=O)c2cc3cc([*:1])ccc3n2Cc2cc(-c3ccc(Cl)s3)on2)CC1,CPD_148,CC(C)N1CCC(NC(=O)c2cc3cc(C(N)=O)ccc3n2Cc2cc(-c3ccc(Cl)s3)on2)CC1,NC(=O)[*:1],8.44,0.497,390.0,CPD_162,CC(OC(=O)c1ccc2c(c1)cc(C(=O)NC1CCN(C(C)C)CC1)n2Cc1cc(-c2ccc(Cl)s2)on1)OC(=O)C(C)(C)C,CC(OC(=O)C(C)(C)C)OC(=O)[*:1],7.04,3.499,26.0,-1.4,3.0,-1.18,1.4,3.2237245539903063,0.4030256222796376
COCCOc1cc2cc(C(=O)NC3CCN(C(C)C)CC3)n([*:1])c2cn1,CPD_775,COCCOc1cc2cc(C(=O)NC3CCN(C(C)C)CC3)n(CC(=O)Nc3ccc(Br)cn3)c2cn1,O=C(C[*:1])Nc1ccc(Br)cn1,7.5,-0.133,140000.0,CPD_832,COCCOc1cc2cc(C(=O)NC3CCN(C(C)C)CC3)n(Cc3cc4ccc(Cl)nc4s3)c2cn1,Clc1ccc2cc(C[*:1])sc2n1,6.1,1.337,19000.0,-1.4,1.47,-0.87,1.4,1.708156901458411,0.7149580296437417
Clc1ccc(-c2cc(Cn3c([*:1])cc4ccccc43)no2)s1,CPD_57,CCN1CC[C@H](NC(=O)c2cc3ccccc3n2Cc2cc(-c3ccc(Cl)s3)on2)C1,CCN1CC[C@H](NC(=O)[*:1])C1,6.76,1.624,680.0,CPD_250,O=C(c1cc2ccccc2n1Cc1cc(-c2ccc(Cl)s2)on1)N1CCC(N2CCCC2=O)CC1,O=C1CCCN1C1CCN(C(=O)[*:1])CC1,5.35,2.607,2.1,-1.4,0.98,-2.51,1.4,2.694531499166413,0.4754576408492608
Cc1ccc(C(=O)O)c2c1nc(C(=O)NC1CCN(C3CC3)CC1)n2C[*:1],CPD_841,Cc1ccc(C(=O)O)c2c1nc(C(=O)NC1CCN(C3CC3)CC1)n2Cc1cc(-c2ccc(Cl)s2)on1,Clc1ccc(-c2cc([*:1])no2)s1,6.93,2.132,0.6,CPD_870,Cc1ccc(C(=O)O)c2c1nc(C(=O)NC1CCN(C3CC3)CC1)n2CC(=O)Nc1ccc(Cl)cn1,O=C(Nc1ccc(Cl)cn1)[*:1],5.53,1.316,2.1,-1.4,-0.82,0.54,1.4,0.9818350166906862,1.1365158329084422
CC(C)N1CCC(NC(=O)c2nc3ccc([*:1])cc3n2CC(=O)Nc2ccc(Cl)cn2)CC1,CPD_340,CC(C)N1CCC(NC(=O)c2nc3ccc(C(=O)O)cc3n2CC(=O)Nc2ccc(Cl)cn2)CC1,O=C(O)[*:1],7.63,1.376,1.9,CPD_398,CC(C)N1CCC(NC(=O)c2nc3ccc(C(=O)NCCO)cc3n2CC(=O)Nc2ccc(Cl)cn2)CC1,O=C(NCCO)[*:1],6.23,0.47,1300.0,-1.4,-0.91,2.84,1.4,2.9822307087145354,0.4331373983377513
O=C(O)c1cccc2c1nc(C(=O)Nc1ccc(N3CCOCC3=O)cc1)n2[*:1],CPD_435,O=C(Cn1c(C(=O)Nc2ccc(N3CCOCC3=O)cc2)nc2c(C(=O)O)cccc21)Nc1ccc(Cl)cn1,O=C(C[*:1])Nc1ccc(Cl)cn1,7.4,-0.541,7300.0,CPD_460,COc1cccc(Cn2c(C(=O)Nc3ccc(N4CCOCC4=O)cc3)nc3c(C(=O)O)cccc32)c1,COc1cccc(C[*:1])c1,5.98,-0.465,11000.0,-1.41,0.08,0.18,1.41,0.19697715603592209,3.1545236282426097
CC(C)N1CCC(NC(=O)c2cc3cc([*:1])ccc3n2Cc2cc(-c3ccc(Cl)s3)on2)CC1,CPD_181,CC(C)N1CCC(NC(=O)c2cc3cc(OCC(=O)O)ccc3n2Cc2cc(-c3ccc(Cl)s3)on2)CC1,O=C(O)CO[*:1],8.3,0.774,4.7,CPD_673,CC(C)N1CCC(NC(=O)c2cc3cc(C(=O)N4CCC(F)(F)CC4)ccc3n2Cc2cc(-c3ccc(Cl)s3)on2)CC1,O=C(N1CCC(F)(F)CC1)[*:1],6.88,0.623,560.0,-1.41,-0.15,2.08,1.41,2.0854016399725017,0.6037505394646387
CC(C)N1CCC(NC(=O)c2cc3cc([*:1])ccc3n2Cc2cc(-c3ccc(Cl)s3)on2)CC1,CPD_112,COC(=O)c1ccc2c(c1)cc(C(=O)NC1CCN(C(C)C)CC1)n2Cc1cc(-c2ccc(Cl)s2)on1,COC(=O)[*:1],8.29,1.96,260.0,CPD_673,CC(C)N1CCC(NC(=O)c2cc3cc(C(=O)N4CCC(F)(F)CC4)ccc3n2Cc2cc(-c3ccc(Cl)s3)on2)CC1,O=C(N1CCC(F)(F)CC1)[*:1],6.88,0.623,560.0,-1.41,-1.34,0.33,1.41,1.3800362314084367,0.8650114474950572
O=C(Cn1c([*:1])nc2ccccc21)Nc1ccc(Cl)cn1,CPD_601,O=C(Cn1c(C(=O)Nc2ccc(N3CCNCC3=O)cc2)nc2ccccc21)Nc1ccc(Cl)cn1,O=C1CNCCN1c1ccc(NC(=O)[*:1])cc1,6.3,2.591,8.7,CPD_982,NC(=O)N1CCN(C(=O)c2nc3ccccc3n2CC(=O)Nc2ccc(Cl)cn2)CC1,NC(=O)N1CCN(C(=O)[*:1])CC1,4.87,0.511,160.0,-1.42,-2.08,1.26,1.42,2.431871707142464,0.5294809577274712
CC(C)N1CCC(NC(=O)c2cc3cc([*:1])ccc3n2Cc2cc(-c3ccc(Cl)s3)on2)CC1,CPD_38,CC(C)N1CCC(NC(=O)c2cc3cc(Br)ccc3n2Cc2cc(-c3ccc(Cl)s3)on2)CC1,Br[*:1],8.06,2.851,68.0,CPD_335,CC(C)N1CCC(NC(=O)c2cc3cc(C(=O)N(CCO)CCO)ccc3n2Cc2cc(-c3ccc(Cl)s3)on2)CC1,O=C(N(CCO)CCO)[*:1],6.64,-1.074,41000.0,-1.42,-3.92,2.78,1.42,4.805704943085874,0.28087082137615177
CC(C)N1CCC(NC(=O)c2cc3cc([*:1])ccc3n2Cc2cc(-c3ccc(Cl)s3)on2)CC1,CPD_85,CC(C)N1CCC(NC(=O)c2cc3cc(C(=O)O)ccc3n2Cc2cc(-c3ccc(Cl)s3)on2)CC1,O=C(O)[*:1],8.07,1.328,5.5,CPD_335,CC(C)N1CCC(NC(=O)c2cc3cc(C(=O)N(CCO)CCO)ccc3n2Cc2cc(-c3ccc(Cl)s3)on2)CC1,O=C(N(CCO)CCO)[*:1],6.64,-1.074,41000.0,-1.43,-2.4,3.87,1.43,4.553778650747091,0.2976823255121474
O=C(N[*:1])c1cc2ccccc2n1Cc1cc(-c2ccc(Cl)s2)on1,CPD_178,O=C(NC1CN(c2ccncc2)C1)c1cc2ccccc2n1Cc1cc(-c2ccc(Cl)s2)on1,c1cc(N2CC([*:1])C2)ccn1,7.9,1.282,330.0,CPD_180,CC(C)CN1CC(NC(=O)c2cc3ccccc3n2Cc2cc(-c3ccc(Cl)s3)on2)C1,CC(C)CN1CC([*:1])C1,6.46,2.966,47.0,-1.44,1.68,-0.85,1.44,1.8827904822364063,0.675171805197687
CC(C)N1CCC(NC(=O)c2cc3c(C(=O)N4CCOCC4)cccc3n2C[*:1])CC1,CPD_712,CC(C)N1CCC(NC(=O)c2cc3c(C(=O)N4CCOCC4)cccc3n2CC(=O)Nc2ccc(Cl)cn2)CC1,O=C(Nc1ccc(Cl)cn1)[*:1],8.57,-1.325,78000.0,CPD_742,CC(C)N1CCC(NC(=O)c2cc3c(C(=O)N4CCOCC4)cccc3n2Cc2cc3ccc(Cl)cc3s2)CC1,Clc1ccc2cc([*:1])sc2c1,7.13,1.74,1700.0,-1.44,3.06,-1.66,1.44,3.481264138211865,0.38592818590701317
CC(C)N1CCC(NC(=O)c2cc3ccccc3n2[*:1])CC1,CPD_8,CC(C)N1CCC(NC(=O)c2cc3ccccc3n2Cc2cnc(-c3ccc(Cl)s3)s2)CC1,Clc1ccc(-c2ncc(C[*:1])s2)s1,7.16,2.78,44.0,CPD_854,COc1ccc(NC(=O)Cn2c(C(=O)NC3CCN(C(C)C)CC3)cc3ccccc32)cc1,COc1ccc(NC(=O)C[*:1])cc1,5.72,0.402,22000.0,-1.44,-2.38,2.7,1.44,3.5992221381848606,0.37410155826419683
CC(C)N1CCC(NC(=O)c2cc3cc([*:1])ccc3n2Cc2cc(-c3ccc(Cl)s3)on2)CC1,CPD_404,CC(C)N1CCC(NC(=O)c2cc3cc(C(=O)OCCO)ccc3n2Cc2cc(-c3ccc(Cl)s3)on2)CC1,O=C(OCCO)[*:1],8.24,0.885,1400.0,CPD_604,CC(C)N1CCC(NC(=O)c2cc3cc(C(=O)N4CCC(O)CC4)ccc3n2Cc2cc(-c3ccc(Cl)s3)on2)CC1,O=C(N1CCC(O)CC1)[*:1],6.79,-0.266,3400.0,-1.44,-1.15,0.39,1.44,1.2143310915891101,0.9833841596829678
CC(C)N1CCC(NC(=O)c2nc3cc([*:1])ccc3n2Cc2cc(-c3ccc(Cl)s3)on2)CC1,CPD_290,COC(=O)c1ccc2c(c1)nc(C(=O)NC1CCN(C(C)C)CC1)n2Cc1cc(-c2ccc(Cl)s2)on1,COC(=O)[*:1],8.63,3.121,16.0,CPD_351,CC(C)N1CCC(NC(=O)c2nc3cc(C(=O)N(C)CCO)ccc3n2Cc2cc(-c3ccc(Cl)s3)on2)CC1,CN(CCO)C(=O)[*:1],7.19,0.719,300.0,-1.44,-2.4,1.27,1.44,2.7153084539329964,0.4856155851476684
CC(C)N1CCC(NC(=O)c2cc3cc([*:1])ccc3n2Cc2cc(-c3ccc(Cl)s3)on2)CC1,CPD_158,CC(C)N1CCC(NC(=O)c2cc3cc(-c4noc(O)n4)ccc3n2Cc2cc(-c3ccc(Cl)s3)on2)CC1,Oc1nc([*:1])no1,8.24,0.316,300.0,CPD_604,CC(C)N1CCC(NC(=O)c2cc3cc(C(=O)N4CCC(O)CC4)ccc3n2Cc2cc(-c3ccc(Cl)s3)on2)CC1,O=C(N1CCC(O)CC1)[*:1],6.79,-0.266,3400.0,-1.45,-0.58,1.05,1.45,1.1995415791042843,1.0003162523257862
O=C(N[*:1])c1cc2ccccc2n1Cc1cc(-c2ccc(Cl)s2)on1,CPD_17,CCCN1CCC(NC(=O)c2cc3ccccc3n2Cc2cc(-c3ccc(Cl)s3)on2)CC1,CCCN1CCC([*:1])CC1,7.2,2.84,77.0,CPD_18,COC(=O)N1CCC(NC(=O)c2cc3ccccc3n2Cc2cc(-c3ccc(Cl)s3)on2)CC1,COC(=O)N1CCC([*:1])CC1,5.75,3.257,1.6,-1.45,0.42,-1.68,1.45,1.7317043627594173,0.7316933984950977
CC(C)N1CCC(NC(=O)c2cc3cc([*:1])ccc3n2Cc2cc(-c3ccc(Cl)s3)on2)CC1,CPD_148,CC(C)N1CCC(NC(=O)c2cc3cc(C(N)=O)ccc3n2Cc2cc(-c3ccc(Cl)s3)on2)CC1,NC(=O)[*:1],8.44,0.497,390.0,CPD_373,CC(C)N1CCC(NC(=O)c2cc3cc(C(=O)N4CCCC4CO)ccc3n2Cc2cc(-c3ccc(Cl)s3)on2)CC1,O=C(N1CCCC1CO)[*:1],6.98,-0.415,2900.0,-1.45,-0.91,0.87,1.45,1.2589678312014172,0.9609217440013497
Clc1ccc(-c2cc(Cn3c([*:1])cc4ccccc43)no2)s1,CPD_180,CC(C)CN1CC(NC(=O)c2cc3ccccc3n2Cc2cc(-c3ccc(Cl)s3)on2)C1,CC(C)CN1CC(NC(=O)[*:1])C1,6.46,2.966,47.0,CPD_394,Nc1nc(CNC(=O)c2cc3ccccc3n2Cc2cc(-c3ccc(Cl)s3)on2)c[nH]1,Nc1nc(CNC(=O)[*:1])c[nH]1,5.0,1.539,34.0,-1.46,-1.43,-0.14,1.46,1.4368368035375485,0.8655253412411693
O=C(N[*:1])c1nc2ccccc2n1Cc1cc(-c2ccc(Cl)s2)on1,CPD_164,CC(C)N1CCC(NC(=O)c2nc3ccccc3n2Cc2cc(-c3ccc(Cl)s3)on2)CC1,CC(C)N1CCC([*:1])CC1,9.15,3.124,26.0,CPD_425,CN1[C@@H]2CC[C@H]1C[C@@H](NC(=O)c1nc3ccccc3n1Cc1cc(-c3ccc(Cl)s3)on1)C2,CN1[C@@H]2CC[C@H]1C[C@@H]([*:1])C2,7.69,2.187,69.0,-1.46,-0.94,0.42,1.46,1.0295630140987,1.1410145369264182
CC(C)N1CCC(NC(=O)c2nc3ccc([*:1])cc3n2CC(=O)Nc2ccc(Cl)cn2)CC1,CPD_340,CC(C)N1CCC(NC(=O)c2nc3ccc(C(=O)O)cc3n2CC(=O)Nc2ccc(Cl)cn2)CC1,O=C(O)[*:1],7.63,1.376,1.9,CPD_399,CCOC(=O)OC(C)OC(=O)c1ccc2nc(C(=O)NC3CCN(C(C)C)CC3)n(CC(=O)Nc3ccc(Cl)cn3)c2c1,CCOC(=O)OC(C)OC(=O)[*:1],6.16,3.259,33.0,-1.46,1.88,1.24,1.46,2.2521101216414796,0.5835074912858689
CC(C)N1CCC(NC(=O)c2cc3cc([*:1])ccc3n2Cc2cc(-c3ccc(Cl)s3)on2)CC1,CPD_338,CC(C)N1CCC(NC(=O)c2cc3cc(NS(C)(=O)=O)ccc3n2Cc2cc(-c3ccc(Cl)s3)on2)CC1,CS(=O)(=O)N[*:1],8.46,0.697,170.0,CPD_373,CC(C)N1CCC(NC(=O)c2cc3cc(C(=O)N4CCCC4CO)ccc3n2Cc2cc(-c3ccc(Cl)s3)on2)CC1,O=C(N1CCCC1CO)[*:1],6.98,-0.415,2900.0,-1.47,-1.11,1.23,1.47,1.6568041525780892,0.7709234312357095
CC(C)N1CCC(NC(=O)c2cc3cc([*:1])ccc3n2Cc2cc(-c3ccc(Cl)s3)on2)CC1,CPD_37,CC(C)N1CCC(NC(=O)c2cc3cc(C#N)ccc3n2Cc2cc(-c3ccc(Cl)s3)on2)CC1,N#C[*:1],8.7,1.433,130.0,CPD_344,CC(C)N1CCC(NC(=O)c2cc3cc(C(=O)N4CC(O)C4)ccc3n2Cc2cc(-c3ccc(Cl)s3)on2)CC1,O=C(N1CC(O)C1)[*:1],7.23,-1.036,6400.0,-1.47,-2.47,1.69,1.47,2.992824752637548,0.45330849248155547
CC(C)N1CCC(NC(=O)c2nc3ccc([*:1])cc3n2Cc2cc(-c3ccc(Cl)s3)on2)CC1,CPD_348,CC(C)N1CCC(NC(=O)c2nc3ccc(S(=O)(=O)CCO)cc3n2Cc2cc(-c3ccc(Cl)s3)on2)CC1,O=S(=O)(CCO)[*:1],7.93,1.103,89.0,CPD_419,CC(C)N1CCC(NC(=O)c2nc3ccc(C(=O)N(C)CCO)cc3n2Cc2cc(-c3ccc(Cl)s3)on2)CC1,CN(CCO)C(=O)[*:1],6.46,0.72,300.0,-1.47,-0.38,0.53,1.47,0.6521502894272148,1.6294402576020004
CC(C)N1CCC(NC(=O)c2cc3cc([*:1])ccc3n2Cc2cc(-c3ccc(Cl)s3)on2)CC1,CPD_158,CC(C)N1CCC(NC(=O)c2cc3cc(-c4noc(O)n4)ccc3n2Cc2cc(-c3ccc(Cl)s3)on2)CC1,Oc1nc([*:1])no1,8.24,0.316,300.0,CPD_213,CC(OC(=O)OC1CCCCC1)OC(=O)c1ccc2c(c1)cc(C(=O)NC1CCN(C(C)C)CC1)n2Cc1cc(-c2ccc(Cl)s2)on1,CC(OC(=O)OC1CCCCC1)OC(=O)[*:1],6.77,4.442,4.4,-1.47,4.13,-1.83,1.47,4.517277941415604,0.30835206548991256
Clc1ccc(-c2cc(Cn3c([*:1])nc4ccccc43)no2)s1,CPD_559,O=C1CCN(c2ccc(NC(=O)c3nc4ccccc4n3Cc3cc(-c4ccc(Cl)s4)on3)cc2)CC1,O=C1CCN(c2ccc(NC(=O)[*:1])cc2)CC1,6.68,4.038,0.4,CPD_984,O=C(c1nc2ccccc2n1Cc1cc(-c2ccc(Cl)s2)on1)N1CCC(N2CCCC2=O)CC1,O=C1CCCN1C1CCN(C(=O)[*:1])CC1,5.21,3.149,1.2,-1.47,-0.89,0.48,1.47,1.0111874208078342,1.165568238111996
O=C(Cn1c([*:1])nc2ccccc21)Nc1ccc(Cl)cn1,CPD_521,O=C(Cn1c(C(=O)Nc2ccc(N3CCOC3=O)cc2)nc2ccccc21)Nc1ccc(Cl)cn1,O=C1OCCN1c1ccc(NC(=O)[*:1])cc1,6.1,4.136,1.0,CPD_977,CNC(=O)CN1CCN(C(=O)c2nc3ccccc3n2CC(=O)Nc2ccc(Cl)cn2)CC1,CNC(=O)CN1CCN(C(=O)[*:1])CC1,4.62,2.07,26.0,-1.47,-2.07,1.41,1.47,2.5045957757690163,0.5336536173223498
O=C(Cn1c([*:1])nc2ccccc21)Nc1ccc(Cl)cn1,CPD_531,O=C(Cn1c(C(=O)Nc2ccc(-n3ccc(=O)[nH]c3=O)cc2)nc2ccccc21)Nc1ccc(Cl)cn1,O=C(Nc1ccc(-n2ccc(=O)[nH]c2=O)cc1)[*:1],7.54,2.869,2.6,CPD_988,O=C(Cn1c(C(=O)N2CCC(Nc3ccncc3)CC2)nc2ccccc21)Nc1ccc(Cl)cn1,O=C(N1CCC(Nc2ccncc2)CC1)[*:1],6.07,2.834,31.0,-1.47,-0.04,1.08,1.47,1.0807404868885038,1.1046481372465855
Clc1ccc(-c2cc(Cn3c([*:1])nc4ccccc43)no2)s1,CPD_980,O=C(c1nc2ccccc2n1Cc1cc(-c2ccc(Cl)s2)on1)N1CCN(C(=O)N2CCCC2)CC1,O=C(N1CCCC1)N1CCN(C(=O)[*:1])CC1,6.15,3.472,0.9,CPD_987,NC(=O)N1CCN(C(=O)c2nc3ccccc3n2Cc2cc(-c3ccc(Cl)s3)on2)CC1,NC(=O)N1CCN(C(=O)[*:1])CC1,4.68,1.327,15.0,-1.48,-2.15,1.22,1.48,2.472023462671825,0.5437131679046195
Clc1ccc(-c2cc(Cn3c([*:1])cc4ccccc43)no2)s1,CPD_31,O=C(NC1CCN(c2ccncn2)CC1)c1cc2ccccc2n1Cc1cc(-c2ccc(Cl)s2)on1,O=C(NC1CCN(c2ccncn2)CC1)[*:1],7.01,3.217,2.8,CPD_43,O=C(c1cc2ccccc2n1Cc1cc(-c2ccc(Cl)s2)on1)N1CCC(Oc2ccncc2)CC1,O=C(N1CCC(Oc2ccncc2)CC1)[*:1],5.53,3.739,1.1,-1.48,0.52,-0.41,1.48,0.6621933252457322,1.622463088733201
CC(C)N1CCC(NC(=O)c2nc3c([*:1])cccc3n2Cc2cc(-c3ccc(Cl)s3)on2)CC1,CPD_323,CC(C)N1CCC(NC(=O)c2nc3c(C(=O)NCCO)cccc3n2Cc2cc(-c3ccc(Cl)s3)on2)CC1,O=C(NCCO)[*:1],9.16,1.295,130.0,CPD_595,CC(C)N1CCC(NC(=O)c2nc3c(C(=O)N4CCC(O)CC4)cccc3n2Cc2cc(-c3ccc(Cl)s3)on2)CC1,O=C(N1CCC(O)CC1)[*:1],7.68,0.896,160.0,-1.48,-0.4,0.09,1.48,0.41000000000000003,2.242424242424242
COCCOc1cc2cc(C(=O)NC3CCN(C(C)C)CC3)n(CC(=O)Nc3ccc([*:1])cn3)c2cn1,CPD_775,COCCOc1cc2cc(C(=O)NC3CCN(C(C)C)CC3)n(CC(=O)Nc3ccc(Br)cn3)c2cn1,Br[*:1],7.5,-0.133,140000.0,CPD_783,COCCOc1cc2cc(C(=O)NC3CCN(C(C)C)CC3)n(CC(=O)Nc3ccc(F)cn3)c2cn1,F[*:1],6.01,-1.216,310000.0,-1.49,-1.08,0.35,1.49,1.1352973178863766,1.0755813793629327
Clc1ccc(-c2cc(Cn3c([*:1])nc4ccccc43)no2)s1,CPD_559,O=C1CCN(c2ccc(NC(=O)c3nc4ccccc4n3Cc3cc(-c4ccc(Cl)s4)on3)cc2)CC1,O=C1CCN(c2ccc(NC(=O)[*:1])cc2)CC1,6.68,4.038,0.4,CPD_976,O=C(CN1CCN(C(=O)c2nc3ccccc3n2Cc2cc(-c3ccc(Cl)s3)on2)CC1)N1CCCC1,O=C(CN1CCN(C(=O)[*:1])CC1)N1CCCC1,5.18,3.591,0.7,-1.49,-0.45,0.24,1.49,0.51,1.9605263157894737
CC(C)N1CCC(NC(=O)c2cc3cc([*:1])ccc3n2Cc2cc(-c3ccc(Cl)s3)on2)CC1,CPD_262,CC(C)N1CCC(NC(=O)c2cc3cc(-c4n[nH]c(=O)o4)ccc3n2Cc2cc(-c3ccc(Cl)s3)on2)CC1,O=c1[nH]nc([*:1])o1,8.48,0.297,310.0,CPD_373,CC(C)N1CCC(NC(=O)c2cc3cc(C(=O)N4CCCC4CO)ccc3n2Cc2cc(-c3ccc(Cl)s3)on2)CC1,O=C(N1CCCC1CO)[*:1],6.98,-0.415,2900.0,-1.49,-0.71,0.97,1.49,1.2020815280171306,1.0261131839027307
CC(C)N1CCC(NC(=O)c2nc3c(C(=O)N4CC(O)C4)cccc3n2C[*:1])CC1,CPD_356,CC(C)N1CCC(NC(=O)c2nc3c(C(=O)N4CC(O)C4)cccc3n2CC(=O)Nc2ccc(Cl)cn2)CC1,O=C(Nc1ccc(Cl)cn1)[*:1],7.99,-0.688,3200.0,CPD_525,COc1cccc(Cn2c(C(=O)NC3CCN(C(C)C)CC3)nc3c(C(=O)N4CC(O)C4)cccc32)c1,COc1cccc([*:1])c1,6.49,-0.616,5500.0,-1.49,0.07,0.24,1.49,0.25,2.98
CC(C)(Oc1ccc2c(c1)cc([*:1])n2CC(=O)Nc1ccc(Cl)cn1)C(=O)O,CPD_843,CC(C)N1CCC(NC(=O)c2cc3cc(OC(C)(C)C(=O)O)ccc3n2CC(=O)Nc2ccc(Cl)cn2)CC1,CC(C)N1CCC(NC(=O)[*:1])CC1,8.47,0.506,7.1,CPD_873,CC(C)(Oc1ccc2c(c1)cc(C(=O)NC1CCN(C3CC3)CC1)n2CC(=O)Nc1ccc(Cl)cn1)C(=O)O,O=C(NC1CCN(C2CC2)CC1)[*:1],6.97,-0.006,16.0,-1.5,-0.51,0.35,1.5,0.6185466837676846,1.7270228855092997
CC(C)N1CCC(NC(=O)c2cc3cc([*:1])ccc3n2Cc2cc(-c3ccc(Cl)s3)on2)CC1,CPD_112,COC(=O)c1ccc2c(c1)cc(C(=O)NC1CCN(C(C)C)CC1)n2Cc1cc(-c2ccc(Cl)s2)on1,COC(=O)[*:1],8.29,1.96,260.0,CPD_604,CC(C)N1CCC(NC(=O)c2cc3cc(C(=O)N4CCC(O)CC4)ccc3n2Cc2cc(-c3ccc(Cl)s3)on2)CC1,O=C(N1CCC(O)CC1)[*:1],6.79,-0.266,3400.0,-1.5,-2.23,1.12,1.5,2.4954558701768303,0.5463573522685642
Clc1ccc(-c2cc(Cn3c([*:1])cc4ccccc43)no2)s1,CPD_16,CC(C)CN1CCC(NC(=O)c2cc3ccccc3n2Cc2cc(-c3ccc(Cl)s3)on2)CC1,CC(C)CN1CCC(NC(=O)[*:1])CC1,6.85,3.104,48.0,CPD_250,O=C(c1cc2ccccc2n1Cc1cc(-c2ccc(Cl)s2)on1)N1CCC(N2CCCC2=O)CC1,O=C1CCCN1C1CCN(C(=O)[*:1])CC1,5.35,2.607,2.1,-1.5,-0.5,-1.36,1.5,1.4489996549343966,0.882872457121199
O=C(N[*:1])c1cc2ccccc2n1Cc1cc(-c2ccc(Cl)s2)on1,CPD_17,CCCN1CCC(NC(=O)c2cc3ccccc3n2Cc2cc(-c3ccc(Cl)s3)on2)CC1,CCCN1CCC([*:1])CC1,7.2,2.84,77.0,CPD_27,O=CN1CCC(NC(=O)c2cc3ccccc3n2Cc2cc(-c3ccc(Cl)s3)on2)CC1,O=CN1CCC([*:1])CC1,5.69,2.671,2.4,-1.5,-0.17,-1.51,1.5,1.5195394038984313,0.8476782131527474
CC(C)N1CCC(NC(=O)c2cc3cc([*:1])ccc3n2Cc2cc(-c3ccc(Cl)s3)on2)CC1,CPD_181,CC(C)N1CCC(NC(=O)c2cc3cc(OCC(=O)O)ccc3n2Cc2cc(-c3ccc(Cl)s3)on2)CC1,O=C(O)CO[*:1],8.3,0.774,4.7,CPD_604,CC(C)N1CCC(NC(=O)c2cc3cc(C(=O)N4CCC(O)CC4)ccc3n2Cc2cc(-c3ccc(Cl)s3)on2)CC1,O=C(N1CCC(O)CC1)[*:1],6.79,-0.266,3400.0,-1.5,-1.04,2.86,1.5,3.0432219767871023,0.4554809880940409
CC(C)N1CCC(NC(=O)c2cc3cc([*:1])ccc3n2Cc2cc(-c3ccc(Cl)s3)on2)CC1,CPD_143,CC(C)N1CCC(NC(=O)c2cc3cc(CO)ccc3n2Cc2cc(-c3ccc(Cl)s3)on2)CC1,OC[*:1],8.54,0.77,2500.0,CPD_162,CC(OC(=O)c1ccc2c(c1)cc(C(=O)NC1CCN(C(C)C)CC1)n2Cc1cc(-c2ccc(Cl)s2)on1)OC(=O)C(C)(C)C,CC(OC(=O)C(C)(C)C)OC(=O)[*:1],7.04,3.499,26.0,-1.5,2.73,-1.98,1.5,3.372432356623332,0.414086407233352
CC(C)N1CCC(NC(=O)c2cc3cc([*:1])ccc3n2Cc2cc(-c3ccc(Cl)s3)on2)CC1,CPD_158,CC(C)N1CCC(NC(=O)c2cc3cc(-c4noc(O)n4)ccc3n2Cc2cc(-c3ccc(Cl)s3)on2)CC1,Oc1nc([*:1])no1,8.24,0.316,300.0,CPD_342,CC(C)N1CCC(NC(=O)c2cc3cc(C(=O)N(C)CCO)ccc3n2Cc2cc(-c3ccc(Cl)s3)on2)CC1,CN(CCO)C(=O)[*:1],6.73,-0.441,32000.0,-1.51,-0.76,2.03,1.51,2.1676023620581333,0.6245857564080635
CC(C)N1CCC(NC(=O)c2cc3cc([*:1])ccc3n2Cc2cc(-c3ccc(Cl)s3)on2)CC1,CPD_112,COC(=O)c1ccc2c(c1)cc(C(=O)NC1CCN(C(C)C)CC1)n2Cc1cc(-c2ccc(Cl)s2)on1,COC(=O)[*:1],8.29,1.96,260.0,CPD_213,CC(OC(=O)OC1CCCCC1)OC(=O)c1ccc2c(c1)cc(C(=O)NC1CCN(C(C)C)CC1)n2Cc1cc(-c2ccc(Cl)s2)on1,CC(OC(=O)OC1CCCCC1)OC(=O)[*:1],6.77,4.442,4.4,-1.52,2.48,-1.77,1.52,3.0468508332374924,0.46104603358938356
O=C(Nc1ccc([*:1])cc1)c1nc2ccccc2n1Cc1cc(-c2ccc(Cl)s2)on1,CPD_519,O=C(Nc1ccc(-n2ccc(=O)[nH]c2=O)cc1)c1nc2ccccc2n1Cc1cc(-c2ccc(Cl)s2)on1,O=c1ccn([*:1])c(=O)[nH]1,8.2,3.685,0.2,CPD_559,O=C1CCN(c2ccc(NC(=O)c3nc4ccccc4n3Cc3cc(-c4ccc(Cl)s4)on3)cc2)CC1,O=C1CCN([*:1])CC1,6.68,4.038,0.4,-1.52,0.35,0.3,1.52,0.4609772228646443,2.1379025250283967
O=C(O)c1ccc2c(c1)cc([*:1])n2Cc1cc(-c2ccc(Cl)s2)on1,CPD_185,O=C(O)c1ccc2c(c1)cc(C(=O)NC1CCN(c3ccncc3)CC1)n2Cc1cc(-c2ccc(Cl)s2)on1,O=C(NC1CCN(c2ccncc2)CC1)[*:1],7.27,1.378,1.9,CPD_283,O=C(O)c1ccc2c(c1)cc(C(=O)NC1CCN(c3ccccn3)CC1)n2Cc1cc(-c2ccc(Cl)s2)on1,O=C(NC1CCN(c2ccccn2)CC1)[*:1],5.76,1.179,8.9,-1.52,-0.2,0.67,1.52,0.6992138442565337,1.6013251483816393
Clc1ccc(-c2cc(Cn3c([*:1])cc4ccccc43)no2)s1,CPD_23,CS(=O)(=O)N1CCC(NC(=O)c2cc3ccccc3n2Cc2cc(-c3ccc(Cl)s3)on2)CC1,CS(=O)(=O)N1CCC(NC(=O)[*:1])CC1,6.87,3.257,1.1,CPD_250,O=C(c1cc2ccccc2n1Cc1cc(-c2ccc(Cl)s2)on1)N1CCC(N2CCCC2=O)CC1,O=C1CCCN1C1CCN(C(=O)[*:1])CC1,5.35,2.607,2.1,-1.52,-0.65,0.28,1.52,0.7077428911688198,1.5870647686510178
CC(C)N1CCC(NC(=O)c2nc3cccc(C(=O)O)c3n2C[*:1])CC1,CPD_336,CC(C)N1CCC(NC(=O)c2nc3cccc(C(=O)O)c3n2Cc2cc(-c3ccc(Cl)s3)on2)CC1,Clc1ccc(-c2cc([*:1])no2)s1,6.53,2.191,0.6,CPD_651,CC(C)N1CCC(NC(=O)c2nc3cccc(C(=O)O)c3n2Cc2cc3cc(Cl)ccc3s2)CC1,Clc1ccc2sc([*:1])cc2c1,5.0,4.311,0.2,-1.53,2.12,-0.48,1.53,2.1736605070709643,0.6312765321447729
CC(C)N1CCC(NC(=O)c2nc3cccc(C(=O)O)c3n2C[*:1])CC1,CPD_336,CC(C)N1CCC(NC(=O)c2nc3cccc(C(=O)O)c3n2Cc2cc(-c3ccc(Cl)s3)on2)CC1,Clc1ccc(-c2cc([*:1])no2)s1,6.53,2.191,0.6,CPD_755,CC(C)N1CCC(NC(=O)c2nc3cccc(C(=O)O)c3n2Cc2cc3ccc(Cl)cc3s2)CC1,Clc1ccc2cc([*:1])sc2c1,5.0,4.311,0.2,-1.53,2.12,-0.48,1.53,2.1736605070709643,0.6312765321447729
CC(C)N1CCC(NC(=O)c2cc3ccccc3n2[*:1])CC1,CPD_853,Cc1ccc(NC(=O)Cn2c(C(=O)NC3CCN(C(C)C)CC3)cc3ccccc32)cc1,Cc1ccc(NC(=O)C[*:1])cc1,7.25,0.85,14000.0,CPD_854,COc1ccc(NC(=O)Cn2c(C(=O)NC3CCN(C(C)C)CC3)cc3ccccc32)cc1,COc1ccc(NC(=O)C[*:1])cc1,5.72,0.402,22000.0,-1.53,-0.45,0.2,1.53,0.49244289008980524,2.0607645657633444
CC(C)N1CCC(NC(=O)c2nc3cccc(C(=O)O)c3n2C[*:1])CC1,CPD_336,CC(C)N1CCC(NC(=O)c2nc3cccc(C(=O)O)c3n2Cc2cc(-c3ccc(Cl)s3)on2)CC1,Clc1ccc(-c2cc([*:1])no2)s1,6.53,2.191,0.6,CPD_465,CC(C)N1CCC(NC(=O)c2nc3cccc(C(=O)O)c3n2CCc2ccc(Cl)cc2)CC1,Clc1ccc(C[*:1])cc1,5.0,2.566,2.3,-1.53,0.38,0.58,1.53,0.6933974329343886,1.6217979258656818
CC(C)N1CCC(NC(=O)c2cc3cc([*:1])ccc3n2Cc2cc(-c3ccc(Cl)s3)on2)CC1,CPD_181,CC(C)N1CCC(NC(=O)c2cc3cc(OCC(=O)O)ccc3n2Cc2cc(-c3ccc(Cl)s3)on2)CC1,O=C(O)CO[*:1],8.3,0.774,4.7,CPD_213,CC(OC(=O)OC1CCCCC1)OC(=O)c1ccc2c(c1)cc(C(=O)NC1CCN(C(C)C)CC1)n2Cc1cc(-c2ccc(Cl)s2)on1,CC(OC(=O)OC1CCCCC1)OC(=O)[*:1],6.77,4.442,4.4,-1.53,3.67,-0.03,1.53,3.670122613755568,0.390293914438106
O=C(Cn1c(C(=O)Nc2ccc([*:1])cc2)nc2ccccc21)Nc1ccc(Cl)cn1,CPD_598,O=C(Cn1c(C(=O)Nc2ccc(-n3ccncc3=O)cc2)nc2ccccc21)Nc1ccc(Cl)cn1,O=c1cnccn1[*:1],7.83,3.118,2.9,CPD_601,O=C(Cn1c(C(=O)Nc2ccc(N3CCNCC3=O)cc2)nc2ccccc21)Nc1ccc(Cl)cn1,O=C1CNCCN1[*:1],6.3,2.591,8.7,-1.53,-0.53,0.48,1.53,0.7150524456289903,1.5854060646442847
CC(C)N1CCC(NC(=O)c2nc3cccc(C(=O)O)c3n2C[*:1])CC1,CPD_336,CC(C)N1CCC(NC(=O)c2nc3cccc(C(=O)O)c3n2Cc2cc(-c3ccc(Cl)s3)on2)CC1,Clc1ccc(-c2cc([*:1])no2)s1,6.53,2.191,0.6,CPD_469,COc1cccc(Cn2c(C(=O)NC3CCN(C(C)C)CC3)nc3cccc(C(=O)O)c32)c1,COc1cccc([*:1])c1,5.0,1.47,4.5,-1.53,-0.72,0.88,1.53,1.1370136322841515,1.1030893744572479
Clc1ccc(-c2cc(Cn3c([*:1])nc4ccccc43)no2)s1,CPD_425,CN1[C@@H]2CC[C@H]1C[C@@H](NC(=O)c1nc3ccccc3n1Cc1cc(-c3ccc(Cl)s3)on1)C2,CN1[C@@H]2CC[C@H]1C[C@@H](NC(=O)[*:1])C2,7.69,2.187,69.0,CPD_980,O=C(c1nc2ccccc2n1Cc1cc(-c2ccc(Cl)s2)on1)N1CCN(C(=O)N2CCCC2)CC1,O=C(N1CCCC1)N1CCN(C(=O)[*:1])CC1,6.15,3.472,0.9,-1.54,1.29,-1.88,1.54,2.2800219297190982,0.6086903761229383
Cc1cc(C(=O)O)cc2nc(C(=O)NC3CCN(C4CC4)CC3)n([*:1])c12,CPD_700,Cc1cc(C(=O)O)cc2nc(C(=O)NC3CCN(C4CC4)CC3)n(Cc3nnc(-c4ccc(Cl)s4)s3)c12,Clc1ccc(-c2nnc(C[*:1])s2)s1,8.34,2.633,0.3,CPD_709,Cc1cc(C(=O)O)cc2nc(C(=O)NC3CCN(C4CC4)CC3)n(Cc3cc4ccc(Cl)cc4s3)c12,Clc1ccc2cc(C[*:1])sc2c1,6.79,4.254,0.2,-1.54,1.62,-0.18,1.54,1.6299693248647351,0.8191623020821385
O=C(N[*:1])c1cc2ccccc2n1Cc1cc(-c2ccc(Cl)s2)on1,CPD_178,O=C(NC1CN(c2ccncc2)C1)c1cc2ccccc2n1Cc1cc(-c2ccc(Cl)s2)on1,c1cc(N2CC([*:1])C2)ccn1,7.9,1.282,330.0,CPD_211,O=C(NCC1CN(c2ccncc2)C1)c1cc2ccccc2n1Cc1cc(-c2ccc(Cl)s2)on1,c1cc(N2CC(C[*:1])C2)ccn1,6.35,1.589,190.0,-1.55,0.31,-0.24,1.55,0.3920459156782532,2.414157558128206
CC(C)N1CCC(NC(=O)c2cc3cc([*:1])ccc3n2Cc2cc(-c3ccc(Cl)s3)on2)CC1,CPD_143,CC(C)N1CCC(NC(=O)c2cc3cc(CO)ccc3n2Cc2cc(-c3ccc(Cl)s3)on2)CC1,OC[*:1],8.54,0.77,2500.0,CPD_373,CC(C)N1CCC(NC(=O)c2cc3cc(C(=O)N4CCCC4CO)ccc3n2Cc2cc(-c3ccc(Cl)s3)on2)CC1,O=C(N1CCCC1CO)[*:1],6.98,-0.415,2900.0,-1.55,-1.19,0.06,1.55,1.1915116449284078,1.0752601308864074
CC(C)N1CCC(NC(=O)c2cc3cc([*:1])ccc3n2Cc2cc(-c3ccc(Cl)s3)on2)CC1,CPD_181,CC(C)N1CCC(NC(=O)c2cc3cc(OCC(=O)O)ccc3n2Cc2cc(-c3ccc(Cl)s3)on2)CC1,O=C(O)CO[*:1],8.3,0.774,4.7,CPD_342,CC(C)N1CCC(NC(=O)c2cc3cc(C(=O)N(C)CCO)ccc3n2Cc2cc(-c3ccc(Cl)s3)on2)CC1,CN(CCO)C(=O)[*:1],6.73,-0.441,32000.0,-1.56,-1.22,3.83,1.56,4.019614409368142,0.36537257242179483
CC(C)N1CCC(NC(=O)c2cc3cc([*:1])ccc3n2Cc2cc(-c3ccc(Cl)s3)on2)CC1,CPD_112,COC(=O)c1ccc2c(c1)cc(C(=O)NC1CCN(C(C)C)CC1)n2Cc1cc(-c2ccc(Cl)s2)on1,COC(=O)[*:1],8.29,1.96,260.0,CPD_342,CC(C)N1CCC(NC(=O)c2cc3cc(C(=O)N(C)CCO)ccc3n2Cc2cc(-c3ccc(Cl)s3)on2)CC1,CN(CCO)C(=O)[*:1],6.73,-0.441,32000.0,-1.56,-2.4,2.09,1.56,3.1824675960644124,0.454483533009506
CC(C)N1CCC(NC(=O)c2cc3cc([*:1])ccc3n2Cc2cc(-c3ccc(Cl)s3)on2)CC1,CPD_148,CC(C)N1CCC(NC(=O)c2cc3cc(C(N)=O)ccc3n2Cc2cc(-c3ccc(Cl)s3)on2)CC1,NC(=O)[*:1],8.44,0.497,390.0,CPD_673,CC(C)N1CCC(NC(=O)c2cc3cc(C(=O)N4CCC(F)(F)CC4)ccc3n2Cc2cc(-c3ccc(Cl)s3)on2)CC1,O=C(N1CCC(F)(F)CC1)[*:1],6.88,0.623,560.0,-1.56,0.13,0.16,1.56,0.20615528128088303,3.4198880600911243
O=C(Cn1c(C(=O)N[*:1])nc2ccccc21)Nc1ccc(Cl)cn1,CPD_152,CC(C)N1CCC(NC(=O)c2nc3ccccc3n2CC(=O)Nc2ccc(Cl)cn2)CC1,CC(C)N1CCC([*:1])CC1,8.86,2.307,280.0,CPD_423,O=C(Cn1c(C(=O)Nc2ccc(-n3ccc(=O)cc3)cc2)nc2ccccc21)Nc1ccc(Cl)cn1,O=c1ccn(-c2ccc([*:1])cc2)cc1,7.3,3.099,3.9,-1.56,0.79,-1.86,1.56,2.0208166665979377,0.6869775191218498
Clc1ccc(-c2cc(Cn3c([*:1])nc4ccccc43)no2)s1,CPD_533,O=C(Nc1ccc(N2CCOC2=O)cc1)c1nc2ccccc2n1Cc1cc(-c2ccc(Cl)s2)on1,O=C1OCCN1c1ccc(NC(=O)[*:1])cc1,6.33,4.952,0.1,CPD_983,O=C(c1nc2ccccc2n1Cc1cc(-c2ccc(Cl)s2)on1)N1CCC(Nc2ccncc2)CC1,O=C(N1CCC(Nc2ccncc2)CC1)[*:1],4.77,3.65,2.4,-1.56,-1.3,1.38,1.56,1.8958902921846505,0.7269709945944266
CC(C)N1CCC(NC(=O)c2nc3ccc([*:1])cc3n2CC(=O)Nc2ccc(Cl)cn2)CC1,CPD_340,CC(C)N1CCC(NC(=O)c2nc3ccc(C(=O)O)cc3n2CC(=O)Nc2ccc(Cl)cn2)CC1,O=C(O)[*:1],7.63,1.376,1.9,CPD_387,CC(OC(=O)OC1CCCCC1)OC(=O)c1ccc2nc(C(=O)NC3CCN(C(C)C)CC3)n(CC(=O)Nc3ccc(Cl)cn3)c2c1,CC(OC(=O)OC1CCCCC1)OC(=O)[*:1],6.06,4.788,4.3,-1.57,3.41,0.35,1.57,3.427914818078186,0.42687231152905525
Clc1ccc(-c2cc(Cn3c([*:1])nc4ccccc43)no2)s1,CPD_533,O=C(Nc1ccc(N2CCOC2=O)cc1)c1nc2ccccc2n1Cc1cc(-c2ccc(Cl)s2)on1,O=C1OCCN1c1ccc(NC(=O)[*:1])cc1,6.33,4.952,0.1,CPD_986,CNC(=O)CN1CCN(C(=O)c2nc3ccccc3n2Cc2cc(-c3ccc(Cl)s3)on2)CC1,CNC(=O)CN1CCN(C(=O)[*:1])CC1,4.77,2.886,2.4,-1.57,-2.07,1.38,1.57,2.4878303800701524,0.5734467742883952
CC(C)N1CCC(NC(=O)c2cc3cc([*:1])ccc3n2Cc2cc(-c3ccc(Cl)s3)on2)CC1,CPD_338,CC(C)N1CCC(NC(=O)c2cc3cc(NS(C)(=O)=O)ccc3n2Cc2cc(-c3ccc(Cl)s3)on2)CC1,CS(=O)(=O)N[*:1],8.46,0.697,170.0,CPD_673,CC(C)N1CCC(NC(=O)c2cc3cc(C(=O)N4CCC(F)(F)CC4)ccc3n2Cc2cc(-c3ccc(Cl)s3)on2)CC1,O=C(N1CCC(F)(F)CC1)[*:1],6.88,0.623,560.0,-1.57,-0.07,0.52,1.57,0.5246903848937963,2.026616091556673
O=C(O)c1cc([*:1])c2c(c1)nc(C(=O)NC1CCN(C3CC3)CC1)n2Cc1cc(-c2ccc(Cl)s2)on1,CPD_697,Cc1cc(C(=O)O)cc2nc(C(=O)NC3CCN(C4CC4)CC3)n(Cc3cc(-c4ccc(Cl)s4)on3)c12,C[*:1],9.12,2.133,0.6,CPD_851,O=C(O)c1cc(C2CC2)c2c(c1)nc(C(=O)NC1CCN(C3CC3)CC1)n2Cc1cc(-c2ccc(Cl)s2)on1,C1CC1[*:1],7.54,2.725,0.2,-1.58,0.59,-0.48,1.58,0.7605918747922568,1.563440236766988
CC(C)N1CCC(NC(=O)c2nc3c([*:1])cccc3n2Cc2cc(-c3ccc(Cl)s3)on2)CC1,CPD_323,CC(C)N1CCC(NC(=O)c2nc3c(C(=O)NCCO)cccc3n2Cc2cc(-c3ccc(Cl)s3)on2)CC1,O=C(NCCO)[*:1],9.16,1.295,130.0,CPD_346,CC(C)N1CCC(NC(=O)c2nc3c(C(=O)N(C)CCO)cccc3n2Cc2cc(-c3ccc(Cl)s3)on2)CC1,CN(CCO)C(=O)[*:1],7.58,0.725,300.0,-1.58,-0.57,0.36,1.58,0.674166151627327,1.7096492846203486
Clc1ccc(-c2cc(Cn3c([*:1])nc4ccccc43)no2)s1,CPD_457,O=C(Nc1ccc(-n2ccc(=O)cc2)cc1)c1nc2ccccc2n1Cc1cc(-c2ccc(Cl)s2)on1,O=C(Nc1ccc(-n2ccc(=O)cc2)cc1)[*:1],7.92,3.915,0.4,CPD_533,O=C(Nc1ccc(N2CCOC2=O)cc1)c1nc2ccccc2n1Cc1cc(-c2ccc(Cl)s2)on1,O=C1OCCN1c1ccc(NC(=O)[*:1])cc1,6.33,4.952,0.1,-1.59,1.04,-0.6,1.59,1.200666481584291,1.0960479339562195
CC(C)N1CCC(NC(=O)c2cc3cc([*:1])ccc3n2Cc2cc(-c3ccc(Cl)s3)on2)CC1,CPD_262,CC(C)N1CCC(NC(=O)c2cc3cc(-c4n[nH]c(=O)o4)ccc3n2Cc2cc(-c3ccc(Cl)s3)on2)CC1,O=c1[nH]nc([*:1])o1,8.48,0.297,310.0,CPD_673,CC(C)N1CCC(NC(=O)c2cc3cc(C(=O)N4CCC(F)(F)CC4)ccc3n2Cc2cc(-c3ccc(Cl)s3)on2)CC1,O=C(N1CCC(F)(F)CC1)[*:1],6.88,0.623,560.0,-1.59,0.33,0.26,1.59,0.42011903075200013,2.3727127973305273
CC(C)N1CCC(NC(=O)c2cc3ccccc3n2[*:1])CC1,CPD_8,CC(C)N1CCC(NC(=O)c2cc3ccccc3n2Cc2cnc(-c3ccc(Cl)s3)s2)CC1,Clc1ccc(-c2ncc(C[*:1])s2)s1,7.16,2.78,44.0,CPD_33,CC(C)N1CCC(NC(=O)c2cc3ccccc3n2Cc2csc(-c3ccc(Cl)cc3)n2)CC1,Clc1ccc(-c2nc(C[*:1])cs2)cc1,5.57,3.106,54.0,-1.6,0.33,0.09,1.6,0.3420526275297414,2.7024624595887383
CC(C)N1CCC(NC(=O)c2nc3c(C(=O)N4CC(O)C4)cccc3n2[*:1])CC1,CPD_320,CC(C)N1CCC(NC(=O)c2nc3c(C(=O)N4CC(O)C4)cccc3n2Cc2cc(-c3ccc(Cl)s3)on2)CC1,Clc1ccc(-c2cc(C[*:1])no2)s1,8.1,0.129,330.0,CPD_525,COc1cccc(Cn2c(C(=O)NC3CCN(C(C)C)CC3)nc3c(C(=O)N4CC(O)C4)cccc32)c1,COc1cccc(C[*:1])c1,6.49,-0.616,5500.0,-1.6,-0.74,1.22,1.6,1.4268847185389575,0.954150265853728
O=C(O)c1ccc2c(c1)cc(C(=O)N[*:1])n2Cc1cc(-c2ccc(Cl)s2)on1,CPD_212,O=C(O)c1ccc2c(c1)cc(C(=O)NC1CN(c3ccncc3)C1)n2Cc1cc(-c2ccc(Cl)s2)on1,c1cc(N2CC([*:1])C2)ccn1,7.36,0.473,7.5,CPD_283,O=C(O)c1ccc2c(c1)cc(C(=O)NC1CCN(c3ccccn3)CC1)n2Cc1cc(-c2ccc(Cl)s2)on1,c1ccc(N2CCC([*:1])CC2)nc1,5.76,1.179,8.9,-1.6,0.71,0.07,1.6,0.7134423592694787,1.660711701749532
CC(C)N1CCC(NC(=O)c2cc3cc([*:1])ccc3n2Cc2cc(-c3ccc(Cl)s3)on2)CC1,CPD_158,CC(C)N1CCC(NC(=O)c2cc3cc(-c4noc(O)n4)ccc3n2Cc2cc(-c3ccc(Cl)s3)on2)CC1,Oc1nc([*:1])no1,8.24,0.316,300.0,CPD_335,CC(C)N1CCC(NC(=O)c2cc3cc(C(=O)N(CCO)CCO)ccc3n2Cc2cc(-c3ccc(Cl)s3)on2)CC1,O=C(N(CCO)CCO)[*:1],6.64,-1.074,41000.0,-1.6,-1.39,2.14,1.6,2.55180328395431,0.5710607911565614
Clc1ccc(-c2cc(Cn3c([*:1])cc4ccccc43)no2)s1,CPD_208,O=C(NC1CN(c2cc[n+]([O-])cc2)C1)c1cc2ccccc2n1Cc1cc(-c2ccc(Cl)s2)on1,O=C(NC1CN(c2cc[n+]([O-])cc2)C1)[*:1],6.96,1.058,17.0,CPD_250,O=C(c1cc2ccccc2n1Cc1cc(-c2ccc(Cl)s2)on1)N1CCC(N2CCCC2=O)CC1,O=C1CCCN1C1CCN(C(=O)[*:1])CC1,5.35,2.607,2.1,-1.6,1.55,-0.91,1.6,1.797386992275175,0.7814839139043211
CC(C)N1CCC(NC(=O)c2cc3ccccc3n2[*:1])CC1,CPD_8,CC(C)N1CCC(NC(=O)c2cc3ccccc3n2Cc2cnc(-c3ccc(Cl)s3)s2)CC1,Clc1ccc(-c2ncc(C[*:1])s2)s1,7.16,2.78,44.0,CPD_859,CC(C)N1CCC(NC(=O)c2cc3ccccc3n2CC(=O)Nc2ccc(C#N)cc2)CC1,N#Cc1ccc(NC(=O)C[*:1])cc1,5.54,0.68,4500.0,-1.62,-2.1,2.01,1.62,2.9069055712217415,0.5131607403046428
COCCOc1cc2cc(C(=O)NC3CCN(C(C)C)CC3)n(C[*:1])c2cn1,CPD_383,COCCOc1cc2cc(C(=O)NC3CCN(C(C)C)CC3)n(Cc3cc(-c4ccc(Cl)s4)on3)c2cn1,Clc1ccc(-c2cc([*:1])no2)s1,6.87,0.606,4400.0,CPD_949,COCCOc1cc2cc(C(=O)NC3CCN(C(C)C)CC3)n(Cc3cccc(OC)c3)c2cn1,COc1cccc([*:1])c1,5.24,-0.24,220000.0,-1.63,-0.85,1.7,1.63,1.9006577808748213,0.7579076571340727
Clc1ccc(-c2cc(Cn3c([*:1])cc4ccccc43)no2)s1,CPD_63,CC(C)N1CC[C@H](NC(=O)c2cc3ccccc3n2Cc2cc(-c3ccc(Cl)s3)on2)C1,CC(C)N1CC[C@H](NC(=O)[*:1])C1,6.99,1.909,390.0,CPD_250,O=C(c1cc2ccccc2n1Cc1cc(-c2ccc(Cl)s2)on1)N1CCC(N2CCCC2=O)CC1,O=C1CCCN1C1CCN(C(=O)[*:1])CC1,5.35,2.607,2.1,-1.64,0.7,-2.27,1.64,2.375478899085403,0.6246479453981904
Clc1ccc(-c2cc(Cn3c([*:1])nc4ccccc43)no2)s1,CPD_605,O=C(Nc1ccc(N2CCNCC2=O)cc1)c1nc2ccccc2n1Cc1cc(-c2ccc(Cl)s2)on1,O=C1CNCCN1c1ccc(NC(=O)[*:1])cc1,6.85,3.407,0.8,CPD_984,O=C(c1nc2ccccc2n1Cc1cc(-c2ccc(Cl)s2)on1)N1CCC(N2CCCC2=O)CC1,O=C1CCCN1C1CCN(C(=O)[*:1])CC1,5.21,3.149,1.2,-1.64,-0.26,0.18,1.64,0.31622776601683794,2.8963609671363786
CC(C)N1CCC(NC(=O)c2cc3cc([*:1])ccc3n2Cc2cc(-c3ccc(Cl)s3)on2)CC1,CPD_148,CC(C)N1CCC(NC(=O)c2cc3cc(C(N)=O)ccc3n2Cc2cc(-c3ccc(Cl)s3)on2)CC1,NC(=O)[*:1],8.44,0.497,390.0,CPD_604,CC(C)N1CCC(NC(=O)c2cc3cc(C(=O)N4CCC(O)CC4)ccc3n2Cc2cc(-c3ccc(Cl)s3)on2)CC1,O=C(N1CCC(O)CC1)[*:1],6.79,-0.266,3400.0,-1.65,-0.76,0.94,1.65,1.208801058900926,1.131065809098826
CC(C)N1CCC(NC(=O)c2nc3c([*:1])cccc3n2Cc2cc(-c3ccc(Cl)s3)on2)CC1,CPD_323,CC(C)N1CCC(NC(=O)c2nc3c(C(=O)NCCO)cccc3n2Cc2cc(-c3ccc(Cl)s3)on2)CC1,O=C(NCCO)[*:1],9.16,1.295,130.0,CPD_337,CC(OC(=O)OC1CCCCC1)OC(=O)c1cccc2c1nc(C(=O)NC1CCN(C(C)C)CC1)n2Cc1cc(-c2ccc(Cl)s2)on1,CC(OC(=O)OC1CCCCC1)OC(=O)[*:1],7.51,5.617,0.5,-1.65,4.32,-2.41,1.65,4.946766620733183,0.3175051181665746
Clc1ccc(-c2cc(Cn3c([*:1])cc4ccccc43)no2)s1,CPD_177,CC(C)N1CC(NC(=O)c2cc3ccccc3n2Cc2cc(-c3ccc(Cl)s3)on2)C1,CC(C)N1CC(NC(=O)[*:1])C1,6.65,2.16,190.0,CPD_394,Nc1nc(CNC(=O)c2cc3ccccc3n2Cc2cc(-c3ccc(Cl)s3)on2)c[nH]1,Nc1nc(CNC(=O)[*:1])c[nH]1,5.0,1.539,34.0,-1.65,-0.62,-0.75,1.65,0.9730878685915265,1.3490445309543404
CC(C)N1CCC(NC(=O)c2cc3cc([*:1])ccc3n2Cc2cc(-c3ccc(Cl)s3)on2)CC1,CPD_112,COC(=O)c1ccc2c(c1)cc(C(=O)NC1CCN(C(C)C)CC1)n2Cc1cc(-c2ccc(Cl)s2)on1,COC(=O)[*:1],8.29,1.96,260.0,CPD_335,CC(C)N1CCC(NC(=O)c2cc3cc(C(=O)N(CCO)CCO)ccc3n2Cc2cc(-c3ccc(Cl)s3)on2)CC1,O=C(N(CCO)CCO)[*:1],6.64,-1.074,41000.0,-1.65,-3.03,2.2,1.65,3.7444492251865293,0.4130732191051821
CC(C)N1CCC(NC(=O)c2cc3cc([*:1])ccc3n2Cc2cc(-c3ccc(Cl)s3)on2)CC1,CPD_181,CC(C)N1CCC(NC(=O)c2cc3cc(OCC(=O)O)ccc3n2Cc2cc(-c3ccc(Cl)s3)on2)CC1,O=C(O)CO[*:1],8.3,0.774,4.7,CPD_335,CC(C)N1CCC(NC(=O)c2cc3cc(C(=O)N(CCO)CCO)ccc3n2Cc2cc(-c3ccc(Cl)s3)on2)CC1,O=C(N(CCO)CCO)[*:1],6.64,-1.074,41000.0,-1.65,-1.85,3.94,1.65,4.352711798407976,0.35848431799938363
Clc1ccc(-c2cc(Cn3c([*:1])cc4ccccc43)no2)s1,CPD_58,CCN1CC[C@@H](NC(=O)c2cc3ccccc3n2Cc2cc(-c3ccc(Cl)s3)on2)C1,CCN1CC[C@@H](NC(=O)[*:1])C1,7.0,1.624,680.0,CPD_250,O=C(c1cc2ccccc2n1Cc1cc(-c2ccc(Cl)s2)on1)N1CCC(N2CCCC2=O)CC1,O=C1CCCN1C1CCN(C(=O)[*:1])CC1,5.35,2.607,2.1,-1.65,0.98,-2.51,1.65,2.694531499166413,0.5603607910009145
CC(C)N1CCC(NC(=O)c2cc3ccccc3n2C[*:1])CC1,CPD_857,CC(C)N1CCC(NC(=O)c2cc3ccccc3n2CC(=O)Nc2ccc(F)cc2)CC1,O=C(Nc1ccc(F)cc1)[*:1],7.2,0.778,6500.0,CPD_859,CC(C)N1CCC(NC(=O)c2cc3ccccc3n2CC(=O)Nc2ccc(C#N)cc2)CC1,N#Cc1ccc(NC(=O)[*:1])cc1,5.54,0.68,4500.0,-1.66,-0.1,-0.16,1.66,0.18867962264113208,3.784082766383671
O=C(N[*:1])c1cc2ccccc2n1Cc1cc(-c2ccc(Cl)s2)on1,CPD_73,CCC(CC)N1CCC(NC(=O)c2cc3ccccc3n2Cc2cc(-c3ccc(Cl)s3)on2)CC1,CCC(CC)N1CCC([*:1])CC1,6.66,3.315,49.0,CPD_394,Nc1nc(CNC(=O)c2cc3ccccc3n2Cc2cc(-c3ccc(Cl)s3)on2)c[nH]1,Nc1nc(C[*:1])c[nH]1,5.0,1.539,34.0,-1.66,-1.78,-0.16,1.66,1.7871765441612084,0.8148532854247506
Clc1ccc(-c2cc(Cn3c([*:1])cc4ccccc43)no2)s1,CPD_73,CCC(CC)N1CCC(NC(=O)c2cc3ccccc3n2Cc2cc(-c3ccc(Cl)s3)on2)CC1,CCC(CC)N1CCC(NC(=O)[*:1])CC1,6.66,3.315,49.0,CPD_86,O=C(NCC1CC(C(=O)N2CCCC2)=NO1)c1cc2ccccc2n1Cc1cc(-c2ccc(Cl)s2)on1,O=C(C1=NOC(CNC(=O)[*:1])C1)N1CCCC1,5.0,1.879,5.1,-1.66,-1.44,-0.98,1.66,1.7418381095842403,0.8334010640786939
Clc1ccc(-c2cc(Cn3c([*:1])nc4ccccc43)no2)s1,CPD_533,O=C(Nc1ccc(N2CCOC2=O)cc1)c1nc2ccccc2n1Cc1cc(-c2ccc(Cl)s2)on1,O=C1OCCN1c1ccc(NC(=O)[*:1])cc1,6.33,4.952,0.1,CPD_987,NC(=O)N1CCN(C(=O)c2nc3ccccc3n2Cc2cc(-c3ccc(Cl)s3)on2)CC1,NC(=O)N1CCN(C(=O)[*:1])CC1,4.68,1.327,15.0,-1.66,-3.62,2.18,1.66,4.22573070604363,0.3708891595641541
CC(C)N1CCC(NC(=O)c2cc3cc([*:1])ccc3n2Cc2cc(-c3ccc(Cl)s3)on2)CC1,CPD_37,CC(C)N1CCC(NC(=O)c2cc3cc(C#N)ccc3n2Cc2cc(-c3ccc(Cl)s3)on2)CC1,N#C[*:1],8.7,1.433,130.0,CPD_162,CC(OC(=O)c1ccc2c(c1)cc(C(=O)NC1CCN(C(C)C)CC1)n2Cc1cc(-c2ccc(Cl)s2)on1)OC(=O)C(C)(C)C,CC(OC(=O)C(C)(C)C)OC(=O)[*:1],7.04,3.499,26.0,-1.66,2.07,-0.7,1.66,2.1851544567833185,0.6816816056065506
Clc1ccc(-c2cc(Cn3c([*:1])cc4ccccc43)no2)s1,CPD_31,O=C(NC1CCN(c2ccncn2)CC1)c1cc2ccccc2n1Cc1cc(-c2ccc(Cl)s2)on1,O=C(NC1CCN(c2ccncn2)CC1)[*:1],7.01,3.217,2.8,CPD_250,O=C(c1cc2ccccc2n1Cc1cc(-c2ccc(Cl)s2)on1)N1CCC(N2CCCC2=O)CC1,O=C1CCCN1C1CCN(C(=O)[*:1])CC1,5.35,2.607,2.1,-1.66,-0.61,-0.12,1.66,0.6216912416947822,1.90434401609055
CC(C)N1CCC(NC(=O)c2cc3cc([*:1])ccc3n2Cc2cc(-c3ccc(Cl)s3)on2)CC1,CPD_143,CC(C)N1CCC(NC(=O)c2cc3cc(CO)ccc3n2Cc2cc(-c3ccc(Cl)s3)on2)CC1,OC[*:1],8.54,0.77,2500.0,CPD_673,CC(C)N1CCC(NC(=O)c2cc3cc(C(=O)N4CCC(F)(F)CC4)ccc3n2Cc2cc(-c3ccc(Cl)s3)on2)CC1,O=C(N1CCC(F)(F)CC1)[*:1],6.88,0.623,560.0,-1.66,-0.15,-0.65,1.66,0.6670832032063168,1.8100865812352565
CC(C)N1CCC(NC(=O)c2cc3cc([*:1])ccc3n2Cc2cc(-c3ccc(Cl)s3)on2)CC1,CPD_338,CC(C)N1CCC(NC(=O)c2cc3cc(NS(C)(=O)=O)ccc3n2Cc2cc(-c3ccc(Cl)s3)on2)CC1,CS(=O)(=O)N[*:1],8.46,0.697,170.0,CPD_604,CC(C)N1CCC(NC(=O)c2cc3cc(C(=O)N4CCC(O)CC4)ccc3n2Cc2cc(-c3ccc(Cl)s3)on2)CC1,O=C(N1CCC(O)CC1)[*:1],6.79,-0.266,3400.0,-1.66,-0.96,1.3,1.66,1.616044553841261,0.8895821895478769
Clc1ccc(-c2cc(Cn3c([*:1])nc4ccccc43)no2)s1,CPD_605,O=C(Nc1ccc(N2CCNCC2=O)cc1)c1nc2ccccc2n1Cc1cc(-c2ccc(Cl)s2)on1,O=C1CNCCN1c1ccc(NC(=O)[*:1])cc1,6.85,3.407,0.8,CPD_976,O=C(CN1CCN(C(=O)c2nc3ccccc3n2Cc2cc(-c3ccc(Cl)s3)on2)CC1)N1CCCC1,O=C(CN1CCN(C(=O)[*:1])CC1)N1CCCC1,5.18,3.591,0.7,-1.67,0.18,-0.06,1.67,0.18973665961010275,3.7977274887218258
Clc1ccc(-c2cc(Cn3c([*:1])cc4ccccc43)no2)s1,CPD_17,CCCN1CCC(NC(=O)c2cc3ccccc3n2Cc2cc(-c3ccc(Cl)s3)on2)CC1,CCCN1CCC(NC(=O)[*:1])CC1,7.2,2.84,77.0,CPD_43,O=C(c1cc2ccccc2n1Cc1cc(-c2ccc(Cl)s2)on1)N1CCC(Oc2ccncc2)CC1,O=C(N1CCC(Oc2ccncc2)CC1)[*:1],5.53,3.739,1.1,-1.67,0.9,-1.85,1.67,2.0573040611440985,0.7237884369569889
CC(C)N1CCC(NC(=O)c2cc3cc([*:1])ccc3n2Cc2cc(-c3ccc(Cl)s3)on2)CC1,CPD_148,CC(C)N1CCC(NC(=O)c2cc3cc(C(N)=O)ccc3n2Cc2cc(-c3ccc(Cl)s3)on2)CC1,NC(=O)[*:1],8.44,0.497,390.0,CPD_213,CC(OC(=O)OC1CCCCC1)OC(=O)c1ccc2c(c1)cc(C(=O)NC1CCN(C(C)C)CC1)n2Cc1cc(-c2ccc(Cl)s2)on1,CC(OC(=O)OC1CCCCC1)OC(=O)[*:1],6.77,4.442,4.4,-1.67,3.95,-1.95,1.67,4.405110668303352,0.35874549908577463
O=C(Cn1c([*:1])nc2ccccc21)Nc1ccc(Cl)cn1,CPD_423,O=C(Cn1c(C(=O)Nc2ccc(-n3ccc(=O)cc3)cc2)nc2ccccc21)Nc1ccc(Cl)cn1,O=C(Nc1ccc(-n2ccc(=O)cc2)cc1)[*:1],7.3,3.099,3.9,CPD_991,CCN(CC)C(=O)N1CCN(C(=O)c2nc3ccccc3n2CC(=O)Nc2ccc(Cl)cn2)CC1,CCN(CC)C(=O)N1CCN(C(=O)[*:1])CC1,5.63,3.28,6.5,-1.67,0.18,0.22,1.67,0.2842534080710379,3.1258574578488143
CC(C)N1CCC(NC(=O)c2cc3cc([*:1])ccc3n2Cc2cc(-c3ccc(Cl)s3)on2)CC1,CPD_262,CC(C)N1CCC(NC(=O)c2cc3cc(-c4n[nH]c(=O)o4)ccc3n2Cc2cc(-c3ccc(Cl)s3)on2)CC1,O=c1[nH]nc([*:1])o1,8.48,0.297,310.0,CPD_604,CC(C)N1CCC(NC(=O)c2cc3cc(C(=O)N4CCC(O)CC4)ccc3n2Cc2cc(-c3ccc(Cl)s3)on2)CC1,O=C(N1CCC(O)CC1)[*:1],6.79,-0.266,3400.0,-1.68,-0.56,1.04,1.68,1.181185844818672,1.1738517440499505
O=C(Cn1c([*:1])nc2ccccc21)Nc1ccc(Cl)cn1,CPD_601,O=C(Cn1c(C(=O)Nc2ccc(N3CCNCC3=O)cc2)nc2ccccc21)Nc1ccc(Cl)cn1,O=C1CNCCN1c1ccc(NC(=O)[*:1])cc1,6.3,2.591,8.7,CPD_977,CNC(=O)CN1CCN(C(=O)c2nc3ccccc3n2CC(=O)Nc2ccc(Cl)cn2)CC1,CNC(=O)CN1CCN(C(=O)[*:1])CC1,4.62,2.07,26.0,-1.68,-0.52,0.48,1.68,0.7076722405181654,1.7542536255316397
CC(C)N1CCC(NC(=O)c2nc3c([*:1])cccc3n2Cc2cc(-c3ccc(Cl)s3)on2)CC1,CPD_434,CC(C)N1CCC(NC(=O)c2nc3c(C(=O)NCC(O)CCl)cccc3n2Cc2cc(-c3ccc(Cl)s3)on2)CC1,O=C(NCC(O)CCl)[*:1],9.36,1.992,49.0,CPD_595,CC(C)N1CCC(NC(=O)c2nc3c(C(=O)N4CCC(O)CC4)cccc3n2Cc2cc(-c3ccc(Cl)s3)on2)CC1,O=C(N1CCC(O)CC1)[*:1],7.68,0.896,160.0,-1.68,-1.1,0.51,1.68,1.2124768039018314,1.1487361683397816
O=C(Cn1c([*:1])nc2ccccc21)Nc1ccc(Cl)cn1,CPD_423,O=C(Cn1c(C(=O)Nc2ccc(-n3ccc(=O)cc3)cc2)nc2ccccc21)Nc1ccc(Cl)cn1,O=C(Nc1ccc(-n2ccc(=O)cc2)cc1)[*:1],7.3,3.099,3.9,CPD_981,O=C(Cn1c(C(=O)N2CCN(Cc3ccncc3)CC2)nc2ccccc21)Nc1ccc(Cl)cn1,O=C(N1CCN(Cc2ccncc2)CC1)[*:1],5.62,2.389,26.0,-1.68,-0.71,0.82,1.68,1.084665847162157,1.2587420316269515
CC(C)N1CCC(NC(=O)c2cc3ccccc3n2CC(=O)N[*:1])CC1,CPD_83,CC(C)N1CCC(NC(=O)c2cc3ccccc3n2CC(=O)Nc2ccc(Cl)cc2)CC1,Clc1ccc([*:1])cc1,8.38,1.359,3800.0,CPD_855,CC(C)N1CCC(NC(=O)c2cc3ccccc3n2CC(=O)Nc2ccccc2)CC1,c1ccc([*:1])cc1,6.69,0.388,27000.0,-1.69,-0.97,0.85,1.69,1.289728653632228,1.0975959926531735
Clc1ccc(-c2cc(Cn3c([*:1])cc4ccccc43)no2)s1,CPD_24,O=C(NC1CCN(c2ccnc(Cl)n2)CC1)c1cc2ccccc2n1Cc1cc(-c2ccc(Cl)s2)on1,O=C(NC1CCN(c2ccnc(Cl)n2)CC1)[*:1],6.7,3.331,2.1,CPD_86,O=C(NCC1CC(C(=O)N2CCCC2)=NO1)c1cc2ccccc2n1Cc1cc(-c2ccc(Cl)s2)on1,O=C(C1=NOC(CNC(=O)[*:1])C1)N1CCCC1,5.0,1.879,5.1,-1.7,-1.45,0.39,1.7,1.5015325504297268,0.9705785939193173
Clc1ccc(-c2cc(Cn3c([*:1])cc4ccccc43)no2)s1,CPD_24,O=C(NC1CCN(c2ccnc(Cl)n2)CC1)c1cc2ccccc2n1Cc1cc(-c2ccc(Cl)s2)on1,O=C(NC1CCN(c2ccnc(Cl)n2)CC1)[*:1],6.7,3.331,2.1,CPD_394,Nc1nc(CNC(=O)c2cc3ccccc3n2Cc2cc(-c3ccc(Cl)s3)on2)c[nH]1,Nc1nc(CNC(=O)[*:1])c[nH]1,5.0,1.539,34.0,-1.7,-1.79,1.21,1.7,2.1606017680266763,0.7052181005374536
CC(C)N1CCC(NC(=O)c2nc3c(C(=O)O)cccc3n2[*:1])CC1,CPD_322,CC(C)N1CCC(NC(=O)c2nc3c(C(=O)O)cccc3n2CC(=O)Nc2ccc(Cl)cn2)CC1,O=C(C[*:1])Nc1ccc(Cl)cn1,7.95,1.375,1.9,CPD_467,COc1cccc(Cn2c(C(=O)NC3CCN(C(C)C)CC3)nc3c(C(=O)O)cccc32)c1,COc1cccc(C[*:1])c1,6.25,1.47,4.5,-1.7,0.09,0.37,1.7,0.3807886552931954,2.695038957556754
O=C(N[*:1])c1cc2ccccc2n1Cc1cc(-c2ccc(Cl)s2)on1,CPD_24,O=C(NC1CCN(c2ccnc(Cl)n2)CC1)c1cc2ccccc2n1Cc1cc(-c2ccc(Cl)s2)on1,Clc1nccc(N2CCC([*:1])CC2)n1,6.7,3.331,2.1,CPD_46,O=C(Nc1ccc(-c2c[nH]cn2)cc1)c1cc2ccccc2n1Cc1cc(-c2ccc(Cl)s2)on1,c1nc(-c2ccc([*:1])cc2)c[nH]1,5.0,4.299,0.0,-1.7,0.97,-1.32,1.7,1.638078142214223,0.9003864628221073
Clc1ccc(-c2cc(Cn3c([*:1])cc4ccccc43)no2)s1,CPD_24,O=C(NC1CCN(c2ccnc(Cl)n2)CC1)c1cc2ccccc2n1Cc1cc(-c2ccc(Cl)s2)on1,O=C(NC1CCN(c2ccnc(Cl)n2)CC1)[*:1],6.7,3.331,2.1,CPD_47,O=C(Nc1nc(-c2cccnc2)cs1)c1cc2ccccc2n1Cc1cc(-c2ccc(Cl)s2)on1,O=C(Nc1nc(-c2cccnc2)cs1)[*:1],5.0,5.297,0.1,-1.7,1.97,-1.32,1.7,2.3713498265755732,0.6485208432560915
O=C(N[*:1])c1cc2ccccc2n1Cc1cc(-c2ccc(Cl)s2)on1,CPD_26,CN1CCC(NC(=O)c2cc3ccccc3n2Cc2cc(-c3ccc(Cl)s3)on2)CC1,CN1CCC([*:1])CC1,7.4,2.01,210.0,CPD_27,O=CN1CCC(NC(=O)c2cc3ccccc3n2Cc2cc(-c3ccc(Cl)s3)on2)CC1,O=CN1CCC([*:1])CC1,5.69,2.671,2.4,-1.7,0.66,-1.94,1.7,2.0491949638821585,0.7393892326249591
CC(C)N1CCC(NC(=O)c2cc3cc([*:1])ccc3n2Cc2cc(-c3ccc(Cl)s3)on2)CC1,CPD_148,CC(C)N1CCC(NC(=O)c2cc3cc(C(N)=O)ccc3n2Cc2cc(-c3ccc(Cl)s3)on2)CC1,NC(=O)[*:1],8.44,0.497,390.0,CPD_342,CC(C)N1CCC(NC(=O)c2cc3cc(C(=O)N(C)CCO)ccc3n2Cc2cc(-c3ccc(Cl)s3)on2)CC1,CN(CCO)C(=O)[*:1],6.73,-0.441,32000.0,-1.71,-0.94,1.91,1.71,2.128778992756176,0.7188561884930327
CC(C)N1CCC(NC(=O)c2cc3ccccc3n2[*:1])CC1,CPD_853,Cc1ccc(NC(=O)Cn2c(C(=O)NC3CCN(C(C)C)CC3)cc3ccccc32)cc1,Cc1ccc(NC(=O)C[*:1])cc1,7.25,0.85,14000.0,CPD_859,CC(C)N1CCC(NC(=O)c2cc3ccccc3n2CC(=O)Nc2ccc(C#N)cc2)CC1,N#Cc1ccc(NC(=O)C[*:1])cc1,5.54,0.68,4500.0,-1.71,-0.17,-0.49,1.71,0.5186520991955975,2.224673557503496
CC(C)N1CCC(NC(=O)c2cc3cc([*:1])ccc3n2Cc2cc(-c3ccc(Cl)s3)on2)CC1,CPD_37,CC(C)N1CCC(NC(=O)c2cc3cc(C#N)ccc3n2Cc2cc(-c3ccc(Cl)s3)on2)CC1,N#C[*:1],8.7,1.433,130.0,CPD_373,CC(C)N1CCC(NC(=O)c2cc3cc(C(=O)N4CCCC4CO)ccc3n2Cc2cc(-c3ccc(Cl)s3)on2)CC1,O=C(N1CCCC1CO)[*:1],6.98,-0.415,2900.0,-1.71,-1.85,1.35,1.71,2.290196498119758,0.67317626855471
Clc1ccc(-c2cc(Cn3c([*:1])nc4ccccc43)no2)s1,CPD_116,O=C(NC1CCN(c2ccncn2)CC1)c1nc2ccccc2n1Cc1cc(-c2ccc(Cl)s2)on1,O=C(NC1CCN(c2ccncn2)CC1)[*:1],7.23,3.606,0.7,CPD_990,O=C(NC1CCN(c2ccccc2)CC1)c1nc2ccccc2n1Cc1cc(-c2ccc(Cl)s2)on1,O=C(NC1CCN(c2ccccc2)CC1)[*:1],5.51,5.578,0.1,-1.72,1.97,-0.85,1.72,2.1455535416297584,0.7179968930395263
CC(C)N1CCC(NC(=O)c2cc3cc([*:1])ccc3n2Cc2cc(-c3ccc(Cl)s3)on2)CC1,CPD_338,CC(C)N1CCC(NC(=O)c2cc3cc(NS(C)(=O)=O)ccc3n2Cc2cc(-c3ccc(Cl)s3)on2)CC1,CS(=O)(=O)N[*:1],8.46,0.697,170.0,CPD_342,CC(C)N1CCC(NC(=O)c2cc3cc(C(=O)N(C)CCO)ccc3n2Cc2cc(-c3ccc(Cl)s3)on2)CC1,CN(CCO)C(=O)[*:1],6.73,-0.441,32000.0,-1.72,-1.14,2.27,1.72,2.5401771591761073,0.6164483120161041
COC(=O)c1cccc2c1nc(C(=O)N[*:1])n2CC(=O)Nc1ccc(Cl)cn1,CPD_307,COC(=O)c1cccc2c1nc(C(=O)NC1CCN(C(C)C)CC1)n2CC(=O)Nc1ccc(Cl)cn1,CC(C)N1CCC([*:1])CC1,7.93,2.316,160.0,CPD_403,COC(=O)c1cccc2c1nc(C(=O)Nc1ccc(C(=O)N3CCCC3)cc1F)n2CC(=O)Nc1ccc(Cl)cn1,O=C(c1ccc([*:1])c(F)c1)N1CCCC1,6.2,3.714,1.4,-1.72,1.4,-2.06,1.72,2.4907027120874945,0.6275762753888539
Clc1ccc(-c2cc(Cn3c([*:1])nc4ccccc43)no2)s1,CPD_425,CN1[C@@H]2CC[C@H]1C[C@@H](NC(=O)c1nc3ccccc3n1Cc1cc(-c3ccc(Cl)s3)on1)C2,CN1[C@@H]2CC[C@H]1C[C@@H](NC(=O)[*:1])C2,7.69,2.187,69.0,CPD_438,CCN1CCN(c2ccc(NC(=O)c3nc4ccccc4n3Cc3cc(-c4ccc(Cl)s4)on3)cc2)C(=O)C1=O,CCN1CCN(c2ccc(NC(=O)[*:1])cc2)C(=O)C1=O,5.96,3.038,0.7,-1.73,0.85,-1.99,1.73,2.163931607052312,0.7166731629619486
CC(C)N1CCC(NC(=O)c2nc3ccc([*:1])cc3n2CC(=O)Nc2ccc(Cl)cn2)CC1,CPD_340,CC(C)N1CCC(NC(=O)c2nc3ccc(C(=O)O)cc3n2CC(=O)Nc2ccc(Cl)cn2)CC1,O=C(O)[*:1],7.63,1.376,1.9,CPD_376,CC(C)N1CCC(NC(=O)c2nc3ccc(C(=O)N4CC(O)C4)cc3n2CC(=O)Nc2ccc(Cl)cn2)CC1,O=C(N1CC(O)C1)[*:1],5.89,-0.693,3300.0,-1.74,-2.07,3.24,1.74,3.8448016853928895,0.4249290035722572
CC(C)N1CCC(NC(=O)c2cc3cc([*:1])ccc3n2Cc2cc(-c3ccc(Cl)s3)on2)CC1,CPD_262,CC(C)N1CCC(NC(=O)c2cc3cc(-c4n[nH]c(=O)o4)ccc3n2Cc2cc(-c3ccc(Cl)s3)on2)CC1,O=c1[nH]nc([*:1])o1,8.48,0.297,310.0,CPD_342,CC(C)N1CCC(NC(=O)c2cc3cc(C(=O)N(C)CCO)ccc3n2Cc2cc(-c3ccc(Cl)s3)on2)CC1,CN(CCO)C(=O)[*:1],6.73,-0.441,32000.0,-1.74,-0.74,2.01,1.74,2.141891687270857,0.7274576893510325
CC(C)N1CCC(NC(=O)c2cc3cc([*:1])ccc3n2Cc2cc(-c3ccc(Cl)s3)on2)CC1,CPD_143,CC(C)N1CCC(NC(=O)c2cc3cc(CO)ccc3n2Cc2cc(-c3ccc(Cl)s3)on2)CC1,OC[*:1],8.54,0.77,2500.0,CPD_604,CC(C)N1CCC(NC(=O)c2cc3cc(C(=O)N4CCC(O)CC4)ccc3n2Cc2cc(-c3ccc(Cl)s3)on2)CC1,O=C(N1CCC(O)CC1)[*:1],6.79,-0.266,3400.0,-1.75,-1.04,0.13,1.75,1.0480935072788116,1.3481309244574518
O=C(N[*:1])c1cc2ccccc2n1Cc1cc(-c2ccc(Cl)s2)on1,CPD_57,CCN1CC[C@H](NC(=O)c2cc3ccccc3n2Cc2cc(-c3ccc(Cl)s3)on2)C1,CCN1CC[C@H]([*:1])C1,6.76,1.624,680.0,CPD_86,O=C(NCC1CC(C(=O)N2CCCC2)=NO1)c1cc2ccccc2n1Cc1cc(-c2ccc(Cl)s2)on1,O=C(C1=NOC(C[*:1])C1)N1CCCC1,5.0,1.879,5.1,-1.76,0.25,-2.12,1.76,2.134689672996991,0.7380415237795266
O=C(Cn1c([*:1])nc2ccccc21)Nc1ccc(Cl)cn1,CPD_598,O=C(Cn1c(C(=O)Nc2ccc(-n3ccncc3=O)cc2)nc2ccccc21)Nc1ccc(Cl)cn1,O=C(Nc1ccc(-n2ccncc2=O)cc1)[*:1],7.83,3.118,2.9,CPD_988,O=C(Cn1c(C(=O)N2CCC(Nc3ccncc3)CC2)nc2ccccc21)Nc1ccc(Cl)cn1,O=C(N1CCC(Nc2ccncc2)CC1)[*:1],6.07,2.834,31.0,-1.76,-0.28,1.03,1.76,1.067379969832674,1.3359850918513245
Clc1ccc(-c2cc(Cn3c([*:1])nc4ccccc43)no2)s1,CPD_425,CN1[C@@H]2CC[C@H]1C[C@@H](NC(=O)c1nc3ccccc3n1Cc1cc(-c3ccc(Cl)s3)on1)C2,CN1[C@@H]2CC[C@H]1C[C@@H](NC(=O)[*:1])C2,7.69,2.187,69.0,CPD_978,O=C(c1nc2ccccc2n1Cc1cc(-c2ccc(Cl)s2)on1)N1CCN(Cc2ccncc2)CC1,O=C(N1CCN(Cc2ccncc2)CC1)[*:1],5.93,3.205,2.8,-1.76,1.02,-1.39,1.76,1.7240939649566667,0.8915482399737916
Clc1ccc(-c2cc(Cn3c([*:1])cc4ccccc43)no2)s1,CPD_57,CCN1CC[C@H](NC(=O)c2cc3ccccc3n2Cc2cc(-c3ccc(Cl)s3)on2)C1,CCN1CC[C@H](NC(=O)[*:1])C1,6.76,1.624,680.0,CPD_394,Nc1nc(CNC(=O)c2cc3ccccc3n2Cc2cc(-c3ccc(Cl)s3)on2)c[nH]1,Nc1nc(CNC(=O)[*:1])c[nH]1,5.0,1.539,34.0,-1.76,-0.09,-1.3,1.76,1.3031116606031887,1.13320892801517
CC(C)N1CCC(NC(=O)c2cc3cc([*:1])ccc3n2Cc2cc(-c3ccc(Cl)s3)on2)CC1,CPD_143,CC(C)N1CCC(NC(=O)c2cc3cc(CO)ccc3n2Cc2cc(-c3ccc(Cl)s3)on2)CC1,OC[*:1],8.54,0.77,2500.0,CPD_213,CC(OC(=O)OC1CCCCC1)OC(=O)c1ccc2c(c1)cc(C(=O)NC1CCN(C(C)C)CC1)n2Cc1cc(-c2ccc(Cl)s2)on1,CC(OC(=O)OC1CCCCC1)OC(=O)[*:1],6.77,4.442,4.4,-1.77,3.67,-2.75,1.77,4.586000436109878,0.3660049297728773
O=C(O)c1ccc2c(c1)cc([*:1])n2Cc1cc(-c2ccc(Cl)s2)on1,CPD_85,CC(C)N1CCC(NC(=O)c2cc3cc(C(=O)O)ccc3n2Cc2cc(-c3ccc(Cl)s3)on2)CC1,CC(C)N1CCC(NC(=O)[*:1])CC1,8.07,1.328,5.5,CPD_183,CC(C)N1CC(NC(=O)c2cc3cc(C(=O)O)ccc3n2Cc2cc(-c3ccc(Cl)s3)on2)C1,CC(C)N1CC(NC(=O)[*:1])C1,6.3,1.025,8.9,-1.77,-0.3,0.21,1.77,0.3661966684720111,2.8724595418360286
Clc1ccc(-c2cc(Cn3c([*:1])nc4ccccc43)no2)s1,CPD_425,CN1[C@@H]2CC[C@H]1C[C@@H](NC(=O)c1nc3ccccc3n1Cc1cc(-c3ccc(Cl)s3)on1)C2,CN1[C@@H]2CC[C@H]1C[C@@H](NC(=O)[*:1])C2,7.69,2.187,69.0,CPD_979,CCN(CC)C(=O)N1CCN(C(=O)c2nc3ccccc3n2Cc2cc(-c3ccc(Cl)s3)on2)CC1,CCN(CC)C(=O)N1CCN(C(=O)[*:1])CC1,5.92,4.096,0.6,-1.77,1.91,-2.06,1.77,2.8092169727523717,0.5785794259658328
Clc1ccc(-c2cc(Cn3c([*:1])nc4ccccc43)no2)s1,CPD_457,O=C(Nc1ccc(-n2ccc(=O)cc2)cc1)c1nc2ccccc2n1Cc1cc(-c2ccc(Cl)s2)on1,O=C(Nc1ccc(-n2ccc(=O)cc2)cc1)[*:1],7.92,3.915,0.4,CPD_980,O=C(c1nc2ccccc2n1Cc1cc(-c2ccc(Cl)s2)on1)N1CCN(C(=O)N2CCCC2)CC1,O=C(N1CCCC1)N1CCN(C(=O)[*:1])CC1,6.15,3.472,0.9,-1.77,-0.44,0.35,1.77,0.5622277118748239,2.1791918376121386
CC(C)N1CCC(NC(=O)c2cc3cc([*:1])ccc3n2Cc2cc(-c3ccc(Cl)s3)on2)CC1,CPD_148,CC(C)N1CCC(NC(=O)c2cc3cc(C(N)=O)ccc3n2Cc2cc(-c3ccc(Cl)s3)on2)CC1,NC(=O)[*:1],8.44,0.497,390.0,CPD_335,CC(C)N1CCC(NC(=O)c2cc3cc(C(=O)N(CCO)CCO)ccc3n2Cc2cc(-c3ccc(Cl)s3)on2)CC1,O=C(N(CCO)CCO)[*:1],6.64,-1.074,41000.0,-1.8,-1.57,2.02,1.8,2.558378392654222,0.6409392711139631
CC(C)N1CCC(NC(=O)c2cc3cc([*:1])ccc3n2Cc2cc(-c3ccc(Cl)s3)on2)CC1,CPD_143,CC(C)N1CCC(NC(=O)c2cc3cc(CO)ccc3n2Cc2cc(-c3ccc(Cl)s3)on2)CC1,OC[*:1],8.54,0.77,2500.0,CPD_342,CC(C)N1CCC(NC(=O)c2cc3cc(C(=O)N(C)CCO)ccc3n2Cc2cc(-c3ccc(Cl)s3)on2)CC1,CN(CCO)C(=O)[*:1],6.73,-0.441,32000.0,-1.81,-1.21,1.11,1.81,1.6420109622045769,0.9566540766185533
CC(C)N1CCC(NC(=O)c2cc3cc([*:1])ccc3n2Cc2cc(-c3ccc(Cl)s3)on2)CC1,CPD_37,CC(C)N1CCC(NC(=O)c2cc3cc(C#N)ccc3n2Cc2cc(-c3ccc(Cl)s3)on2)CC1,N#C[*:1],8.7,1.433,130.0,CPD_673,CC(C)N1CCC(NC(=O)c2cc3cc(C(=O)N4CCC(F)(F)CC4)ccc3n2Cc2cc(-c3ccc(Cl)s3)on2)CC1,O=C(N1CCC(F)(F)CC1)[*:1],6.88,0.623,560.0,-1.82,-0.81,0.63,1.82,1.0261578825892244,1.4261558266657122
O=C(N[*:1])c1cc2ccccc2n1Cc1cc(-c2ccc(Cl)s2)on1,CPD_178,O=C(NC1CN(c2ccncc2)C1)c1cc2ccccc2n1Cc1cc(-c2ccc(Cl)s2)on1,c1cc(N2CC([*:1])C2)ccn1,7.9,1.282,330.0,CPD_204,CC(C)N1CC(CNC(=O)c2cc3ccccc3n2Cc2cc(-c3ccc(Cl)s3)on2)C1,CC(C)N1CC(C[*:1])C1,6.08,1.854,360.0,-1.82,0.57,0.04,1.82,0.5714017850864661,2.2157244274900316
CC(C)N1CCC(NC(=O)c2cc3cc([*:1])ccc3n2Cc2cc(-c3ccc(Cl)s3)on2)CC1,CPD_262,CC(C)N1CCC(NC(=O)c2cc3cc(-c4n[nH]c(=O)o4)ccc3n2Cc2cc(-c3ccc(Cl)s3)on2)CC1,O=c1[nH]nc([*:1])o1,8.48,0.297,310.0,CPD_335,CC(C)N1CCC(NC(=O)c2cc3cc(C(=O)N(CCO)CCO)ccc3n2Cc2cc(-c3ccc(Cl)s3)on2)CC1,O=C(N(CCO)CCO)[*:1],6.64,-1.074,41000.0,-1.83,-1.37,2.12,1.83,2.524143419063188,0.6596630828185445
Clc1ccc(-c2cc(Cn3c([*:1])cc4ccccc43)no2)s1,CPD_17,CCCN1CCC(NC(=O)c2cc3ccccc3n2Cc2cc(-c3ccc(Cl)s3)on2)CC1,CCCN1CCC(NC(=O)[*:1])CC1,7.2,2.84,77.0,CPD_250,O=C(c1cc2ccccc2n1Cc1cc(-c2ccc(Cl)s2)on1)N1CCC(N2CCCC2=O)CC1,O=C1CCCN1C1CCN(C(=O)[*:1])CC1,5.35,2.607,2.1,-1.84,-0.23,-1.56,1.84,1.576863976378432,1.0071904771189417
O=C(N[*:1])c1cc2ccccc2n1Cc1cc(-c2ccc(Cl)s2)on1,CPD_16,CC(C)CN1CCC(NC(=O)c2cc3ccccc3n2Cc2cc(-c3ccc(Cl)s3)on2)CC1,CC(C)CN1CCC([*:1])CC1,6.85,3.104,48.0,CPD_47,O=C(Nc1nc(-c2cccnc2)cs1)c1cc2ccccc2n1Cc1cc(-c2ccc(Cl)s2)on1,c1cncc(-c2csc([*:1])n2)c1,5.0,5.297,0.1,-1.85,2.19,-2.68,1.85,3.4609969661934117,0.4985183272455364
O=C(N[*:1])c1cc2ccccc2n1Cc1cc(-c2ccc(Cl)s2)on1,CPD_16,CC(C)CN1CCC(NC(=O)c2cc3ccccc3n2Cc2cc(-c3ccc(Cl)s3)on2)CC1,CC(C)CN1CCC([*:1])CC1,6.85,3.104,48.0,CPD_86,O=C(NCC1CC(C(=O)N2CCCC2)=NO1)c1cc2ccccc2n1Cc1cc(-c2ccc(Cl)s2)on1,O=C(C1=NOC(C[*:1])C1)N1CCCC1,5.0,1.879,5.1,-1.85,-1.23,-0.97,1.85,1.5664609794054878,1.0184639367290396
O=C(N[*:1])c1cc2ccccc2n1Cc1cc(-c2ccc(Cl)s2)on1,CPD_16,CC(C)CN1CCC(NC(=O)c2cc3ccccc3n2Cc2cc(-c3ccc(Cl)s3)on2)CC1,CC(C)CN1CCC([*:1])CC1,6.85,3.104,48.0,CPD_46,O=C(Nc1ccc(-c2c[nH]cn2)cc1)c1cc2ccccc2n1Cc1cc(-c2ccc(Cl)s2)on1,c1nc(-c2ccc([*:1])cc2)c[nH]1,5.0,4.299,0.0,-1.85,1.2,-2.68,1.85,2.936392344357273,0.5805939131369472
Clc1ccc(-c2cc(Cn3c([*:1])cc4ccccc43)no2)s1,CPD_16,CC(C)CN1CCC(NC(=O)c2cc3ccccc3n2Cc2cc(-c3ccc(Cl)s3)on2)CC1,CC(C)CN1CCC(NC(=O)[*:1])CC1,6.85,3.104,48.0,CPD_394,Nc1nc(CNC(=O)c2cc3ccccc3n2Cc2cc(-c3ccc(Cl)s3)on2)c[nH]1,Nc1nc(CNC(=O)[*:1])c[nH]1,5.0,1.539,34.0,-1.85,-1.57,-0.15,1.85,1.5771493271088823,1.0125061879464852
O=C(N[*:1])c1nc2ccccc2n1Cc1cc(-c2ccc(Cl)s2)on1,CPD_519,O=C(Nc1ccc(-n2ccc(=O)[nH]c2=O)cc1)c1nc2ccccc2n1Cc1cc(-c2ccc(Cl)s2)on1,O=c1ccn(-c2ccc([*:1])cc2)c(=O)[nH]1,8.2,3.685,0.2,CPD_533,O=C(Nc1ccc(N2CCOC2=O)cc1)c1nc2ccccc2n1Cc1cc(-c2ccc(Cl)s2)on1,O=C1OCCN1c1ccc([*:1])cc1,6.33,4.952,0.1,-1.86,1.27,-0.3,1.86,1.3049521064008442,1.1961783210836199
Clc1ccc(-c2cc(Cn3c([*:1])cc4ccccc43)no2)s1,CPD_23,CS(=O)(=O)N1CCC(NC(=O)c2cc3ccccc3n2Cc2cc(-c3ccc(Cl)s3)on2)CC1,CS(=O)(=O)N1CCC(NC(=O)[*:1])CC1,6.87,3.257,1.1,CPD_46,O=C(Nc1ccc(-c2c[nH]cn2)cc1)c1cc2ccccc2n1Cc1cc(-c2ccc(Cl)s2)on1,O=C(Nc1ccc(-c2c[nH]cn2)cc1)[*:1],5.0,4.299,0.0,-1.87,1.04,-1.04,1.87,1.470782104868019,1.0867151597577926
O=C(N[*:1])c1cc2ccccc2n1Cc1cc(-c2ccc(Cl)s2)on1,CPD_23,CS(=O)(=O)N1CCC(NC(=O)c2cc3ccccc3n2Cc2cc(-c3ccc(Cl)s3)on2)CC1,CS(=O)(=O)N1CCC([*:1])CC1,6.87,3.257,1.1,CPD_86,O=C(NCC1CC(C(=O)N2CCCC2)=NO1)c1cc2ccccc2n1Cc1cc(-c2ccc(Cl)s2)on1,O=C(C1=NOC(C[*:1])C1)N1CCCC1,5.0,1.879,5.1,-1.87,-1.38,0.67,1.87,1.5340469353966977,1.0481787014107844
Clc1ccc(-c2cc(Cn3c([*:1])cc4ccccc43)no2)s1,CPD_26,CN1CCC(NC(=O)c2cc3ccccc3n2Cc2cc(-c3ccc(Cl)s3)on2)CC1,CN1CCC(NC(=O)[*:1])CC1,7.4,2.01,210.0,CPD_43,O=C(c1cc2ccccc2n1Cc1cc(-c2ccc(Cl)s2)on1)N1CCC(Oc2ccncc2)CC1,O=C(N1CCC(Oc2ccncc2)CC1)[*:1],5.53,3.739,1.1,-1.87,1.73,-2.28,1.87,2.8620447236198108,0.6008911073183062
O=C(N[*:1])c1cc2ccccc2n1Cc1cc(-c2ccc(Cl)s2)on1,CPD_23,CS(=O)(=O)N1CCC(NC(=O)c2cc3ccccc3n2Cc2cc(-c3ccc(Cl)s3)on2)CC1,CS(=O)(=O)N1CCC([*:1])CC1,6.87,3.257,1.1,CPD_394,Nc1nc(CNC(=O)c2cc3ccccc3n2Cc2cc(-c3ccc(Cl)s3)on2)c[nH]1,Nc1nc(C[*:1])c[nH]1,5.0,1.539,34.0,-1.87,-1.72,1.49,1.87,2.2756317804073665,0.7404088016735292
O=C(N[*:1])c1cc2ccccc2n1Cc1cc(-c2ccc(Cl)s2)on1,CPD_23,CS(=O)(=O)N1CCC(NC(=O)c2cc3ccccc3n2Cc2cc(-c3ccc(Cl)s3)on2)CC1,CS(=O)(=O)N1CCC([*:1])CC1,6.87,3.257,1.1,CPD_47,O=C(Nc1nc(-c2cccnc2)cs1)c1cc2ccccc2n1Cc1cc(-c2ccc(Cl)s2)on1,c1cncc(-c2csc([*:1])n2)c1,5.0,5.297,0.1,-1.87,2.04,-1.04,1.87,2.289803485017874,0.7362774368296608
CC(C)N1CCC(NC(=O)c2cc3c(C(=O)N4CCC(F)(F)CC4)cccc3n2C[*:1])CC1,CPD_669,CC(C)N1CCC(NC(=O)c2cc3c(C(=O)N4CCC(F)(F)CC4)cccc3n2CC(=O)Nc2ccc(Cl)cn2)CC1,O=C(Nc1ccc(Cl)cn1)[*:1],8.71,-0.341,18000.0,CPD_680,COc1cccc(Cn2c(C(=O)NC3CCN(C(C)C)CC3)cc3c(C(=O)N4CCC(F)(F)CC4)cccc32)c1,COc1cccc([*:1])c1,6.83,-0.127,22000.0,-1.88,0.21,0.09,1.88,0.22847319317591724,3.929164740706366
CC(C)N1CCC(NC(=O)c2cc3cc([*:1])ccc3n2Cc2cc(-c3ccc(Cl)s3)on2)CC1,CPD_143,CC(C)N1CCC(NC(=O)c2cc3cc(CO)ccc3n2Cc2cc(-c3ccc(Cl)s3)on2)CC1,OC[*:1],8.54,0.77,2500.0,CPD_335,CC(C)N1CCC(NC(=O)c2cc3cc(C(=O)N(CCO)CCO)ccc3n2Cc2cc(-c3ccc(Cl)s3)on2)CC1,O=C(N(CCO)CCO)[*:1],6.64,-1.074,41000.0,-1.9,-1.84,1.21,1.9,2.2022034420098433,0.7748133647682781
Clc1ccc(-c2cc(Cn3c([*:1])nc4ccccc43)no2)s1,CPD_559,O=C1CCN(c2ccc(NC(=O)c3nc4ccccc4n3Cc3cc(-c4ccc(Cl)s4)on3)cc2)CC1,O=C1CCN(c2ccc(NC(=O)[*:1])cc2)CC1,6.68,4.038,0.4,CPD_983,O=C(c1nc2ccccc2n1Cc1cc(-c2ccc(Cl)s2)on1)N1CCC(Nc2ccncc2)CC1,O=C(N1CCC(Nc2ccncc2)CC1)[*:1],4.77,3.65,2.4,-1.91,-0.39,0.78,1.91,0.8720665112249181,1.7022163845839442
O=C(O)c1ccc2c(c1)cc(C(=O)NC1CCN([*:1])CC1)n2Cc1cc(-c2ccc(Cl)s2)on1,CPD_85,CC(C)N1CCC(NC(=O)c2cc3cc(C(=O)O)ccc3n2Cc2cc(-c3ccc(Cl)s3)on2)CC1,CC(C)[*:1],8.07,1.328,5.5,CPD_264,O=C(O)c1ccc2c(c1)cc(C(=O)NC1CCN(c3ccncc3F)CC1)n2Cc1cc(-c2ccc(Cl)s2)on1,Fc1cnccc1[*:1],6.15,1.713,1.2,-1.91,0.39,-0.66,1.91,0.7666159403508384,1.8787822659369782
Clc1ccc(-c2cc(Cn3c([*:1])nc4ccccc43)no2)s1,CPD_559,O=C1CCN(c2ccc(NC(=O)c3nc4ccccc4n3Cc3cc(-c4ccc(Cl)s4)on3)cc2)CC1,O=C1CCN(c2ccc(NC(=O)[*:1])cc2)CC1,6.68,4.038,0.4,CPD_986,CNC(=O)CN1CCN(C(=O)c2nc3ccccc3n2Cc2cc(-c3ccc(Cl)s3)on2)CC1,CNC(=O)CN1CCN(C(=O)[*:1])CC1,4.77,2.886,2.4,-1.91,-1.15,0.78,1.91,1.3895682782792647,1.164940811128985
CC(C)N1CCC(NC(=O)c2nc3cc(C(=O)O)ccc3n2C[*:1])CC1,CPD_306,CC(C)N1CCC(NC(=O)c2nc3cc(C(=O)O)ccc3n2Cc2cc(-c3ccc(Cl)s3)on2)CC1,Clc1ccc(-c2cc([*:1])no2)s1,8.57,2.192,0.6,CPD_596,CC(C)N1CCC(NC(=O)c2nc3cc(C(=O)O)ccc3n2CCc2ccc(Cl)cc2)CC1,Clc1ccc(C[*:1])cc1,6.66,2.566,2.3,-1.91,0.37,0.58,1.91,0.6879680225126746,2.03631675511005
CC(C)N1CCC(NC(=O)c2nc3c(C(=O)O)cccc3n2[*:1])CC1,CPD_322,CC(C)N1CCC(NC(=O)c2nc3c(C(=O)O)cccc3n2CC(=O)Nc2ccc(Cl)cn2)CC1,O=C(C[*:1])Nc1ccc(Cl)cn1,7.95,1.375,1.9,CPD_650,CC(C)N1CCC(NC(=O)c2nc3c(C(=O)O)cccc3n2Cc2cc3cc(Cl)ccc3s2)CC1,Clc1ccc2sc(C[*:1])cc2c1,6.04,4.311,0.2,-1.91,2.94,-0.98,1.91,3.0990321069650117,0.5703140307397341
O=C(Cn1c([*:1])nc2ccccc21)Nc1ccc(Cl)cn1,CPD_531,O=C(Cn1c(C(=O)Nc2ccc(-n3ccc(=O)[nH]c3=O)cc2)nc2ccccc21)Nc1ccc(Cl)cn1,O=C(Nc1ccc(-n2ccc(=O)[nH]c2=O)cc1)[*:1],7.54,2.869,2.6,CPD_991,CCN(CC)C(=O)N1CCN(C(=O)c2nc3ccccc3n2CC(=O)Nc2ccc(Cl)cn2)CC1,CCN(CC)C(=O)N1CCN(C(=O)[*:1])CC1,5.63,3.28,6.5,-1.91,0.41,0.4,1.91,0.5728001396647875,2.321341365812289
CC(C)N1CCC(NC(=O)c2cc3cc([*:1])ccc3n2Cc2cc(-c3ccc(Cl)s3)on2)CC1,CPD_37,CC(C)N1CCC(NC(=O)c2cc3cc(C#N)ccc3n2Cc2cc(-c3ccc(Cl)s3)on2)CC1,N#C[*:1],8.7,1.433,130.0,CPD_604,CC(C)N1CCC(NC(=O)c2cc3cc(C(=O)N4CCC(O)CC4)ccc3n2Cc2cc(-c3ccc(Cl)s3)on2)CC1,O=C(N1CCC(O)CC1)[*:1],6.79,-0.266,3400.0,-1.91,-1.7,1.42,1.91,2.2150395030337493,0.7748354530016024
O=C(Cn1c([*:1])nc2ccccc21)Nc1ccc(Cl)cn1,CPD_531,O=C(Cn1c(C(=O)Nc2ccc(-n3ccc(=O)[nH]c3=O)cc2)nc2ccccc21)Nc1ccc(Cl)cn1,O=C(Nc1ccc(-n2ccc(=O)[nH]c2=O)cc1)[*:1],7.54,2.869,2.6,CPD_981,O=C(Cn1c(C(=O)N2CCN(Cc3ccncc3)CC2)nc2ccccc21)Nc1ccc(Cl)cn1,O=C(N1CCN(Cc2ccncc2)CC1)[*:1],5.62,2.389,26.0,-1.91,-0.48,1.0,1.91,1.1092339699089637,1.405203255866188
COC(=O)c1ccc2c(c1)nc(C(=O)NC1CCN(C(C)C)CC1)n2[*:1],CPD_290,COC(=O)c1ccc2c(c1)nc(C(=O)NC1CCN(C(C)C)CC1)n2Cc1cc(-c2ccc(Cl)s2)on1,Clc1ccc(-c2cc(C[*:1])no2)s1,8.63,3.121,16.0,CPD_539,COC(=O)c1ccc2c(c1)nc(C(=O)NC1CCN(C(C)C)CC1)n2CCc1ccc(Cl)cc1,Clc1ccc(CC[*:1])cc1,6.71,3.462,54.0,-1.92,0.34,0.53,1.92,0.6296824596572467,2.1826057561135133
Cc1ccc(C(=O)O)c2nc(C(=O)NC3CCN(C4CC4)CC3)n(C[*:1])c12,CPD_840,Cc1ccc(C(=O)O)c2nc(C(=O)NC3CCN(C4CC4)CC3)n(Cc3cc(-c4ccc(Cl)s4)on3)c12,Clc1ccc(-c2cc([*:1])no2)s1,9.6,2.132,0.6,CPD_886,Cc1ccc(C(=O)O)c2nc(C(=O)NC3CCN(C4CC4)CC3)n(CC(=O)Nc3ccc(Cl)cn3)c12,O=C(Nc1ccc(Cl)cn1)[*:1],7.68,1.316,2.1,-1.92,-0.82,0.54,1.92,0.9818350166906862,1.5586502851315778
CC(C)N1CCC(NC(=O)c2cc3cc([*:1])ccc3n2Cc2cc(-c3ccc(Cl)s3)on2)CC1,CPD_37,CC(C)N1CCC(NC(=O)c2cc3cc(C#N)ccc3n2Cc2cc(-c3ccc(Cl)s3)on2)CC1,N#C[*:1],8.7,1.433,130.0,CPD_213,CC(OC(=O)OC1CCCCC1)OC(=O)c1ccc2c(c1)cc(C(=O)NC1CCN(C(C)C)CC1)n2Cc1cc(-c2ccc(Cl)s2)on1,CC(OC(=O)OC1CCCCC1)OC(=O)[*:1],6.77,4.442,4.4,-1.93,3.01,-1.47,1.93,3.3497761119215115,0.5361444545421443
O=C(N[*:1])c1cc2ccccc2n1Cc1cc(-c2ccc(Cl)s2)on1,CPD_208,O=C(NC1CN(c2cc[n+]([O-])cc2)C1)c1cc2ccccc2n1Cc1cc(-c2ccc(Cl)s2)on1,[O-][n+]1ccc(N2CC([*:1])C2)cc1,6.96,1.058,17.0,CPD_394,Nc1nc(CNC(=O)c2cc3ccccc3n2Cc2cc(-c3ccc(Cl)s3)on2)c[nH]1,Nc1nc(C[*:1])c[nH]1,5.0,1.539,34.0,-1.96,0.48,0.3,1.96,0.5660388679233962,2.4018463789447715
Clc1ccc(-c2cc(Cn3c([*:1])cc4ccccc43)no2)s1,CPD_60,CC(C)N1CC[C@@H](NC(=O)c2cc3ccccc3n2Cc2cc(-c3ccc(Cl)s3)on2)C1,CC(C)N1CC[C@@H](NC(=O)[*:1])C1,7.32,1.909,390.0,CPD_250,O=C(c1cc2ccccc2n1Cc1cc(-c2ccc(Cl)s2)on1)N1CCC(N2CCCC2=O)CC1,O=C1CCCN1C1CCN(C(=O)[*:1])CC1,5.35,2.607,2.1,-1.96,0.7,-2.27,1.96,2.375478899085403,0.7465304713295446
CC(C)N1CCC(NC(=O)c2cc3cc([*:1])ccc3n2Cc2cc(-c3ccc(Cl)s3)on2)CC1,CPD_37,CC(C)N1CCC(NC(=O)c2cc3cc(C#N)ccc3n2Cc2cc(-c3ccc(Cl)s3)on2)CC1,N#C[*:1],8.7,1.433,130.0,CPD_342,CC(C)N1CCC(NC(=O)c2cc3cc(C(=O)N(C)CCO)ccc3n2Cc2cc(-c3ccc(Cl)s3)on2)CC1,CN(CCO)C(=O)[*:1],6.73,-0.441,32000.0,-1.97,-1.87,2.39,1.97,3.034633421024688,0.5997625145595183
Clc1ccc(-c2cc(Cn3c([*:1])cc4ccccc43)no2)s1,CPD_63,CC(C)N1CC[C@H](NC(=O)c2cc3ccccc3n2Cc2cc(-c3ccc(Cl)s3)on2)C1,CC(C)N1CC[C@H](NC(=O)[*:1])C1,6.99,1.909,390.0,CPD_86,O=C(NCC1CC(C(=O)N2CCCC2)=NO1)c1cc2ccccc2n1Cc1cc(-c2ccc(Cl)s2)on1,O=C(C1=NOC(CNC(=O)[*:1])C1)N1CCCC1,5.0,1.879,5.1,-1.99,-0.03,-1.88,1.99,1.880239346466295,0.93416732880325
O=C(N[*:1])c1cc2ccccc2n1Cc1cc(-c2ccc(Cl)s2)on1,CPD_63,CC(C)N1CC[C@H](NC(=O)c2cc3ccccc3n2Cc2cc(-c3ccc(Cl)s3)on2)C1,CC(C)N1CC[C@H]([*:1])C1,6.99,1.909,390.0,CPD_394,Nc1nc(CNC(=O)c2cc3ccccc3n2Cc2cc(-c3ccc(Cl)s3)on2)c[nH]1,Nc1nc(C[*:1])c[nH]1,5.0,1.539,34.0,-1.99,-0.37,-1.06,1.99,1.122719911643149,1.4496766478880352
CC(C)N1CCC(NC(=O)c2cc3cc(C(=O)O)ccc3n2[*:1])CC1,CPD_85,CC(C)N1CCC(NC(=O)c2cc3cc(C(=O)O)ccc3n2Cc2cc(-c3ccc(Cl)s3)on2)CC1,Clc1ccc(-c2cc(C[*:1])no2)s1,8.07,1.328,5.5,CPD_409,COc1cccc(Cn2c(C(=O)NC3CCN(C(C)C)CC3)cc3cc(C(=O)O)ccc32)c1,COc1cccc(C[*:1])c1,6.08,0.607,45.0,-1.99,-0.72,0.91,1.99,1.1603878661895772,1.4109593876302635
Clc1ccc(-c2cc(Cn3c([*:1])nc4ccccc43)no2)s1,CPD_457,O=C(Nc1ccc(-n2ccc(=O)cc2)cc1)c1nc2ccccc2n1Cc1cc(-c2ccc(Cl)s2)on1,O=C(Nc1ccc(-n2ccc(=O)cc2)cc1)[*:1],7.92,3.915,0.4,CPD_978,O=C(c1nc2ccccc2n1Cc1cc(-c2ccc(Cl)s2)on1)N1CCN(Cc2ccncc2)CC1,O=C(N1CCN(Cc2ccncc2)CC1)[*:1],5.93,3.205,2.8,-1.99,-0.71,0.85,1.99,1.1075197515168747,1.4659086895615332
Clc1ccc(-c2cc(Cn3c([*:1])cc4ccccc43)no2)s1,CPD_58,CCN1CC[C@@H](NC(=O)c2cc3ccccc3n2Cc2cc(-c3ccc(Cl)s3)on2)C1,CCN1CC[C@@H](NC(=O)[*:1])C1,7.0,1.624,680.0,CPD_394,Nc1nc(CNC(=O)c2cc3ccccc3n2Cc2cc(-c3ccc(Cl)s3)on2)c[nH]1,Nc1nc(CNC(=O)[*:1])c[nH]1,5.0,1.539,34.0,-2.0,-0.09,-1.3,2.0,1.3031116606031887,1.2877374181990568
O=C(N[*:1])c1cc2ccccc2n1Cc1cc(-c2ccc(Cl)s2)on1,CPD_58,CCN1CC[C@@H](NC(=O)c2cc3ccccc3n2Cc2cc(-c3ccc(Cl)s3)on2)C1,CCN1CC[C@@H]([*:1])C1,7.0,1.624,680.0,CPD_86,O=C(NCC1CC(C(=O)N2CCCC2)=NO1)c1cc2ccccc2n1Cc1cc(-c2ccc(Cl)s2)on1,O=C(C1=NOC(C[*:1])C1)N1CCCC1,5.0,1.879,5.1,-2.0,0.25,-2.12,2.0,2.134689672996991,0.838683549749462
Clc1ccc(-c2cc(Cn3c([*:1])nc4ccccc43)no2)s1,CPD_457,O=C(Nc1ccc(-n2ccc(=O)cc2)cc1)c1nc2ccccc2n1Cc1cc(-c2ccc(Cl)s2)on1,O=C(Nc1ccc(-n2ccc(=O)cc2)cc1)[*:1],7.92,3.915,0.4,CPD_979,CCN(CC)C(=O)N1CCN(C(=O)c2nc3ccccc3n2Cc2cc(-c3ccc(Cl)s3)on2)CC1,CCN(CC)C(=O)N1CCN(C(=O)[*:1])CC1,5.92,4.096,0.6,-2.0,0.18,0.18,2.0,0.2545584412271571,3.9638619366583554
Clc1ccc(-c2cc(Cn3c([*:1])nc4ccccc43)no2)s1,CPD_559,O=C1CCN(c2ccc(NC(=O)c3nc4ccccc4n3Cc3cc(-c4ccc(Cl)s4)on3)cc2)CC1,O=C1CCN(c2ccc(NC(=O)[*:1])cc2)CC1,6.68,4.038,0.4,CPD_987,NC(=O)N1CCN(C(=O)c2nc3ccccc3n2Cc2cc(-c3ccc(Cl)s3)on2)CC1,NC(=O)N1CCN(C(=O)[*:1])CC1,4.68,1.327,15.0,-2.0,-2.71,1.57,2.0,3.131932310890515,0.5913778917335484
O=C(N[*:1])c1cc2ccccc2n1Cc1cc(-c2ccc(Cl)s2)on1,CPD_31,O=C(NC1CCN(c2ccncn2)CC1)c1cc2ccccc2n1Cc1cc(-c2ccc(Cl)s2)on1,c1cc(N2CCC([*:1])CC2)ncn1,7.01,3.217,2.8,CPD_394,Nc1nc(CNC(=O)c2cc3ccccc3n2Cc2cc(-c3ccc(Cl)s3)on2)c[nH]1,Nc1nc(C[*:1])c[nH]1,5.0,1.539,34.0,-2.01,-1.68,1.08,2.01,1.9971980372511884,0.8944472034421437
Clc1ccc(-c2cc(Cn3c([*:1])cc4ccccc43)no2)s1,CPD_31,O=C(NC1CCN(c2ccncn2)CC1)c1cc2ccccc2n1Cc1cc(-c2ccc(Cl)s2)on1,O=C(NC1CCN(c2ccncn2)CC1)[*:1],7.01,3.217,2.8,CPD_47,O=C(Nc1nc(-c2cccnc2)cs1)c1cc2ccccc2n1Cc1cc(-c2ccc(Cl)s2)on1,O=C(Nc1nc(-c2cccnc2)cs1)[*:1],5.0,5.297,0.1,-2.01,2.08,-1.45,2.01,2.535527558517162,0.7215868297027355
Clc1ccc(-c2cc(Cn3c([*:1])cc4ccccc43)no2)s1,CPD_31,O=C(NC1CCN(c2ccncn2)CC1)c1cc2ccccc2n1Cc1cc(-c2ccc(Cl)s2)on1,O=C(NC1CCN(c2ccncn2)CC1)[*:1],7.01,3.217,2.8,CPD_46,O=C(Nc1ccc(-c2c[nH]cn2)cc1)c1cc2ccccc2n1Cc1cc(-c2ccc(Cl)s2)on1,O=C(Nc1ccc(-c2c[nH]cn2)cc1)[*:1],5.0,4.299,0.0,-2.01,1.08,-1.45,2.01,1.808009955724802,0.9766716601194023
COCCOc1cc2cc(C(=O)NC3CCN(C(C)C)CC3)n([*:1])c2cn1,CPD_783,COCCOc1cc2cc(C(=O)NC3CCN(C(C)C)CC3)n(CC(=O)Nc3ccc(F)cn3)c2cn1,O=C(C[*:1])Nc1ccc(F)cn1,6.01,-1.216,310000.0,CPD_797,COCCOc1cc2cc(C(=O)NC3CCN(C(C)C)CC3)n(CC(=O)Nc3ccc(C(F)(F)F)cn3)c2cn1,O=C(C[*:1])Nc1ccc(C(F)(F)F)cn1,4.0,0.247,110000.0,-2.01,1.46,-0.45,2.01,1.5277761616153067,1.130626027842387
O=C(N[*:1])c1cc2ccccc2n1Cc1cc(-c2ccc(Cl)s2)on1,CPD_31,O=C(NC1CCN(c2ccncn2)CC1)c1cc2ccccc2n1Cc1cc(-c2ccc(Cl)s2)on1,c1cc(N2CCC([*:1])CC2)ncn1,7.01,3.217,2.8,CPD_86,O=C(NCC1CC(C(=O)N2CCCC2)=NO1)c1cc2ccccc2n1Cc1cc(-c2ccc(Cl)s2)on1,O=C(C1=NOC(C[*:1])C1)N1CCCC1,5.0,1.879,5.1,-2.01,-1.34,0.26,2.01,1.3649908424601245,1.2445891005413725
CC(C)N1CCC(NC(=O)c2cc3cc(C(=O)N4CC(O)C4)ccc3n2[*:1])CC1,CPD_408,CC(C)N1CCC(NC(=O)c2cc3cc(C(=O)N4CC(O)C4)ccc3n2CC(=O)Nc2ccc(Cl)cn2)CC1,O=C(C[*:1])Nc1ccc(Cl)cn1,8.06,-2.004,210000.0,CPD_415,COc1cccc(Cn2c(C(=O)NC3CCN(C(C)C)CC3)cc3cc(C(=O)N4CC(O)C4)ccc32)c1,COc1cccc(C[*:1])c1,6.03,-1.789,250000.0,-2.02,0.22,0.08,2.02,0.2340939982143925,4.172743325574954
Clc1ccc(-c2cc(Cn3c([*:1])nc4ccccc43)no2)s1,CPD_116,O=C(NC1CCN(c2ccncn2)CC1)c1nc2ccccc2n1Cc1cc(-c2ccc(Cl)s2)on1,O=C(NC1CCN(c2ccncn2)CC1)[*:1],7.23,3.606,0.7,CPD_984,O=C(c1nc2ccccc2n1Cc1cc(-c2ccc(Cl)s2)on1)N1CCC(N2CCCC2=O)CC1,O=C1CCCN1C1CCN(C(=O)[*:1])CC1,5.21,3.149,1.2,-2.02,-0.46,0.23,2.02,0.5142956348249517,2.642956348249516
COCCOc1cc2cc(C(=O)NC3CCN(C(C)C)CC3)n([*:1])c2cn1,CPD_705,COCCOc1cc2cc(C(=O)NC3CCN(C(C)C)CC3)n(Cc3cc4ccc(Cl)cc4s3)c2cn1,Clc1ccc2cc(C[*:1])sc2c1,6.03,2.646,3600.0,CPD_797,COCCOc1cc2cc(C(=O)NC3CCN(C(C)C)CC3)n(CC(=O)Nc3ccc(C(F)(F)F)cn3)c2cn1,O=C(C[*:1])Nc1ccc(C(F)(F)F)cn1,4.0,0.247,110000.0,-2.03,-2.4,1.49,2.03,2.824907078117792,0.6601825513513081
O=C(c1nc2ccccc2n1Cc1cc(-c2ccc(Cl)s2)on1)N(Cc1cc(-c2ccc(Cl)s2)on1)[*:1],CPD_422,CN1[C@@H]2CC[C@H]1C[C@@H](N(Cc1cc(-c3ccc(Cl)s3)on1)C(=O)c1nc3ccccc3n1Cc1cc(-c3ccc(Cl)s3)on1)C2,CN1[C@@H]2CC[C@H]1C[C@@H]([*:1])C2,7.04,4.575,0.4,CPD_461,O=C(c1nc2ccccc2n1Cc1cc(-c2ccc(Cl)s2)on1)N(Cc1cc(-c2ccc(Cl)s2)on1)c1ccc(-n2ncccc2=O)cc1,O=c1cccnn1-c1ccc([*:1])cc1,5.0,6.665,0.0,-2.04,2.09,-0.6,2.04,2.1744194627532196,0.8414385511009448
O=C(Cn1c([*:1])nc2ccccc21)Nc1ccc(Cl)cn1,CPD_423,O=C(Cn1c(C(=O)Nc2ccc(-n3ccc(=O)cc3)cc2)nc2ccccc21)Nc1ccc(Cl)cn1,O=C(Nc1ccc(-n2ccc(=O)cc2)cc1)[*:1],7.3,3.099,3.9,CPD_989,O=C(Cn1c(C(=O)N2CCN(C(=O)N3CCCC3)CC2)nc2ccccc21)Nc1ccc(Cl)cn1,O=C(N1CCCC1)N1CCN(C(=O)[*:1])CC1,5.26,2.656,7.4,-2.04,-0.44,0.28,2.04,0.521536192416212,2.6440755729311323
Clc1ccc(-c2cc(Cn3c([*:1])cc4ccccc43)no2)s1,CPD_26,CN1CCC(NC(=O)c2cc3ccccc3n2Cc2cc(-c3ccc(Cl)s3)on2)CC1,CN1CCC(NC(=O)[*:1])CC1,7.4,2.01,210.0,CPD_250,O=C(c1cc2ccccc2n1Cc1cc(-c2ccc(Cl)s2)on1)N1CCC(N2CCCC2=O)CC1,O=C1CCCN1C1CCN(C(=O)[*:1])CC1,5.35,2.607,2.1,-2.04,0.6,-2.0,2.04,2.08806130178211,0.87251775581978
Clc1ccc(-c2cc(Cn3c([*:1])nc4ccccc43)no2)s1,CPD_519,O=C(Nc1ccc(-n2ccc(=O)[nH]c2=O)cc1)c1nc2ccccc2n1Cc1cc(-c2ccc(Cl)s2)on1,O=C(Nc1ccc(-n2ccc(=O)[nH]c2=O)cc1)[*:1],8.2,3.685,0.2,CPD_980,O=C(c1nc2ccccc2n1Cc1cc(-c2ccc(Cl)s2)on1)N1CCN(C(=O)N2CCCC2)CC1,O=C(N1CCCC1)N1CCN(C(=O)[*:1])CC1,6.15,3.472,0.9,-2.05,-0.21,0.65,2.05,0.6830812543175226,2.19702195335541
Clc1ccc(-c2cc(Cn3c([*:1])nc4ccccc43)no2)s1,CPD_116,O=C(NC1CCN(c2ccncn2)CC1)c1nc2ccccc2n1Cc1cc(-c2ccc(Cl)s2)on1,O=C(NC1CCN(c2ccncn2)CC1)[*:1],7.23,3.606,0.7,CPD_976,O=C(CN1CCN(C(=O)c2nc3ccccc3n2Cc2cc(-c3ccc(Cl)s3)on2)CC1)N1CCCC1,O=C(CN1CCN(C(=O)[*:1])CC1)N1CCCC1,5.18,3.591,0.7,-2.05,-0.01,0.0,2.05,0.01,7.884615384615383
CC(C)N1CCC(NC(=O)c2cc3cc([*:1])ccc3n2Cc2cc(-c3ccc(Cl)s3)on2)CC1,CPD_37,CC(C)N1CCC(NC(=O)c2cc3cc(C#N)ccc3n2Cc2cc(-c3ccc(Cl)s3)on2)CC1,N#C[*:1],8.7,1.433,130.0,CPD_335,CC(C)N1CCC(NC(=O)c2cc3cc(C(=O)N(CCO)CCO)ccc3n2Cc2cc(-c3ccc(Cl)s3)on2)CC1,O=C(N(CCO)CCO)[*:1],6.64,-1.074,41000.0,-2.06,-2.51,2.5,2.06,3.5426120306914783,0.5431612786463729
CC(C)N1CCC(NC(=O)c2nc3c(C(=O)O)cccc3n2[*:1])CC1,CPD_322,CC(C)N1CCC(NC(=O)c2nc3c(C(=O)O)cccc3n2CC(=O)Nc2ccc(Cl)cn2)CC1,O=C(C[*:1])Nc1ccc(Cl)cn1,7.95,1.375,1.9,CPD_671,CC(C)N1CCC(NC(=O)c2nc3c(C(=O)O)cccc3n2Cc2n[nH]c3ccc(Cl)cc23)CC1,Clc1ccc2[nH]nc(C[*:1])c2c1,5.89,1.751,1.1,-2.06,0.38,-0.24,2.06,0.44944410108488464,2.9451960446943537
Clc1ccc(-c2cc(Cn3c([*:1])nc4ccccc43)no2)s1,CPD_605,O=C(Nc1ccc(N2CCNCC2=O)cc1)c1nc2ccccc2n1Cc1cc(-c2ccc(Cl)s2)on1,O=C1CNCCN1c1ccc(NC(=O)[*:1])cc1,6.85,3.407,0.8,CPD_986,CNC(=O)CN1CCN(C(=O)c2nc3ccccc3n2Cc2cc(-c3ccc(Cl)s3)on2)CC1,CNC(=O)CN1CCN(C(=O)[*:1])CC1,4.77,2.886,2.4,-2.08,-0.52,0.48,2.08,0.7076722405181654,2.17193306018203
Clc1ccc(-c2cc(Cn3c([*:1])nc4ccccc43)no2)s1,CPD_605,O=C(Nc1ccc(N2CCNCC2=O)cc1)c1nc2ccccc2n1Cc1cc(-c2ccc(Cl)s2)on1,O=C1CNCCN1c1ccc(NC(=O)[*:1])cc1,6.85,3.407,0.8,CPD_983,O=C(c1nc2ccccc2n1Cc1cc(-c2ccc(Cl)s2)on1)N1CCC(Nc2ccncc2)CC1,O=C(N1CCC(Nc2ccncc2)CC1)[*:1],4.77,3.65,2.4,-2.08,0.24,0.48,2.08,0.5366563145999496,2.6441025914319067
CC(C)N1CCC(NC(=O)c2cc3ccccc3n2[*:1])CC1,CPD_856,CC(C)N1CCC(NC(=O)c2cc3ccccc3n2CC(=O)Nc2ccc(I)cc2)CC1,O=C(C[*:1])Nc1ccc(I)cc1,7.64,2.023,2600.0,CPD_859,CC(C)N1CCC(NC(=O)c2cc3ccccc3n2CC(=O)Nc2ccc(C#N)cc2)CC1,N#Cc1ccc(NC(=O)C[*:1])cc1,5.54,0.68,4500.0,-2.09,-1.34,0.24,2.09,1.361322886019331,1.297070883889206
CC(C)N1CCC(NC(=O)c2cc3ccccc3n2C[*:1])CC1,CPD_146,CC(C)N1CCC(NC(=O)c2cc3ccccc3n2CC(=O)Nc2ccc(Cl)s2)CC1,O=C(Nc1ccc(Cl)s1)[*:1],7.82,1.184,1900.0,CPD_854,COc1ccc(NC(=O)Cn2c(C(=O)NC3CCN(C(C)C)CC3)cc3ccccc32)cc1,COc1ccc(NC(=O)[*:1])cc1,5.72,0.402,22000.0,-2.1,-0.78,1.06,2.1,1.3160547101089681,1.3409493208917838
O=C(Cn1c([*:1])nc2ccccc21)Nc1ccc(Cl)cn1,CPD_423,O=C(Cn1c(C(=O)Nc2ccc(-n3ccc(=O)cc3)cc2)nc2ccccc21)Nc1ccc(Cl)cn1,O=C(Nc1ccc(-n2ccc(=O)cc2)cc1)[*:1],7.3,3.099,3.9,CPD_985,O=C(Cn1c(C(=O)N2CCN(CC(=O)N3CCCC3)CC2)nc2ccccc21)Nc1ccc(Cl)cn1,O=C(CN1CCN(C(=O)[*:1])CC1)N1CCCC1,5.2,2.775,6.7,-2.1,-0.32,0.24,2.1,0.4,3.230769230769231
Clc1ccc(-c2cc(Cn3c([*:1])nc4ccccc43)no2)s1,CPD_605,O=C(Nc1ccc(N2CCNCC2=O)cc1)c1nc2ccccc2n1Cc1cc(-c2ccc(Cl)s2)on1,O=C1CNCCN1c1ccc(NC(=O)[*:1])cc1,6.85,3.407,0.8,CPD_987,NC(=O)N1CCN(C(=O)c2nc3ccccc3n2Cc2cc(-c3ccc(Cl)s3)on2)CC1,NC(=O)N1CCN(C(=O)[*:1])CC1,4.68,1.327,15.0,-2.18,-2.08,1.27,2.18,2.437067910420225,0.8112932284093537
CC(C)N1CCC(NC(=O)c2nc3c(C(=O)O)cccc3n2C[*:1])CC1,CPD_333,CC(C)N1CCC(NC(=O)c2nc3c(C(=O)O)cccc3n2Cc2cc(-c3ccc(Cl)s3)on2)CC1,Clc1ccc(-c2cc([*:1])no2)s1,8.44,2.191,0.6,CPD_467,COc1cccc(Cn2c(C(=O)NC3CCN(C(C)C)CC3)nc3c(C(=O)O)cccc32)c1,COc1cccc([*:1])c1,6.25,1.47,4.5,-2.19,-0.72,0.88,2.19,1.1370136322841515,1.5789318497133156
Clc1ccc(-c2cc(Cn3c([*:1])nc4ccccc43)no2)s1,CPD_425,CN1[C@@H]2CC[C@H]1C[C@@H](NC(=O)c1nc3ccccc3n1Cc1cc(-c3ccc(Cl)s3)on1)C2,CN1[C@@H]2CC[C@H]1C[C@@H](NC(=O)[*:1])C2,7.69,2.187,69.0,CPD_990,O=C(NC1CCN(c2ccccc2)CC1)c1nc2ccccc2n1Cc1cc(-c2ccc(Cl)s2)on1,O=C(NC1CCN(c2ccccc2)CC1)[*:1],5.51,5.578,0.1,-2.19,3.39,-2.84,2.19,4.422408845866696,0.46870898336247196
O=C(Cn1c([*:1])nc2ccccc21)Nc1ccc(Cl)cn1,CPD_598,O=C(Cn1c(C(=O)Nc2ccc(-n3ccncc3=O)cc2)nc2ccccc21)Nc1ccc(Cl)cn1,O=C(Nc1ccc(-n2ccncc2=O)cc1)[*:1],7.83,3.118,2.9,CPD_991,CCN(CC)C(=O)N1CCN(C(=O)c2nc3ccccc3n2CC(=O)Nc2ccc(Cl)cn2)CC1,CCN(CC)C(=O)N1CCN(C(=O)[*:1])CC1,5.63,3.28,6.5,-2.2,0.16,0.35,2.2,0.38483762809787714,3.4654530585903007
Clc1ccc(-c2cc(Cn3c([*:1])cc4ccccc43)no2)s1,CPD_17,CCCN1CCC(NC(=O)c2cc3ccccc3n2Cc2cc(-c3ccc(Cl)s3)on2)CC1,CCCN1CCC(NC(=O)[*:1])CC1,7.2,2.84,77.0,CPD_46,O=C(Nc1ccc(-c2c[nH]cn2)cc1)c1cc2ccccc2n1Cc1cc(-c2ccc(Cl)s2)on1,O=C(Nc1ccc(-c2c[nH]cn2)cc1)[*:1],5.0,4.299,0.0,-2.2,1.46,-2.89,2.2,3.2378542277255162,0.6307603060104534
O=C(N[*:1])c1cc2ccccc2n1Cc1cc(-c2ccc(Cl)s2)on1,CPD_17,CCCN1CCC(NC(=O)c2cc3ccccc3n2Cc2cc(-c3ccc(Cl)s3)on2)CC1,CCCN1CCC([*:1])CC1,7.2,2.84,77.0,CPD_394,Nc1nc(CNC(=O)c2cc3ccccc3n2Cc2cc(-c3ccc(Cl)s3)on2)c[nH]1,Nc1nc(C[*:1])c[nH]1,5.0,1.539,34.0,-2.2,-1.3,-0.36,2.2,1.3489254983133798,1.3759240204253802
Clc1ccc(-c2cc(Cn3c([*:1])cc4ccccc43)no2)s1,CPD_17,CCCN1CCC(NC(=O)c2cc3ccccc3n2Cc2cc(-c3ccc(Cl)s3)on2)CC1,CCCN1CCC(NC(=O)[*:1])CC1,7.2,2.84,77.0,CPD_47,O=C(Nc1nc(-c2cccnc2)cs1)c1cc2ccccc2n1Cc1cc(-c2ccc(Cl)s2)on1,O=C(Nc1nc(-c2cccnc2)cs1)[*:1],5.0,5.297,0.1,-2.2,2.46,-2.89,2.2,3.7952206786957725,0.5438516646536343
Clc1ccc(-c2cc(Cn3c([*:1])cc4ccccc43)no2)s1,CPD_17,CCCN1CCC(NC(=O)c2cc3ccccc3n2Cc2cc(-c3ccc(Cl)s3)on2)CC1,CCCN1CCC(NC(=O)[*:1])CC1,7.2,2.84,77.0,CPD_86,O=C(NCC1CC(C(=O)N2CCCC2)=NO1)c1cc2ccccc2n1Cc1cc(-c2ccc(Cl)s2)on1,O=C(C1=NOC(CNC(=O)[*:1])C1)N1CCCC1,5.0,1.879,5.1,-2.2,-0.96,-1.18,2.2,1.5211837495845135,1.2421071503823806
COCCOc1cc2cc(C(=O)NC3CCN(C(C)C)CC3)n([*:1])c2cn1,CPD_927,COCCOc1cc2cc(C(=O)NC3CCN(C(C)C)CC3)n(CC(=O)Nc3ccc(Cl)cn3)c2cn1,O=C(C[*:1])Nc1ccc(Cl)cn1,7.45,-0.378,150000.0,CPD_949,COCCOc1cc2cc(C(=O)NC3CCN(C(C)C)CC3)n(Cc3cccc(OC)c3)c2cn1,COc1cccc(C[*:1])c1,5.24,-0.24,220000.0,-2.21,0.14,0.17,2.21,0.22022715545545243,4.699856174532155
O=C(Cn1c([*:1])nc2ccccc21)Nc1ccc(Cl)cn1,CPD_598,O=C(Cn1c(C(=O)Nc2ccc(-n3ccncc3=O)cc2)nc2ccccc21)Nc1ccc(Cl)cn1,O=C(Nc1ccc(-n2ccncc2=O)cc1)[*:1],7.83,3.118,2.9,CPD_981,O=C(Cn1c(C(=O)N2CCN(Cc3ccncc3)CC2)nc2ccccc21)Nc1ccc(Cl)cn1,O=C(N1CCN(Cc2ccncc2)CC1)[*:1],5.62,2.389,26.0,-2.21,-0.73,0.95,2.21,1.1980818002123228,1.5261568784829436
O=C(N[*:1])c1nc2ccccc2n1Cc1cc(-c2ccc(Cl)s2)on1,CPD_116,O=C(NC1CCN(c2ccncn2)CC1)c1nc2ccccc2n1Cc1cc(-c2ccc(Cl)s2)on1,c1cc(N2CCC([*:1])CC2)ncn1,7.23,3.606,0.7,CPD_421,Cc1ccc(=O)n(-c2ccc(NC(=O)c3nc4ccccc4n3Cc3cc(-c4ccc(Cl)s4)on3)cc2)n1,Cc1ccc(=O)n(-c2ccc([*:1])cc2)n1,5.0,3.824,0.3,-2.23,0.22,-0.37,2.23,0.43046486500061765,3.277171408398839
O=C(N[*:1])c1nc2ccccc2n1Cc1cc(-c2ccc(Cl)s2)on1,CPD_116,O=C(NC1CCN(c2ccncn2)CC1)c1nc2ccccc2n1Cc1cc(-c2ccc(Cl)s2)on1,c1cc(N2CCC([*:1])CC2)ncn1,7.23,3.606,0.7,CPD_557,O=C(Nc1ccc(N2CCS(=O)(=O)CC2)cc1)c1nc2ccccc2n1Cc1cc(-c2ccc(Cl)s2)on1,O=S1(=O)CCN(c2ccc([*:1])cc2)CC1,5.0,3.236,0.4,-2.23,-0.37,-0.24,2.23,0.4410215414239989,3.2271063437539214
O=C(N[*:1])c1nc2ccccc2n1Cc1cc(-c2ccc(Cl)s2)on1,CPD_116,O=C(NC1CCN(c2ccncn2)CC1)c1nc2ccccc2n1Cc1cc(-c2ccc(Cl)s2)on1,c1cc(N2CCC([*:1])CC2)ncn1,7.23,3.606,0.7,CPD_458,O=C(Nc1ccc(-n2ncccc2=O)cc1)c1nc2ccccc2n1Cc1cc(-c2ccc(Cl)s2)on1,O=c1cccnn1-c1ccc([*:1])cc1,5.0,4.288,0.2,-2.23,0.68,-0.54,2.23,0.8683317338436964,1.9940416001033159
COCCOc1cc2cc(C(=O)NC3CCN(C(C)C)CC3)n([*:1])c2cn1,CPD_775,COCCOc1cc2cc(C(=O)NC3CCN(C(C)C)CC3)n(CC(=O)Nc3ccc(Br)cn3)c2cn1,O=C(C[*:1])Nc1ccc(Br)cn1,7.5,-0.133,140000.0,CPD_949,COCCOc1cc2cc(C(=O)NC3CCN(C(C)C)CC3)n(Cc3cccc(OC)c3)c2cn1,COc1cccc(C[*:1])c1,5.24,-0.24,220000.0,-2.26,-0.11,0.2,2.26,0.22825424421026658,4.725520008153615
Clc1ccc(-c2cc(Cn3c([*:1])nc4ccccc43)no2)s1,CPD_519,O=C(Nc1ccc(-n2ccc(=O)[nH]c2=O)cc1)c1nc2ccccc2n1Cc1cc(-c2ccc(Cl)s2)on1,O=C(Nc1ccc(-n2ccc(=O)[nH]c2=O)cc1)[*:1],8.2,3.685,0.2,CPD_979,CCN(CC)C(=O)N1CCN(C(=O)c2nc3ccccc3n2Cc2cc(-c3ccc(Cl)s3)on2)CC1,CCN(CC)C(=O)N1CCN(C(=O)[*:1])CC1,5.92,4.096,0.6,-2.27,0.41,0.48,2.27,0.6312685640834652,2.575832263301982
Clc1ccc(-c2cc(Cn3c([*:1])nc4ccccc43)no2)s1,CPD_519,O=C(Nc1ccc(-n2ccc(=O)[nH]c2=O)cc1)c1nc2ccccc2n1Cc1cc(-c2ccc(Cl)s2)on1,O=C(Nc1ccc(-n2ccc(=O)[nH]c2=O)cc1)[*:1],8.2,3.685,0.2,CPD_978,O=C(c1nc2ccccc2n1Cc1cc(-c2ccc(Cl)s2)on1)N1CCN(Cc2ccncc2)CC1,O=C(N1CCN(Cc2ccncc2)CC1)[*:1],5.93,3.205,2.8,-2.27,-0.48,1.15,2.27,1.2461540835707274,1.5172234096253032
CC(C)N1CCC(NC(=O)c2cc3ccccc3n2CC(=O)N[*:1])CC1,CPD_146,CC(C)N1CCC(NC(=O)c2cc3ccccc3n2CC(=O)Nc2ccc(Cl)s2)CC1,Clc1ccc([*:1])s1,7.82,1.184,1900.0,CPD_859,CC(C)N1CCC(NC(=O)c2cc3ccccc3n2CC(=O)Nc2ccc(C#N)cc2)CC1,N#Cc1ccc([*:1])cc1,5.54,0.68,4500.0,-2.28,-0.5,0.37,2.28,0.6220128616033594,2.6146403343269404
O=C(Cn1c([*:1])nc2ccccc21)Nc1ccc(Cl)cn1,CPD_531,O=C(Cn1c(C(=O)Nc2ccc(-n3ccc(=O)[nH]c3=O)cc2)nc2ccccc21)Nc1ccc(Cl)cn1,O=C(Nc1ccc(-n2ccc(=O)[nH]c2=O)cc1)[*:1],7.54,2.869,2.6,CPD_989,O=C(Cn1c(C(=O)N2CCN(C(=O)N3CCCC3)CC2)nc2ccccc21)Nc1ccc(Cl)cn1,O=C(N1CCCC1)N1CCN(C(=O)[*:1])CC1,5.26,2.656,7.4,-2.28,-0.21,0.45,2.28,0.4965883607174055,3.0538917025295182
COC(=O)c1ccc2c(c1)nc(C(=O)NC1CCN(C(C)C)CC1)n2C[*:1],CPD_290,COC(=O)c1ccc2c(c1)nc(C(=O)NC1CCN(C(C)C)CC1)n2Cc1cc(-c2ccc(Cl)s2)on1,Clc1ccc(-c2cc([*:1])no2)s1,8.63,3.121,16.0,CPD_431,COC(=O)c1ccc2c(c1)nc(C(=O)NC1CCN(C(C)C)CC1)n2Cc1cccc(OC)c1,COc1cccc([*:1])c1,6.34,2.376,280.0,-2.29,-0.75,1.24,2.29,1.4491721774861674,1.34771509935381
CC(C)N1CCC(NC(=O)c2cc3ccccc3n2CC(=O)N[*:1])CC1,CPD_858,CC(C)N1CCC(NC(=O)c2cc3ccccc3n2CC(=O)Nc2ccc(Cl)c(F)c2)CC1,Fc1cc([*:1])ccc1Cl,7.84,2.002,750.0,CPD_859,CC(C)N1CCC(NC(=O)c2cc3ccccc3n2CC(=O)Nc2ccc(C#N)cc2)CC1,N#Cc1ccc([*:1])cc1,5.54,0.68,4500.0,-2.3,-1.32,0.78,2.3,1.5332318807016767,1.2897930016229757
O=C(N[*:1])c1nc2ccccc2n1Cc1cc(-c2ccc(Cl)s2)on1,CPD_164,CC(C)N1CCC(NC(=O)c2nc3ccccc3n2Cc2cc(-c3ccc(Cl)s3)on2)CC1,CC(C)N1CCC([*:1])CC1,9.15,3.124,26.0,CPD_605,O=C(Nc1ccc(N2CCNCC2=O)cc1)c1nc2ccccc2n1Cc1cc(-c2ccc(Cl)s2)on1,O=C1CNCCN1c1ccc([*:1])cc1,6.85,3.407,0.8,-2.3,0.28,-1.51,2.3,1.5357408635573906,1.2879808302186404
O=C(O)c1ccc2c(c1)cc([*:1])n2Cc1cc(-c2ccc(Cl)s2)on1,CPD_85,CC(C)N1CCC(NC(=O)c2cc3cc(C(=O)O)ccc3n2Cc2cc(-c3ccc(Cl)s3)on2)CC1,CC(C)N1CCC(NC(=O)[*:1])CC1,8.07,1.328,5.5,CPD_283,O=C(O)c1ccc2c(c1)cc(C(=O)NC1CCN(c3ccccn3)CC1)n2Cc1cc(-c2ccc(Cl)s2)on1,O=C(NC1CCN(c2ccccn2)CC1)[*:1],5.76,1.179,8.9,-2.31,-0.15,0.21,2.31,0.2580697580112788,4.546619757574156
CC(C)N1CCC(NC(=O)c2cc3cc(C(=O)O)ccc3n2[*:1])CC1,CPD_169,CC(C)N1CCC(NC(=O)c2cc3cc(C(=O)O)ccc3n2CC(=O)Nc2ccc(Cl)cc2)CC1,O=C(C[*:1])Nc1ccc(Cl)cc1,8.4,0.738,14.0,CPD_409,COc1cccc(Cn2c(C(=O)NC3CCN(C(C)C)CC3)cc3cc(C(=O)O)ccc32)c1,COc1cccc(C[*:1])c1,6.08,0.607,45.0,-2.32,-0.13,0.51,2.32,0.5263078946776307,2.988504968075073
O=C(N[*:1])c1cc2ccccc2n1Cc1cc(-c2ccc(Cl)s2)on1,CPD_60,CC(C)N1CC[C@@H](NC(=O)c2cc3ccccc3n2Cc2cc(-c3ccc(Cl)s3)on2)C1,CC(C)N1CC[C@@H]([*:1])C1,7.32,1.909,390.0,CPD_394,Nc1nc(CNC(=O)c2cc3ccccc3n2Cc2cc(-c3ccc(Cl)s3)on2)c[nH]1,Nc1nc(C[*:1])c[nH]1,5.0,1.539,34.0,-2.32,-0.37,-1.06,2.32,1.122719911643149,1.690075287990071
O=C(N[*:1])c1cc2ccccc2n1Cc1cc(-c2ccc(Cl)s2)on1,CPD_60,CC(C)N1CC[C@@H](NC(=O)c2cc3ccccc3n2Cc2cc(-c3ccc(Cl)s3)on2)C1,CC(C)N1CC[C@@H]([*:1])C1,7.32,1.909,390.0,CPD_86,O=C(NCC1CC(C(=O)N2CCCC2)=NO1)c1cc2ccccc2n1Cc1cc(-c2ccc(Cl)s2)on1,O=C(C1=NOC(C[*:1])C1)N1CCCC1,5.0,1.879,5.1,-2.32,-0.03,-1.88,2.32,1.880239346466295,1.0890794989063015
O=C(Cn1c([*:1])nc2ccccc21)Nc1ccc(Cl)cn1,CPD_423,O=C(Cn1c(C(=O)Nc2ccc(-n3ccc(=O)cc3)cc2)nc2ccccc21)Nc1ccc(Cl)cn1,O=C(Nc1ccc(-n2ccc(=O)cc2)cc1)[*:1],7.3,3.099,3.9,CPD_427,CCN1CCN(c2ccc(NC(=O)c3nc4ccccc4n3CC(=O)Nc3ccc(Cl)cn3)cc2)C(=O)C1=O,CCN1CCN(c2ccc(NC(=O)[*:1])cc2)C(=O)C1=O,4.97,2.222,7.3,-2.33,-0.88,0.27,2.33,0.9204890004774636,1.990621013140278
Cc1cc(C(=O)O)cc2nc(C(=O)NC3CCN(C4CC4)CC3)n(C[*:1])c12,CPD_697,Cc1cc(C(=O)O)cc2nc(C(=O)NC3CCN(C4CC4)CC3)n(Cc3cc(-c4ccc(Cl)s4)on3)c12,Clc1ccc(-c2cc([*:1])no2)s1,9.12,2.133,0.6,CPD_709,Cc1cc(C(=O)O)cc2nc(C(=O)NC3CCN(C4CC4)CC3)n(Cc3cc4ccc(Cl)cc4s3)c12,Clc1ccc2cc([*:1])sc2c1,6.79,4.254,0.2,-2.33,2.12,-0.48,2.33,2.1736605070709643,0.9613557646387717
O=C(Cn1c([*:1])nc2ccccc21)Nc1ccc(Cl)cn1,CPD_531,O=C(Cn1c(C(=O)Nc2ccc(-n3ccc(=O)[nH]c3=O)cc2)nc2ccccc21)Nc1ccc(Cl)cn1,O=C(Nc1ccc(-n2ccc(=O)[nH]c2=O)cc1)[*:1],7.54,2.869,2.6,CPD_985,O=C(Cn1c(C(=O)N2CCN(CC(=O)N3CCCC3)CC2)nc2ccccc21)Nc1ccc(Cl)cn1,O=C(CN1CCN(C(=O)[*:1])CC1)N1CCCC1,5.2,2.775,6.7,-2.34,-0.09,0.41,2.34,0.4197618372363071,3.4937792359978777
CC(C)N1CCC(NC(=O)c2nc3cccc([*:1])c3n2Cc2cc(-c3ccc(Cl)s3)on2)CC1,CPD_325,COC(=O)c1cccc2nc(C(=O)NC3CCN(C(C)C)CC3)n(Cc3cc(-c4ccc(Cl)s4)on3)c12,COC(=O)[*:1],8.89,3.125,16.0,CPD_336,CC(C)N1CCC(NC(=O)c2nc3cccc(C(=O)O)c3n2Cc2cc(-c3ccc(Cl)s3)on2)CC1,O=C(O)[*:1],6.53,2.191,0.6,-2.35,-0.93,-1.43,2.35,1.705813588877753,1.2015460028317073
Clc1ccc(-c2cc(Cn3c([*:1])cc4ccnc(OCC5CC5)c43)no2)s1,CPD_946,CCN1CCC(NC(=O)c2cc3ccnc(OCC4CC4)c3n2Cc2cc(-c3ccc(Cl)s3)on2)CC1,CCN1CCC(NC(=O)[*:1])CC1,7.13,2.006,100.0,CPD_947,CC(C)NC1CCN(C(=O)c2cc3ccnc(OCC4CC4)c3n2Cc2cc(-c3ccc(Cl)s3)on2)CC1,CC(C)NC1CCN(C(=O)[*:1])CC1,4.74,0.754,780.0,-2.39,-1.25,0.89,2.39,1.5344705927452633,1.3393328025222198
Clc1ccc(-c2cc(Cn3c([*:1])cc4ccccc43)no2)s1,CPD_26,CN1CCC(NC(=O)c2cc3ccccc3n2Cc2cc(-c3ccc(Cl)s3)on2)CC1,CN1CCC(NC(=O)[*:1])CC1,7.4,2.01,210.0,CPD_86,O=C(NCC1CC(C(=O)N2CCCC2)=NO1)c1cc2ccccc2n1Cc1cc(-c2ccc(Cl)s2)on1,O=C(C1=NOC(CNC(=O)[*:1])C1)N1CCCC1,5.0,1.879,5.1,-2.4,-0.13,-1.61,2.4,1.6152399202595262,1.2866977453849842
O=C(N[*:1])c1cc2ccccc2n1Cc1cc(-c2ccc(Cl)s2)on1,CPD_26,CN1CCC(NC(=O)c2cc3ccccc3n2Cc2cc(-c3ccc(Cl)s3)on2)CC1,CN1CCC([*:1])CC1,7.4,2.01,210.0,CPD_394,Nc1nc(CNC(=O)c2cc3ccccc3n2Cc2cc(-c3ccc(Cl)s3)on2)c[nH]1,Nc1nc(C[*:1])c[nH]1,5.0,1.539,34.0,-2.4,-0.47,-0.79,2.4,0.9192388155425119,2.0526174534211226
O=C(N[*:1])c1cc2ccccc2n1Cc1cc(-c2ccc(Cl)s2)on1,CPD_26,CN1CCC(NC(=O)c2cc3ccccc3n2Cc2cc(-c3ccc(Cl)s3)on2)CC1,CN1CCC([*:1])CC1,7.4,2.01,210.0,CPD_47,O=C(Nc1nc(-c2cccnc2)cs1)c1cc2ccccc2n1Cc1cc(-c2ccc(Cl)s2)on1,c1cncc(-c2csc([*:1])n2)c1,5.0,5.297,0.1,-2.4,3.29,-3.32,2.4,4.674023962283463,0.48740623895888313
CC(C)N1CCC(NC(=O)c2nc3c(C(=O)O)cccc3n2C[*:1])CC1,CPD_333,CC(C)N1CCC(NC(=O)c2nc3c(C(=O)O)cccc3n2Cc2cc(-c3ccc(Cl)s3)on2)CC1,Clc1ccc(-c2cc([*:1])no2)s1,8.44,2.191,0.6,CPD_650,CC(C)N1CCC(NC(=O)c2nc3c(C(=O)O)cccc3n2Cc2cc3cc(Cl)ccc3s2)CC1,Clc1ccc2sc([*:1])cc2c1,6.04,4.311,0.2,-2.4,2.12,-0.48,2.4,2.1736605070709643,0.9902376974819965
Clc1ccc(-c2cc(Cn3c([*:1])cc4ccccc43)no2)s1,CPD_26,CN1CCC(NC(=O)c2cc3ccccc3n2Cc2cc(-c3ccc(Cl)s3)on2)CC1,CN1CCC(NC(=O)[*:1])CC1,7.4,2.01,210.0,CPD_46,O=C(Nc1ccc(-c2c[nH]cn2)cc1)c1cc2ccccc2n1Cc1cc(-c2ccc(Cl)s2)on1,O=C(Nc1ccc(-c2c[nH]cn2)cc1)[*:1],5.0,4.299,0.0,-2.4,2.29,-3.32,2.4,4.033174928018868,0.5603320061247398
Cc1cccc2c(C#N)c(C(=O)NC3CCN(C(C)C)CC3)n([*:1])c12,CPD_10,Cc1cccc2c(C#N)c(C(=O)NC3CCN(C(C)C)CC3)n(Cc3cc(-c4ccc(Cl)s4)on3)c12,Clc1ccc(-c2cc(C[*:1])no2)s1,10.0,1.783,68.0,CPD_830,Cc1cccc2c(C#N)c(C(=O)NC3CCN(C(C)C)CC3)n(CC(=O)Nc3ccc(Cl)cc3)c12,O=C(C[*:1])Nc1ccc(Cl)cc1,7.59,1.187,620.0,-2.41,-0.6,0.96,2.41,1.1320777358467924,1.7437514095568616
Clc1ccc(-c2cc(Cn3c([*:1])nc4ccccc43)no2)s1,CPD_457,O=C(Nc1ccc(-n2ccc(=O)cc2)cc1)c1nc2ccccc2n1Cc1cc(-c2ccc(Cl)s2)on1,O=C(Nc1ccc(-n2ccc(=O)cc2)cc1)[*:1],7.92,3.915,0.4,CPD_990,O=C(NC1CCN(c2ccccc2)CC1)c1nc2ccccc2n1Cc1cc(-c2ccc(Cl)s2)on1,O=C(NC1CCN(c2ccccc2)CC1)[*:1],5.51,5.578,0.1,-2.42,1.66,-0.6,2.42,1.765106229097841,1.200929243856007
CC(C)N1CCC(NC(=O)c2nc3c(OCCO)cccc3n2CC(=O)N[*:1])CC1,CPD_784,CC(C)N1CCC(NC(=O)c2nc3c(OCCO)cccc3n2CC(=O)Nc2ccc(Br)cn2)CC1,Brc1ccc([*:1])nc1,8.38,1.539,770.0,CPD_821,Cc1cc(Br)cnc1NC(=O)Cn1c(C(=O)NC2CCN(C(C)C)CC2)nc2c(OCCO)cccc21,Cc1cc(Br)cnc1[*:1],5.96,1.988,460.0,-2.42,0.45,-0.22,2.42,0.5008991914547277,3.2228027777093478
O=C(Cn1c(C(=O)N[*:1])cc2ccccc21)Nc1ccc(Cl)cc1,CPD_83,CC(C)N1CCC(NC(=O)c2cc3ccccc3n2CC(=O)Nc2ccc(Cl)cc2)CC1,CC(C)N1CCC([*:1])CC1,8.38,1.359,3800.0,CPD_108,CC(C)N1CCC(CNC(=O)c2cc3ccccc3n2CC(=O)Nc2ccc(Cl)cc2)CC1,CC(C)N1CCC(C[*:1])CC1,5.96,1.748,3500.0,-2.42,0.39,-0.04,2.42,0.3920459156782532,3.7692008326904896
O=C(Cn1c([*:1])nc2ccccc21)Nc1ccc(Cl)cn1,CPD_423,O=C(Cn1c(C(=O)Nc2ccc(-n3ccc(=O)cc3)cc2)nc2ccccc21)Nc1ccc(Cl)cn1,O=C(Nc1ccc(-n2ccc(=O)cc2)cc1)[*:1],7.3,3.099,3.9,CPD_982,NC(=O)N1CCN(C(=O)c2nc3ccccc3n2CC(=O)Nc2ccc(Cl)cn2)CC1,NC(=O)N1CCN(C(=O)[*:1])CC1,4.87,0.511,160.0,-2.43,-2.59,1.61,2.43,3.049622927510875,0.7364477861211586
CC(C)N1CCC(NC(=O)c2c([*:1])c3ccccc3n2Cc2cc(-c3ccc(Cl)s3)on2)CC1,CPD_9,CC(C)N1CCC(NC(=O)c2c(F)c3ccccc3n2Cc2cc(-c3ccc(Cl)s3)on2)CC1,F[*:1],8.55,1.738,140.0,CPD_82,CC(C)OC(=O)c1c(C(=O)NC2CCN(C(C)C)CC2)n(Cc2cc(-c3ccc(Cl)s3)on2)c2ccccc12,CC(C)OC(=O)[*:1],6.09,2.343,95.0,-2.46,0.6,-0.17,2.46,0.6236184731067546,2.815874521576643
Clc1ccc(-c2cc(Cn3c([*:1])nc4ccccc43)no2)s1,CPD_116,O=C(NC1CCN(c2ccncn2)CC1)c1nc2ccccc2n1Cc1cc(-c2ccc(Cl)s2)on1,O=C(NC1CCN(c2ccncn2)CC1)[*:1],7.23,3.606,0.7,CPD_983,O=C(c1nc2ccccc2n1Cc1cc(-c2ccc(Cl)s2)on1)N1CCC(Nc2ccncc2)CC1,O=C(N1CCC(Nc2ccncc2)CC1)[*:1],4.77,3.65,2.4,-2.46,0.04,0.54,2.46,0.5414794548272354,3.108103419484174
Clc1ccc(-c2cc(Cn3c([*:1])nc4ccccc43)no2)s1,CPD_116,O=C(NC1CCN(c2ccncn2)CC1)c1nc2ccccc2n1Cc1cc(-c2ccc(Cl)s2)on1,O=C(NC1CCN(c2ccncn2)CC1)[*:1],7.23,3.606,0.7,CPD_986,CNC(=O)CN1CCN(C(=O)c2nc3ccccc3n2Cc2cc(-c3ccc(Cl)s3)on2)CC1,CNC(=O)CN1CCN(C(=O)[*:1])CC1,4.77,2.886,2.4,-2.46,-0.72,0.54,2.46,0.9,2.139130434782609
CC(C)N1CCC(NC(=O)c2nc3c(OCCO)cccc3n2[*:1])CC1,CPD_690,CC(C)N1CCC(NC(=O)c2nc3c(OCCO)cccc3n2CC(=O)Nc2ccc(Cl)cn2)CC1,O=C(C[*:1])Nc1ccc(Cl)cn1,8.43,1.283,760.0,CPD_821,Cc1cc(Br)cnc1NC(=O)Cn1c(C(=O)NC2CCN(C(C)C)CC2)nc2c(OCCO)cccc21,Cc1cc(Br)cnc1NC(=O)C[*:1],5.96,1.988,460.0,-2.47,0.71,-0.22,2.47,0.7433034373659253,2.4866520210078273
O=C(N[*:1])c1nc2ccccc2n1Cc1cc(-c2ccc(Cl)s2)on1,CPD_164,CC(C)N1CCC(NC(=O)c2nc3ccccc3n2Cc2cc(-c3ccc(Cl)s3)on2)CC1,CC(C)N1CCC([*:1])CC1,9.15,3.124,26.0,CPD_559,O=C1CCN(c2ccc(NC(=O)c3nc4ccccc4n3Cc3cc(-c4ccc(Cl)s4)on3)cc2)CC1,O=C1CCN(c2ccc([*:1])cc2)CC1,6.68,4.038,0.4,-2.48,0.91,-1.81,2.48,2.025882523741197,1.089687175910673
Clc1ccc(-c2cc(Cn3c([*:1])nc4ccccc43)no2)s1,CPD_425,CN1[C@@H]2CC[C@H]1C[C@@H](NC(=O)c1nc3ccccc3n1Cc1cc(-c3ccc(Cl)s3)on1)C2,CN1[C@@H]2CC[C@H]1C[C@@H](NC(=O)[*:1])C2,7.69,2.187,69.0,CPD_984,O=C(c1nc2ccccc2n1Cc1cc(-c2ccc(Cl)s2)on1)N1CCC(N2CCCC2=O)CC1,O=C1CCCN1C1CCN(C(=O)[*:1])CC1,5.21,3.149,1.2,-2.49,0.96,-1.76,2.49,2.004794253782667,1.1043136178934063
Clc1ccc(-c2cc(Cn3c([*:1])nc4ccccc43)no2)s1,CPD_425,CN1[C@@H]2CC[C@H]1C[C@@H](NC(=O)c1nc3ccccc3n1Cc1cc(-c3ccc(Cl)s3)on1)C2,CN1[C@@H]2CC[C@H]1C[C@@H](NC(=O)[*:1])C2,7.69,2.187,69.0,CPD_976,O=C(CN1CCN(C(=O)c2nc3ccccc3n2Cc2cc(-c3ccc(Cl)s3)on2)CC1)N1CCCC1,O=C(CN1CCN(C(=O)[*:1])CC1)N1CCCC1,5.18,3.591,0.7,-2.51,1.4,-1.99,2.51,2.43312556190592,0.935476160950536
CC(C)N1CCC(NC(=O)c2c([*:1])c3ccccc3n2Cc2cc(-c3ccc(Cl)s3)on2)CC1,CPD_5,CC(C)N1CCC(NC(=O)c2c(Cl)c3ccccc3n2Cc2cc(-c3ccc(Cl)s3)on2)CC1,Cl[*:1],8.61,2.269,86.0,CPD_82,CC(C)OC(=O)c1c(C(=O)NC2CCN(C(C)C)CC2)n(Cc2cc(-c3ccc(Cl)s3)on2)c2ccccc12,CC(C)OC(=O)[*:1],6.09,2.343,95.0,-2.52,0.07,0.04,2.52,0.0806225774829855,7.621984013265652
CC(C)N1CCC(NC(=O)c2c([*:1])c3ccccc3n2Cc2cc(-c3ccc(Cl)s3)on2)CC1,CPD_4,CC(C)N1CCC(NC(=O)c2c(Br)c3ccccc3n2Cc2cc(-c3ccc(Cl)s3)on2)CC1,Br[*:1],8.61,2.455,81.0,CPD_82,CC(C)OC(=O)c1c(C(=O)NC2CCN(C(C)C)CC2)n(Cc2cc(-c3ccc(Cl)s3)on2)c2ccccc12,CC(C)OC(=O)[*:1],6.09,2.343,95.0,-2.52,-0.11,0.07,2.52,0.130384048104053,6.624883489621681
Clc1ccc(-c2cc(Cn3c([*:1])cc4ccccc43)no2)s1,CPD_178,O=C(NC1CN(c2ccncc2)C1)c1cc2ccccc2n1Cc1cc(-c2ccc(Cl)s2)on1,O=C(NC1CN(c2ccncc2)C1)[*:1],7.9,1.282,330.0,CPD_250,O=C(c1cc2ccccc2n1Cc1cc(-c2ccc(Cl)s2)on1)N1CCC(N2CCCC2=O)CC1,O=C1CCCN1C1CCN(C(=O)[*:1])CC1,5.35,2.607,2.1,-2.54,1.33,-2.2,2.54,2.5707780923292467,0.9004607653849881
CC(C)N1CCC(NC(=O)c2nc3c(C(=O)O)cccc3n2C[*:1])CC1,CPD_333,CC(C)N1CCC(NC(=O)c2nc3c(C(=O)O)cccc3n2Cc2cc(-c3ccc(Cl)s3)on2)CC1,Clc1ccc(-c2cc([*:1])no2)s1,8.44,2.191,0.6,CPD_671,CC(C)N1CCC(NC(=O)c2nc3c(C(=O)O)cccc3n2Cc2n[nH]c3ccc(Cl)cc23)CC1,Clc1ccc2[nH]nc([*:1])c2c1,5.89,1.751,1.1,-2.55,-0.44,0.26,2.55,0.5110772935672255,3.3505138328959485
Clc1ccc(-c2cc(Cn3c([*:1])nc4ccccc43)no2)s1,CPD_116,O=C(NC1CCN(c2ccncn2)CC1)c1nc2ccccc2n1Cc1cc(-c2ccc(Cl)s2)on1,O=C(NC1CCN(c2ccncn2)CC1)[*:1],7.23,3.606,0.7,CPD_987,NC(=O)N1CCN(C(=O)c2nc3ccccc3n2Cc2cc(-c3ccc(Cl)s3)on2)CC1,NC(=O)N1CCN(C(=O)[*:1])CC1,4.68,1.327,15.0,-2.55,-2.28,1.33,2.55,2.6395643579954626,0.882485968150914
O=C(Cn1c([*:1])nc2ccccc21)Nc1ccc(Cl)cn1,CPD_152,CC(C)N1CCC(NC(=O)c2nc3ccccc3n2CC(=O)Nc2ccc(Cl)cn2)CC1,CC(C)N1CCC(NC(=O)[*:1])CC1,8.86,2.307,280.0,CPD_601,O=C(Cn1c(C(=O)Nc2ccc(N3CCNCC3=O)cc2)nc2ccccc21)Nc1ccc(Cl)cn1,O=C1CNCCN1c1ccc(NC(=O)[*:1])cc1,6.3,2.591,8.7,-2.56,0.28,-1.51,2.56,1.5357408635573906,1.4335786631998781
Clc1ccc(-c2cc(Cn3c([*:1])nc4ccccc43)no2)s1,CPD_606,O=C(Nc1ccc(-n2ccncc2=O)cc1)c1nc2ccccc2n1Cc1cc(-c2ccc(Cl)s2)on1,O=C(Nc1ccc(-n2ccncc2=O)cc1)[*:1],8.71,3.934,0.3,CPD_980,O=C(c1nc2ccccc2n1Cc1cc(-c2ccc(Cl)s2)on1)N1CCN(C(=O)N2CCCC2)CC1,O=C(N1CCCC1)N1CCN(C(=O)[*:1])CC1,6.15,3.472,0.9,-2.56,-0.46,0.48,2.56,0.6648308055437865,2.798331652680088
O=C(Cn1c([*:1])nc2ccccc21)Nc1ccc(Cl)cn1,CPD_598,O=C(Cn1c(C(=O)Nc2ccc(-n3ccncc3=O)cc2)nc2ccccc21)Nc1ccc(Cl)cn1,O=C(Nc1ccc(-n2ccncc2=O)cc1)[*:1],7.83,3.118,2.9,CPD_989,O=C(Cn1c(C(=O)N2CCN(C(=O)N3CCCC3)CC2)nc2ccccc21)Nc1ccc(Cl)cn1,O=C(N1CCCC1)N1CCN(C(=O)[*:1])CC1,5.26,2.656,7.4,-2.57,-0.46,0.41,2.57,0.6161980201201558,2.966989002865071
O=C(Cn1c([*:1])nc2ccccc21)Nc1ccc(Cl)cn1,CPD_598,O=C(Cn1c(C(=O)Nc2ccc(-n3ccncc3=O)cc2)nc2ccccc21)Nc1ccc(Cl)cn1,O=C(Nc1ccc(-n2ccncc2=O)cc1)[*:1],7.83,3.118,2.9,CPD_985,O=C(Cn1c(C(=O)N2CCN(CC(=O)N3CCCC3)CC2)nc2ccccc21)Nc1ccc(Cl)cn1,O=C(CN1CCN(C(=O)[*:1])CC1)N1CCCC1,5.2,2.775,6.7,-2.63,-0.34,0.36,2.63,0.4951767361255979,3.529364072306089
CC(C)N1CCC(NC(=O)c2cc3ccccc3n2CC(=O)N[*:1])CC1,CPD_83,CC(C)N1CCC(NC(=O)c2cc3ccccc3n2CC(=O)Nc2ccc(Cl)cc2)CC1,Clc1ccc([*:1])cc1,8.38,1.359,3800.0,CPD_854,COc1ccc(NC(=O)Cn2c(C(=O)NC3CCN(C(C)C)CC3)cc3ccccc32)cc1,COc1ccc([*:1])cc1,5.72,0.402,22000.0,-2.66,-0.96,0.76,2.66,1.2244182292011174,1.8041014057736287
O=C(Cn1c([*:1])nc2ccccc21)Nc1ccc(Cl)cn1,CPD_531,O=C(Cn1c(C(=O)Nc2ccc(-n3ccc(=O)[nH]c3=O)cc2)nc2ccccc21)Nc1ccc(Cl)cn1,O=C(Nc1ccc(-n2ccc(=O)[nH]c2=O)cc1)[*:1],7.54,2.869,2.6,CPD_982,NC(=O)N1CCN(C(=O)c2nc3ccccc3n2CC(=O)Nc2ccc(Cl)cn2)CC1,NC(=O)N1CCN(C(=O)[*:1])CC1,4.87,0.511,160.0,-2.66,-2.36,1.79,2.66,2.9620432137293338,0.8281333167095266
O=C(Cn1c([*:1])nc2ccccc21)Nc1ccc(Cl)cn1,CPD_423,O=C(Cn1c(C(=O)Nc2ccc(-n3ccc(=O)cc3)cc2)nc2ccccc21)Nc1ccc(Cl)cn1,O=C(Nc1ccc(-n2ccc(=O)cc2)cc1)[*:1],7.3,3.099,3.9,CPD_977,CNC(=O)CN1CCN(C(=O)c2nc3ccccc3n2CC(=O)Nc2ccc(Cl)cn2)CC1,CNC(=O)CN1CCN(C(=O)[*:1])CC1,4.62,2.07,26.0,-2.68,-1.03,0.82,2.68,1.3165485179058156,1.7107673138541934
O=C(N[*:1])c1nc2ccccc2n1Cc1cc(-c2ccc(Cl)s2)on1,CPD_519,O=C(Nc1ccc(-n2ccc(=O)[nH]c2=O)cc1)c1nc2ccccc2n1Cc1cc(-c2ccc(Cl)s2)on1,O=c1ccn(-c2ccc([*:1])cc2)c(=O)[nH]1,8.2,3.685,0.2,CPD_990,O=C(NC1CCN(c2ccccc2)CC1)c1nc2ccccc2n1Cc1cc(-c2ccc(Cl)s2)on1,c1ccc(N2CCC([*:1])CC2)cc1,5.51,5.578,0.1,-2.69,1.89,-0.3,2.69,1.9136614120580473,1.2432629176675596
CC(C)N1CCC(NC(=O)c2nc3c(OCCO)cccc3n2[*:1])CC1,CPD_773,CC(C)N1CCC(NC(=O)c2nc3c(OCCO)cccc3n2Cc2nnc(-c3ccc(Cl)s3)s2)CC1,Clc1ccc(-c2nnc(C[*:1])s2)s1,8.65,2.624,18.0,CPD_821,Cc1cc(Br)cnc1NC(=O)Cn1c(C(=O)NC2CCN(C(C)C)CC2)nc2c(OCCO)cccc21,Cc1cc(Br)cnc1NC(=O)C[*:1],5.96,1.988,460.0,-2.69,-0.64,1.41,2.69,1.5484508387417406,1.4957317387013027
CC(C)N1CCC(NC(=O)c2nc3c(OCCO)cccc3n2[*:1])CC1,CPD_737,CC(C)N1CCC(NC(=O)c2nc3c(OCCO)cccc3n2Cc2cc3ccc(Cl)cc3s2)CC1,Clc1ccc2cc(C[*:1])sc2c1,8.65,4.197,8.2,CPD_821,Cc1cc(Br)cnc1NC(=O)Cn1c(C(=O)NC2CCN(C(C)C)CC2)nc2c(OCCO)cccc21,Cc1cc(Br)cnc1NC(=O)C[*:1],5.96,1.988,460.0,-2.69,-2.21,1.75,2.69,2.8189714436297506,0.876515161320129
Clc1ccc(-c2cc(Cn3c([*:1])nc4ccccc43)no2)s1,CPD_425,CN1[C@@H]2CC[C@H]1C[C@@H](NC(=O)c1nc3ccccc3n1Cc1cc(-c3ccc(Cl)s3)on1)C2,CN1[C@@H]2CC[C@H]1C[C@@H](NC(=O)[*:1])C2,7.69,2.187,69.0,CPD_557,O=C(Nc1ccc(N2CCS(=O)(=O)CC2)cc1)c1nc2ccccc2n1Cc1cc(-c2ccc(Cl)s2)on1,O=C(Nc1ccc(N2CCS(=O)(=O)CC2)cc1)[*:1],5.0,3.236,0.4,-2.69,1.05,-2.24,2.69,2.473883586590121,0.9875605599457581
O=C(N[*:1])c1nc2ccccc2n1Cc1cc(-c2ccc(Cl)s2)on1,CPD_425,CN1[C@@H]2CC[C@H]1C[C@@H](NC(=O)c1nc3ccccc3n1Cc1cc(-c3ccc(Cl)s3)on1)C2,CN1[C@@H]2CC[C@H]1C[C@@H]([*:1])C2,7.69,2.187,69.0,CPD_458,O=C(Nc1ccc(-n2ncccc2=O)cc1)c1nc2ccccc2n1Cc1cc(-c2ccc(Cl)s2)on1,O=c1cccnn1-c1ccc([*:1])cc1,5.0,4.288,0.2,-2.69,2.1,-2.54,2.69,3.2956941605676944,0.7586666751791443
O=C(Cn1c([*:1])cc2ccccc21)Nc1ccc(Cl)cc1,CPD_83,CC(C)N1CCC(NC(=O)c2cc3ccccc3n2CC(=O)Nc2ccc(Cl)cc2)CC1,CC(C)N1CCC(NC(=O)[*:1])CC1,8.38,1.359,3800.0,CPD_172,CN(C)C1CCN(C(=O)c2cc3ccccc3n2CC(=O)Nc2ccc(Cl)cc2)CC1,CN(C)C1CCN(C(=O)[*:1])CC1,5.68,0.737,5600.0,-2.7,-0.62,0.17,2.7,0.6428841264178172,3.0239086126798935
Clc1ccc(-c2cc(Cn3c([*:1])nc4ccccc43)no2)s1,CPD_457,O=C(Nc1ccc(-n2ccc(=O)cc2)cc1)c1nc2ccccc2n1Cc1cc(-c2ccc(Cl)s2)on1,O=C(Nc1ccc(-n2ccc(=O)cc2)cc1)[*:1],7.92,3.915,0.4,CPD_984,O=C(c1nc2ccccc2n1Cc1cc(-c2ccc(Cl)s2)on1)N1CCC(N2CCCC2=O)CC1,O=C1CCCN1C1CCN(C(=O)[*:1])CC1,5.21,3.149,1.2,-2.72,-0.77,0.48,2.72,0.9073588044428731,2.350178690962953
Clc1ccc(-c2cc(Cn3c([*:1])nc4ccccc43)no2)s1,CPD_457,O=C(Nc1ccc(-n2ccc(=O)cc2)cc1)c1nc2ccccc2n1Cc1cc(-c2ccc(Cl)s2)on1,O=C(Nc1ccc(-n2ccc(=O)cc2)cc1)[*:1],7.92,3.915,0.4,CPD_976,O=C(CN1CCN(C(=O)c2nc3ccccc3n2Cc2cc(-c3ccc(Cl)s3)on2)CC1)N1CCCC1,O=C(CN1CCN(C(=O)[*:1])CC1)N1CCCC1,5.18,3.591,0.7,-2.74,-0.32,0.24,2.74,0.4,4.2153846153846155
O=C(Cn1c([*:1])nc2ccccc21)Nc1ccc(Cl)cn1,CPD_152,CC(C)N1CCC(NC(=O)c2nc3ccccc3n2CC(=O)Nc2ccc(Cl)cn2)CC1,CC(C)N1CCC(NC(=O)[*:1])CC1,8.86,2.307,280.0,CPD_521,O=C(Cn1c(C(=O)Nc2ccc(N3CCOC3=O)cc2)nc2ccccc21)Nc1ccc(Cl)cn1,O=C1OCCN1c1ccc(NC(=O)[*:1])cc1,6.1,4.136,1.0,-2.76,1.83,-2.45,2.76,3.058005886194466,0.8343395069272707
Cc1cc(C(=O)O)cc2cc(C(=O)NC3CCN(C4CC4)CC3)n([*:1])c12,CPD_684,Cc1cc(C(=O)O)cc2cc(C(=O)NC3CCN(C4CC4)CC3)n(Cc3cc(-c4ccc(Cl)s4)on3)c12,Clc1ccc(-c2cc(C[*:1])no2)s1,8.46,1.274,6.1,CPD_716,Cc1cc(C(=O)O)cc2cc(C(=O)NC3CCN(C4CC4)CC3)n(Cc3cc4ccc(Cl)cc4s3)c12,Clc1ccc2cc(C[*:1])sc2c1,5.69,3.394,1.8,-2.78,2.12,-0.53,2.78,2.1852459815773604,1.1415684579835894
O=C(O)c1ccc2nc([*:1])n(Cc3cc(-c4ccc(Cl)s4)on3)c2c1,CPD_352,CC(C)N1CCC(NC(=O)c2nc3ccc(C(=O)O)cc3n2Cc2cc(-c3ccc(Cl)s3)on2)CC1,CC(C)N1CCC(NC(=O)[*:1])CC1,7.78,2.192,0.6,CPD_670,O=C(O)c1ccc2nc(C(=O)NC3CCN(C4CC4)CC3)n(Cc3cc(-c4ccc(Cl)s4)on3)c2c1,O=C(NC1CCN(C2CC2)CC1)[*:1],5.0,1.673,1.2,-2.78,-0.52,0.3,2.78,0.6003332407921455,3.2693065102455994
Clc1ccc(-c2cc(Cn3c([*:1])nc4ccccc43)no2)s1,CPD_606,O=C(Nc1ccc(-n2ccncc2=O)cc1)c1nc2ccccc2n1Cc1cc(-c2ccc(Cl)s2)on1,O=C(Nc1ccc(-n2ccncc2=O)cc1)[*:1],8.71,3.934,0.3,CPD_978,O=C(c1nc2ccccc2n1Cc1cc(-c2ccc(Cl)s2)on1)N1CCN(Cc2ccncc2)CC1,O=C(N1CCN(Cc2ccncc2)CC1)[*:1],5.93,3.205,2.8,-2.78,-0.73,0.97,2.78,1.2140016474453401,1.898904966979413
Clc1ccc(-c2cc(Cn3c([*:1])nc4ccccc43)no2)s1,CPD_606,O=C(Nc1ccc(-n2ccncc2=O)cc1)c1nc2ccccc2n1Cc1cc(-c2ccc(Cl)s2)on1,O=C(Nc1ccc(-n2ccncc2=O)cc1)[*:1],8.71,3.934,0.3,CPD_979,CCN(CC)C(=O)N1CCN(C(=O)c2nc3ccccc3n2Cc2cc(-c3ccc(Cl)s3)on2)CC1,CCN(CC)C(=O)N1CCN(C(=O)[*:1])CC1,5.92,4.096,0.6,-2.79,0.16,0.3,2.79,0.33999999999999997,4.728813559322035
O=C(Cn1c([*:1])nc2ccccc21)Nc1ccc(Cl)cn1,CPD_152,CC(C)N1CCC(NC(=O)c2nc3ccccc3n2CC(=O)Nc2ccc(Cl)cn2)CC1,CC(C)N1CCC(NC(=O)[*:1])CC1,8.86,2.307,280.0,CPD_988,O=C(Cn1c(C(=O)N2CCC(Nc3ccncc3)CC2)nc2ccccc21)Nc1ccc(Cl)cn1,O=C(N1CCC(Nc2ccncc2)CC1)[*:1],6.07,2.834,31.0,-2.79,0.53,-0.96,2.79,1.0965856099730655,2.07190688756566
Clc1ccc(-c2cc(Cn3c([*:1])nc4ccccc43)no2)s1,CPD_164,CC(C)N1CCC(NC(=O)c2nc3ccccc3n2Cc2cc(-c3ccc(Cl)s3)on2)CC1,CC(C)N1CCC(NC(=O)[*:1])CC1,9.15,3.124,26.0,CPD_533,O=C(Nc1ccc(N2CCOC2=O)cc1)c1nc2ccccc2n1Cc1cc(-c2ccc(Cl)s2)on1,O=C1OCCN1c1ccc(NC(=O)[*:1])cc1,6.33,4.952,0.1,-2.82,1.83,-2.41,2.82,3.0260535355475784,0.8607917939682413
CC(C)N1CCC(NC(=O)c2cc3ccccc3n2C[*:1])CC1,CPD_83,CC(C)N1CCC(NC(=O)c2cc3ccccc3n2CC(=O)Nc2ccc(Cl)cc2)CC1,O=C(Nc1ccc(Cl)cc1)[*:1],8.38,1.359,3800.0,CPD_859,CC(C)N1CCC(NC(=O)c2cc3ccccc3n2CC(=O)Nc2ccc(C#N)cc2)CC1,N#Cc1ccc(NC(=O)[*:1])cc1,5.54,0.68,4500.0,-2.84,-0.68,0.07,2.84,0.6835934464285041,3.0420093573541287
COCCOc1cc2cc(C(=O)N[*:1])n(CC(=O)Nc3ccc(Cl)cn3)c2cn1,CPD_927,COCCOc1cc2cc(C(=O)NC3CCN(C(C)C)CC3)n(CC(=O)Nc3ccc(Cl)cn3)c2cn1,CC(C)N1CCC([*:1])CC1,7.45,-0.378,150000.0,CPD_929,COCCOc1cc2cc(C(=O)NC3CCNCC3)n(CC(=O)Nc3ccc(Cl)cn3)c2cn1,C1CC([*:1])CCN1,4.6,-1.408,830000.0,-2.85,-1.03,0.74,2.85,1.2682665335015348,1.8771407635701
COCCOc1cc2cc(C(=O)NC3CCN(C(C)C)CC3)n(C[*:1])c2cn1,CPD_383,COCCOc1cc2cc(C(=O)NC3CCN(C(C)C)CC3)n(Cc3cc(-c4ccc(Cl)s4)on3)c2cn1,Clc1ccc(-c2cc([*:1])no2)s1,6.87,0.606,4400.0,CPD_797,COCCOc1cc2cc(C(=O)NC3CCN(C(C)C)CC3)n(CC(=O)Nc3ccc(C(F)(F)F)cn3)c2cn1,O=C(Nc1ccc(C(F)(F)F)cn1)[*:1],4.0,0.247,110000.0,-2.87,-0.36,1.4,2.87,1.4455448799674122,1.6926712078863762
Clc1ccc(-c2cc(Cn3c([*:1])cc4ccccc43)no2)s1,CPD_178,O=C(NC1CN(c2ccncc2)C1)c1cc2ccccc2n1Cc1cc(-c2ccc(Cl)s2)on1,O=C(NC1CN(c2ccncc2)C1)[*:1],7.9,1.282,330.0,CPD_394,Nc1nc(CNC(=O)c2cc3ccccc3n2Cc2cc(-c3ccc(Cl)s3)on2)c[nH]1,Nc1nc(CNC(=O)[*:1])c[nH]1,5.0,1.539,34.0,-2.9,0.26,-0.99,2.9,1.0235721762533407,2.2770597961172228
CS(=O)(=O)c1ccc2c(c1)cc([*:1])n2CC(=O)Nc1ccc(Cl)cn1,CPD_170,CC(C)N1CCC(NC(=O)c2cc3cc(S(C)(=O)=O)ccc3n2CC(=O)Nc2ccc(Cl)cn2)CC1,CC(C)N1CCC(NC(=O)[*:1])CC1,7.72,-0.686,15000.0,CPD_251,CS(=O)(=O)c1ccc2c(c1)cc(C(=O)N1CCC(N3CCCC3=O)CC1)n2CC(=O)Nc1ccc(Cl)cn1,O=C1CCCN1C1CCN(C(=O)[*:1])CC1,4.81,-0.078,82.0,-2.91,0.61,-2.26,2.91,2.340875904442608,1.123172281239015
O=C(Nc1ccc([*:1])cc1)c1nc2ccccc2n1Cc1cc(-c2ccc(Cl)s2)on1,CPD_457,O=C(Nc1ccc(-n2ccc(=O)cc2)cc1)c1nc2ccccc2n1Cc1cc(-c2ccc(Cl)s2)on1,O=c1ccn([*:1])cc1,7.92,3.915,0.4,CPD_557,O=C(Nc1ccc(N2CCS(=O)(=O)CC2)cc1)c1nc2ccccc2n1Cc1cc(-c2ccc(Cl)s2)on1,O=S1(=O)CCN([*:1])CC1,5.0,3.236,0.4,-2.92,-0.68,0.0,2.92,0.68,3.139784946236559
O=C(Nc1ccc([*:1])cc1)c1nc2ccccc2n1Cc1cc(-c2ccc(Cl)s2)on1,CPD_457,O=C(Nc1ccc(-n2ccc(=O)cc2)cc1)c1nc2ccccc2n1Cc1cc(-c2ccc(Cl)s2)on1,O=c1ccn([*:1])cc1,7.92,3.915,0.4,CPD_458,O=C(Nc1ccc(-n2ncccc2=O)cc1)c1nc2ccccc2n1Cc1cc(-c2ccc(Cl)s2)on1,O=c1cccnn1[*:1],5.0,4.288,0.2,-2.92,0.37,-0.3,2.92,0.47634021455258213,4.020154662369464
Clc1ccc(-c2cc(Cn3c([*:1])nc4ccccc43)no2)s1,CPD_425,CN1[C@@H]2CC[C@H]1C[C@@H](NC(=O)c1nc3ccccc3n1Cc1cc(-c3ccc(Cl)s3)on1)C2,CN1[C@@H]2CC[C@H]1C[C@@H](NC(=O)[*:1])C2,7.69,2.187,69.0,CPD_983,O=C(c1nc2ccccc2n1Cc1cc(-c2ccc(Cl)s2)on1)N1CCC(Nc2ccncc2)CC1,O=C(N1CCC(Nc2ccncc2)CC1)[*:1],4.77,3.65,2.4,-2.92,1.46,-1.46,2.92,2.064751801064719,1.2614743397788413
O=C(Cn1c([*:1])nc2ccccc21)Nc1ccc(Cl)cn1,CPD_531,O=C(Cn1c(C(=O)Nc2ccc(-n3ccc(=O)[nH]c3=O)cc2)nc2ccccc21)Nc1ccc(Cl)cn1,O=C(Nc1ccc(-n2ccc(=O)[nH]c2=O)cc1)[*:1],7.54,2.869,2.6,CPD_977,CNC(=O)CN1CCN(C(=O)c2nc3ccccc3n2CC(=O)Nc2ccc(Cl)cn2)CC1,CNC(=O)CN1CCN(C(=O)[*:1])CC1,4.62,2.07,26.0,-2.92,-0.8,1.0,2.92,1.2806248474865698,1.9077176257754571
Clc1ccc(-c2cc(Cn3c([*:1])nc4ccccc43)no2)s1,CPD_425,CN1[C@@H]2CC[C@H]1C[C@@H](NC(=O)c1nc3ccccc3n1Cc1cc(-c3ccc(Cl)s3)on1)C2,CN1[C@@H]2CC[C@H]1C[C@@H](NC(=O)[*:1])C2,7.69,2.187,69.0,CPD_986,CNC(=O)CN1CCN(C(=O)c2nc3ccccc3n2Cc2cc(-c3ccc(Cl)s3)on2)CC1,CNC(=O)CN1CCN(C(=O)[*:1])CC1,4.77,2.886,2.4,-2.93,0.7,-1.46,2.93,1.6191355718407274,1.5675695461268933
O=C(Cn1c([*:1])nc2ccccc21)Nc1ccc(Cl)cn1,CPD_598,O=C(Cn1c(C(=O)Nc2ccc(-n3ccncc3=O)cc2)nc2ccccc21)Nc1ccc(Cl)cn1,O=C(Nc1ccc(-n2ccncc2=O)cc1)[*:1],7.83,3.118,2.9,CPD_982,NC(=O)N1CCN(C(=O)c2nc3ccccc3n2CC(=O)Nc2ccc(Cl)cn2)CC1,NC(=O)N1CCN(C(=O)[*:1])CC1,4.87,0.511,160.0,-2.96,-2.61,1.74,2.96,3.1368296096536703,0.8739736984591566
Clc1ccc(-c2cc(Cn3c([*:1])nc4ccccc43)no2)s1,CPD_519,O=C(Nc1ccc(-n2ccc(=O)[nH]c2=O)cc1)c1nc2ccccc2n1Cc1cc(-c2ccc(Cl)s2)on1,O=C(Nc1ccc(-n2ccc(=O)[nH]c2=O)cc1)[*:1],8.2,3.685,0.2,CPD_984,O=C(c1nc2ccccc2n1Cc1cc(-c2ccc(Cl)s2)on1)N1CCC(N2CCCC2=O)CC1,O=C1CCCN1C1CCN(C(=O)[*:1])CC1,5.21,3.149,1.2,-2.99,-0.54,0.78,2.99,0.9486832980505139,2.494403655129595
Clc1ccc(-c2cc(Cn3c([*:1])nc4ccccc43)no2)s1,CPD_164,CC(C)N1CCC(NC(=O)c2nc3ccccc3n2Cc2cc(-c3ccc(Cl)s3)on2)CC1,CC(C)N1CCC(NC(=O)[*:1])CC1,9.15,3.124,26.0,CPD_980,O=C(c1nc2ccccc2n1Cc1cc(-c2ccc(Cl)s2)on1)N1CCN(C(=O)N2CCCC2)CC1,O=C(N1CCCC1)N1CCN(C(=O)[*:1])CC1,6.15,3.472,0.9,-3.0,0.35,-1.46,3.0,1.5013660446406798,1.7129485918607592
Clc1ccc(-c2cc(Cn3c([*:1])nc4ccccc43)no2)s1,CPD_519,O=C(Nc1ccc(-n2ccc(=O)[nH]c2=O)cc1)c1nc2ccccc2n1Cc1cc(-c2ccc(Cl)s2)on1,O=C(Nc1ccc(-n2ccc(=O)[nH]c2=O)cc1)[*:1],8.2,3.685,0.2,CPD_976,O=C(CN1CCN(C(=O)c2nc3ccccc3n2Cc2cc(-c3ccc(Cl)s3)on2)CC1)N1CCCC1,O=C(CN1CCN(C(=O)[*:1])CC1)N1CCCC1,5.18,3.591,0.7,-3.01,-0.09,0.54,3.01,0.5474486277268398,3.7745378139029833
Clc1ccc(-c2cc(Cn3c([*:1])nc4ccccc43)no2)s1,CPD_425,CN1[C@@H]2CC[C@H]1C[C@@H](NC(=O)c1nc3ccccc3n1Cc1cc(-c3ccc(Cl)s3)on1)C2,CN1[C@@H]2CC[C@H]1C[C@@H](NC(=O)[*:1])C2,7.69,2.187,69.0,CPD_987,NC(=O)N1CCN(C(=O)c2nc3ccccc3n2Cc2cc(-c3ccc(Cl)s3)on2)CC1,NC(=O)N1CCN(C(=O)[*:1])CC1,4.68,1.327,15.0,-3.02,-0.86,-0.66,3.02,1.0840664186294122,2.2637553556761256
CC(C)N1CCC(NC(=O)c2cc3cc(C(=O)O)ccc3n2C[*:1])CC1,CPD_85,CC(C)N1CCC(NC(=O)c2cc3cc(C(=O)O)ccc3n2Cc2cc(-c3ccc(Cl)s3)on2)CC1,Clc1ccc(-c2cc([*:1])no2)s1,8.07,1.328,5.5,CPD_687,CC(C)N1CCC(NC(=O)c2cc3cc(C(=O)O)ccc3n2CCNC(=O)c2cccc(Cl)c2)CC1,O=C(NC[*:1])c1cccc(Cl)c1,5.0,0.628,16.0,-3.07,-0.7,0.46,3.07,0.8376156636548769,2.8226882920051204
CC(C)N1CCC(NC(=O)c2cc3cc(C(=O)O)ccc3n2C[*:1])CC1,CPD_85,CC(C)N1CCC(NC(=O)c2cc3cc(C(=O)O)ccc3n2Cc2cc(-c3ccc(Cl)s3)on2)CC1,Clc1ccc(-c2cc([*:1])no2)s1,8.07,1.328,5.5,CPD_686,CC(C)N1CCC(NC(=O)c2cc3cc(C(=O)O)ccc3n2CCNC(=O)c2ccc(Cl)cc2)CC1,O=C(NC[*:1])c1ccc(Cl)cc1,5.0,0.546,18.0,-3.07,-0.78,0.51,3.07,0.931933474020544,2.5974389146936354
CC(C)N1CCC(NC(=O)c2cc3cc(C(=O)O)ccc3n2C[*:1])CC1,CPD_416,CC(C)N1CCC(NC(=O)c2cc3cc(C(=O)O)ccc3n2CC(=O)Nc2ccc(Cl)cn2)CC1,O=C(Nc1ccc(Cl)cn1)[*:1],8.09,0.362,8.8,CPD_686,CC(C)N1CCC(NC(=O)c2cc3cc(C(=O)O)ccc3n2CCNC(=O)c2ccc(Cl)cc2)CC1,O=C(NC[*:1])c1ccc(Cl)cc1,5.0,0.546,18.0,-3.09,0.18,0.31,3.09,0.3584689665786984,5.078319798911789
CC(C)N1CCC(NC(=O)c2cc3cc(C(=O)O)ccc3n2C[*:1])CC1,CPD_416,CC(C)N1CCC(NC(=O)c2cc3cc(C(=O)O)ccc3n2CC(=O)Nc2ccc(Cl)cn2)CC1,O=C(Nc1ccc(Cl)cn1)[*:1],8.09,0.362,8.8,CPD_687,CC(C)N1CCC(NC(=O)c2cc3cc(C(=O)O)ccc3n2CCNC(=O)c2cccc(Cl)c2)CC1,O=C(NC[*:1])c1cccc(Cl)c1,5.0,0.628,16.0,-3.09,0.27,0.26,3.09,0.37483329627982626,4.945319044931578
Clc1ccc(-c2cc(Cn3c([*:1])nc4ccccc43)no2)s1,CPD_457,O=C(Nc1ccc(-n2ccc(=O)cc2)cc1)c1nc2ccccc2n1Cc1cc(-c2ccc(Cl)s2)on1,O=C(Nc1ccc(-n2ccc(=O)cc2)cc1)[*:1],7.92,3.915,0.4,CPD_983,O=C(c1nc2ccccc2n1Cc1cc(-c2ccc(Cl)s2)on1)N1CCC(Nc2ccncc2)CC1,O=C(N1CCC(Nc2ccncc2)CC1)[*:1],4.77,3.65,2.4,-3.15,-0.27,0.78,3.15,0.8254089895318563,2.9291181593816207
Clc1ccc(-c2cc(Cn3c([*:1])nc4ccccc43)no2)s1,CPD_457,O=C(Nc1ccc(-n2ccc(=O)cc2)cc1)c1nc2ccccc2n1Cc1cc(-c2ccc(Cl)s2)on1,O=C(Nc1ccc(-n2ccc(=O)cc2)cc1)[*:1],7.92,3.915,0.4,CPD_986,CNC(=O)CN1CCN(C(=O)c2nc3ccccc3n2Cc2cc(-c3ccc(Cl)s3)on2)CC1,CNC(=O)CN1CCN(C(=O)[*:1])CC1,4.77,2.886,2.4,-3.16,-1.03,0.78,3.16,1.2920139318134305,2.0492681257968886
O=C(Nc1ccc([*:1])cc1)c1nc2ccccc2n1Cc1cc(-c2ccc(Cl)s2)on1,CPD_519,O=C(Nc1ccc(-n2ccc(=O)[nH]c2=O)cc1)c1nc2ccccc2n1Cc1cc(-c2ccc(Cl)s2)on1,O=c1ccn([*:1])c(=O)[nH]1,8.2,3.685,0.2,CPD_557,O=C(Nc1ccc(N2CCS(=O)(=O)CC2)cc1)c1nc2ccccc2n1Cc1cc(-c2ccc(Cl)s2)on1,O=S1(=O)CCN([*:1])CC1,5.0,3.236,0.4,-3.2,-0.45,0.3,3.2,0.5408326913195983,4.046367879229195
Clc1ccc(-c2cc(Cn3c([*:1])nc4ccccc43)no2)s1,CPD_164,CC(C)N1CCC(NC(=O)c2nc3ccccc3n2Cc2cc(-c3ccc(Cl)s3)on2)CC1,CC(C)N1CCC(NC(=O)[*:1])CC1,9.15,3.124,26.0,CPD_438,CCN1CCN(c2ccc(NC(=O)c3nc4ccccc4n3Cc3cc(-c4ccc(Cl)s4)on3)cc2)C(=O)C1=O,CCN1CCN(c2ccc(NC(=O)[*:1])cc2)C(=O)C1=O,5.96,3.038,0.7,-3.2,-0.09,-1.57,3.2,1.5725775020646837,1.7557552402435128
O=C(N[*:1])c1nc2ccccc2n1Cc1cc(-c2ccc(Cl)s2)on1,CPD_606,O=C(Nc1ccc(-n2ccncc2=O)cc1)c1nc2ccccc2n1Cc1cc(-c2ccc(Cl)s2)on1,O=c1cnccn1-c1ccc([*:1])cc1,8.71,3.934,0.3,CPD_990,O=C(NC1CCN(c2ccccc2)CC1)c1nc2ccccc2n1Cc1cc(-c2ccc(Cl)s2)on1,c1ccc(N2CCC([*:1])CC2)cc1,5.51,5.578,0.1,-3.2,1.64,-0.48,3.2,1.708800749063506,1.6336526323720808
O=C(Cn1c([*:1])nc2ccccc21)Nc1ccc(Cl)cn1,CPD_598,O=C(Cn1c(C(=O)Nc2ccc(-n3ccncc3=O)cc2)nc2ccccc21)Nc1ccc(Cl)cn1,O=C(Nc1ccc(-n2ccncc2=O)cc1)[*:1],7.83,3.118,2.9,CPD_977,CNC(=O)CN1CCN(C(=O)c2nc3ccccc3n2CC(=O)Nc2ccc(Cl)cn2)CC1,CNC(=O)CN1CCN(C(=O)[*:1])CC1,4.62,2.07,26.0,-3.21,-1.05,0.95,3.21,1.4159802258506295,1.92679357785355
Clc1ccc(-c2cc(Cn3c([*:1])nc4ccccc43)no2)s1,CPD_164,CC(C)N1CCC(NC(=O)c2nc3ccccc3n2Cc2cc(-c3ccc(Cl)s3)on2)CC1,CC(C)N1CCC(NC(=O)[*:1])CC1,9.15,3.124,26.0,CPD_978,O=C(c1nc2ccccc2n1Cc1cc(-c2ccc(Cl)s2)on1)N1CCN(Cc2ccncc2)CC1,O=C(N1CCN(Cc2ccncc2)CC1)[*:1],5.93,3.205,2.8,-3.22,0.08,-0.97,3.22,0.9732933781753578,2.632238559815385
Clc1ccc(-c2cc(Cn3c([*:1])nc4ccccc43)no2)s1,CPD_164,CC(C)N1CCC(NC(=O)c2nc3ccccc3n2Cc2cc(-c3ccc(Cl)s3)on2)CC1,CC(C)N1CCC(NC(=O)[*:1])CC1,9.15,3.124,26.0,CPD_979,CCN(CC)C(=O)N1CCN(C(=O)c2nc3ccccc3n2Cc2cc(-c3ccc(Cl)s3)on2)CC1,CCN(CC)C(=O)N1CCN(C(=O)[*:1])CC1,5.92,4.096,0.6,-3.23,0.97,-1.64,3.23,1.9053870997778901,1.498570720931218
O=C(Cn1c([*:1])nc2ccccc21)Nc1ccc(Cl)cn1,CPD_152,CC(C)N1CCC(NC(=O)c2nc3ccccc3n2CC(=O)Nc2ccc(Cl)cn2)CC1,CC(C)N1CCC(NC(=O)[*:1])CC1,8.86,2.307,280.0,CPD_991,CCN(CC)C(=O)N1CCN(C(=O)c2nc3ccccc3n2CC(=O)Nc2ccc(Cl)cn2)CC1,CCN(CC)C(=O)N1CCN(C(=O)[*:1])CC1,5.63,3.28,6.5,-3.23,0.97,-1.63,3.23,1.8967867565965342,1.504574215429187
O=C(Cn1c([*:1])nc2ccccc21)Nc1ccc(Cl)cn1,CPD_152,CC(C)N1CCC(NC(=O)c2nc3ccccc3n2CC(=O)Nc2ccc(Cl)cn2)CC1,CC(C)N1CCC(NC(=O)[*:1])CC1,8.86,2.307,280.0,CPD_981,O=C(Cn1c(C(=O)N2CCN(Cc3ccncc3)CC2)nc2ccccc21)Nc1ccc(Cl)cn1,O=C(N1CCN(Cc2ccncc2)CC1)[*:1],5.62,2.389,26.0,-3.24,0.08,-1.03,3.24,1.0331021246711285,2.5251302586927316
Clc1ccc(-c2cc(Cn3c([*:1])nc4ccccc43)no2)s1,CPD_457,O=C(Nc1ccc(-n2ccc(=O)cc2)cc1)c1nc2ccccc2n1Cc1cc(-c2ccc(Cl)s2)on1,O=C(Nc1ccc(-n2ccc(=O)cc2)cc1)[*:1],7.92,3.915,0.4,CPD_987,NC(=O)N1CCN(C(=O)c2nc3ccccc3n2Cc2cc(-c3ccc(Cl)s3)on2)CC1,NC(=O)N1CCN(C(=O)[*:1])CC1,4.68,1.327,15.0,-3.25,-2.59,1.57,3.25,3.0286960890785988,0.9912477130240324
CC(C)N1CCC(NC(=O)c2cc3cc(C(=O)O)ccc3n2C[*:1])CC1,CPD_169,CC(C)N1CCC(NC(=O)c2cc3cc(C(=O)O)ccc3n2CC(=O)Nc2ccc(Cl)cc2)CC1,O=C(Nc1ccc(Cl)cc1)[*:1],8.4,0.738,14.0,CPD_687,CC(C)N1CCC(NC(=O)c2cc3cc(C(=O)O)ccc3n2CCNC(=O)c2cccc(Cl)c2)CC1,O=C(NC[*:1])c1cccc(Cl)c1,5.0,0.628,16.0,-3.4,-0.11,0.06,3.4,0.12529964086141668,9.05942780066631
CC(C)N1CCC(NC(=O)c2cc3cc(C(=O)O)ccc3n2[*:1])CC1,CPD_169,CC(C)N1CCC(NC(=O)c2cc3cc(C(=O)O)ccc3n2CC(=O)Nc2ccc(Cl)cc2)CC1,O=C(C[*:1])Nc1ccc(Cl)cc1,8.4,0.738,14.0,CPD_686,CC(C)N1CCC(NC(=O)c2cc3cc(C(=O)O)ccc3n2CCNC(=O)c2ccc(Cl)cc2)CC1,O=C(NCC[*:1])c1ccc(Cl)cc1,5.0,0.546,18.0,-3.4,-0.19,0.11,3.4,0.21954498400100148,7.241052755006639
Clc1ccc(-c2cc(Cn3c([*:1])nc4ccccc43)no2)s1,CPD_519,O=C(Nc1ccc(-n2ccc(=O)[nH]c2=O)cc1)c1nc2ccccc2n1Cc1cc(-c2ccc(Cl)s2)on1,O=C(Nc1ccc(-n2ccc(=O)[nH]c2=O)cc1)[*:1],8.2,3.685,0.2,CPD_986,CNC(=O)CN1CCN(C(=O)c2nc3ccccc3n2Cc2cc(-c3ccc(Cl)s3)on2)CC1,CNC(=O)CN1CCN(C(=O)[*:1])CC1,4.77,2.886,2.4,-3.43,-0.8,1.08,3.43,1.3440238093129155,2.1517871815719363
Clc1ccc(-c2cc(Cn3c([*:1])nc4ccccc43)no2)s1,CPD_519,O=C(Nc1ccc(-n2ccc(=O)[nH]c2=O)cc1)c1nc2ccccc2n1Cc1cc(-c2ccc(Cl)s2)on1,O=C(Nc1ccc(-n2ccc(=O)[nH]c2=O)cc1)[*:1],8.2,3.685,0.2,CPD_983,O=C(c1nc2ccccc2n1Cc1cc(-c2ccc(Cl)s2)on1)N1CCC(Nc2ccncc2)CC1,O=C(N1CCC(Nc2ccncc2)CC1)[*:1],4.77,3.65,2.4,-3.43,-0.04,1.08,3.43,1.0807404868885038,2.577512320242033
COCCOc1cc2cc(C(=O)NC3CCN(C(C)C)CC3)n([*:1])c2cn1,CPD_775,COCCOc1cc2cc(C(=O)NC3CCN(C(C)C)CC3)n(CC(=O)Nc3ccc(Br)cn3)c2cn1,O=C(C[*:1])Nc1ccc(Br)cn1,7.5,-0.133,140000.0,CPD_797,COCCOc1cc2cc(C(=O)NC3CCN(C(C)C)CC3)n(CC(=O)Nc3ccc(C(F)(F)F)cn3)c2cn1,O=C(C[*:1])Nc1ccc(C(F)(F)F)cn1,4.0,0.247,110000.0,-3.5,0.38,-0.1,3.5,0.39293765408777004,5.4437626692839505
Clc1ccc(-c2cc(Cn3c([*:1])nc4ccccc43)no2)s1,CPD_606,O=C(Nc1ccc(-n2ccncc2=O)cc1)c1nc2ccccc2n1Cc1cc(-c2ccc(Cl)s2)on1,O=C(Nc1ccc(-n2ccncc2=O)cc1)[*:1],8.71,3.934,0.3,CPD_984,O=C(c1nc2ccccc2n1Cc1cc(-c2ccc(Cl)s2)on1)N1CCC(N2CCCC2=O)CC1,O=C1CCCN1C1CCN(C(=O)[*:1])CC1,5.21,3.149,1.2,-3.5,-0.79,0.6,3.5,0.9920181449953424,2.817994257252277
Clc1ccc(-c2cc(Cn3c([*:1])nc4ccccc43)no2)s1,CPD_519,O=C(Nc1ccc(-n2ccc(=O)[nH]c2=O)cc1)c1nc2ccccc2n1Cc1cc(-c2ccc(Cl)s2)on1,O=C(Nc1ccc(-n2ccc(=O)[nH]c2=O)cc1)[*:1],8.2,3.685,0.2,CPD_987,NC(=O)N1CCN(C(=O)c2nc3ccccc3n2Cc2cc(-c3ccc(Cl)s3)on2)CC1,NC(=O)N1CCN(C(=O)[*:1])CC1,4.68,1.327,15.0,-3.52,-2.36,1.88,3.52,3.0172835465033776,1.077347573266813
Clc1ccc(-c2cc(Cn3c([*:1])nc4ccccc43)no2)s1,CPD_606,O=C(Nc1ccc(-n2ccncc2=O)cc1)c1nc2ccccc2n1Cc1cc(-c2ccc(Cl)s2)on1,O=C(Nc1ccc(-n2ccncc2=O)cc1)[*:1],8.71,3.934,0.3,CPD_976,O=C(CN1CCN(C(=O)c2nc3ccccc3n2Cc2cc(-c3ccc(Cl)s3)on2)CC1)N1CCCC1,O=C(CN1CCN(C(=O)[*:1])CC1)N1CCCC1,5.18,3.591,0.7,-3.53,-0.34,0.37,3.53,0.5024937810560445,4.691068669093879
Cc1cccc2c(C#N)c(C(=O)NC3CCN(C(C)C)CC3)n([*:1])c12,CPD_10,Cc1cccc2c(C#N)c(C(=O)NC3CCN(C(C)C)CC3)n(Cc3cc(-c4ccc(Cl)s4)on3)c12,Clc1ccc(-c2cc(C[*:1])no2)s1,10.0,1.783,68.0,CPD_828,COc1cccc(Cn2c(C(=O)NC3CCN(C(C)C)CC3)c(C#N)c3cccc(C)c32)c1,COc1cccc(C[*:1])c1,6.42,1.029,2700.0,-3.58,-0.75,1.6,3.58,1.7670597047072294,1.7748607002783923
O=C(Cn1c([*:1])nc2ccccc21)Nc1ccc(Cl)cn1,CPD_152,CC(C)N1CCC(NC(=O)c2nc3ccccc3n2CC(=O)Nc2ccc(Cl)cn2)CC1,CC(C)N1CCC(NC(=O)[*:1])CC1,8.86,2.307,280.0,CPD_989,O=C(Cn1c(C(=O)N2CCN(C(=O)N3CCCC3)CC2)nc2ccccc21)Nc1ccc(Cl)cn1,O=C(N1CCCC1)N1CCN(C(=O)[*:1])CC1,5.26,2.656,7.4,-3.6,0.35,-1.58,3.6,1.6183015788165074,1.9268837755200383
O=C(NC1CCN([*:1])CC1)c1nc2ccccc2n1Cc1cc(-c2ccc(Cl)s2)on1,CPD_164,CC(C)N1CCC(NC(=O)c2nc3ccccc3n2Cc2cc(-c3ccc(Cl)s3)on2)CC1,CC(C)[*:1],9.15,3.124,26.0,CPD_990,O=C(NC1CCN(c2ccccc2)CC1)c1nc2ccccc2n1Cc1cc(-c2ccc(Cl)s2)on1,c1ccc([*:1])cc1,5.51,5.578,0.1,-3.65,2.45,-2.41,3.65,3.4366553507734814,0.9900572884401058
O=C(Cn1c([*:1])nc2ccccc21)Nc1ccc(Cl)cn1,CPD_152,CC(C)N1CCC(NC(=O)c2nc3ccccc3n2CC(=O)Nc2ccc(Cl)cn2)CC1,CC(C)N1CCC(NC(=O)[*:1])CC1,8.86,2.307,280.0,CPD_985,O=C(Cn1c(C(=O)N2CCN(CC(=O)N3CCCC3)CC2)nc2ccccc21)Nc1ccc(Cl)cn1,O=C(CN1CCN(C(=O)[*:1])CC1)N1CCCC1,5.2,2.775,6.7,-3.66,0.47,-1.62,3.66,1.686801707374047,1.8897133279391303
O=C(Cn1c([*:1])nc2ccccc21)Nc1ccc(Cl)cn1,CPD_152,CC(C)N1CCC(NC(=O)c2nc3ccccc3n2CC(=O)Nc2ccc(Cl)cn2)CC1,CC(C)N1CCC(NC(=O)[*:1])CC1,8.86,2.307,280.0,CPD_427,CCN1CCN(c2ccc(NC(=O)c3nc4ccccc4n3CC(=O)Nc3ccc(Cl)cn3)cc2)C(=O)C1=O,CCN1CCN(c2ccc(NC(=O)[*:1])cc2)C(=O)C1=O,4.97,2.222,7.3,-3.89,-0.08,-1.58,3.89,1.582024020045208,2.123334605571388
Clc1ccc(-c2cc(Cn3c([*:1])nc4ccccc43)no2)s1,CPD_606,O=C(Nc1ccc(-n2ccncc2=O)cc1)c1nc2ccccc2n1Cc1cc(-c2ccc(Cl)s2)on1,O=C(Nc1ccc(-n2ccncc2=O)cc1)[*:1],8.71,3.934,0.3,CPD_983,O=C(c1nc2ccccc2n1Cc1cc(-c2ccc(Cl)s2)on1)N1CCC(Nc2ccncc2)CC1,O=C(N1CCC(Nc2ccncc2)CC1)[*:1],4.77,3.65,2.4,-3.94,-0.28,0.9,3.94,0.9425497334358544,3.303845441018605
Clc1ccc(-c2cc(Cn3c([*:1])nc4ccccc43)no2)s1,CPD_606,O=C(Nc1ccc(-n2ccncc2=O)cc1)c1nc2ccccc2n1Cc1cc(-c2ccc(Cl)s2)on1,O=C(Nc1ccc(-n2ccncc2=O)cc1)[*:1],8.71,3.934,0.3,CPD_986,CNC(=O)CN1CCN(C(=O)c2nc3ccccc3n2Cc2cc(-c3ccc(Cl)s3)on2)CC1,CNC(=O)CN1CCN(C(=O)[*:1])CC1,4.77,2.886,2.4,-3.94,-1.05,0.9,3.94,1.3829316685939332,2.4128382563568085
O=C(Cn1c([*:1])cc2cc(F)cc(F)c21)Nc1ccc(Cl)cn1,CPD_92,CC(C)N1CCC(NC(=O)c2cc3cc(F)cc(F)c3n2CC(=O)Nc2ccc(Cl)cn2)CC1,CC(C)N1CCC(NC(=O)[*:1])CC1,9.04,1.299,1100.0,CPD_253,O=C(Cn1c(C(=O)N2CCC(N3CCCC3=O)CC2)cc2cc(F)cc(F)c21)Nc1ccc(Cl)cn1,O=C1CCCN1C1CCN(C(=O)[*:1])CC1,5.1,1.868,6.7,-3.94,0.57,-2.22,3.94,2.2920078533896873,1.5499558723810134
Clc1ccc(-c2cc(Cn3c([*:1])nc4ccccc43)no2)s1,CPD_164,CC(C)N1CCC(NC(=O)c2nc3ccccc3n2Cc2cc(-c3ccc(Cl)s3)on2)CC1,CC(C)N1CCC(NC(=O)[*:1])CC1,9.15,3.124,26.0,CPD_984,O=C(c1nc2ccccc2n1Cc1cc(-c2ccc(Cl)s2)on1)N1CCC(N2CCCC2=O)CC1,O=C1CCCN1C1CCN(C(=O)[*:1])CC1,5.21,3.149,1.2,-3.95,0.02,-1.34,3.95,1.3401492454200765,2.484043564701068
Clc1ccc(-c2cc(Cn3c([*:1])nc4ccccc43)no2)s1,CPD_164,CC(C)N1CCC(NC(=O)c2nc3ccccc3n2Cc2cc(-c3ccc(Cl)s3)on2)CC1,CC(C)N1CCC(NC(=O)[*:1])CC1,9.15,3.124,26.0,CPD_976,O=C(CN1CCN(C(=O)c2nc3ccccc3n2Cc2cc(-c3ccc(Cl)s3)on2)CC1)N1CCCC1,O=C(CN1CCN(C(=O)[*:1])CC1)N1CCCC1,5.18,3.591,0.7,-3.97,0.47,-1.57,3.97,1.6388410539158458,2.101817933155151
O=C(Cn1c([*:1])nc2ccccc21)Nc1ccc(Cl)cn1,CPD_152,CC(C)N1CCC(NC(=O)c2nc3ccccc3n2CC(=O)Nc2ccc(Cl)cn2)CC1,CC(C)N1CCC(NC(=O)[*:1])CC1,8.86,2.307,280.0,CPD_982,NC(=O)N1CCN(C(=O)c2nc3ccccc3n2CC(=O)Nc2ccc(Cl)cn2)CC1,NC(=O)N1CCN(C(=O)[*:1])CC1,4.87,0.511,160.0,-3.99,-1.8,-0.24,3.99,1.8159295140505867,1.931334042552577
Clc1ccc(-c2cc(Cn3c([*:1])nc4ccccc43)no2)s1,CPD_606,O=C(Nc1ccc(-n2ccncc2=O)cc1)c1nc2ccccc2n1Cc1cc(-c2ccc(Cl)s2)on1,O=C(Nc1ccc(-n2ccncc2=O)cc1)[*:1],8.71,3.934,0.3,CPD_987,NC(=O)N1CCN(C(=O)c2nc3ccccc3n2Cc2cc(-c3ccc(Cl)s3)on2)CC1,NC(=O)N1CCN(C(=O)[*:1])CC1,4.68,1.327,15.0,-4.04,-2.61,1.7,4.04,3.1148194169164922,1.2006587871221455
O=C(N[*:1])c1nc2ccccc2n1Cc1cc(-c2ccc(Cl)s2)on1,CPD_164,CC(C)N1CCC(NC(=O)c2nc3ccccc3n2Cc2cc(-c3ccc(Cl)s3)on2)CC1,CC(C)N1CCC([*:1])CC1,9.15,3.124,26.0,CPD_557,O=C(Nc1ccc(N2CCS(=O)(=O)CC2)cc1)c1nc2ccccc2n1Cc1cc(-c2ccc(Cl)s2)on1,O=S1(=O)CCN(c2ccc([*:1])cc2)CC1,5.0,3.236,0.4,-4.15,0.11,-1.81,4.15,1.813339460773961,2.011302589271147
O=C(N[*:1])c1nc2ccccc2n1Cc1cc(-c2ccc(Cl)s2)on1,CPD_164,CC(C)N1CCC(NC(=O)c2nc3ccccc3n2Cc2cc(-c3ccc(Cl)s3)on2)CC1,CC(C)N1CCC([*:1])CC1,9.15,3.124,26.0,CPD_421,Cc1ccc(=O)n(-c2ccc(NC(=O)c3nc4ccccc4n3Cc3cc(-c4ccc(Cl)s4)on3)cc2)n1,Cc1ccc(=O)n(-c2ccc([*:1])cc2)n1,5.0,3.824,0.3,-4.15,0.7,-1.94,4.15,2.062425756239482,1.794652212639606
O=C(N[*:1])c1nc2ccccc2n1Cc1cc(-c2ccc(Cl)s2)on1,CPD_164,CC(C)N1CCC(NC(=O)c2nc3ccccc3n2Cc2cc(-c3ccc(Cl)s3)on2)CC1,CC(C)N1CCC([*:1])CC1,9.15,3.124,26.0,CPD_458,O=C(Nc1ccc(-n2ncccc2=O)cc1)c1nc2ccccc2n1Cc1cc(-c2ccc(Cl)s2)on1,O=c1cccnn1-c1ccc([*:1])cc1,5.0,4.288,0.2,-4.15,1.16,-2.11,4.15,2.4078413569004082,1.5614174974084072
O=C(Cn1c([*:1])nc2ccccc21)Nc1ccc(Cl)cn1,CPD_152,CC(C)N1CCC(NC(=O)c2nc3ccccc3n2CC(=O)Nc2ccc(Cl)cn2)CC1,CC(C)N1CCC(NC(=O)[*:1])CC1,8.86,2.307,280.0,CPD_977,CNC(=O)CN1CCN(C(=O)c2nc3ccccc3n2CC(=O)Nc2ccc(Cl)cn2)CC1,CNC(=O)CN1CCN(C(=O)[*:1])CC1,4.62,2.07,26.0,-4.24,-0.24,-1.03,4.24,1.0575916035975323,3.242602650808274
Clc1ccc(-c2cc(Cn3c([*:1])nc4ccccc43)no2)s1,CPD_164,CC(C)N1CCC(NC(=O)c2nc3ccccc3n2Cc2cc(-c3ccc(Cl)s3)on2)CC1,CC(C)N1CCC(NC(=O)[*:1])CC1,9.15,3.124,26.0,CPD_983,O=C(c1nc2ccccc2n1Cc1cc(-c2ccc(Cl)s2)on1)N1CCC(Nc2ccncc2)CC1,O=C(N1CCC(Nc2ccncc2)CC1)[*:1],4.77,3.65,2.4,-4.38,0.53,-1.03,4.38,1.1583609109426993,3.109998272437288
Clc1ccc(-c2cc(Cn3c([*:1])nc4ccccc43)no2)s1,CPD_164,CC(C)N1CCC(NC(=O)c2nc3ccccc3n2Cc2cc(-c3ccc(Cl)s3)on2)CC1,CC(C)N1CCC(NC(=O)[*:1])CC1,9.15,3.124,26.0,CPD_986,CNC(=O)CN1CCN(C(=O)c2nc3ccccc3n2Cc2cc(-c3ccc(Cl)s3)on2)CC1,CNC(=O)CN1CCN(C(=O)[*:1])CC1,4.77,2.886,2.4,-4.39,-0.24,-1.03,4.39,1.0575916035975323,3.3573173672283776
Clc1ccc(-c2cc(Cn3c([*:1])nc4ccccc43)no2)s1,CPD_164,CC(C)N1CCC(NC(=O)c2nc3ccccc3n2Cc2cc(-c3ccc(Cl)s3)on2)CC1,CC(C)N1CCC(NC(=O)[*:1])CC1,9.15,3.124,26.0,CPD_987,NC(=O)N1CCN(C(=O)c2nc3ccccc3n2Cc2cc(-c3ccc(Cl)s3)on2)CC1,NC(=O)N1CCN(C(=O)[*:1])CC1,4.68,1.327,15.0,-4.48,-1.8,-0.24,4.48,1.8159295140505867,2.1685154161993845
